67.0 APEX_CODE,FINEST;APEX_PROFILING,INFO;CALLOUT,INFO;DATA_ACCESS,INFO;DB,INFO;NBA,INFO;SYSTEM,DEBUG;VALIDATION,INFO;VISUALFORCE,INFO;WAVE,INFO;WORKFLOW,INFO
22:33:43.1 (1301540)|USER_INFO|[EXTERNAL]|005Pb00000IYVNB|sunita.bhattad@flywire.com.partial|(GMT+05:30) India Standard Time (Asia/Kolkata)|GMT+05:30
22:33:43.1 (1353351)|EXECUTION_STARTED
22:33:43.1 (1367401)|CODE_UNIT_STARTED|[EXTERNAL]|01phG000000caSH|OpportunityLineItemTriggerHandlerTest.setupTestData()
22:33:43.1 (1593462)|HEAP_ALLOCATE|[95]|Bytes:3
22:33:43.1 (1654053)|HEAP_ALLOCATE|[100]|Bytes:152
22:33:43.1 (1664963)|HEAP_ALLOCATE|[417]|Bytes:408
22:33:43.1 (1673283)|HEAP_ALLOCATE|[430]|Bytes:408
22:33:43.1 (1688533)|HEAP_ALLOCATE|[317]|Bytes:6
22:33:43.1 (1697133)|HEAP_ALLOCATE|[EXTERNAL]|Bytes:135
22:33:43.1 (1710103)|METHOD_ENTRY|[2]|01phG000000caSH|OpportunityLineItemTriggerHandlerTest.OpportunityLineItemTriggerHandlerTest()
22:33:43.1 (1713173)|STATEMENT_EXECUTE|[2]
22:33:43.1 (1715973)|STATEMENT_EXECUTE|[2]
22:33:43.1 (1730473)|HEAP_ALLOCATE|[68]|Bytes:5
22:33:43.1 (1749844)|HEAP_ALLOCATE|[74]|Bytes:5
22:33:43.1 (1752884)|HEAP_ALLOCATE|[82]|Bytes:7
22:33:43.1 (2424349)|SYSTEM_MODE_ENTER|false
22:33:43.1 (2442899)|HEAP_ALLOCATE|[EXTERNAL]|Bytes:5
22:33:43.1 (2452059)|SYSTEM_MODE_EXIT|false
22:33:43.1 (2460879)|METHOD_EXIT|[2]|OpportunityLineItemTriggerHandlerTest
22:33:43.1 (2510879)|SYSTEM_MODE_ENTER|false
22:33:43.1 (2512759)|HEAP_ALLOCATE|[6]|Bytes:5
22:33:43.1 (2514439)|STATEMENT_EXECUTE|[5]
22:33:43.1 (2555680)|HEAP_ALLOCATE|[6]|Bytes:4
22:33:43.1 (2645690)|HEAP_ALLOCATE|[6]|Bytes:105
22:33:43.1 (2652000)|SYSTEM_METHOD_ENTRY|[1]|UserInfo.UserInfo()
22:33:43.1 (2653320)|STATEMENT_EXECUTE|[1]
22:33:43.1 (2656830)|SYSTEM_METHOD_EXIT|[1]|UserInfo
22:33:43.1 (2664220)|METHOD_ENTRY|[6]||System.UserInfo.getUserId()
22:33:43.1 (4140462)|METHOD_EXIT|[6]||System.UserInfo.getUserId()
22:33:43.1 (4168482)|HEAP_ALLOCATE|[6]|Bytes:4
22:33:43.1 (4285833)|VARIABLE_ASSIGNMENT|[6]|this.Id|"005Pb00000IYVNBIA5"|0x7e82dcc9
22:33:43.1 (8477234)|HEAP_ALLOCATE|[6]|Bytes:8
22:33:43.1 (8491134)|STATEMENT_EXECUTE|[6]
22:33:43.1 (8492104)|STATEMENT_EXECUTE|[8]
22:33:43.1 (8522294)|HEAP_ALLOCATE|[8]|Bytes:4
22:33:43.1 (8585814)|HEAP_ALLOCATE|[9]|Bytes:20
22:33:43.1 (8644065)|VARIABLE_ASSIGNMENT|[8]|this.Name|"Flywire Test Account"|0x3846f1af
22:33:43.1 (8647425)|HEAP_ALLOCATE|[10]|Bytes:8
22:33:43.1 (8681455)|VARIABLE_ASSIGNMENT|[8]|this.Client_Legal_Entity_Name__c|"Edu Corp"|0x3846f1af
22:33:43.1 (8683595)|HEAP_ALLOCATE|[11]|Bytes:8
22:33:43.1 (8690555)|VARIABLE_ASSIGNMENT|[8]|this.Tax_Id__c|"4657TH54"|0x3846f1af
22:33:43.1 (8692625)|HEAP_ALLOCATE|[12]|Bytes:2
22:33:43.1 (8698975)|VARIABLE_ASSIGNMENT|[8]|this.Separate_Legal_Entity_Tax_ID__c|"No"|0x3846f1af
22:33:43.1 (8700955)|HEAP_ALLOCATE|[13]|Bytes:11
22:33:43.1 (8711445)|VARIABLE_ASSIGNMENT|[8]|this.BillingStreet|"123 Main St"|0x3846f1af
22:33:43.1 (8713565)|HEAP_ALLOCATE|[14]|Bytes:8
22:33:43.1 (8719835)|VARIABLE_ASSIGNMENT|[8]|this.BillingCity|"New York"|0x3846f1af
22:33:43.1 (8721505)|HEAP_ALLOCATE|[15]|Bytes:2
22:33:43.1 (8726996)|VARIABLE_ASSIGNMENT|[8]|this.BillingState|"NY"|0x3846f1af
22:33:43.1 (8728776)|HEAP_ALLOCATE|[16]|Bytes:5
22:33:43.1 (8734666)|VARIABLE_ASSIGNMENT|[8]|this.BillingPostalCode|"10001"|0x3846f1af
22:33:43.1 (8736496)|HEAP_ALLOCATE|[17]|Bytes:13
22:33:43.1 (8742566)|VARIABLE_ASSIGNMENT|[8]|this.BillingCountry|"United States"|0x3846f1af
22:33:43.1 (8744346)|HEAP_ALLOCATE|[18]|Bytes:11
22:33:43.1 (8752956)|VARIABLE_ASSIGNMENT|[8]|this.ShippingStreet|"456 Ship St"|0x3846f1af
22:33:43.1 (8759766)|VARIABLE_ASSIGNMENT|[8]|this.ShippingCity|"New York"|0x3846f1af
22:33:43.1 (8766286)|VARIABLE_ASSIGNMENT|[8]|this.ShippingState|"NY"|0x3846f1af
22:33:43.1 (8774356)|VARIABLE_ASSIGNMENT|[8]|this.ShippingPostalCode|"10001"|0x3846f1af
22:33:43.1 (8782446)|VARIABLE_ASSIGNMENT|[8]|this.ShippingCountry|"United States"|0x3846f1af
22:33:43.1 (8800236)|VARIABLE_SCOPE_BEGIN|[8]|acc|Account|true|false
22:33:43.1 (8822226)|VARIABLE_ASSIGNMENT|[8]|acc|{"Name":"Flywire Test Account","Client_Legal_Entity_Name__c":"Edu Corp","Tax_Id__c":"4657TH54","Separate_Legal_Entity_Tax_ID__c":"No","BillingStreet":"123 Main St","BillingCity":"New York","BillingState":"NY","BillingPostalCode":"10001","BillingCountry":"United States","ShippingStreet":"456 Ship St","ShippingCity":"New York","ShippingState":"NY","ShippingPostalCode":"10001","ShippingCountry":"United States"}|0x3846f1af
22:33:43.1 (8825416)|STATEMENT_EXECUTE|[24]
22:33:43.1 (8858887)|HEAP_ALLOCATE|[24]|Bytes:8
22:33:43.1 (8885417)|DML_BEGIN|[24]|Op:Insert|Type:Account|Rows:1
22:33:43.1 (8976707)|HEAP_ALLOCATE|[EXTERNAL]|Bytes:8
22:33:43.1 (346707788)|CODE_UNIT_STARTED|[EXTERNAL]|Flow:Account
22:33:43.1 (346735948)|CODE_UNIT_FINISHED|Flow:Account
22:33:43.347 (347549614)|HEAP_ALLOCATE|[EXTERNAL]|Bytes:8
22:33:43.347 (347666845)|HEAP_ALLOCATE|[EXTERNAL]|Bytes:4
22:33:43.347 (347709505)|VARIABLE_SCOPE_BEGIN|[1]|this|SBQQ.AccountBefore|true|false
22:33:43.347 (347847096)|VARIABLE_ASSIGNMENT|[1]|this|{}|0x469d3577
22:33:43.358 (358326554)|CUMULATIVE_LIMIT_USAGE
22:33:43.358 (358326554)|LIMIT_USAGE_FOR_NS|(default)|
  Number of SOQL queries: 0 out of 100
  Number of query rows: 0 out of 50000
  Number of SOSL queries: 0 out of 20
  Number of DML statements: 2 out of 150
  Number of Publish Immediate DML: 0 out of 150
  Number of DML rows: 1 out of 10000
  Maximum CPU time: 0 out of 10000
  Maximum heap size: 0 out of 10000000
  Number of callouts: 0 out of 100
  Number of Email Invocations: 0 out of 10
  Number of future calls: 0 out of 50
  Number of queueable jobs added to the queue: 0 out of 50
  Number of Mobile Apex push calls: 0 out of 10

22:33:43.358 (358326554)|CUMULATIVE_LIMIT_USAGE_END

22:33:43.1 (451714939)|CODE_UNIT_STARTED|[EXTERNAL]|Validation:Account:new
22:33:43.1 (451760789)|VALIDATION_RULE|03dhG0000007W81|AgentsCohortGo_ID_only_editable_if_empty
22:33:43.1 (455174845)|VALIDATION_FORMULA|AND(
    $RecordType.Name = "Agents",
    NOT($Profile.Name = "System Administrator"),
    NOT(ISBLANK(PRIORVALUE(CohortGo_ID__c))),
    ISCHANGED(CohortGo_ID__c)
)
&& Acc_Val_Bypass__c = false|$RecordType.Name=Education , $Profile.Name=System Administrator , CohortGo_ID__c=null , Acc_Val_Bypass__c=0
22:33:43.1 (455202315)|VALIDATION_PASS
22:33:43.1 (455204685)|VALIDATION_RULE|03df20000003jYK|Check_CompanyId_Value
22:33:43.1 (455275335)|VALIDATION_FORMULA|AND(
	(LID__LinkedIn_Company_Id__c <> NULL),
	NOT(ISNUMBER(LID__LinkedIn_Company_Id__c))
)|LID__LinkedIn_Company_Id__c=null
22:33:43.1 (455277935)|VALIDATION_PASS
22:33:43.1 (455278755)|VALIDATION_RULE|03d8W000001DX5Y|Check_Company_Id_Value
22:33:43.1 (455306666)|VALIDATION_FORMULA|AND(
	(LID__LinkedIn_Company_Id__c <> NULL),
	NOT(ISNUMBER(LID__LinkedIn_Company_Id__c))
)|LID__LinkedIn_Company_Id__c=null
22:33:43.1 (455308336)|VALIDATION_PASS
22:33:43.1 (455309046)|VALIDATION_RULE|03d8W0000019Uxk|Generic_Website_Not_Allowed
22:33:43.1 (455635188)|VALIDATION_FORMULA|AND(
$Profile.Name <> "System Administrator",
IF(
CASE(Website_Domain_Capture__c,
'gmail.com', 1,
'yahoo.com', 1,
'xyz.com', 1,'hotmail.co.uk', 1,
'aol.com', 1,'hotmail.com', 1,
'hotmail.fr', 1,'msn.com', 1,'yahoo.fr', 1,'wanadoo.fr', 1,'orange.fr', 1,'comcast.net', 1,'outlook.com', 1,'yahoo.co.uk', 1,'yahoo.com.br', 1,'yahoo.co.in', 1,'live.com', 1,'rediffmail.com', 1,'free.fr', 1,'gmx.de', 1,'web.de', 1,'yandex.ru', 1,
'ymail.com', 1,'libero.it', 1,
'uol.com.br', 1,'bol.com.br', 1,'mail.ru', 1,'cox.net', 1,'hotmail.it', 1,'sbcglobal.net', 1,'sfr.fr', 1,'live.fr', 1,'verizon.net', 1,'live.co.uk', 1,'googlemail.com', 1,'yahoo.es', 1,'ig.com.br', 1,'live.nl', 1,'bigpond.com', 1,'terra.com.br', 1,'yahoo.it', 1,'neuf.fr', 1,
'yahoo.de', 1,'alice.it', 1,
'rocketmail.com', 1,'att.net', 1,'laposte.net', 1,'bellsouth.net', 1,'yahoo.in', 1,'hotmail.es', 1,'charter.net', 1,'yahoo.ca', 1,'yahoo.com.au', 1,'rambler.ru', 1,'hotmail.de', 1,'tiscali.it', 1,'shaw.ca', 1,'yahoo.co.jp', 1,'sky.com', 1,'earthlink.net', 1,'optonline.net', 1,'freenet.de', 1,
't-online.de', 1,'aliceadsl.fr', 1,
'home.nl', 1,'virgilio.it', 1,'qq.com', 1,'telenet.be', 1,'me.com', 1,'mac.com', 1,'icloud.com', 1,'yahoo.com.ar', 1,'tiscali.co.uk', 1,'yahoo.com.mx', 1,'voila.fr', 1,'gmx.net', 1,'mail.com', 1,'planet.nl', 1,'tin.it', 1,'live.it', 1,'ntlworld.com', 1,'arcor.de', 1,
'yahoo.co.id', 1,'frontiernet.net', 1,
'hetnet.nl', 1,'live.com.au', 1,'yahoo.com.sg', 1,'zonnet.nl', 1,'club-internet.fr', 1,'juno.com', 1,'optusnet.com.au', 1,'blueyonder.co.uk', 1,'bluewin.ch', 1,'skynet.be', 1,'sympatico.ca', 1,'windstream.net', 1,'centurytel.net', 1,'chello.nl', 1,'live.ca', 1,'aim.com', 1,'bigpond.net.au', 1,'email.com', 1,
'mail.com', 1,'usa.com', 1,
'post.com', 1,'consultant.com', 1,'asia.com', 1,'engineer.com', 1,'engineer.com', 1,'europe.com', 1,'myself.com', 1,'proton.me', 1,'@protonmail.com', 1,'@pm.me', 1,'protonmail.ch', 1,'yandex.com', 1,'gmx.com', 1,'tutanota.com', 1,'hubspot.com', 1,'zoho.com', 1,'titan.email', 1,'aim.com', 1,
'yahoo.com', 1,
0) =1 ,
TRUE,
FALSE)
)
&& Acc_Val_Bypass__c = false|$Profile.Name=System Administrator , Website_Domain_Capture__c=null , Acc_Val_Bypass__c=0
22:33:43.1 (455643878)|VALIDATION_PASS
22:33:43.1 (455644988)|VALIDATION_RULE|03d8W000001DWvs|Inactive_Disqualified_Reason
22:33:43.1 (455758119)|VALIDATION_FORMULA|AND(
$Profile.Name <> "B - Looker",
OR(
ISPICKVAL( Account_Status__c , "Deactivated"),
ISPICKVAL( Account_Status__c , "Disqualified")),
ISBLANK( TEXT(Inactive_Reason__c)))|Account_Status__c=Created (Not Active) , $Profile.Name=System Administrator , Inactive_Reason__c=null
22:33:43.1 (455760619)|VALIDATION_PASS
22:33:43.1 (455761589)|VALIDATION_RULE|03d8W0000019Vh3|Only_RevOps_can_edit_EDU_US_AcctOwner
22:33:43.1 (460051501)|VALIDATION_FORMULA|AND(
$Profile.Name <> 'System Administrator',
$User.User_LongID__c <> '0058W00000ErGiZQAV', /*carmen*/
$User.User_LongID__c <> '0058W00000EVTGWQA5', /*babita*/
NOT(ISNEW()),
ISCHANGED(OwnerId),
RecordType.Name = 'Education',
OR(
ShippingCountry = 'USA',
ShippingCountry = 'United States'))
&& Acc_Val_Bypass__c = false|OwnerId=005Pb00000IYVNB , $Profile.Name=System Administrator , ShippingCountry=United States , RecordType.Name=Education , Acc_Val_Bypass__c=0 , $User.User_LongID__c=005Pb00000IYVNBIA5
22:33:43.1 (460061171)|VALIDATION_PASS
22:33:43.1 (460062891)|VALIDATION_RULE|03d8W0000019Vh4|Only_RevOps_can_edit_EDU_US_RM
22:33:43.1 (460238232)|VALIDATION_FORMULA|AND(
$Profile.Name <> 'System Administrator',
$User.User_LongID__c <> '0058W00000ErGiZQAV', /*carmen*/
$User.User_LongID__c <> '0058W00000EVTGWQA5', /*babita*/
ISCHANGED(Relationship_Manager__c),
RecordType.Name = 'Education',
OR(
ShippingCountry = 'USA',
ShippingCountry = 'United States'))
&& Acc_Val_Bypass__c = false|$Profile.Name=System Administrator , Relationship_Manager__c=null , ShippingCountry=United States , RecordType.Name=Education , Acc_Val_Bypass__c=0 , $User.User_LongID__c=005Pb00000IYVNBIA5
22:33:43.1 (460243062)|VALIDATION_PASS
22:33:43.1 (460243982)|VALIDATION_RULE|03d8W0000019Vpr|Only_RevOps_can_edit_Travel_RM
22:33:43.1 (460359243)|VALIDATION_FORMULA|AND(
$Profile.Name <> 'System Administrator',
$User.User_LongID__c <> '0058W00000ErGiZQAV', /*carmen*/
$User.User_LongID__c <> '0058W00000EVTGWQA5', /*babita*/
$User.User_LongID__c <> '005f2000009yzvoAAA',/*alex*/
$User.User_LongID__c <> '0058W00000GK9zwQAD',/*henry*/
RecordType.Name = 'Travel',
AND(
ISPICKVAL( Account_Status__c , "Active (Product Live)"),
ISCHANGED(Relationship_Manager__c),
NOT( ISBLANK( PRIORVALUE(Relationship_Manager__c)))))
&& Acc_Val_Bypass__c = false|Account_Status__c=Created (Not Active) , $Profile.Name=System Administrator , Relationship_Manager__c=null , RecordType.Name=Education , Acc_Val_Bypass__c=0 , $User.User_LongID__c=005Pb00000IYVNBIA5
22:33:43.1 (460363423)|VALIDATION_PASS
22:33:43.1 (460364453)|VALIDATION_RULE|03d8W000001DZ7g|Req_Account_Industry
22:33:43.1 (460442864)|VALIDATION_FORMULA|AND(
$Profile.Name <> "System Administrator",
$Profile.Name <> "B - Looker",
RecordType.Name = 'B2B',
RecordType.Name = 'Travel',
RecordType.Name = 'Education',
RecordType.Name = 'Healthcare',
Acc_Val_Bypass__c = false,
ISBLANK(TEXT(Account_Industry__c))
)|Account_Industry__c=Education , $Profile.Name=System Administrator , RecordType.Name=Education , Acc_Val_Bypass__c=0
22:33:43.1 (460445594)|VALIDATION_PASS
22:33:43.1 (460446404)|VALIDATION_RULE|03dPb000003VCb3|Tax_ID_Value_Restrictions
22:33:43.1 (460485504)|VALIDATION_FORMULA|AND(
 $Profile.Name  <> "System Administrator",
OR(
REGEX( Tax_Id__c , ".*-.*"), 
REGEX(Tax_Id__c, "^0+$")
)
)|$Profile.Name=System Administrator , Tax_Id__c=4657TH54
22:33:43.1 (460487464)|VALIDATION_PASS
22:33:43.1 (460493944)|CODE_UNIT_FINISHED|Validation:Account:new
22:33:43.1 (587518029)|CODE_UNIT_STARTED|[EXTERNAL]|Flow:Account
22:33:43.589 (589299842)|FLOW_CREATE_INTERVIEW_BEGIN|00DhG0000000jOX|3008W000000snOH|3018W0000011oL3
22:33:43.589 (589402373)|FLOW_CREATE_INTERVIEW_END|9534e03000cd89507d5f42e3af721a05decb220-5be4|(ACC) Update GM Health
22:33:43.590 (590262959)|FLOW_START_INTERVIEWS_BEGIN|1
22:33:43.590 (590318790)|FLOW_START_INTERVIEW_BEGIN|9534e03000cd89507d5f42e3af721a05decb220-5be4|(ACC) Update GM Health
22:33:43.590 (590496751)|FLOW_START_INTERVIEW_END|9534e03000cd89507d5f42e3af721a05decb220-5be4|(ACC) Update GM Health
22:33:43.599 (599383387)|HEAP_ALLOCATE|[EXTERNAL]|Bytes:8
22:33:43.599 (599416457)|HEAP_ALLOCATE|[EXTERNAL]|Bytes:8
22:33:43.599 (599467617)|HEAP_ALLOCATE|[EXTERNAL]|Bytes:4
22:33:43.599 (599476207)|VARIABLE_SCOPE_BEGIN|[1]|this|SBQQ.AccountBefore|true|false
22:33:43.599 (599546538)|VARIABLE_ASSIGNMENT|[1]|this|{}|0x58526973
22:33:43.599 (599990151)|CUMULATIVE_LIMIT_USAGE
22:33:43.599 (599990151)|LIMIT_USAGE_FOR_NS|(default)|
  Number of SOQL queries: 0 out of 100
  Number of query rows: 0 out of 50000
  Number of SOSL queries: 0 out of 20
  Number of DML statements: 3 out of 150
  Number of Publish Immediate DML: 0 out of 150
  Number of DML rows: 2 out of 10000
  Maximum CPU time: 40 out of 10000
  Maximum heap size: 0 out of 10000000
  Number of callouts: 0 out of 100
  Number of Email Invocations: 0 out of 10
  Number of future calls: 0 out of 50
  Number of queueable jobs added to the queue: 0 out of 50
  Number of Mobile Apex push calls: 0 out of 10

22:33:43.599 (599990151)|CUMULATIVE_LIMIT_USAGE_END

22:33:43.602 (602242448)|CODE_UNIT_STARTED|[EXTERNAL]|Validation:Account:001hG00000Bgdcv
22:33:43.602 (602254518)|VALIDATION_RULE|03dhG0000007W81|AgentsCohortGo_ID_only_editable_if_empty
22:33:43.602 (602470269)|VALIDATION_FORMULA|AND(
    $RecordType.Name = "Agents",
    NOT($Profile.Name = "System Administrator"),
    NOT(ISBLANK(PRIORVALUE(CohortGo_ID__c))),
    ISCHANGED(CohortGo_ID__c)
)
&& Acc_Val_Bypass__c = false|$RecordType.Name=Education , $Profile.Name=System Administrator , CohortGo_ID__c=null , Acc_Val_Bypass__c=0
22:33:43.602 (602474849)|VALIDATION_PASS
22:33:43.602 (602476149)|VALIDATION_RULE|03df20000003jYK|Check_CompanyId_Value
22:33:43.602 (602512280)|VALIDATION_FORMULA|AND(
	(LID__LinkedIn_Company_Id__c <> NULL),
	NOT(ISNUMBER(LID__LinkedIn_Company_Id__c))
)|LID__LinkedIn_Company_Id__c=null
22:33:43.602 (602514170)|VALIDATION_PASS
22:33:43.602 (602514830)|VALIDATION_RULE|03d8W000001DX5Y|Check_Company_Id_Value
22:33:43.602 (602534820)|VALIDATION_FORMULA|AND(
	(LID__LinkedIn_Company_Id__c <> NULL),
	NOT(ISNUMBER(LID__LinkedIn_Company_Id__c))
)|LID__LinkedIn_Company_Id__c=null
22:33:43.602 (602536220)|VALIDATION_PASS
22:33:43.602 (602536950)|VALIDATION_RULE|03d8W0000019Uxk|Generic_Website_Not_Allowed
22:33:43.602 (602828222)|VALIDATION_FORMULA|AND(
$Profile.Name <> "System Administrator",
IF(
CASE(Website_Domain_Capture__c,
'gmail.com', 1,
'yahoo.com', 1,
'xyz.com', 1,'hotmail.co.uk', 1,
'aol.com', 1,'hotmail.com', 1,
'hotmail.fr', 1,'msn.com', 1,'yahoo.fr', 1,'wanadoo.fr', 1,'orange.fr', 1,'comcast.net', 1,'outlook.com', 1,'yahoo.co.uk', 1,'yahoo.com.br', 1,'yahoo.co.in', 1,'live.com', 1,'rediffmail.com', 1,'free.fr', 1,'gmx.de', 1,'web.de', 1,'yandex.ru', 1,
'ymail.com', 1,'libero.it', 1,
'uol.com.br', 1,'bol.com.br', 1,'mail.ru', 1,'cox.net', 1,'hotmail.it', 1,'sbcglobal.net', 1,'sfr.fr', 1,'live.fr', 1,'verizon.net', 1,'live.co.uk', 1,'googlemail.com', 1,'yahoo.es', 1,'ig.com.br', 1,'live.nl', 1,'bigpond.com', 1,'terra.com.br', 1,'yahoo.it', 1,'neuf.fr', 1,
'yahoo.de', 1,'alice.it', 1,
'rocketmail.com', 1,'att.net', 1,'laposte.net', 1,'bellsouth.net', 1,'yahoo.in', 1,'hotmail.es', 1,'charter.net', 1,'yahoo.ca', 1,'yahoo.com.au', 1,'rambler.ru', 1,'hotmail.de', 1,'tiscali.it', 1,'shaw.ca', 1,'yahoo.co.jp', 1,'sky.com', 1,'earthlink.net', 1,'optonline.net', 1,'freenet.de', 1,
't-online.de', 1,'aliceadsl.fr', 1,
'home.nl', 1,'virgilio.it', 1,'qq.com', 1,'telenet.be', 1,'me.com', 1,'mac.com', 1,'icloud.com', 1,'yahoo.com.ar', 1,'tiscali.co.uk', 1,'yahoo.com.mx', 1,'voila.fr', 1,'gmx.net', 1,'mail.com', 1,'planet.nl', 1,'tin.it', 1,'live.it', 1,'ntlworld.com', 1,'arcor.de', 1,
'yahoo.co.id', 1,'frontiernet.net', 1,
'hetnet.nl', 1,'live.com.au', 1,'yahoo.com.sg', 1,'zonnet.nl', 1,'club-internet.fr', 1,'juno.com', 1,'optusnet.com.au', 1,'blueyonder.co.uk', 1,'bluewin.ch', 1,'skynet.be', 1,'sympatico.ca', 1,'windstream.net', 1,'centurytel.net', 1,'chello.nl', 1,'live.ca', 1,'aim.com', 1,'bigpond.net.au', 1,'email.com', 1,
'mail.com', 1,'usa.com', 1,
'post.com', 1,'consultant.com', 1,'asia.com', 1,'engineer.com', 1,'engineer.com', 1,'europe.com', 1,'myself.com', 1,'proton.me', 1,'@protonmail.com', 1,'@pm.me', 1,'protonmail.ch', 1,'yandex.com', 1,'gmx.com', 1,'tutanota.com', 1,'hubspot.com', 1,'zoho.com', 1,'titan.email', 1,'aim.com', 1,
'yahoo.com', 1,
0) =1 ,
TRUE,
FALSE)
)
&& Acc_Val_Bypass__c = false|$Profile.Name=System Administrator , Website_Domain_Capture__c=null , Acc_Val_Bypass__c=0
22:33:43.602 (602836252)|VALIDATION_PASS
22:33:43.602 (602837082)|VALIDATION_RULE|03d8W000001DWvs|Inactive_Disqualified_Reason
22:33:43.602 (602950973)|VALIDATION_FORMULA|AND(
$Profile.Name <> "B - Looker",
OR(
ISPICKVAL( Account_Status__c , "Deactivated"),
ISPICKVAL( Account_Status__c , "Disqualified")),
ISBLANK( TEXT(Inactive_Reason__c)))|Account_Status__c=Created (Not Active) , $Profile.Name=System Administrator , Inactive_Reason__c=null
22:33:43.602 (602953593)|VALIDATION_PASS
22:33:43.602 (602954423)|VALIDATION_RULE|03d8W0000019Vh3|Only_RevOps_can_edit_EDU_US_AcctOwner
22:33:43.602 (603082974)|VALIDATION_FORMULA|AND(
$Profile.Name <> 'System Administrator',
$User.User_LongID__c <> '0058W00000ErGiZQAV', /*carmen*/
$User.User_LongID__c <> '0058W00000EVTGWQA5', /*babita*/
NOT(ISNEW()),
ISCHANGED(OwnerId),
RecordType.Name = 'Education',
OR(
ShippingCountry = 'USA',
ShippingCountry = 'United States'))
&& Acc_Val_Bypass__c = false|OwnerId=005Pb00000IYVNB , $Profile.Name=System Administrator , ShippingCountry=United States , RecordType.Name=Education , Acc_Val_Bypass__c=0 , $User.User_LongID__c=005Pb00000IYVNBIA5
22:33:43.602 (603086824)|VALIDATION_PASS
22:33:43.602 (603087524)|VALIDATION_RULE|03d8W0000019Vh4|Only_RevOps_can_edit_EDU_US_RM
22:33:43.602 (603179285)|VALIDATION_FORMULA|AND(
$Profile.Name <> 'System Administrator',
$User.User_LongID__c <> '0058W00000ErGiZQAV', /*carmen*/
$User.User_LongID__c <> '0058W00000EVTGWQA5', /*babita*/
ISCHANGED(Relationship_Manager__c),
RecordType.Name = 'Education',
OR(
ShippingCountry = 'USA',
ShippingCountry = 'United States'))
&& Acc_Val_Bypass__c = false|$Profile.Name=System Administrator , Relationship_Manager__c=null , ShippingCountry=United States , RecordType.Name=Education , Acc_Val_Bypass__c=0 , $User.User_LongID__c=005Pb00000IYVNBIA5
22:33:43.602 (603182435)|VALIDATION_PASS
22:33:43.602 (603183285)|VALIDATION_RULE|03d8W0000019Vpr|Only_RevOps_can_edit_Travel_RM
22:33:43.602 (603277155)|VALIDATION_FORMULA|AND(
$Profile.Name <> 'System Administrator',
$User.User_LongID__c <> '0058W00000ErGiZQAV', /*carmen*/
$User.User_LongID__c <> '0058W00000EVTGWQA5', /*babita*/
$User.User_LongID__c <> '005f2000009yzvoAAA',/*alex*/
$User.User_LongID__c <> '0058W00000GK9zwQAD',/*henry*/
RecordType.Name = 'Travel',
AND(
ISPICKVAL( Account_Status__c , "Active (Product Live)"),
ISCHANGED(Relationship_Manager__c),
NOT( ISBLANK( PRIORVALUE(Relationship_Manager__c)))))
&& Acc_Val_Bypass__c = false|Account_Status__c=Created (Not Active) , $Profile.Name=System Administrator , Relationship_Manager__c=null , RecordType.Name=Education , Acc_Val_Bypass__c=0 , $User.User_LongID__c=005Pb00000IYVNBIA5
22:33:43.602 (603280715)|VALIDATION_PASS
22:33:43.602 (603281425)|VALIDATION_RULE|03d8W000001DZ7g|Req_Account_Industry
22:33:43.602 (603349646)|VALIDATION_FORMULA|AND(
$Profile.Name <> "System Administrator",
$Profile.Name <> "B - Looker",
RecordType.Name = 'B2B',
RecordType.Name = 'Travel',
RecordType.Name = 'Education',
RecordType.Name = 'Healthcare',
Acc_Val_Bypass__c = false,
ISBLANK(TEXT(Account_Industry__c))
)|Account_Industry__c=Education , $Profile.Name=System Administrator , RecordType.Name=Education , Acc_Val_Bypass__c=0
22:33:43.602 (603352066)|VALIDATION_PASS
22:33:43.602 (603352856)|VALIDATION_RULE|03dPb000003VCb3|Tax_ID_Value_Restrictions
22:33:43.602 (603387616)|VALIDATION_FORMULA|AND(
 $Profile.Name  <> "System Administrator",
OR(
REGEX( Tax_Id__c , ".*-.*"), 
REGEX(Tax_Id__c, "^0+$")
)
)|$Profile.Name=System Administrator , Tax_Id__c=4657TH54
22:33:43.602 (603389426)|VALIDATION_PASS
22:33:43.602 (603404006)|CODE_UNIT_FINISHED|Validation:Account:001hG00000Bgdcv
22:33:43.590 (627676997)|FLOW_START_INTERVIEWS_END|1
22:33:43.590 (629080688)|FLOW_INTERVIEW_FINISHED|9534e03000cd89507d5f42e3af721a05decb220-5be4|(ACC) Update GM Health
22:33:43.1 (630040065)|CODE_UNIT_FINISHED|Flow:Account
22:33:43.1 (630676430)|CODE_UNIT_STARTED|[EXTERNAL]|Flow:Account
22:33:43.1 (630690500)|CODE_UNIT_FINISHED|Flow:Account
22:33:43.1 (631721148)|DML_END|[24]
22:33:43.1 (631893629)|STATEMENT_EXECUTE|[26]
22:33:43.1 (631965680)|HEAP_ALLOCATE|[26]|Bytes:118
22:33:43.1 (631992210)|SYSTEM_METHOD_ENTRY|[1]|Test.Test()
22:33:43.1 (631994360)|STATEMENT_EXECUTE|[1]
22:33:43.1 (632002290)|SYSTEM_METHOD_EXIT|[1]|Test
22:33:43.1 (632026850)|METHOD_ENTRY|[26]||System.Test.getStandardPricebookId()
22:33:43.1 (633698343)|METHOD_EXIT|[26]||System.Test.getStandardPricebookId()
22:33:43.1 (633705803)|VARIABLE_SCOPE_BEGIN|[26]|standardPbId|Id|false|false
22:33:43.1 (633832124)|VARIABLE_ASSIGNMENT|[26]|standardPbId|"01sf2000001vfF6AAI"
22:33:43.1 (633835164)|STATEMENT_EXECUTE|[28]
22:33:43.1 (633876894)|HEAP_ALLOCATE|[28]|Bytes:4
22:33:43.1 (633951455)|HEAP_ALLOCATE|[29]|Bytes:21
22:33:43.1 (634026455)|VARIABLE_ASSIGNMENT|[28]|this.Name|"Test Opp New Busines (1 more) ..."|0x1a77dc13
22:33:43.1 (634029515)|HEAP_ALLOCATE|[30]|Bytes:20
22:33:43.1 (634042565)|VARIABLE_ASSIGNMENT|[28]|this.StageName|"Discovery/Qualifying"|0x1a77dc13
22:33:43.1 (634044895)|HEAP_ALLOCATE|[31]|Bytes:12
22:33:43.1 (634054275)|VARIABLE_ASSIGNMENT|[28]|this.Type|"New Business"|0x1a77dc13
22:33:43.1 (634114396)|HEAP_ALLOCATE|[32]|Bytes:4
22:33:43.1 (634126556)|HEAP_ALLOCATE|[32]|Bytes:4
22:33:43.1 (634150846)|VARIABLE_ASSIGNMENT|[28]|this.CloseDate|"2026-10-01T00:00:00.000Z"|0x1a77dc13
22:33:43.1 (634203086)|VARIABLE_ASSIGNMENT|[28]|this.AccountId|"001hG00000BgdcvQAB"|0x1a77dc13
22:33:43.1 (634226317)|VARIABLE_ASSIGNMENT|[28]|this.Pricebook2Id|"01sf2000001vfF6AAI"|0x1a77dc13
22:33:43.1 (634244997)|VARIABLE_SCOPE_BEGIN|[28]|opp|Opportunity|true|false
22:33:43.1 (634262677)|VARIABLE_ASSIGNMENT|[28]|opp|{"Name":"Test Opp New Busines (1 more) ...","StageName":"Discovery/Qualifying","Type":"New Business","CloseDate":"2026-10-01T00:00:00.000Z","AccountId":"001hG00000BgdcvQAB","Pricebook2Id":"01sf2000001vfF6AAI"}|0x1a77dc13
22:33:43.1 (634265297)|STATEMENT_EXECUTE|[36]
22:33:43.1 (634287287)|HEAP_ALLOCATE|[36]|Bytes:8
22:33:43.1 (634311817)|DML_BEGIN|[36]|Op:Insert|Type:Opportunity|Rows:1
22:33:43.1 (634343558)|HEAP_ALLOCATE|[EXTERNAL]|Bytes:8
22:33:43.1 (712058854)|CODE_UNIT_STARTED|[EXTERNAL]|Flow:Opportunity
22:33:43.713 (713305163)|FLOW_CREATE_INTERVIEW_BEGIN|00DhG0000000jOX|300Pb00000pY56m|301hG000004FdoL
22:33:43.713 (713382274)|FLOW_CREATE_INTERVIEW_END|9535e03000cd89507d5f42e3af721a05decb220-5be3|(OPP) Before Record Trigger Flow
22:33:43.713 (713994508)|FLOW_START_INTERVIEWS_BEGIN|1
22:33:43.713 (714070029)|FLOW_START_INTERVIEW_BEGIN|9535e03000cd89507d5f42e3af721a05decb220-5be3|(OPP) Before Record Trigger Flow
22:33:43.713 (714248300)|FLOW_START_INTERVIEW_END|9535e03000cd89507d5f42e3af721a05decb220-5be3|(OPP) Before Record Trigger Flow
22:33:43.713 (721763657)|FLOW_START_INTERVIEWS_END|1
22:33:43.713 (722746434)|FLOW_INTERVIEW_FINISHED|9535e03000cd89507d5f42e3af721a05decb220-5be3|(OPP) Before Record Trigger Flow
22:33:43.1 (724228295)|CODE_UNIT_FINISHED|Flow:Opportunity
22:33:43.727 (727464209)|ENTERING_MANAGED_PKG|texcellency
22:33:43.727 (730555962)|ENTERING_MANAGED_PKG|texcellency
22:33:43.727 (732336365)|ENTERING_MANAGED_PKG|texcellency
22:33:43.727 (732509507)|ENTERING_MANAGED_PKG|texcellency
22:33:43.727 (732592887)|ENTERING_MANAGED_PKG|texcellency
22:33:43.727 (732655308)|ENTERING_MANAGED_PKG|texcellency
22:33:43.727 (732668028)|ENTERING_MANAGED_PKG|texcellency
22:33:43.727 (732679668)|ENTERING_MANAGED_PKG|texcellency
22:33:43.727 (732694958)|ENTERING_MANAGED_PKG|texcellency
22:33:43.727 (733651665)|ENTERING_MANAGED_PKG|texcellency
22:33:43.727 (733676315)|ENTERING_MANAGED_PKG|texcellency
22:33:43.727 (733768376)|ENTERING_MANAGED_PKG|texcellency
22:33:43.727 (734000258)|ENTERING_MANAGED_PKG|texcellency
22:33:43.727 (737374183)|ENTERING_MANAGED_PKG|texcellency
22:33:43.727 (737412913)|ENTERING_MANAGED_PKG|texcellency
22:33:43.727 (737471634)|ENTERING_MANAGED_PKG|texcellency
22:33:43.727 (737480194)|ENTERING_MANAGED_PKG|texcellency
22:33:43.727 (737504584)|ENTERING_MANAGED_PKG|texcellency
22:33:43.727 (738044678)|ENTERING_MANAGED_PKG|texcellency
22:33:43.727 (738094068)|ENTERING_MANAGED_PKG|texcellency
22:33:43.727 (738117489)|ENTERING_MANAGED_PKG|texcellency
22:33:43.727 (738129149)|ENTERING_MANAGED_PKG|texcellency
22:33:43.727 (738144699)|ENTERING_MANAGED_PKG|texcellency
22:33:43.727 (738833704)|ENTERING_MANAGED_PKG|texcellency
22:33:43.727 (738842854)|ENTERING_MANAGED_PKG|texcellency
22:33:43.727 (738890574)|ENTERING_MANAGED_PKG|texcellency
22:33:43.727 (738965135)|ENTERING_MANAGED_PKG|texcellency
22:33:43.727 (739062166)|ENTERING_MANAGED_PKG|texcellency
22:33:43.727 (739075266)|ENTERING_MANAGED_PKG|texcellency
22:33:43.727 (739081996)|ENTERING_MANAGED_PKG|texcellency
22:33:43.727 (739093826)|ENTERING_MANAGED_PKG|texcellency
22:33:43.727 (739099626)|ENTERING_MANAGED_PKG|texcellency
22:33:43.727 (739107256)|ENTERING_MANAGED_PKG|texcellency
22:33:43.727 (739112306)|ENTERING_MANAGED_PKG|texcellency
22:33:43.727 (739123476)|ENTERING_MANAGED_PKG|texcellency
22:33:43.727 (739196517)|ENTERING_MANAGED_PKG|texcellency
22:33:43.727 (739204907)|ENTERING_MANAGED_PKG|texcellency
22:33:43.727 (739210257)|ENTERING_MANAGED_PKG|texcellency
22:33:43.727 (739217427)|ENTERING_MANAGED_PKG|texcellency
22:33:43.727 (739222847)|ENTERING_MANAGED_PKG|texcellency
22:33:43.727 (739229967)|ENTERING_MANAGED_PKG|texcellency
22:33:43.727 (739234677)|ENTERING_MANAGED_PKG|texcellency
22:33:43.727 (739245237)|ENTERING_MANAGED_PKG|texcellency
22:33:43.739 (739301507)|CUMULATIVE_LIMIT_USAGE
22:33:43.739 (739301507)|LIMIT_USAGE_FOR_NS|(default)|
  Number of SOQL queries: 1 out of 100
  Number of query rows: 0 out of 50000
  Number of SOSL queries: 0 out of 20
  Number of DML statements: 4 out of 150
  Number of Publish Immediate DML: 0 out of 150
  Number of DML rows: 3 out of 10000
  Maximum CPU time: 67 out of 10000
  Maximum heap size: 0 out of 10000000
  Number of callouts: 0 out of 100
  Number of Email Invocations: 0 out of 10
  Number of future calls: 0 out of 50
  Number of queueable jobs added to the queue: 0 out of 50
  Number of Mobile Apex push calls: 0 out of 10

22:33:43.739 (739301507)|CUMULATIVE_LIMIT_USAGE_END

22:33:43.740 (740529307)|HEAP_ALLOCATE|[EXTERNAL]|Bytes:8
22:33:43.740 (740587867)|HEAP_ALLOCATE|[EXTERNAL]|Bytes:4
22:33:43.740 (740605807)|VARIABLE_SCOPE_BEGIN|[1]|this|SBQQ.OpportunityBefore|true|false
22:33:43.740 (740713748)|VARIABLE_ASSIGNMENT|[1]|this|{}|0x226a5b02
22:33:43.748 (748043533)|CUMULATIVE_LIMIT_USAGE
22:33:43.748 (748043533)|LIMIT_USAGE_FOR_NS|(default)|
  Number of SOQL queries: 1 out of 100
  Number of query rows: 0 out of 50000
  Number of SOSL queries: 0 out of 20
  Number of DML statements: 4 out of 150
  Number of Publish Immediate DML: 0 out of 150
  Number of DML rows: 3 out of 10000
  Maximum CPU time: 67 out of 10000
  Maximum heap size: 0 out of 10000000
  Number of callouts: 0 out of 100
  Number of Email Invocations: 0 out of 10
  Number of future calls: 0 out of 50
  Number of queueable jobs added to the queue: 0 out of 50
  Number of Mobile Apex push calls: 0 out of 10

22:33:43.748 (748043533)|CUMULATIVE_LIMIT_USAGE_END

22:33:43.1 (830138873)|CODE_UNIT_STARTED|[EXTERNAL]|Validation:Opportunity:new
22:33:43.1 (830176633)|VALIDATION_RULE|03dPb000000eHtP|Account_cant_be_changed_primary_quote
22:33:43.1 (830325734)|VALIDATION_FORMULA|AND(ISCHANGED(AccountId),
NOT(ISBLANK(SBQQ__PrimaryQuote__c)))|AccountId=001hG00000Bgdcv , SBQQ__PrimaryQuote__c=null
22:33:43.1 (830330854)|VALIDATION_PASS
22:33:43.1 (830332114)|VALIDATION_RULE|03d8W0000019V87|BDR_Owner_Exception_Open_Opps
22:33:43.1 (830726107)|VALIDATION_FORMULA|AND(
    $Profile.Name <> "B - Looker",
    $Profile.Name <> 'System Administrator',
    $User.Alias <> "Workato",
    IsClosed = false,
    NOT(
    OR(
BDR_Owner__r.Flow_Full_Name__c = "Javier Fontoba",
BDR_Owner__r.Flow_Full_Name__c = "Anne-Sophie Kadjo",
BDR_Owner__r.Flow_Full_Name__c = "Minori Nishioka",
BDR_Owner__r.Flow_Full_Name__c = "Charlie Dreher",
BDR_Owner__r.Flow_Full_Name__c = "Caitlin Cowdrey",
BDR_Owner__r.Flow_Full_Name__c = "Sabrina Alam",
BDR_Owner__r.Flow_Full_Name__c = "Alex Godfrey",
BDR_Owner__r.Flow_Full_Name__c = "John Quinn",
BDR_Owner__r.Flow_Full_Name__c = "Chloe Engle",
BDR_Owner__r.Flow_Full_Name__c = "Leah Prigmore",
BDR_Owner__r.Flow_Full_Name__c = "Sophie Brockbank",
BDR_Owner__r.Flow_Full_Name__c = "Mubz Rahman",
BDR_Owner__r.Flow_Full_Name__c = "Gustavo Ruiz-Esteller",
BDR_Owner__r.Flow_Full_Name__c = "Lloyd Ng",
BDR_Owner__r.Flow_Full_Name__c = "Sherlyn Yang",
BDR_Owner__r.Flow_Full_Name__c = "Kaila Decarvalho",
BDR_Owner__r.Flow_Full_Name__c = "Kelsey Fikkert",
BDR_Owner__r.Flow_Full_Name__c = "Ellis Croce",
BDR_Owner__r.Flow_Full_Name__c = "Yui Takahashi",
BDR_Owner__r.Flow_Full_Name__c = "Patrick Stacy",
BDR_Owner__r.Flow_Full_Name__c = "Praveen Vivinthas",
ISBLANK( BDR_Owner__c )
        )
    ),
    NOT(ISPICKVAL(Type, "Auto Renewal"))
)
&& Opp_Val_Bypass__c = false|BDR_Owner__r.Flow_Full_Name__c=null , BDR_Owner__c=null , Type=New Business , $Profile.Name=System Administrator , Opp_Val_Bypass__c=0 , IsClosed=0 , $User.Alias=sunita.b
22:33:43.1 (830734137)|VALIDATION_PASS
22:33:43.1 (830735217)|VALIDATION_RULE|03dPb000000eHtR|Cant_Change_ShipTo_If_Approved_Quote
22:33:43.1 (830861418)|VALIDATION_FORMULA|AND(
  $Profile.Name <> 'System Administrator',
  $Profile.Name <> "B - Looker",
  $User.Alias <> "Workato",
  NOT(ISBLANK(SBQQ__PrimaryQuote__c)),
  ISPICKVAL(SBQQ__PrimaryQuote__r.ApprovalStatus__c, 'Approved'),
  ISCHANGED(Ship_To_Account__c)
)|Ship_To_Account__c=001hG00000Bgdcv , $Profile.Name=System Administrator , SBQQ__PrimaryQuote__r.ApprovalStatus__c=null , SBQQ__PrimaryQuote__c=null , $User.Alias=sunita.b
22:33:43.1 (830865488)|VALIDATION_PASS
22:33:43.1 (830866848)|VALIDATION_RULE|03df20000003jYN|Check_CompanyId_Value
22:33:43.1 (830924428)|VALIDATION_FORMULA|AND(
	(LID__LinkedIn_Company_Id__c <> NULL),
	NOT(ISNUMBER(LID__LinkedIn_Company_Id__c))
)|LID__LinkedIn_Company_Id__c=null
22:33:43.1 (830926958)|VALIDATION_PASS
22:33:43.1 (830927978)|VALIDATION_RULE|03d8W000001DX5b|Check_Company_Id_Value
22:33:43.1 (830953519)|VALIDATION_FORMULA|AND(
	(LID__LinkedIn_Company_Id__c <> NULL),
	NOT(ISNUMBER(LID__LinkedIn_Company_Id__c))
)|LID__LinkedIn_Company_Id__c=null
22:33:43.1 (830955469)|VALIDATION_PASS
22:33:43.1 (830956149)|VALIDATION_RULE|03dPb000000eHtS|ContractURLtoDrive
22:33:43.1 (831040449)|VALIDATION_FORMULA|AND(
    $Profile.Name <> "B - Looker",
    $User.Alias <> "Workato",
    Pricebook2.Name = 'CPQ',
    NOT(ISBLANK(Contract_URL__c)),
    LOWER(LEFT(Contract_URL__c,24)) <> "https://drive.google.com"
)|$Profile.Name=System Administrator , Contract_URL__c=null , $User.Alias=sunita.b , Pricebook2.Name=Standard Price Book
22:33:43.1 (831043839)|VALIDATION_PASS
22:33:43.1 (831044789)|VALIDATION_RULE|03dhG000000vL4X|Desired_Go_Live_80
22:33:43.1 (831194780)|VALIDATION_FORMULA|AND(
$Profile.Name <> "System Administrator",
$Profile.Name <> "B - Looker",
$User.Alias <> "Workato",
IsClosed = False,
Probability >=0.80,
SBQQ__PrimaryQuote__r.Number_of_New_Quote_Lines__c >=1,
OR(
RecordType.Name = 'B2B',
RecordType.Name = 'Education',
RecordType.Name = 'Healthcare'
),
ISBLANK( Desired_Go_Live_Date__c),
NOT(ISPICKVAL(Type, "Renewal")),
NOT(ISPICKVAL(Type, "Auto Renewal"))
)
&& Opp_Val_Bypass__c = false|Type=New Business , $Profile.Name=System Administrator , SBQQ__PrimaryQuote__r.Number_of_New_Quote_Lines__c=null , Probability=10 , Desired_Go_Live_Date__c=null , Opp_Val_Bypass__c=0 , IsClosed=0 , RecordType.Name=Education , $User.Alias=sunita.b
22:33:43.1 (831199331)|VALIDATION_PASS
22:33:43.1 (831200211)|VALIDATION_RULE|03dPb000000eHtT|Edu_CompetitorName_80
22:33:43.1 (831370192)|VALIDATION_FORMULA|AND(
    $Profile.Name <> "System Administrator",
    $Profile.Name <> "B - Looker",
    $User.Alias <> "Workato",
    IsClosed = False,
    RecordType.Name = 'Education',
    Probability >=0.80,
    ISBLANK ( Competitor_Name__c ),
    NOT(ISPICKVAL(Type, "Renewal")),
    NOT(ISPICKVAL(Type, "Auto Renewal"))
)
&& Opp_Val_Bypass__c = false|Competitor_Name__c=null , Type=New Business , $Profile.Name=System Administrator , Probability=10 , Opp_Val_Bypass__c=0 , IsClosed=0 , RecordType.Name=Education , $User.Alias=sunita.b
22:33:43.1 (831374202)|VALIDATION_PASS
22:33:43.1 (831375252)|VALIDATION_RULE|03d8W000001HnTm|Int_Partner_w_Qual_Integration
22:33:43.1 (831498013)|VALIDATION_FORMULA|AND(
    $Profile.Name <> "System Administrator",
    $Profile.Name <> "B - Looker",
    $User.Alias <> "Workato",
    OR(
        NOT(ISPICKVAL(Qualifying_Integration__c , ""))
    ),
    OR(
        NOT(ISPICKVAL(Qualifying_Integration__c , "Non Partner - Custom Integration"))
    ), 
    ISBLANK(Integration_Partner__c),
    (DateValue(CreatedDate) > Date(2023, 08, 01)),
    NOT(ISPICKVAL(Type, "Auto Renewal"))
)
&& Opp_Val_Bypass__c = false|Qualifying_Integration__c=null , Type=New Business , $Profile.Name=System Administrator , CreatedDate=null , Opp_Val_Bypass__c=0 , $User.Alias=sunita.b , Integration_Partner__c=null
22:33:43.1 (831514733)|VALIDATION_PASS
22:33:43.1 (831515633)|VALIDATION_RULE|03d5w000000ghWc|Lost_to_Competitor_Incumbent
22:33:43.1 (831634174)|VALIDATION_FORMULA|AND(
 $Profile.Name <> 'System Administrator',
$Profile.Name <> "B - Looker",
$User.Alias <> "Workato",
 RecordType.Name = 'Education',
 RecordType.Name = 'Travel',
 ISBLANK ( Competitor_Name__c ),
 ISPICKVAL ( Lost_Sub_Reason__c , "Staying with Incumbent Provider")
)
&& Opp_Val_Bypass__c = false|Competitor_Name__c=null , $Profile.Name=System Administrator , Opp_Val_Bypass__c=0 , RecordType.Name=Education , Lost_Sub_Reason__c=null , $User.Alias=sunita.b
22:33:43.1 (831637414)|VALIDATION_PASS
22:33:43.1 (831638444)|VALIDATION_RULE|03d8W000001DX54|Past_Closed_Date
22:33:43.1 (831730455)|VALIDATION_FORMULA|AND(
    $Profile.Name <> "System Administrator",
    $Profile.Name <> "B - Looker",
    $User.Alias <> "Workato",
    IsClosed = False,
    CloseDate < TODAY(),
    Probability < 0.9,
    NOT(ISPICKVAL(Type, "Auto Renewal"))
)
&& Opp_Val_Bypass__c = false|Type=New Business , $Profile.Name=System Administrator , Probability=10 , Opp_Val_Bypass__c=0 , IsClosed=0 , $User.Alias=sunita.b , CloseDate=2026-10-01 00:00:00
22:33:43.1 (831733915)|VALIDATION_PASS
22:33:43.1 (831734895)|VALIDATION_RULE|03dPb000000eHtZ|Required_fields_for_Legal
22:33:43.1 (832017687)|VALIDATION_FORMULA|AND(
    $Profile.Name <> "System Administrator",
    $Profile.Name <> "B - Looker",
    $User.Alias <> "Workato",
    Probability > 0.80,
    OR(
        Pricebook2.Name = "CPQ",
        ISBLANK(Pricebook2Id)
    ),
    OR(
        RecordType.DeveloperName = "Education",
        RecordType.DeveloperName = "Travel",
        RecordType.DeveloperName = "B2B",
        RecordType.DeveloperName = "Healthcare"
    ),
    OR(
        ISBLANK(SBQQ__PrimaryQuote__c),
        NOT(ISPICKVAL(SBQQ__PrimaryQuote__r.SBQQ__Status__c, "Client_Approved")),
        ISBLANK(TEXT(SBQQ__PrimaryQuote__r.Exclusivity__c )),
        ISBLANK(TEXT(SBQQ__PrimaryQuote__r.Termination__c)),
        ISBLANK(TEXT(SBQQ__PrimaryQuote__r.Publicity__c)),
        ISBLANK(TEXT(SBQQ__PrimaryQuote__r.Flywire_Entity__c)),
        ISBLANK(TEXT(SBQQ__PrimaryQuote__r.SBQQ__PaymentTerms__c)),
        AND(
            ISPICKVAL(SBQQ__PrimaryQuote__r.PO_Required__c, "Yes"),
            ISBLANK(SBQQ__PrimaryQuote__r.PO__c)
        )
    ),
    NOT(ISPICKVAL(Type, "Auto Renewal"))
)|Pricebook2Id=01sf2000001vfF6 , SBQQ__PrimaryQuote__c=null , SBQQ__PrimaryQuote__r.SBQQ__PaymentTerms__c=null , Probability=10 , SBQQ__PrimaryQuote__r.SBQQ__Status__c=null , Type=New Business , $Profile.Name=System Administrator , SBQQ__PrimaryQuote__r.PO__c=null , RecordType.DeveloperName=Education , SBQQ__PrimaryQuote__r.PO_Required__c=null , SBQQ__PrimaryQuote__r.Publicity__c=null , SBQQ__PrimaryQuote__r.Termination__c=null , SBQQ__PrimaryQuote__r.Exclusivity__c=null , $User.Alias=sunita.b , SBQQ__PrimaryQuote__r.Flywire_Entity__c=null , Pricebook2.Name=Standard Price Book
22:33:43.1 (832024757)|VALIDATION_PASS
22:33:43.1 (832025647)|VALIDATION_RULE|03df20000003YAc|Requires_a_Reason_For_Closed_Loss_Opp
22:33:43.1 (832138628)|VALIDATION_FORMULA|AND(
 $Profile.Name <> 'System Administrator',
 $Profile.Name <> "B - Looker",
 ISPICKVAL (StageName, "Closed Lost"),
 ISBLANK (TEXT(Lost_Reason__c)),
 ISBLANK (TEXT( Lost_Sub_Reason__c ))
)
&& Opp_Val_Bypass__c = false|$Profile.Name=System Administrator , StageName=Discovery/Qualifying , Lost_Reason__c=null , Opp_Val_Bypass__c=0 , Lost_Sub_Reason__c=null
22:33:43.1 (832141908)|VALIDATION_PASS
22:33:43.1 (832142928)|VALIDATION_RULE|03d8W0000019Ufa|RFP_Override_Reason
22:33:43.1 (832185048)|VALIDATION_FORMULA|AND(
No_Bid_Override__c = True,
ISBLANK(No_Bid_Override_Reason__c)
)|No_Bid_Override__c=0 , No_Bid_Override_Reason__c=null
22:33:43.1 (832186868)|VALIDATION_PASS
22:33:43.1 (832187708)|VALIDATION_RULE|03dPb000000eHta|Strategic_Partner_Cant_Use_Flywire_Paper
22:33:43.1 (832277629)|VALIDATION_FORMULA|AND(
    $Profile.Name <> "B - Looker",
    $User.Alias <> "Workato",
    Account.RecordType.DeveloperName = "Strategic_Partner",
    RecordType.DeveloperName = "Healthcare",
    ISPICKVAL(Contract_Paper__c, "Flywire"),
    ISCHANGED(Probability)
)|$Profile.Name=System Administrator , RecordType.DeveloperName=Education , Probability=10 , Contract_Paper__c=Flywire , $User.Alias=sunita.b , Account.RecordType.DeveloperName=Education
22:33:43.1 (832280539)|VALIDATION_PASS
22:33:43.1 (832281569)|VALIDATION_RULE|03dPb000000eHtc|Type_Not_New_If_Contracted
22:33:43.1 (832354779)|VALIDATION_FORMULA|AND(
    $Profile.Name <> "System Administrator",
    $Profile.Name <> "B - Looker",
    $User.Alias <> "Workato", 
    OR(
        NOT(ISBLANK(SBQQ__RenewedContract__c)),
        NOT(ISBLANK(SBQQ__AmendedContract__c))
    ),
    ISPICKVAL(Type,"New Business")
)|Type=New Business , $Profile.Name=System Administrator , SBQQ__RenewedContract__c=null , SBQQ__AmendedContract__c=null , $User.Alias=sunita.b
22:33:43.1 (832357509)|VALIDATION_PASS
22:33:43.1 (832358509)|VALIDATION_RULE|03dPb000000eHtO|Account_FullAddress_80
22:33:43.1 (832492690)|VALIDATION_FORMULA|AND(
    $Profile.Name <> "System Administrator",
    $Profile.Name <> "B - Looker",
    $User.Alias <> "Workato",
    IsClosed = False,
    Probability >=0.80,
    Pricebook2.Name <> 'CPQ',
    OR(
        ISBLANK(Account.ShippingCountry),
        ISBLANK(Account.ShippingStreet)
    ),
    NOT(ISPICKVAL(Type, "Auto Renewal"))
)
&& Opp_Val_Bypass__c = false|Type=New Business , $Profile.Name=System Administrator , Probability=10 , Account.ShippingCountry=United States , Opp_Val_Bypass__c=0 , IsClosed=0 , $User.Alias=sunita.b , Account.ShippingStreet=456 Ship St , Pricebook2.Name=Standard Price Book
22:33:43.1 (832496490)|VALIDATION_PASS
22:33:43.1 (832497580)|VALIDATION_RULE|03d8W000001DXGZ|Account_Industry_Cant_BeTravel
22:33:43.1 (832629141)|VALIDATION_FORMULA|AND(
    $Profile.Name <> 'System Administrator',
    $Profile.Name <> "B - Looker",
    $User.Alias <> "Workato",
    RecordType.Name = 'Travel',
    Probability >=0.30,
    IsClosed = false,
    OR(
        NOT(ISPICKVAL(Account.Account_Industry__c, 'Accommodations'))),
    OR(
        NOT(ISPICKVAL(Account.Account_Industry__c, 'DMC'))),
				OR(
								NOT(ISPICKVAL(Account.Account_Industry__c, 'Hospitality'))),
    OR(
        NOT(ISPICKVAL(Account.Account_Industry__c, 'Travel Operator'))
    ),
    NOT(ISPICKVAL(Type, "Auto Renewal"))
)
&& Opp_Val_Bypass__c = false|Account.Account_Industry__c=Education , Type=New Business , $Profile.Name=System Administrator , Probability=10 , Opp_Val_Bypass__c=0 , RecordType.Name=Education , IsClosed=0 , $User.Alias=sunita.b
22:33:43.1 (832633371)|VALIDATION_PASS
22:33:43.1 (832634311)|VALIDATION_RULE|03dhG000000g79x|Account_RM_cannot_be_inactive_on_Legal
22:33:43.1 (832715292)|VALIDATION_FORMULA|AND(
$Profile.Name <> 'System Administrator',
$Profile.Name <> "B - Looker",
$User.Alias <> "Workato",
Pricebook2.Name = 'CPQ',
/* Probability is more than 80 when stage is updated to legal */
Probability > 0.80,
NOT(ISPICKVAL(Type,"Auto Renewal")),
NOT(Account.Relationship_Manager__r.IsActive)
)|Type=New Business , $Profile.Name=System Administrator , Account.Relationship_Manager__r.IsActive=null , Probability=10 , $User.Alias=sunita.b , Pricebook2.Name=Standard Price Book
22:33:43.1 (832737592)|VALIDATION_PASS
22:33:43.1 (832738522)|VALIDATION_RULE|03dPb000000eHtN|Acc_LegalName_80
22:33:43.1 (832850343)|VALIDATION_FORMULA|AND(
    $Profile.Name <> 'System Administrator',
    $Profile.Name <> "B - Looker",
    $User.Alias <> "Workato",
    RecordType.Name != 'Bank-PSP Partner',
    RecordType.Name != 'Strategic Partner',
    RecordType.Name != 'Healthcare SOW',
    IsClosed = false,
    NOT(ISPICKVAL(Type, 'Statement of Work')),
    Probability >0.80,
    Account.Client_Legal_Entity_Name__c = "",
    NOT(ISPICKVAL(Type, "Auto Renewal"))
)
&& Opp_Val_Bypass__c = false|Type=New Business , $Profile.Name=System Administrator , Account.Client_Legal_Entity_Name__c=Edu Corp , Probability=10 , Opp_Val_Bypass__c=0 , RecordType.Name=Education , IsClosed=0 , $User.Alias=sunita.b
22:33:43.1 (832854233)|VALIDATION_PASS
22:33:43.1 (832855243)|VALIDATION_RULE|03d8W000001HnWv|Agents_Add_Product_10
22:33:43.1 (832930654)|VALIDATION_FORMULA|AND(
$Profile.Name <> 'System Administrator',
$Profile.Name <> "B - Looker",
RecordType.Name = 'Agents',
Probability >0.10,
OR
(
NOT(HasOpportunityLineItem),
ISNULL(No_International_Payers_At_Opportunity__c))
)
&& Opp_Val_Bypass__c = false|$Profile.Name=System Administrator , HasOpportunityLineItem=0 , Probability=10 , Opp_Val_Bypass__c=0 , RecordType.Name=Education , No_International_Payers_At_Opportunity__c=null
22:33:43.1 (832933654)|VALIDATION_PASS
22:33:43.1 (832934534)|VALIDATION_RULE|03d5w000000lMSW|Agent_Won_requirements
22:33:43.1 (833174825)|VALIDATION_FORMULA|AND(
$Profile.Name <> 'System Administrator',
$Profile.Name <> "B - Looker",
$User.Alias <> "Workato",
RecordType.Name = 'Agents',
Pricebook2.Name <> 'CPQ',
Probability > 0.90,
OR(
Account.Revenue_Share_Agreement__c = TRUE,
Contract_Not_Required__c = False),
OR
(
ISBLANK(TEXT(Account.Agent_Tier__c)),
ISBLANK(TEXT(Account.Account_Industry__c)),
ContractId = "",
ISBLANK(Contract.ActivatedDate),
ISBLANK(TEXT(Contract.Flywire_Entity__c)),
ISBLANK(Contract.StartDate),
ISBLANK(Contract.EndDate)
)
)
&& Opp_Val_Bypass__c = false|Contract_Not_Required__c=0 , Probability=10 , Opp_Val_Bypass__c=0 , Contract.StartDate=null , RecordType.Name=Education , Account.Revenue_Share_Agreement__c=0 , Contract.Flywire_Entity__c=null , Contract.EndDate=null , Account.Account_Industry__c=Education , $Profile.Name=System Administrator , Contract.ActivatedDate=null , Account.Agent_Tier__c=null , $User.Alias=sunita.b , ContractId=null , Pricebook2.Name=Standard Price Book
22:33:43.1 (833180365)|VALIDATION_PASS
22:33:43.1 (833181355)|VALIDATION_RULE|03d8W0000019VSK|B2B_PYMNT_Fields_Verbal_Rqrd
22:33:43.1 (833341937)|VALIDATION_FORMULA|AND(
    $Profile.Name <> "System Administrator",
    $Profile.Name <> "B - Looker",
    $User.Alias <> "Workato",
    IsClosed = False,
    RecordType.Name = "B2B",
    DATEVALUE(CreatedDate) >= DATEVALUE("2023-12-18"),
    Probability >=0.80,
    OR(
        ISBLANK( Account.Annual_PYMT_Volume__c ),
        ISBLANK( Account.No_Annual_PYMT__c ),
        ISBLANK( Average_PYMNT_size__c ),
        ISBLANK( Total_Addressable_ARR__c ),
        ISBLANK( Total_Addressable_ARR_w_FW_Capabilities__c ),
        ISBLANK( Year_1_ARR_Projection__c )
    ),
    NOT(ISPICKVAL(Type, "Renewal")),
    NOT(ISPICKVAL(Type, "Auto Renewal"))
)
&& Opp_Val_Bypass__c = false|Total_Addressable_ARR__c=null , Total_Addressable_ARR_w_FW_Capabilities__c=null , Year_1_ARR_Projection__c=null , Probability=10 , Opp_Val_Bypass__c=0 , IsClosed=0 , RecordType.Name=Education , Average_PYMNT_size__c=null , Account.Annual_PYMT_Volume__c=null , Type=New Business , $Profile.Name=System Administrator , Account.No_Annual_PYMT__c=null , CreatedDate=null , $User.Alias=sunita.b
22:33:43.1 (833346867)|VALIDATION_PASS
22:33:43.1 (833347757)|VALIDATION_RULE|03dPb000000eHtQ|CPQ_AA_OPP_Move_To_Legal
22:33:43.1 (833494778)|VALIDATION_FORMULA|AND(
    $Profile.Name <> 'System Administrator',
    $Profile.Name <> "B - Looker",
    $User.Alias <> "Workato",
    Pricebook2.Name = 'CPQ',
    Probability > 0.80,
    OR(
        ISBLANK(SBQQ__PrimaryQuote__c),
        ISBLANK(Account.Client_Legal_Entity_Name__c),
        OR(
            AND(
                RecordType.DeveloperName <> "Healthcare",
                ISBLANK(Ship_To_Account__c)
            ),
            AND(
                ISPICKVAL(SBQQ__PrimaryQuote__r.Multiple_Ship_to_Accounts__c,"No"),
                ISBLANK(Ship_To_Account__c)
            )
        ),
        ISPICKVAL(Type,""),
        ISBLANK(TEXT(SBQQ__PrimaryQuote__r.Multiple_Ship_to_Accounts__c))
    ),
    NOT(ISPICKVAL(Type, "Auto Renewal"))
)|Ship_To_Account__c=001hG00000Bgdcv , Type=New Business , $Profile.Name=System Administrator , RecordType.DeveloperName=Education , Account.Client_Legal_Entity_Name__c=Edu Corp , SBQQ__PrimaryQuote__c=null , Probability=10 , $User.Alias=sunita.b , SBQQ__PrimaryQuote__r.Multiple_Ship_to_Accounts__c=null , Pricebook2.Name=Standard Price Book
22:33:43.1 (833499948)|VALIDATION_PASS
22:33:43.1 (833500928)|VALIDATION_RULE|03d8W000001DXEn|Edu_RC_Symptoms_Impact_40
22:33:43.1 (833679849)|VALIDATION_FORMULA|AND(
    $Profile.Name <> "System Administrator",
    $Profile.Name <> "B - Looker",
    $User.Alias <> "workato",
    Not( Account.Account_Region__c = "APAC"),
    IsClosed = False,
    RecordType.Name = 'Education',
    Probability >=0.40,
    OR(
        ISBLANK( Root_Cause__c),
        ISBLANK( Symptoms__c ),
        ISBLANK( Impact__c )
    ),
    NOT(ISPICKVAL(Type, "Renewal")),
    NOT(ISPICKVAL(Type, "Auto Renewal"))
)
&& Opp_Val_Bypass__c = false|Impact__c=null , Type=New Business , $Profile.Name=System Administrator , Probability=10 , Symptoms__c=null , Opp_Val_Bypass__c=0 , Account.Account_Region__c=NAMER , IsClosed=0 , RecordType.Name=Education , $User.Alias=sunita.b , Root_Cause__c=null
22:33:43.1 (833684239)|VALIDATION_PASS
22:33:43.1 (833685169)|VALIDATION_RULE|03dPb000000eHtU|KYC_Approved_80
22:33:43.1 (833811500)|VALIDATION_FORMULA|AND(
    $Profile.Name <> "System Administrator",
    $Profile.Name <> "B - Looker",
    RecordType.Name <> "Bank-PSP Partner",
    RecordType.Name <> "Strategic Partner",
    RecordType.Name <> "Healthcare SOW",
    RecordType.Name <> "Healthcare",
    Probability > 0.8,
    NOT(ISPICKVAL(Account.KYC_Status__c , "Approved")),
    NOT(ISPICKVAL(Type, "Auto Renewal"))
)
&& Opp_Val_Bypass__c = false|Type=New Business , $Profile.Name=System Administrator , Probability=10 , Opp_Val_Bypass__c=0 , RecordType.Name=Education , Account.KYC_Status__c=null
22:33:43.1 (833815290)|VALIDATION_PASS
22:33:43.1 (833816440)|VALIDATION_RULE|03d5w000000gltp|Live_not_closed
22:33:43.1 (833883201)|VALIDATION_FORMULA|AND(
$Profile.Name <> "System Administrator",
$Profile.Name <> "B - Looker",
TEXT(StageName) != "Closed Won",
NOT(ISBLANK(Date_First_Opp_Product_Live__c))
)
&& Opp_Val_Bypass__c = false|$Profile.Name=System Administrator , StageName=Discovery/Qualifying , Opp_Val_Bypass__c=0 , Date_First_Opp_Product_Live__c=null
22:33:43.1 (833885791)|VALIDATION_PASS
22:33:43.1 (833886601)|VALIDATION_RULE|03d8W0000019Umn|LockClosedOpp
22:33:43.1 (833953101)|VALIDATION_FORMULA|AND(
$Profile.Name <> "System Administrator",
$Profile.Name <> "A - RevOps",
$Profile.Name <> "B - Looker",
$User.Alias <> "Workato",
NOT(ISBLANK (Date_100__c)),
NOT(ISCHANGED(Date_100__c))
)
&& Opp_Val_Bypass__c = false|$Profile.Name=System Administrator , Date_100__c=null , Opp_Val_Bypass__c=0 , $User.Alias=sunita.b
22:33:43.1 (833955811)|VALIDATION_PASS
22:33:43.1 (833956741)|VALIDATION_RULE|03dPb000000eHtV|Lock_Opportunity
22:33:43.1 (833998062)|VALIDATION_FORMULA|Lock_Opportunity__c  
&& NOT(ISCHANGED(Lock_Opportunity__c))
&& NOT(ISPICKVAL(Type, "Renewal"))
&& NOT(ISPICKVAL(Type, "Auto Renewal"))|Type=New Business , Lock_Opportunity__c=0
22:33:43.1 (834000122)|VALIDATION_PASS
22:33:43.1 (834001212)|VALIDATION_RULE|03dPb000000epAH|Lock_Pre_CPQ_Existing_Business_Opps
22:33:43.1 (834054442)|VALIDATION_FORMULA|AND(
    $Profile.Name <> 'System Administrator',
    $Profile.Name <> "B - Looker",
    $User.Alias <> "Workato",
    Locked_Opp__c,
    NOT(ISNEW()),
    NOT(ISPICKVAL(StageName, "Closed Lost"))
)|Locked_Opp__c=0 , $Profile.Name=System Administrator , StageName=Discovery/Qualifying , $User.Alias=sunita.b
22:33:43.1 (834056802)|VALIDATION_PASS
22:33:43.1 (834057742)|VALIDATION_RULE|03dhG0000007Q7R|Missing_Opportunity_Products
22:33:43.1 (834183493)|VALIDATION_FORMULA|AND(
    $Profile.Name <> "System Administrator",
    $Profile.Name <> "B - Looker",
    $User.Alias <> "Workato",
    Pricebook2.Name = "CPQ",
    NOT(ISBLANK(SBQQ__PrimaryQuote__c )),
    Number_of_Opportunity_Products__c <> SBQQ__PrimaryQuote__r.Number_of_Non_Amendment_Quote_Lines__c,
    ISPICKVAL(StageName,"Legal"),
				NOT(ISPICKVAL(Type, "Renewal")),
    Opp_Val_Bypass__c = false,
    SBQQ__PrimaryQuote__r.Quote_Val_Bypass__c = false
)|Type=New Business , $Profile.Name=System Administrator , SBQQ__PrimaryQuote__r.Number_of_Non_Amendment_Quote_Lines__c=null , StageName=Discovery/Qualifying , SBQQ__PrimaryQuote__c=null , Opp_Val_Bypass__c=0 , SBQQ__PrimaryQuote__r.Quote_Val_Bypass__c=null , $User.Alias=sunita.b , Number_of_Opportunity_Products__c=0 , Pricebook2.Name=Standard Price Book
22:33:43.1 (834187513)|VALIDATION_PASS
22:33:43.1 (834188463)|VALIDATION_RULE|03dPb000000eHtW|Must_have_Billing_Contact_for_Legal
22:33:43.1 (834292604)|VALIDATION_FORMULA|AND(
    $Profile.Name <> "System Administrator",
    $Profile.Name <> "B - Looker",
    $User.Alias <> "Workato",
    Pricebook2.Name = "CPQ",
    NOT(ISBLANK(SBQQ__PrimaryQuote__c )),
    Account.Has_Billing_Contact__c = false,
    ISPICKVAL(StageName,"Legal"),
    Opp_Val_Bypass__c = false,
    SBQQ__PrimaryQuote__r.Quote_Val_Bypass__c = false,
    NOT(ISPICKVAL(Type, "Auto Renewal"))
)|Type=New Business , $Profile.Name=System Administrator , StageName=Discovery/Qualifying , SBQQ__PrimaryQuote__c=null , Account.Has_Billing_Contact__c=0 , Opp_Val_Bypass__c=0 , SBQQ__PrimaryQuote__r.Quote_Val_Bypass__c=null , $User.Alias=sunita.b , Pricebook2.Name=Standard Price Book
22:33:43.1 (834296124)|VALIDATION_PASS
22:33:43.1 (834297004)|VALIDATION_RULE|03dPb000000eHtX|Opp_Stage_Closed_Won
22:33:43.1 (834403045)|VALIDATION_FORMULA|AND(
    ISPICKVAL(StageName, "Closed Won"),
    NOT(ISPICKVAL(sbaa__ApprovalStatus__c, "Approved")),
    ISCHANGED(StageName),
    OR(
        RecordType.Name = 'B2B',
        RecordType.Name = 'Education',
        RecordType.Name = 'Healthcare',
        RecordType.Name = 'Travel'
    ),
    NOT(ISPICKVAL(Type, "Auto Renewal")),
    $Profile.Name <> 'System Administrator',
    $Profile.Name <> "B - Looker",
    $User.Alias <> "Workato"
)|Type=New Business , $Profile.Name=System Administrator , StageName=Discovery/Qualifying , sbaa__ApprovalStatus__c=null , RecordType.Name=Education , $User.Alias=sunita.b
22:33:43.1 (834406545)|VALIDATION_PASS
22:33:43.1 (834407425)|VALIDATION_RULE|03dhG0000004ZNN|Renewal_Term_must_be_greater_than_0
22:33:43.1 (834582566)|VALIDATION_FORMULA|AND(
$Profile.Name <> "System Administrator",
$Profile.Name <> "B - Looker",
$User.Alias <> "Workato",
Probability > 0.80,
OR(
Pricebook2.Name = "CPQ",
ISBLANK(Pricebook2Id)
),
OR(
RecordType.DeveloperName = "Education",
RecordType.DeveloperName = "Travel",
RecordType.DeveloperName = "B2B",
RecordType.DeveloperName = "Healthcare"
),
OR(
ISBLANK(SBQQ__PrimaryQuote__c),
NOT(ISPICKVAL(SBQQ__PrimaryQuote__r.SBQQ__Status__c, "Client_Approved")),
ISBLANK(TEXT(SBQQ__PrimaryQuote__r.Contract_has_Auto_Renewal_Terms__c)),
ISBLANK(SBQQ__PrimaryQuote__r.SBQQ__RenewalTerm__c),
SBQQ__PrimaryQuote__r.SBQQ__RenewalTerm__c = 0),
NOT(ISPICKVAL(Type, "Auto Renewal"))
)|SBQQ__PrimaryQuote__r.Contract_has_Auto_Renewal_Terms__c=null , Type=New Business , $Profile.Name=System Administrator , Pricebook2Id=01sf2000001vfF6 , RecordType.DeveloperName=Education , SBQQ__PrimaryQuote__c=null , Probability=10 , SBQQ__PrimaryQuote__r.SBQQ__RenewalTerm__c=null , $User.Alias=sunita.b , SBQQ__PrimaryQuote__r.SBQQ__Status__c=null , Pricebook2.Name=Standard Price Book
22:33:43.1 (834587416)|VALIDATION_PASS
22:33:43.1 (834588266)|VALIDATION_RULE|03dPb000000eHtY|Req_CPQ_Pricebook_Verticals
22:33:43.1 (834697447)|VALIDATION_FORMULA|AND(
    $Profile.Name <> "System Administrator",
    $Profile.Name <> "B - Looker",
    $User.Alias <> "Workato",
    IsClosed = false,
    ISCHANGED(Pricebook2Id),
    Pricebook2.Name <> 'CPQ',
    NOT(ISPICKVAL(Type,'Statement of Work')),
    RecordType.DeveloperName != 'Agents',
    RecordType.DeveloperName != 'Healthcare_SOW',
    RecordType.DeveloperName != 'Bank_PSP_Partner',
    RecordType.DeveloperName != 'Strategic_Partner'
)|Type=New Business , $Profile.Name=System Administrator , Pricebook2Id=01sf2000001vfF6 , RecordType.DeveloperName=Education , IsClosed=0 , $User.Alias=sunita.b , Pricebook2.Name=Standard Price Book
22:33:43.1 (834701457)|VALIDATION_PASS
22:33:43.1 (834702347)|VALIDATION_RULE|03d5w000000gts0|Req_SubIndustry_30
22:33:43.1 (834821408)|VALIDATION_FORMULA|AND(
    $Profile.Name <> "System Administrator",
    $Profile.Name <> "B - Looker",
    $User.Alias <> "Workato",
    Probability >= 0.30,
    ISBLANK(TEXT(Account.Account_Sub_Industry__c)),
    OR(
        RecordType.Name = "Education",
        RecordType.Name = "Healthcare",
        RecordType.Name = "Travel",
        RecordType.Name = "B2B"
    ),
    NOT(ISPICKVAL(Type, "Auto Renewal"))
)
&& Opp_Val_Bypass__c = false|Type=New Business , $Profile.Name=System Administrator , Probability=10 , Opp_Val_Bypass__c=0 , Account.Account_Sub_Industry__c=null , RecordType.Name=Education , $User.Alias=sunita.b
22:33:43.1 (834825028)|VALIDATION_PASS
22:33:43.1 (834825808)|VALIDATION_RULE|03df2000000HAKE|Shipping_Country_30
22:33:43.1 (834918278)|VALIDATION_FORMULA|AND(
    $Profile.Name <> "System Administrator",
    $Profile.Name <> "B - Looker",
    $User.Alias <> "Workato",
    Pricebook2.Name <> "CPQ",
    Probability >=0.30,
    ISBLANK(Account.ShippingCountry),
    NOT(ISPICKVAL(Type, "Auto Renewal"))
)
&& Opp_Val_Bypass__c = false|Type=New Business , $Profile.Name=System Administrator , Probability=10 , Account.ShippingCountry=United States , Opp_Val_Bypass__c=0 , $User.Alias=sunita.b , Pricebook2.Name=Standard Price Book
22:33:43.1 (834921489)|VALIDATION_PASS
22:33:43.1 (834922379)|VALIDATION_RULE|03dPb000000eHtb|Tax_ID_Required_to_move_to_Legal
22:33:43.1 (835006799)|VALIDATION_FORMULA|AND(
    $Profile.Name <> 'System Administrator',
    $Profile.Name <> "B - Looker",
    $User.Alias <> "Workato",
    Pricebook2.Name = 'CPQ',
    Probability > 0.80,
    ISBLANK(Account.Tax_Id__c),
    NOT(ISPICKVAL(Type, "Auto Renewal"))
)
&& Opp_Val_Bypass__c = false|Type=New Business , $Profile.Name=System Administrator , Probability=10 , Opp_Val_Bypass__c=0 , $User.Alias=sunita.b , Pricebook2.Name=Standard Price Book , Account.Tax_Id__c=4657TH54
22:33:43.1 (835009919)|VALIDATION_PASS
22:33:43.1 (835010699)|VALIDATION_RULE|03d5w000000gmDg|Travel_Amount_10
22:33:43.1 (835095650)|VALIDATION_FORMULA|AND(
$Profile.Name <> 'System Administrator',
$Profile.Name <> "B - Looker",
$User.Alias <> "Workato",
RecordType.Name = 'Travel',
Probability >0.90,
Opp_ARR__c < 5000.00,
NOT(HasOpportunityLineItem)
)
&& Opp_Val_Bypass__c = false|Opp_ARR__c=0 , $Profile.Name=System Administrator , HasOpportunityLineItem=0 , Probability=10 , Opp_Val_Bypass__c=0 , RecordType.Name=Education , $User.Alias=sunita.b
22:33:43.1 (835098650)|VALIDATION_PASS
22:33:43.1 (835099420)|VALIDATION_RULE|03dhG0000002pzL|Usage_Rate_Not_Added_to_All_Lines
22:33:43.1 (835141710)|VALIDATION_FORMULA|AND(
 ISPICKVAL(StageName, "Legal"), 
 SBQQ__PrimaryQuote__r.Count_usage_field_values__c  > 0 )|SBQQ__PrimaryQuote__r.Count_usage_field_values__c=null , StageName=Discovery/Qualifying
22:33:43.1 (835143980)|VALIDATION_PASS
22:33:43.1 (835158890)|CODE_UNIT_FINISHED|Validation:Opportunity:new
22:33:43.922 (922255018)|HEAP_ALLOCATE|[EXTERNAL]|Bytes:8
22:33:43.922 (922438039)|HEAP_ALLOCATE|[EXTERNAL]|Bytes:36
22:33:43.922 (922504589)|VARIABLE_SCOPE_BEGIN|[1]|this|SBQQ.OpportunityAfter|true|false
22:33:43.922 (922768771)|VARIABLE_SCOPE_BEGIN|[8]|SBQQ.OpportunityService.INSTANCE|SBQQ.OpportunityService|true|true
22:33:43.922 (922782981)|VARIABLE_ASSIGNMENT|[1]|this|{}|0x61c75cd5
22:33:43.923 (923408056)|CUMULATIVE_LIMIT_USAGE
22:33:43.923 (923408056)|LIMIT_USAGE_FOR_NS|(default)|
  Number of SOQL queries: 1 out of 100
  Number of query rows: 0 out of 50000
  Number of SOSL queries: 0 out of 20
  Number of DML statements: 4 out of 150
  Number of Publish Immediate DML: 0 out of 150
  Number of DML rows: 3 out of 10000
  Maximum CPU time: 67 out of 10000
  Maximum heap size: 0 out of 10000000
  Number of callouts: 0 out of 100
  Number of Email Invocations: 0 out of 10
  Number of future calls: 0 out of 50
  Number of queueable jobs added to the queue: 0 out of 50
  Number of Mobile Apex push calls: 0 out of 10

22:33:43.923 (923408056)|CUMULATIVE_LIMIT_USAGE_END

22:33:43.1 (924984768)|CODE_UNIT_STARTED|[EXTERNAL]|Workflow:Opportunity
22:33:43.1 (932442903)|WF_RULE_EVAL_BEGIN|Workflow
22:33:43.1 (932524653)|WF_CRITERIA_BEGIN|[Opportunity: Test Opp New Business 006hG000007F7DF]|Capture Previous Stage|01Qf20000004uLg|ON_ALL_CHANGES|0
22:33:43.1 (932980117)|WF_FORMULA|Formula:ENCODED:[treatNullAsNull]ISCHANGED({!ID:StageName})|Values:StageName=Discovery/Qualifying
22:33:43.1 (933003627)|WF_CRITERIA_END|false
22:33:43.1 (933016497)|WF_SPOOL_ACTION_BEGIN|Workflow
22:33:43.1 (933034627)|WF_ACTION| None
22:33:43.1 (933040887)|WF_RULE_EVAL_END
22:33:43.1 (933145368)|WF_ACTIONS_END| None
22:33:43.1 (933157218)|CODE_UNIT_FINISHED|Workflow:Opportunity
22:33:43.1 (933809113)|CODE_UNIT_STARTED|[EXTERNAL]|Flow:Opportunity
22:33:43.935 (935648657)|FLOW_CREATE_INTERVIEW_BEGIN|00DhG0000000jOX|300Pb00000pY573|301hG0000092o3a
22:33:43.935 (935712387)|FLOW_CREATE_INTERVIEW_END|9538e03000cd89507d5f42e3af721a05decb220-5bde|Opportunity After Record Triggered Flow
22:33:43.936 (936189231)|FLOW_START_INTERVIEWS_BEGIN|1
22:33:43.936 (936229211)|FLOW_START_INTERVIEW_BEGIN|9538e03000cd89507d5f42e3af721a05decb220-5bde|Opportunity After Record Triggered Flow
22:33:43.936 (936385902)|FLOW_START_INTERVIEW_END|9538e03000cd89507d5f42e3af721a05decb220-5bde|Opportunity After Record Triggered Flow
22:33:43.944 (944937777)|HEAP_ALLOCATE|[EXTERNAL]|Bytes:8
22:33:43.944 (944978777)|HEAP_ALLOCATE|[EXTERNAL]|Bytes:8
22:33:43.944 (945039067)|HEAP_ALLOCATE|[EXTERNAL]|Bytes:4
22:33:43.944 (945055187)|VARIABLE_SCOPE_BEGIN|[1]|this|SBQQ.OpportunityBefore|true|false
22:33:43.944 (945116038)|VARIABLE_ASSIGNMENT|[1]|this|{}|0x2900bb52
22:33:43.945 (945488371)|CUMULATIVE_LIMIT_USAGE
22:33:43.945 (945488371)|LIMIT_USAGE_FOR_NS|(default)|
  Number of SOQL queries: 1 out of 100
  Number of query rows: 0 out of 50000
  Number of SOSL queries: 0 out of 20
  Number of DML statements: 5 out of 150
  Number of Publish Immediate DML: 0 out of 150
  Number of DML rows: 4 out of 10000
  Maximum CPU time: 116 out of 10000
  Maximum heap size: 0 out of 10000000
  Number of callouts: 0 out of 100
  Number of Email Invocations: 0 out of 10
  Number of future calls: 0 out of 50
  Number of queueable jobs added to the queue: 0 out of 50
  Number of Mobile Apex push calls: 0 out of 10

22:33:43.945 (945488371)|CUMULATIVE_LIMIT_USAGE_END

22:33:44.0 (1000309088)|CUMULATIVE_LIMIT_USAGE
22:33:44.0 (1000309088)|LIMIT_USAGE_FOR_NS|(default)|
  Number of SOQL queries: 1 out of 100
  Number of query rows: 0 out of 50000
  Number of SOSL queries: 0 out of 20
  Number of DML statements: 5 out of 150
  Number of Publish Immediate DML: 0 out of 150
  Number of DML rows: 4 out of 10000
  Maximum CPU time: 116 out of 10000
  Maximum heap size: 0 out of 10000000
  Number of callouts: 0 out of 100
  Number of Email Invocations: 0 out of 10
  Number of future calls: 0 out of 50
  Number of queueable jobs added to the queue: 0 out of 50
  Number of Mobile Apex push calls: 0 out of 10

22:33:44.0 (1000309088)|LIMIT_USAGE_FOR_NS|sbaa|
  Number of SOQL queries: 0 out of 100
  Number of query rows: 0 out of 50000
  Number of SOSL queries: 0 out of 20
  Number of DML statements: 0 out of 150
  Number of Publish Immediate DML: 0 out of 150
  Number of DML rows: 0 out of 10000
  Maximum CPU time: 0 out of 10000
  Maximum heap size: 0 out of 10000000
  Number of callouts: 0 out of 100
  Number of Email Invocations: 0 out of 10
  Number of future calls: 0 out of 50
  Number of queueable jobs added to the queue: 0 out of 50
  Number of Mobile Apex push calls: 0 out of 10

22:33:44.0 (1000309088)|CUMULATIVE_LIMIT_USAGE_END

22:33:44.6 (1006717025)|CODE_UNIT_STARTED|[EXTERNAL]|Validation:Opportunity:006hG000007F7DF
22:33:44.6 (1006739446)|VALIDATION_RULE|03dPb000000eHtP|Account_cant_be_changed_primary_quote
22:33:44.6 (1006829016)|VALIDATION_FORMULA|AND(ISCHANGED(AccountId),
NOT(ISBLANK(SBQQ__PrimaryQuote__c)))|AccountId=001hG00000Bgdcv , SBQQ__PrimaryQuote__c=null
22:33:44.6 (1006832756)|VALIDATION_PASS
22:33:44.6 (1006833826)|VALIDATION_RULE|03d8W0000019V87|BDR_Owner_Exception_Open_Opps
22:33:44.6 (1007089048)|VALIDATION_FORMULA|AND(
    $Profile.Name <> "B - Looker",
    $Profile.Name <> 'System Administrator',
    $User.Alias <> "Workato",
    IsClosed = false,
    NOT(
    OR(
BDR_Owner__r.Flow_Full_Name__c = "Javier Fontoba",
BDR_Owner__r.Flow_Full_Name__c = "Anne-Sophie Kadjo",
BDR_Owner__r.Flow_Full_Name__c = "Minori Nishioka",
BDR_Owner__r.Flow_Full_Name__c = "Charlie Dreher",
BDR_Owner__r.Flow_Full_Name__c = "Caitlin Cowdrey",
BDR_Owner__r.Flow_Full_Name__c = "Sabrina Alam",
BDR_Owner__r.Flow_Full_Name__c = "Alex Godfrey",
BDR_Owner__r.Flow_Full_Name__c = "John Quinn",
BDR_Owner__r.Flow_Full_Name__c = "Chloe Engle",
BDR_Owner__r.Flow_Full_Name__c = "Leah Prigmore",
BDR_Owner__r.Flow_Full_Name__c = "Sophie Brockbank",
BDR_Owner__r.Flow_Full_Name__c = "Mubz Rahman",
BDR_Owner__r.Flow_Full_Name__c = "Gustavo Ruiz-Esteller",
BDR_Owner__r.Flow_Full_Name__c = "Lloyd Ng",
BDR_Owner__r.Flow_Full_Name__c = "Sherlyn Yang",
BDR_Owner__r.Flow_Full_Name__c = "Kaila Decarvalho",
BDR_Owner__r.Flow_Full_Name__c = "Kelsey Fikkert",
BDR_Owner__r.Flow_Full_Name__c = "Ellis Croce",
BDR_Owner__r.Flow_Full_Name__c = "Yui Takahashi",
BDR_Owner__r.Flow_Full_Name__c = "Patrick Stacy",
BDR_Owner__r.Flow_Full_Name__c = "Praveen Vivinthas",
ISBLANK( BDR_Owner__c )
        )
    ),
    NOT(ISPICKVAL(Type, "Auto Renewal"))
)
&& Opp_Val_Bypass__c = false|BDR_Owner__r.Flow_Full_Name__c=null , BDR_Owner__c=null , Type=New Business , $Profile.Name=System Administrator , Opp_Val_Bypass__c=0 , IsClosed=0 , $User.Alias=sunita.b
22:33:44.6 (1007096628)|VALIDATION_PASS
22:33:44.6 (1007097588)|VALIDATION_RULE|03dPb000000eHtR|Cant_Change_ShipTo_If_Approved_Quote
22:33:44.6 (1007298710)|VALIDATION_FORMULA|AND(
  $Profile.Name <> 'System Administrator',
  $Profile.Name <> "B - Looker",
  $User.Alias <> "Workato",
  NOT(ISBLANK(SBQQ__PrimaryQuote__c)),
  ISPICKVAL(SBQQ__PrimaryQuote__r.ApprovalStatus__c, 'Approved'),
  ISCHANGED(Ship_To_Account__c)
)|Ship_To_Account__c=001hG00000Bgdcv , $Profile.Name=System Administrator , SBQQ__PrimaryQuote__r.ApprovalStatus__c=null , SBQQ__PrimaryQuote__c=null , $User.Alias=sunita.b
22:33:44.6 (1007302140)|VALIDATION_PASS
22:33:44.6 (1007307630)|VALIDATION_RULE|03df20000003jYN|Check_CompanyId_Value
22:33:44.6 (1007343390)|VALIDATION_FORMULA|AND(
	(LID__LinkedIn_Company_Id__c <> NULL),
	NOT(ISNUMBER(LID__LinkedIn_Company_Id__c))
)|LID__LinkedIn_Company_Id__c=null
22:33:44.6 (1007345670)|VALIDATION_PASS
22:33:44.6 (1007346300)|VALIDATION_RULE|03d8W000001DX5b|Check_Company_Id_Value
22:33:44.6 (1007367240)|VALIDATION_FORMULA|AND(
	(LID__LinkedIn_Company_Id__c <> NULL),
	NOT(ISNUMBER(LID__LinkedIn_Company_Id__c))
)|LID__LinkedIn_Company_Id__c=null
22:33:44.6 (1007368870)|VALIDATION_PASS
22:33:44.6 (1007369810)|VALIDATION_RULE|03dPb000000eHtS|ContractURLtoDrive
22:33:44.6 (1007440051)|VALIDATION_FORMULA|AND(
    $Profile.Name <> "B - Looker",
    $User.Alias <> "Workato",
    Pricebook2.Name = 'CPQ',
    NOT(ISBLANK(Contract_URL__c)),
    LOWER(LEFT(Contract_URL__c,24)) <> "https://drive.google.com"
)|$Profile.Name=System Administrator , Contract_URL__c=null , $User.Alias=sunita.b , Pricebook2.Name=Standard Price Book
22:33:44.6 (1007442681)|VALIDATION_PASS
22:33:44.6 (1007443471)|VALIDATION_RULE|03dhG000000vL4X|Desired_Go_Live_80
22:33:44.6 (1007564482)|VALIDATION_FORMULA|AND(
$Profile.Name <> "System Administrator",
$Profile.Name <> "B - Looker",
$User.Alias <> "Workato",
IsClosed = False,
Probability >=0.80,
SBQQ__PrimaryQuote__r.Number_of_New_Quote_Lines__c >=1,
OR(
RecordType.Name = 'B2B',
RecordType.Name = 'Education',
RecordType.Name = 'Healthcare'
),
ISBLANK( Desired_Go_Live_Date__c),
NOT(ISPICKVAL(Type, "Renewal")),
NOT(ISPICKVAL(Type, "Auto Renewal"))
)
&& Opp_Val_Bypass__c = false|Type=New Business , $Profile.Name=System Administrator , SBQQ__PrimaryQuote__r.Number_of_New_Quote_Lines__c=null , Probability=10 , Desired_Go_Live_Date__c=null , Opp_Val_Bypass__c=0 , IsClosed=0 , RecordType.Name=Education , $User.Alias=sunita.b
22:33:44.6 (1007568402)|VALIDATION_PASS
22:33:44.6 (1007569192)|VALIDATION_RULE|03dPb000000eHtT|Edu_CompetitorName_80
22:33:44.6 (1007719173)|VALIDATION_FORMULA|AND(
    $Profile.Name <> "System Administrator",
    $Profile.Name <> "B - Looker",
    $User.Alias <> "Workato",
    IsClosed = False,
    RecordType.Name = 'Education',
    Probability >=0.80,
    ISBLANK ( Competitor_Name__c ),
    NOT(ISPICKVAL(Type, "Renewal")),
    NOT(ISPICKVAL(Type, "Auto Renewal"))
)
&& Opp_Val_Bypass__c = false|Competitor_Name__c=null , Type=New Business , $Profile.Name=System Administrator , Probability=10 , Opp_Val_Bypass__c=0 , IsClosed=0 , RecordType.Name=Education , $User.Alias=sunita.b
22:33:44.6 (1007722483)|VALIDATION_PASS
22:33:44.6 (1007723563)|VALIDATION_RULE|03d8W000001HnTm|Int_Partner_w_Qual_Integration
22:33:44.6 (1007849234)|VALIDATION_FORMULA|AND(
    $Profile.Name <> "System Administrator",
    $Profile.Name <> "B - Looker",
    $User.Alias <> "Workato",
    OR(
        NOT(ISPICKVAL(Qualifying_Integration__c , ""))
    ),
    OR(
        NOT(ISPICKVAL(Qualifying_Integration__c , "Non Partner - Custom Integration"))
    ), 
    ISBLANK(Integration_Partner__c),
    (DateValue(CreatedDate) > Date(2023, 08, 01)),
    NOT(ISPICKVAL(Type, "Auto Renewal"))
)
&& Opp_Val_Bypass__c = false|Qualifying_Integration__c=null , Type=New Business , $Profile.Name=System Administrator , CreatedDate=2026-09-01 17:03:44 , Opp_Val_Bypass__c=0 , $User.Alias=sunita.b , Integration_Partner__c=null
22:33:44.6 (1007852584)|VALIDATION_PASS
22:33:44.6 (1007853384)|VALIDATION_RULE|03d5w000000ghWc|Lost_to_Competitor_Incumbent
22:33:44.6 (1007965375)|VALIDATION_FORMULA|AND(
 $Profile.Name <> 'System Administrator',
$Profile.Name <> "B - Looker",
$User.Alias <> "Workato",
 RecordType.Name = 'Education',
 RecordType.Name = 'Travel',
 ISBLANK ( Competitor_Name__c ),
 ISPICKVAL ( Lost_Sub_Reason__c , "Staying with Incumbent Provider")
)
&& Opp_Val_Bypass__c = false|Competitor_Name__c=null , $Profile.Name=System Administrator , Opp_Val_Bypass__c=0 , RecordType.Name=Education , Lost_Sub_Reason__c=null , $User.Alias=sunita.b
22:33:44.6 (1007968305)|VALIDATION_PASS
22:33:44.6 (1007969225)|VALIDATION_RULE|03d8W000001DX54|Past_Closed_Date
22:33:44.6 (1008046215)|VALIDATION_FORMULA|AND(
    $Profile.Name <> "System Administrator",
    $Profile.Name <> "B - Looker",
    $User.Alias <> "Workato",
    IsClosed = False,
    CloseDate < TODAY(),
    Probability < 0.9,
    NOT(ISPICKVAL(Type, "Auto Renewal"))
)
&& Opp_Val_Bypass__c = false|Type=New Business , $Profile.Name=System Administrator , Probability=10 , Opp_Val_Bypass__c=0 , IsClosed=0 , $User.Alias=sunita.b , CloseDate=2026-10-01 00:00:00
22:33:44.6 (1008049025)|VALIDATION_PASS
22:33:44.6 (1008049815)|VALIDATION_RULE|03dPb000000eHtZ|Required_fields_for_Legal
22:33:44.6 (1008303967)|VALIDATION_FORMULA|AND(
    $Profile.Name <> "System Administrator",
    $Profile.Name <> "B - Looker",
    $User.Alias <> "Workato",
    Probability > 0.80,
    OR(
        Pricebook2.Name = "CPQ",
        ISBLANK(Pricebook2Id)
    ),
    OR(
        RecordType.DeveloperName = "Education",
        RecordType.DeveloperName = "Travel",
        RecordType.DeveloperName = "B2B",
        RecordType.DeveloperName = "Healthcare"
    ),
    OR(
        ISBLANK(SBQQ__PrimaryQuote__c),
        NOT(ISPICKVAL(SBQQ__PrimaryQuote__r.SBQQ__Status__c, "Client_Approved")),
        ISBLANK(TEXT(SBQQ__PrimaryQuote__r.Exclusivity__c )),
        ISBLANK(TEXT(SBQQ__PrimaryQuote__r.Termination__c)),
        ISBLANK(TEXT(SBQQ__PrimaryQuote__r.Publicity__c)),
        ISBLANK(TEXT(SBQQ__PrimaryQuote__r.Flywire_Entity__c)),
        ISBLANK(TEXT(SBQQ__PrimaryQuote__r.SBQQ__PaymentTerms__c)),
        AND(
            ISPICKVAL(SBQQ__PrimaryQuote__r.PO_Required__c, "Yes"),
            ISBLANK(SBQQ__PrimaryQuote__r.PO__c)
        )
    ),
    NOT(ISPICKVAL(Type, "Auto Renewal"))
)|Pricebook2Id=01sf2000001vfF6 , SBQQ__PrimaryQuote__c=null , SBQQ__PrimaryQuote__r.SBQQ__PaymentTerms__c=null , Probability=10 , SBQQ__PrimaryQuote__r.SBQQ__Status__c=null , Type=New Business , $Profile.Name=System Administrator , SBQQ__PrimaryQuote__r.PO__c=null , RecordType.DeveloperName=Education , SBQQ__PrimaryQuote__r.PO_Required__c=null , SBQQ__PrimaryQuote__r.Publicity__c=null , SBQQ__PrimaryQuote__r.Termination__c=null , SBQQ__PrimaryQuote__r.Exclusivity__c=null , $User.Alias=sunita.b , SBQQ__PrimaryQuote__r.Flywire_Entity__c=null , Pricebook2.Name=Standard Price Book
22:33:44.6 (1008310557)|VALIDATION_PASS
22:33:44.6 (1008311307)|VALIDATION_RULE|03df20000003YAc|Requires_a_Reason_For_Closed_Loss_Opp
22:33:44.6 (1008410238)|VALIDATION_FORMULA|AND(
 $Profile.Name <> 'System Administrator',
 $Profile.Name <> "B - Looker",
 ISPICKVAL (StageName, "Closed Lost"),
 ISBLANK (TEXT(Lost_Reason__c)),
 ISBLANK (TEXT( Lost_Sub_Reason__c ))
)
&& Opp_Val_Bypass__c = false|$Profile.Name=System Administrator , StageName=Discovery/Qualifying , Lost_Reason__c=null , Opp_Val_Bypass__c=0 , Lost_Sub_Reason__c=null
22:33:44.6 (1008413038)|VALIDATION_PASS
22:33:44.6 (1008413798)|VALIDATION_RULE|03d8W0000019Ufa|RFP_Override_Reason
22:33:44.6 (1008451258)|VALIDATION_FORMULA|AND(
No_Bid_Override__c = True,
ISBLANK(No_Bid_Override_Reason__c)
)|No_Bid_Override__c=0 , No_Bid_Override_Reason__c=null
22:33:44.6 (1008452928)|VALIDATION_PASS
22:33:44.6 (1008453678)|VALIDATION_RULE|03dPb000000eHta|Strategic_Partner_Cant_Use_Flywire_Paper
22:33:44.6 (1008537369)|VALIDATION_FORMULA|AND(
    $Profile.Name <> "B - Looker",
    $User.Alias <> "Workato",
    Account.RecordType.DeveloperName = "Strategic_Partner",
    RecordType.DeveloperName = "Healthcare",
    ISPICKVAL(Contract_Paper__c, "Flywire"),
    ISCHANGED(Probability)
)|$Profile.Name=System Administrator , RecordType.DeveloperName=Education , Probability=10 , Contract_Paper__c=Flywire , $User.Alias=sunita.b , Account.RecordType.DeveloperName=Education
22:33:44.6 (1008539899)|VALIDATION_PASS
22:33:44.6 (1008540719)|VALIDATION_RULE|03dPb000000eHtc|Type_Not_New_If_Contracted
22:33:44.6 (1008604479)|VALIDATION_FORMULA|AND(
    $Profile.Name <> "System Administrator",
    $Profile.Name <> "B - Looker",
    $User.Alias <> "Workato", 
    OR(
        NOT(ISBLANK(SBQQ__RenewedContract__c)),
        NOT(ISBLANK(SBQQ__AmendedContract__c))
    ),
    ISPICKVAL(Type,"New Business")
)|Type=New Business , $Profile.Name=System Administrator , SBQQ__RenewedContract__c=null , SBQQ__AmendedContract__c=null , $User.Alias=sunita.b
22:33:44.6 (1008606929)|VALIDATION_PASS
22:33:44.6 (1008607789)|VALIDATION_RULE|03dPb000000eHtO|Account_FullAddress_80
22:33:44.6 (1008727650)|VALIDATION_FORMULA|AND(
    $Profile.Name <> "System Administrator",
    $Profile.Name <> "B - Looker",
    $User.Alias <> "Workato",
    IsClosed = False,
    Probability >=0.80,
    Pricebook2.Name <> 'CPQ',
    OR(
        ISBLANK(Account.ShippingCountry),
        ISBLANK(Account.ShippingStreet)
    ),
    NOT(ISPICKVAL(Type, "Auto Renewal"))
)
&& Opp_Val_Bypass__c = false|Type=New Business , $Profile.Name=System Administrator , Probability=10 , Account.ShippingCountry=United States , Opp_Val_Bypass__c=0 , IsClosed=0 , $User.Alias=sunita.b , Account.ShippingStreet=456 Ship St , Pricebook2.Name=Standard Price Book
22:33:44.6 (1008731360)|VALIDATION_PASS
22:33:44.6 (1008732120)|VALIDATION_RULE|03d8W000001DXGZ|Account_Industry_Cant_BeTravel
22:33:44.6 (1008840731)|VALIDATION_FORMULA|AND(
    $Profile.Name <> 'System Administrator',
    $Profile.Name <> "B - Looker",
    $User.Alias <> "Workato",
    RecordType.Name = 'Travel',
    Probability >=0.30,
    IsClosed = false,
    OR(
        NOT(ISPICKVAL(Account.Account_Industry__c, 'Accommodations'))),
    OR(
        NOT(ISPICKVAL(Account.Account_Industry__c, 'DMC'))),
				OR(
								NOT(ISPICKVAL(Account.Account_Industry__c, 'Hospitality'))),
    OR(
        NOT(ISPICKVAL(Account.Account_Industry__c, 'Travel Operator'))
    ),
    NOT(ISPICKVAL(Type, "Auto Renewal"))
)
&& Opp_Val_Bypass__c = false|Account.Account_Industry__c=Education , Type=New Business , $Profile.Name=System Administrator , Probability=10 , Opp_Val_Bypass__c=0 , RecordType.Name=Education , IsClosed=0 , $User.Alias=sunita.b
22:33:44.6 (1008844471)|VALIDATION_PASS
22:33:44.6 (1008845461)|VALIDATION_RULE|03dhG000000g79x|Account_RM_cannot_be_inactive_on_Legal
22:33:44.6 (1008916162)|VALIDATION_FORMULA|AND(
$Profile.Name <> 'System Administrator',
$Profile.Name <> "B - Looker",
$User.Alias <> "Workato",
Pricebook2.Name = 'CPQ',
/* Probability is more than 80 when stage is updated to legal */
Probability > 0.80,
NOT(ISPICKVAL(Type,"Auto Renewal")),
NOT(Account.Relationship_Manager__r.IsActive)
)|Type=New Business , $Profile.Name=System Administrator , Account.Relationship_Manager__r.IsActive=null , Probability=10 , $User.Alias=sunita.b , Pricebook2.Name=Standard Price Book
22:33:44.6 (1008918912)|VALIDATION_PASS
22:33:44.6 (1008919772)|VALIDATION_RULE|03dPb000000eHtN|Acc_LegalName_80
22:33:44.6 (1009015332)|VALIDATION_FORMULA|AND(
    $Profile.Name <> 'System Administrator',
    $Profile.Name <> "B - Looker",
    $User.Alias <> "Workato",
    RecordType.Name != 'Bank-PSP Partner',
    RecordType.Name != 'Strategic Partner',
    RecordType.Name != 'Healthcare SOW',
    IsClosed = false,
    NOT(ISPICKVAL(Type, 'Statement of Work')),
    Probability >0.80,
    Account.Client_Legal_Entity_Name__c = "",
    NOT(ISPICKVAL(Type, "Auto Renewal"))
)
&& Opp_Val_Bypass__c = false|Type=New Business , $Profile.Name=System Administrator , Account.Client_Legal_Entity_Name__c=Edu Corp , Probability=10 , Opp_Val_Bypass__c=0 , RecordType.Name=Education , IsClosed=0 , $User.Alias=sunita.b
22:33:44.6 (1009018912)|VALIDATION_PASS
22:33:44.6 (1009019922)|VALIDATION_RULE|03d8W000001HnWv|Agents_Add_Product_10
22:33:44.6 (1009089173)|VALIDATION_FORMULA|AND(
$Profile.Name <> 'System Administrator',
$Profile.Name <> "B - Looker",
RecordType.Name = 'Agents',
Probability >0.10,
OR
(
NOT(HasOpportunityLineItem),
ISNULL(No_International_Payers_At_Opportunity__c))
)
&& Opp_Val_Bypass__c = false|$Profile.Name=System Administrator , HasOpportunityLineItem=0 , Probability=10 , Opp_Val_Bypass__c=0 , RecordType.Name=Education , No_International_Payers_At_Opportunity__c=null
22:33:44.6 (1009091843)|VALIDATION_PASS
22:33:44.6 (1009092693)|VALIDATION_RULE|03d5w000000lMSW|Agent_Won_requirements
22:33:44.6 (1009396115)|VALIDATION_FORMULA|AND(
$Profile.Name <> 'System Administrator',
$Profile.Name <> "B - Looker",
$User.Alias <> "Workato",
RecordType.Name = 'Agents',
Pricebook2.Name <> 'CPQ',
Probability > 0.90,
OR(
Account.Revenue_Share_Agreement__c = TRUE,
Contract_Not_Required__c = False),
OR
(
ISBLANK(TEXT(Account.Agent_Tier__c)),
ISBLANK(TEXT(Account.Account_Industry__c)),
ContractId = "",
ISBLANK(Contract.ActivatedDate),
ISBLANK(TEXT(Contract.Flywire_Entity__c)),
ISBLANK(Contract.StartDate),
ISBLANK(Contract.EndDate)
)
)
&& Opp_Val_Bypass__c = false|Contract_Not_Required__c=0 , Probability=10 , Opp_Val_Bypass__c=0 , Contract.StartDate=null , RecordType.Name=Education , Account.Revenue_Share_Agreement__c=0 , Contract.Flywire_Entity__c=null , Contract.EndDate=null , Account.Account_Industry__c=Education , $Profile.Name=System Administrator , Contract.ActivatedDate=null , Account.Agent_Tier__c=null , $User.Alias=sunita.b , ContractId=null , Pricebook2.Name=Standard Price Book
22:33:44.6 (1009401015)|VALIDATION_PASS
22:33:44.6 (1009401885)|VALIDATION_RULE|03d8W0000019VSK|B2B_PYMNT_Fields_Verbal_Rqrd
22:33:44.6 (1009552036)|VALIDATION_FORMULA|AND(
    $Profile.Name <> "System Administrator",
    $Profile.Name <> "B - Looker",
    $User.Alias <> "Workato",
    IsClosed = False,
    RecordType.Name = "B2B",
    DATEVALUE(CreatedDate) >= DATEVALUE("2023-12-18"),
    Probability >=0.80,
    OR(
        ISBLANK( Account.Annual_PYMT_Volume__c ),
        ISBLANK( Account.No_Annual_PYMT__c ),
        ISBLANK( Average_PYMNT_size__c ),
        ISBLANK( Total_Addressable_ARR__c ),
        ISBLANK( Total_Addressable_ARR_w_FW_Capabilities__c ),
        ISBLANK( Year_1_ARR_Projection__c )
    ),
    NOT(ISPICKVAL(Type, "Renewal")),
    NOT(ISPICKVAL(Type, "Auto Renewal"))
)
&& Opp_Val_Bypass__c = false|Total_Addressable_ARR__c=null , Total_Addressable_ARR_w_FW_Capabilities__c=null , Year_1_ARR_Projection__c=null , Probability=10 , Opp_Val_Bypass__c=0 , IsClosed=0 , RecordType.Name=Education , Average_PYMNT_size__c=null , Account.Annual_PYMT_Volume__c=null , Type=New Business , $Profile.Name=System Administrator , Account.No_Annual_PYMT__c=null , CreatedDate=2026-09-01 17:03:44 , $User.Alias=sunita.b
22:33:44.6 (1009556976)|VALIDATION_PASS
22:33:44.6 (1009557856)|VALIDATION_RULE|03dPb000000eHtQ|CPQ_AA_OPP_Move_To_Legal
22:33:44.6 (1009682567)|VALIDATION_FORMULA|AND(
    $Profile.Name <> 'System Administrator',
    $Profile.Name <> "B - Looker",
    $User.Alias <> "Workato",
    Pricebook2.Name = 'CPQ',
    Probability > 0.80,
    OR(
        ISBLANK(SBQQ__PrimaryQuote__c),
        ISBLANK(Account.Client_Legal_Entity_Name__c),
        OR(
            AND(
                RecordType.DeveloperName <> "Healthcare",
                ISBLANK(Ship_To_Account__c)
            ),
            AND(
                ISPICKVAL(SBQQ__PrimaryQuote__r.Multiple_Ship_to_Accounts__c,"No"),
                ISBLANK(Ship_To_Account__c)
            )
        ),
        ISPICKVAL(Type,""),
        ISBLANK(TEXT(SBQQ__PrimaryQuote__r.Multiple_Ship_to_Accounts__c))
    ),
    NOT(ISPICKVAL(Type, "Auto Renewal"))
)|Ship_To_Account__c=001hG00000Bgdcv , Type=New Business , $Profile.Name=System Administrator , RecordType.DeveloperName=Education , Account.Client_Legal_Entity_Name__c=Edu Corp , SBQQ__PrimaryQuote__c=null , Probability=10 , $User.Alias=sunita.b , SBQQ__PrimaryQuote__r.Multiple_Ship_to_Accounts__c=null , Pricebook2.Name=Standard Price Book
22:33:44.6 (1009687117)|VALIDATION_PASS
22:33:44.6 (1009687887)|VALIDATION_RULE|03d8W000001DXEn|Edu_RC_Symptoms_Impact_40
22:33:44.6 (1009833278)|VALIDATION_FORMULA|AND(
    $Profile.Name <> "System Administrator",
    $Profile.Name <> "B - Looker",
    $User.Alias <> "workato",
    Not( Account.Account_Region__c = "APAC"),
    IsClosed = False,
    RecordType.Name = 'Education',
    Probability >=0.40,
    OR(
        ISBLANK( Root_Cause__c),
        ISBLANK( Symptoms__c ),
        ISBLANK( Impact__c )
    ),
    NOT(ISPICKVAL(Type, "Renewal")),
    NOT(ISPICKVAL(Type, "Auto Renewal"))
)
&& Opp_Val_Bypass__c = false|Impact__c=null , Type=New Business , $Profile.Name=System Administrator , Probability=10 , Symptoms__c=null , Opp_Val_Bypass__c=0 , Account.Account_Region__c=NAMER , IsClosed=0 , RecordType.Name=Education , $User.Alias=sunita.b , Root_Cause__c=null
22:33:44.6 (1009837519)|VALIDATION_PASS
22:33:44.6 (1009838249)|VALIDATION_RULE|03dPb000000eHtU|KYC_Approved_80
22:33:44.6 (1009942439)|VALIDATION_FORMULA|AND(
    $Profile.Name <> "System Administrator",
    $Profile.Name <> "B - Looker",
    RecordType.Name <> "Bank-PSP Partner",
    RecordType.Name <> "Strategic Partner",
    RecordType.Name <> "Healthcare SOW",
    RecordType.Name <> "Healthcare",
    Probability > 0.8,
    NOT(ISPICKVAL(Account.KYC_Status__c , "Approved")),
    NOT(ISPICKVAL(Type, "Auto Renewal"))
)
&& Opp_Val_Bypass__c = false|Type=New Business , $Profile.Name=System Administrator , Probability=10 , Opp_Val_Bypass__c=0 , RecordType.Name=Education , Account.KYC_Status__c=null
22:33:44.6 (1009945729)|VALIDATION_PASS
22:33:44.6 (1009946489)|VALIDATION_RULE|03d5w000000gltp|Live_not_closed
22:33:44.6 (1010009740)|VALIDATION_FORMULA|AND(
$Profile.Name <> "System Administrator",
$Profile.Name <> "B - Looker",
TEXT(StageName) != "Closed Won",
NOT(ISBLANK(Date_First_Opp_Product_Live__c))
)
&& Opp_Val_Bypass__c = false|$Profile.Name=System Administrator , StageName=Discovery/Qualifying , Opp_Val_Bypass__c=0 , Date_First_Opp_Product_Live__c=null
22:33:44.6 (1010012350)|VALIDATION_PASS
22:33:44.6 (1010012870)|VALIDATION_RULE|03d8W0000019Umn|LockClosedOpp
22:33:44.6 (1010074210)|VALIDATION_FORMULA|AND(
$Profile.Name <> "System Administrator",
$Profile.Name <> "A - RevOps",
$Profile.Name <> "B - Looker",
$User.Alias <> "Workato",
NOT(ISBLANK (Date_100__c)),
NOT(ISCHANGED(Date_100__c))
)
&& Opp_Val_Bypass__c = false|$Profile.Name=System Administrator , Date_100__c=null , Opp_Val_Bypass__c=0 , $User.Alias=sunita.b
22:33:44.6 (1010076560)|VALIDATION_PASS
22:33:44.6 (1010077440)|VALIDATION_RULE|03dPb000000eHtV|Lock_Opportunity
22:33:44.6 (1010116601)|VALIDATION_FORMULA|Lock_Opportunity__c  
&& NOT(ISCHANGED(Lock_Opportunity__c))
&& NOT(ISPICKVAL(Type, "Renewal"))
&& NOT(ISPICKVAL(Type, "Auto Renewal"))|Type=New Business , Lock_Opportunity__c=0
22:33:44.6 (1010118451)|VALIDATION_PASS
22:33:44.6 (1010119311)|VALIDATION_RULE|03dPb000000epAH|Lock_Pre_CPQ_Existing_Business_Opps
22:33:44.6 (1010170031)|VALIDATION_FORMULA|AND(
    $Profile.Name <> 'System Administrator',
    $Profile.Name <> "B - Looker",
    $User.Alias <> "Workato",
    Locked_Opp__c,
    NOT(ISNEW()),
    NOT(ISPICKVAL(StageName, "Closed Lost"))
)|Locked_Opp__c=0 , $Profile.Name=System Administrator , StageName=Discovery/Qualifying , $User.Alias=sunita.b
22:33:44.6 (1010172121)|VALIDATION_PASS
22:33:44.6 (1010172971)|VALIDATION_RULE|03dhG0000007Q7R|Missing_Opportunity_Products
22:33:44.6 (1010290622)|VALIDATION_FORMULA|AND(
    $Profile.Name <> "System Administrator",
    $Profile.Name <> "B - Looker",
    $User.Alias <> "Workato",
    Pricebook2.Name = "CPQ",
    NOT(ISBLANK(SBQQ__PrimaryQuote__c )),
    Number_of_Opportunity_Products__c <> SBQQ__PrimaryQuote__r.Number_of_Non_Amendment_Quote_Lines__c,
    ISPICKVAL(StageName,"Legal"),
				NOT(ISPICKVAL(Type, "Renewal")),
    Opp_Val_Bypass__c = false,
    SBQQ__PrimaryQuote__r.Quote_Val_Bypass__c = false
)|Type=New Business , $Profile.Name=System Administrator , SBQQ__PrimaryQuote__r.Number_of_Non_Amendment_Quote_Lines__c=null , StageName=Discovery/Qualifying , SBQQ__PrimaryQuote__c=null , Opp_Val_Bypass__c=0 , SBQQ__PrimaryQuote__r.Quote_Val_Bypass__c=null , $User.Alias=sunita.b , Number_of_Opportunity_Products__c=0 , Pricebook2.Name=Standard Price Book
22:33:44.6 (1010294472)|VALIDATION_PASS
22:33:44.6 (1010295362)|VALIDATION_RULE|03dPb000000eHtW|Must_have_Billing_Contact_for_Legal
22:33:44.6 (1010392523)|VALIDATION_FORMULA|AND(
    $Profile.Name <> "System Administrator",
    $Profile.Name <> "B - Looker",
    $User.Alias <> "Workato",
    Pricebook2.Name = "CPQ",
    NOT(ISBLANK(SBQQ__PrimaryQuote__c )),
    Account.Has_Billing_Contact__c = false,
    ISPICKVAL(StageName,"Legal"),
    Opp_Val_Bypass__c = false,
    SBQQ__PrimaryQuote__r.Quote_Val_Bypass__c = false,
    NOT(ISPICKVAL(Type, "Auto Renewal"))
)|Type=New Business , $Profile.Name=System Administrator , StageName=Discovery/Qualifying , SBQQ__PrimaryQuote__c=null , Account.Has_Billing_Contact__c=0 , Opp_Val_Bypass__c=0 , SBQQ__PrimaryQuote__r.Quote_Val_Bypass__c=null , $User.Alias=sunita.b , Pricebook2.Name=Standard Price Book
22:33:44.6 (1010396063)|VALIDATION_PASS
22:33:44.6 (1010397033)|VALIDATION_RULE|03dPb000000eHtX|Opp_Stage_Closed_Won
22:33:44.6 (1010494933)|VALIDATION_FORMULA|AND(
    ISPICKVAL(StageName, "Closed Won"),
    NOT(ISPICKVAL(sbaa__ApprovalStatus__c, "Approved")),
    ISCHANGED(StageName),
    OR(
        RecordType.Name = 'B2B',
        RecordType.Name = 'Education',
        RecordType.Name = 'Healthcare',
        RecordType.Name = 'Travel'
    ),
    NOT(ISPICKVAL(Type, "Auto Renewal")),
    $Profile.Name <> 'System Administrator',
    $Profile.Name <> "B - Looker",
    $User.Alias <> "Workato"
)|Type=New Business , $Profile.Name=System Administrator , StageName=Discovery/Qualifying , sbaa__ApprovalStatus__c=null , RecordType.Name=Education , $User.Alias=sunita.b
22:33:44.6 (1010498123)|VALIDATION_PASS
22:33:44.6 (1010499093)|VALIDATION_RULE|03dhG0000004ZNN|Renewal_Term_must_be_greater_than_0
22:33:44.6 (1010642014)|VALIDATION_FORMULA|AND(
$Profile.Name <> "System Administrator",
$Profile.Name <> "B - Looker",
$User.Alias <> "Workato",
Probability > 0.80,
OR(
Pricebook2.Name = "CPQ",
ISBLANK(Pricebook2Id)
),
OR(
RecordType.DeveloperName = "Education",
RecordType.DeveloperName = "Travel",
RecordType.DeveloperName = "B2B",
RecordType.DeveloperName = "Healthcare"
),
OR(
ISBLANK(SBQQ__PrimaryQuote__c),
NOT(ISPICKVAL(SBQQ__PrimaryQuote__r.SBQQ__Status__c, "Client_Approved")),
ISBLANK(TEXT(SBQQ__PrimaryQuote__r.Contract_has_Auto_Renewal_Terms__c)),
ISBLANK(SBQQ__PrimaryQuote__r.SBQQ__RenewalTerm__c),
SBQQ__PrimaryQuote__r.SBQQ__RenewalTerm__c = 0),
NOT(ISPICKVAL(Type, "Auto Renewal"))
)|SBQQ__PrimaryQuote__r.Contract_has_Auto_Renewal_Terms__c=null , Type=New Business , $Profile.Name=System Administrator , Pricebook2Id=01sf2000001vfF6 , RecordType.DeveloperName=Education , SBQQ__PrimaryQuote__c=null , Probability=10 , SBQQ__PrimaryQuote__r.SBQQ__RenewalTerm__c=null , $User.Alias=sunita.b , SBQQ__PrimaryQuote__r.SBQQ__Status__c=null , Pricebook2.Name=Standard Price Book
22:33:44.6 (1010646414)|VALIDATION_PASS
22:33:44.6 (1010647204)|VALIDATION_RULE|03dPb000000eHtY|Req_CPQ_Pricebook_Verticals
22:33:44.6 (1010722185)|VALIDATION_FORMULA|AND(
    $Profile.Name <> "System Administrator",
    $Profile.Name <> "B - Looker",
    $User.Alias <> "Workato",
    IsClosed = false,
    ISCHANGED(Pricebook2Id),
    Pricebook2.Name <> 'CPQ',
    NOT(ISPICKVAL(Type,'Statement of Work')),
    RecordType.DeveloperName != 'Agents',
    RecordType.DeveloperName != 'Healthcare_SOW',
    RecordType.DeveloperName != 'Bank_PSP_Partner',
    RecordType.DeveloperName != 'Strategic_Partner'
)|Type=New Business , $Profile.Name=System Administrator , Pricebook2Id=01sf2000001vfF6 , RecordType.DeveloperName=Education , IsClosed=0 , $User.Alias=sunita.b , Pricebook2.Name=Standard Price Book
22:33:44.6 (1010725185)|VALIDATION_PASS
22:33:44.6 (1010726115)|VALIDATION_RULE|03d5w000000gts0|Req_SubIndustry_30
22:33:44.6 (1010827356)|VALIDATION_FORMULA|AND(
    $Profile.Name <> "System Administrator",
    $Profile.Name <> "B - Looker",
    $User.Alias <> "Workato",
    Probability >= 0.30,
    ISBLANK(TEXT(Account.Account_Sub_Industry__c)),
    OR(
        RecordType.Name = "Education",
        RecordType.Name = "Healthcare",
        RecordType.Name = "Travel",
        RecordType.Name = "B2B"
    ),
    NOT(ISPICKVAL(Type, "Auto Renewal"))
)
&& Opp_Val_Bypass__c = false|Type=New Business , $Profile.Name=System Administrator , Probability=10 , Opp_Val_Bypass__c=0 , Account.Account_Sub_Industry__c=null , RecordType.Name=Education , $User.Alias=sunita.b
22:33:44.6 (1010830586)|VALIDATION_PASS
22:33:44.6 (1010831316)|VALIDATION_RULE|03df2000000HAKE|Shipping_Country_30
22:33:44.6 (1010914116)|VALIDATION_FORMULA|AND(
    $Profile.Name <> "System Administrator",
    $Profile.Name <> "B - Looker",
    $User.Alias <> "Workato",
    Pricebook2.Name <> "CPQ",
    Probability >=0.30,
    ISBLANK(Account.ShippingCountry),
    NOT(ISPICKVAL(Type, "Auto Renewal"))
)
&& Opp_Val_Bypass__c = false|Type=New Business , $Profile.Name=System Administrator , Probability=10 , Account.ShippingCountry=United States , Opp_Val_Bypass__c=0 , $User.Alias=sunita.b , Pricebook2.Name=Standard Price Book
22:33:44.6 (1010917056)|VALIDATION_PASS
22:33:44.6 (1010917956)|VALIDATION_RULE|03dPb000000eHtb|Tax_ID_Required_to_move_to_Legal
22:33:44.6 (1010994897)|VALIDATION_FORMULA|AND(
    $Profile.Name <> 'System Administrator',
    $Profile.Name <> "B - Looker",
    $User.Alias <> "Workato",
    Pricebook2.Name = 'CPQ',
    Probability > 0.80,
    ISBLANK(Account.Tax_Id__c),
    NOT(ISPICKVAL(Type, "Auto Renewal"))
)
&& Opp_Val_Bypass__c = false|Type=New Business , $Profile.Name=System Administrator , Probability=10 , Opp_Val_Bypass__c=0 , $User.Alias=sunita.b , Pricebook2.Name=Standard Price Book , Account.Tax_Id__c=4657TH54
22:33:44.6 (1010997647)|VALIDATION_PASS
22:33:44.6 (1010998627)|VALIDATION_RULE|03d5w000000gmDg|Travel_Amount_10
22:33:44.6 (1011070138)|VALIDATION_FORMULA|AND(
$Profile.Name <> 'System Administrator',
$Profile.Name <> "B - Looker",
$User.Alias <> "Workato",
RecordType.Name = 'Travel',
Probability >0.90,
Opp_ARR__c < 5000.00,
NOT(HasOpportunityLineItem)
)
&& Opp_Val_Bypass__c = false|Opp_ARR__c=0 , $Profile.Name=System Administrator , HasOpportunityLineItem=0 , Probability=10 , Opp_Val_Bypass__c=0 , RecordType.Name=Education , $User.Alias=sunita.b
22:33:44.6 (1011072938)|VALIDATION_PASS
22:33:44.6 (1011073638)|VALIDATION_RULE|03dhG0000002pzL|Usage_Rate_Not_Added_to_All_Lines
22:33:44.6 (1011107348)|VALIDATION_FORMULA|AND(
 ISPICKVAL(StageName, "Legal"), 
 SBQQ__PrimaryQuote__r.Count_usage_field_values__c  > 0 )|SBQQ__PrimaryQuote__r.Count_usage_field_values__c=null , StageName=Discovery/Qualifying
22:33:44.6 (1011108988)|VALIDATION_PASS
22:33:44.6 (1011120618)|CODE_UNIT_FINISHED|Validation:Opportunity:006hG000007F7DF
22:33:44.49 (1049320932)|HEAP_ALLOCATE|[EXTERNAL]|Bytes:8
22:33:44.49 (1049379563)|HEAP_ALLOCATE|[EXTERNAL]|Bytes:8
22:33:44.49 (1049456973)|HEAP_ALLOCATE|[EXTERNAL]|Bytes:36
22:33:44.49 (1049476773)|VARIABLE_SCOPE_BEGIN|[1]|this|SBQQ.OpportunityAfter|true|false
22:33:44.49 (1049555244)|VARIABLE_ASSIGNMENT|[1]|this|{}|0x3a9317a9
22:33:44.51 (1051342747)|CUMULATIVE_LIMIT_USAGE
22:33:44.51 (1051342747)|LIMIT_USAGE_FOR_NS|(default)|
  Number of SOQL queries: 1 out of 100
  Number of query rows: 0 out of 50000
  Number of SOSL queries: 0 out of 20
  Number of DML statements: 5 out of 150
  Number of Publish Immediate DML: 0 out of 150
  Number of DML rows: 4 out of 10000
  Maximum CPU time: 116 out of 10000
  Maximum heap size: 0 out of 10000000
  Number of callouts: 0 out of 100
  Number of Email Invocations: 0 out of 10
  Number of future calls: 0 out of 50
  Number of queueable jobs added to the queue: 0 out of 50
  Number of Mobile Apex push calls: 0 out of 10

22:33:44.51 (1051342747)|LIMIT_USAGE_FOR_NS|sbaa|
  Number of SOQL queries: 0 out of 100
  Number of query rows: 0 out of 50000
  Number of SOSL queries: 0 out of 20
  Number of DML statements: 0 out of 150
  Number of Publish Immediate DML: 0 out of 150
  Number of DML rows: 0 out of 10000
  Maximum CPU time: 0 out of 10000
  Maximum heap size: 0 out of 10000000
  Number of callouts: 0 out of 100
  Number of Email Invocations: 0 out of 10
  Number of future calls: 0 out of 50
  Number of queueable jobs added to the queue: 0 out of 50
  Number of Mobile Apex push calls: 0 out of 10

22:33:44.51 (1051342747)|CUMULATIVE_LIMIT_USAGE_END

22:33:43.936 (1054249429)|FLOW_START_INTERVIEWS_END|1
22:33:43.936 (1055423748)|FLOW_INTERVIEW_FINISHED|9538e03000cd89507d5f42e3af721a05decb220-5bde|Opportunity After Record Triggered Flow
22:33:44.58 (1058202468)|FLOW_CREATE_INTERVIEW_BEGIN|00DhG0000000jOX|3008W000000wpcB|301hG000007XFE6
22:33:44.58 (1058252929)|FLOW_CREATE_INTERVIEW_END|9539e03000cd89507d5f42e3af721a05decb220-5bdc|(OPP) Stage Date & Acct Status Update
22:33:44.58 (1058676382)|FLOW_START_INTERVIEWS_BEGIN|1
22:33:44.58 (1058699482)|FLOW_START_INTERVIEW_BEGIN|9539e03000cd89507d5f42e3af721a05decb220-5bdc|(OPP) Stage Date & Acct Status Update
22:33:44.58 (1058981824)|FLOW_START_INTERVIEW_END|9539e03000cd89507d5f42e3af721a05decb220-5bdc|(OPP) Stage Date & Acct Status Update
22:33:44.65 (1065713044)|HEAP_ALLOCATE|[EXTERNAL]|Bytes:8
22:33:44.65 (1065744454)|HEAP_ALLOCATE|[EXTERNAL]|Bytes:8
22:33:44.65 (1065785154)|HEAP_ALLOCATE|[EXTERNAL]|Bytes:4
22:33:44.65 (1065795605)|VARIABLE_SCOPE_BEGIN|[1]|this|SBQQ.OpportunityBefore|true|false
22:33:44.65 (1065865265)|VARIABLE_ASSIGNMENT|[1]|this|{}|0x7ade4b63
22:33:44.66 (1066131237)|CUMULATIVE_LIMIT_USAGE
22:33:44.66 (1066131237)|LIMIT_USAGE_FOR_NS|(default)|
  Number of SOQL queries: 1 out of 100
  Number of query rows: 0 out of 50000
  Number of SOSL queries: 0 out of 20
  Number of DML statements: 6 out of 150
  Number of Publish Immediate DML: 0 out of 150
  Number of DML rows: 5 out of 10000
  Maximum CPU time: 182 out of 10000
  Maximum heap size: 0 out of 10000000
  Number of callouts: 0 out of 100
  Number of Email Invocations: 0 out of 10
  Number of future calls: 0 out of 50
  Number of queueable jobs added to the queue: 0 out of 50
  Number of Mobile Apex push calls: 0 out of 10

22:33:44.66 (1066131237)|LIMIT_USAGE_FOR_NS|sbaa|
  Number of SOQL queries: 0 out of 100
  Number of query rows: 0 out of 50000
  Number of SOSL queries: 0 out of 20
  Number of DML statements: 0 out of 150
  Number of Publish Immediate DML: 0 out of 150
  Number of DML rows: 0 out of 10000
  Maximum CPU time: 0 out of 10000
  Maximum heap size: 0 out of 10000000
  Number of callouts: 0 out of 100
  Number of Email Invocations: 0 out of 10
  Number of future calls: 0 out of 50
  Number of queueable jobs added to the queue: 0 out of 50
  Number of Mobile Apex push calls: 0 out of 10

22:33:44.66 (1066131237)|CUMULATIVE_LIMIT_USAGE_END

22:33:44.67 (1067585388)|CUMULATIVE_LIMIT_USAGE
22:33:44.67 (1067585388)|LIMIT_USAGE_FOR_NS|(default)|
  Number of SOQL queries: 1 out of 100
  Number of query rows: 0 out of 50000
  Number of SOSL queries: 0 out of 20
  Number of DML statements: 6 out of 150
  Number of Publish Immediate DML: 0 out of 150
  Number of DML rows: 5 out of 10000
  Maximum CPU time: 182 out of 10000
  Maximum heap size: 0 out of 10000000
  Number of callouts: 0 out of 100
  Number of Email Invocations: 0 out of 10
  Number of future calls: 0 out of 50
  Number of queueable jobs added to the queue: 0 out of 50
  Number of Mobile Apex push calls: 0 out of 10

22:33:44.67 (1067585388)|LIMIT_USAGE_FOR_NS|sbaa|
  Number of SOQL queries: 0 out of 100
  Number of query rows: 0 out of 50000
  Number of SOSL queries: 0 out of 20
  Number of DML statements: 0 out of 150
  Number of Publish Immediate DML: 0 out of 150
  Number of DML rows: 0 out of 10000
  Maximum CPU time: 0 out of 10000
  Maximum heap size: 0 out of 10000000
  Number of callouts: 0 out of 100
  Number of Email Invocations: 0 out of 10
  Number of future calls: 0 out of 50
  Number of queueable jobs added to the queue: 0 out of 50
  Number of Mobile Apex push calls: 0 out of 10

22:33:44.67 (1067585388)|CUMULATIVE_LIMIT_USAGE_END

22:33:44.73 (1073607782)|CODE_UNIT_STARTED|[EXTERNAL]|Validation:Opportunity:006hG000007F7DF
22:33:44.73 (1073619482)|VALIDATION_RULE|03dPb000000eHtP|Account_cant_be_changed_primary_quote
22:33:44.73 (1073698473)|VALIDATION_FORMULA|AND(ISCHANGED(AccountId),
NOT(ISBLANK(SBQQ__PrimaryQuote__c)))|AccountId=001hG00000Bgdcv , SBQQ__PrimaryQuote__c=null
22:33:44.73 (1073702373)|VALIDATION_PASS
22:33:44.73 (1073703403)|VALIDATION_RULE|03d8W0000019V87|BDR_Owner_Exception_Open_Opps
22:33:44.73 (1073945185)|VALIDATION_FORMULA|AND(
    $Profile.Name <> "B - Looker",
    $Profile.Name <> 'System Administrator',
    $User.Alias <> "Workato",
    IsClosed = false,
    NOT(
    OR(
BDR_Owner__r.Flow_Full_Name__c = "Javier Fontoba",
BDR_Owner__r.Flow_Full_Name__c = "Anne-Sophie Kadjo",
BDR_Owner__r.Flow_Full_Name__c = "Minori Nishioka",
BDR_Owner__r.Flow_Full_Name__c = "Charlie Dreher",
BDR_Owner__r.Flow_Full_Name__c = "Caitlin Cowdrey",
BDR_Owner__r.Flow_Full_Name__c = "Sabrina Alam",
BDR_Owner__r.Flow_Full_Name__c = "Alex Godfrey",
BDR_Owner__r.Flow_Full_Name__c = "John Quinn",
BDR_Owner__r.Flow_Full_Name__c = "Chloe Engle",
BDR_Owner__r.Flow_Full_Name__c = "Leah Prigmore",
BDR_Owner__r.Flow_Full_Name__c = "Sophie Brockbank",
BDR_Owner__r.Flow_Full_Name__c = "Mubz Rahman",
BDR_Owner__r.Flow_Full_Name__c = "Gustavo Ruiz-Esteller",
BDR_Owner__r.Flow_Full_Name__c = "Lloyd Ng",
BDR_Owner__r.Flow_Full_Name__c = "Sherlyn Yang",
BDR_Owner__r.Flow_Full_Name__c = "Kaila Decarvalho",
BDR_Owner__r.Flow_Full_Name__c = "Kelsey Fikkert",
BDR_Owner__r.Flow_Full_Name__c = "Ellis Croce",
BDR_Owner__r.Flow_Full_Name__c = "Yui Takahashi",
BDR_Owner__r.Flow_Full_Name__c = "Patrick Stacy",
BDR_Owner__r.Flow_Full_Name__c = "Praveen Vivinthas",
ISBLANK( BDR_Owner__c )
        )
    ),
    NOT(ISPICKVAL(Type, "Auto Renewal"))
)
&& Opp_Val_Bypass__c = false|BDR_Owner__r.Flow_Full_Name__c=null , BDR_Owner__c=null , Type=New Business , $Profile.Name=System Administrator , Opp_Val_Bypass__c=1 , IsClosed=0 , $User.Alias=sunita.b
22:33:44.73 (1073952035)|VALIDATION_PASS
22:33:44.73 (1073952795)|VALIDATION_RULE|03dPb000000eHtR|Cant_Change_ShipTo_If_Approved_Quote
22:33:44.73 (1074060316)|VALIDATION_FORMULA|AND(
  $Profile.Name <> 'System Administrator',
  $Profile.Name <> "B - Looker",
  $User.Alias <> "Workato",
  NOT(ISBLANK(SBQQ__PrimaryQuote__c)),
  ISPICKVAL(SBQQ__PrimaryQuote__r.ApprovalStatus__c, 'Approved'),
  ISCHANGED(Ship_To_Account__c)
)|Ship_To_Account__c=001hG00000Bgdcv , $Profile.Name=System Administrator , SBQQ__PrimaryQuote__r.ApprovalStatus__c=null , SBQQ__PrimaryQuote__c=null , $User.Alias=sunita.b
22:33:44.73 (1074063736)|VALIDATION_PASS
22:33:44.73 (1074064466)|VALIDATION_RULE|03df20000003jYN|Check_CompanyId_Value
22:33:44.73 (1074096766)|VALIDATION_FORMULA|AND(
	(LID__LinkedIn_Company_Id__c <> NULL),
	NOT(ISNUMBER(LID__LinkedIn_Company_Id__c))
)|LID__LinkedIn_Company_Id__c=null
22:33:44.73 (1074098316)|VALIDATION_PASS
22:33:44.73 (1074099076)|VALIDATION_RULE|03d8W000001DX5b|Check_Company_Id_Value
22:33:44.73 (1074119866)|VALIDATION_FORMULA|AND(
	(LID__LinkedIn_Company_Id__c <> NULL),
	NOT(ISNUMBER(LID__LinkedIn_Company_Id__c))
)|LID__LinkedIn_Company_Id__c=null
22:33:44.73 (1074121366)|VALIDATION_PASS
22:33:44.73 (1074122046)|VALIDATION_RULE|03dPb000000eHtS|ContractURLtoDrive
22:33:44.73 (1074182966)|VALIDATION_FORMULA|AND(
    $Profile.Name <> "B - Looker",
    $User.Alias <> "Workato",
    Pricebook2.Name = 'CPQ',
    NOT(ISBLANK(Contract_URL__c)),
    LOWER(LEFT(Contract_URL__c,24)) <> "https://drive.google.com"
)|$Profile.Name=System Administrator , Contract_URL__c=null , $User.Alias=sunita.b , Pricebook2.Name=Standard Price Book
22:33:44.73 (1074185326)|VALIDATION_PASS
22:33:44.73 (1074186096)|VALIDATION_RULE|03dhG000000vL4X|Desired_Go_Live_80
22:33:44.73 (1074308007)|VALIDATION_FORMULA|AND(
$Profile.Name <> "System Administrator",
$Profile.Name <> "B - Looker",
$User.Alias <> "Workato",
IsClosed = False,
Probability >=0.80,
SBQQ__PrimaryQuote__r.Number_of_New_Quote_Lines__c >=1,
OR(
RecordType.Name = 'B2B',
RecordType.Name = 'Education',
RecordType.Name = 'Healthcare'
),
ISBLANK( Desired_Go_Live_Date__c),
NOT(ISPICKVAL(Type, "Renewal")),
NOT(ISPICKVAL(Type, "Auto Renewal"))
)
&& Opp_Val_Bypass__c = false|Type=New Business , $Profile.Name=System Administrator , SBQQ__PrimaryQuote__r.Number_of_New_Quote_Lines__c=null , Probability=10 , Desired_Go_Live_Date__c=null , Opp_Val_Bypass__c=1 , IsClosed=0 , RecordType.Name=Education , $User.Alias=sunita.b
22:33:44.73 (1074311617)|VALIDATION_PASS
22:33:44.73 (1074312287)|VALIDATION_RULE|03dPb000000eHtT|Edu_CompetitorName_80
22:33:44.73 (1074429958)|VALIDATION_FORMULA|AND(
    $Profile.Name <> "System Administrator",
    $Profile.Name <> "B - Looker",
    $User.Alias <> "Workato",
    IsClosed = False,
    RecordType.Name = 'Education',
    Probability >=0.80,
    ISBLANK ( Competitor_Name__c ),
    NOT(ISPICKVAL(Type, "Renewal")),
    NOT(ISPICKVAL(Type, "Auto Renewal"))
)
&& Opp_Val_Bypass__c = false|Competitor_Name__c=null , Type=New Business , $Profile.Name=System Administrator , Probability=10 , Opp_Val_Bypass__c=1 , IsClosed=0 , RecordType.Name=Education , $User.Alias=sunita.b
22:33:44.73 (1074433348)|VALIDATION_PASS
22:33:44.73 (1074434268)|VALIDATION_RULE|03d8W000001HnTm|Int_Partner_w_Qual_Integration
22:33:44.73 (1074548869)|VALIDATION_FORMULA|AND(
    $Profile.Name <> "System Administrator",
    $Profile.Name <> "B - Looker",
    $User.Alias <> "Workato",
    OR(
        NOT(ISPICKVAL(Qualifying_Integration__c , ""))
    ),
    OR(
        NOT(ISPICKVAL(Qualifying_Integration__c , "Non Partner - Custom Integration"))
    ), 
    ISBLANK(Integration_Partner__c),
    (DateValue(CreatedDate) > Date(2023, 08, 01)),
    NOT(ISPICKVAL(Type, "Auto Renewal"))
)
&& Opp_Val_Bypass__c = false|Qualifying_Integration__c=null , Type=New Business , $Profile.Name=System Administrator , CreatedDate=2026-09-01 17:03:44 , Opp_Val_Bypass__c=1 , $User.Alias=sunita.b , Integration_Partner__c=null
22:33:44.73 (1074552409)|VALIDATION_PASS
22:33:44.73 (1074553319)|VALIDATION_RULE|03d5w000000ghWc|Lost_to_Competitor_Incumbent
22:33:44.73 (1074688750)|VALIDATION_FORMULA|AND(
 $Profile.Name <> 'System Administrator',
$Profile.Name <> "B - Looker",
$User.Alias <> "Workato",
 RecordType.Name = 'Education',
 RecordType.Name = 'Travel',
 ISBLANK ( Competitor_Name__c ),
 ISPICKVAL ( Lost_Sub_Reason__c , "Staying with Incumbent Provider")
)
&& Opp_Val_Bypass__c = false|Competitor_Name__c=null , $Profile.Name=System Administrator , Opp_Val_Bypass__c=1 , RecordType.Name=Education , Lost_Sub_Reason__c=null , $User.Alias=sunita.b
22:33:44.73 (1074692610)|VALIDATION_PASS
22:33:44.73 (1074693580)|VALIDATION_RULE|03d8W000001DX54|Past_Closed_Date
22:33:44.73 (1074775251)|VALIDATION_FORMULA|AND(
    $Profile.Name <> "System Administrator",
    $Profile.Name <> "B - Looker",
    $User.Alias <> "Workato",
    IsClosed = False,
    CloseDate < TODAY(),
    Probability < 0.9,
    NOT(ISPICKVAL(Type, "Auto Renewal"))
)
&& Opp_Val_Bypass__c = false|Type=New Business , $Profile.Name=System Administrator , Probability=10 , Opp_Val_Bypass__c=1 , IsClosed=0 , $User.Alias=sunita.b , CloseDate=2026-10-01 00:00:00
22:33:44.73 (1074778031)|VALIDATION_PASS
22:33:44.73 (1074778941)|VALIDATION_RULE|03dPb000000eHtZ|Required_fields_for_Legal
22:33:44.73 (1075030653)|VALIDATION_FORMULA|AND(
    $Profile.Name <> "System Administrator",
    $Profile.Name <> "B - Looker",
    $User.Alias <> "Workato",
    Probability > 0.80,
    OR(
        Pricebook2.Name = "CPQ",
        ISBLANK(Pricebook2Id)
    ),
    OR(
        RecordType.DeveloperName = "Education",
        RecordType.DeveloperName = "Travel",
        RecordType.DeveloperName = "B2B",
        RecordType.DeveloperName = "Healthcare"
    ),
    OR(
        ISBLANK(SBQQ__PrimaryQuote__c),
        NOT(ISPICKVAL(SBQQ__PrimaryQuote__r.SBQQ__Status__c, "Client_Approved")),
        ISBLANK(TEXT(SBQQ__PrimaryQuote__r.Exclusivity__c )),
        ISBLANK(TEXT(SBQQ__PrimaryQuote__r.Termination__c)),
        ISBLANK(TEXT(SBQQ__PrimaryQuote__r.Publicity__c)),
        ISBLANK(TEXT(SBQQ__PrimaryQuote__r.Flywire_Entity__c)),
        ISBLANK(TEXT(SBQQ__PrimaryQuote__r.SBQQ__PaymentTerms__c)),
        AND(
            ISPICKVAL(SBQQ__PrimaryQuote__r.PO_Required__c, "Yes"),
            ISBLANK(SBQQ__PrimaryQuote__r.PO__c)
        )
    ),
    NOT(ISPICKVAL(Type, "Auto Renewal"))
)|Pricebook2Id=01sf2000001vfF6 , SBQQ__PrimaryQuote__c=null , SBQQ__PrimaryQuote__r.SBQQ__PaymentTerms__c=null , Probability=10 , SBQQ__PrimaryQuote__r.SBQQ__Status__c=null , Type=New Business , $Profile.Name=System Administrator , SBQQ__PrimaryQuote__r.PO__c=null , RecordType.DeveloperName=Education , SBQQ__PrimaryQuote__r.PO_Required__c=null , SBQQ__PrimaryQuote__r.Publicity__c=null , SBQQ__PrimaryQuote__r.Termination__c=null , SBQQ__PrimaryQuote__r.Exclusivity__c=null , $User.Alias=sunita.b , SBQQ__PrimaryQuote__r.Flywire_Entity__c=null , Pricebook2.Name=Standard Price Book
22:33:44.73 (1075037593)|VALIDATION_PASS
22:33:44.73 (1075038443)|VALIDATION_RULE|03df20000003YAc|Requires_a_Reason_For_Closed_Loss_Opp
22:33:44.73 (1075138624)|VALIDATION_FORMULA|AND(
 $Profile.Name <> 'System Administrator',
 $Profile.Name <> "B - Looker",
 ISPICKVAL (StageName, "Closed Lost"),
 ISBLANK (TEXT(Lost_Reason__c)),
 ISBLANK (TEXT( Lost_Sub_Reason__c ))
)
&& Opp_Val_Bypass__c = false|$Profile.Name=System Administrator , StageName=Discovery/Qualifying , Lost_Reason__c=null , Opp_Val_Bypass__c=1 , Lost_Sub_Reason__c=null
22:33:44.73 (1075141374)|VALIDATION_PASS
22:33:44.73 (1075142154)|VALIDATION_RULE|03d8W0000019Ufa|RFP_Override_Reason
22:33:44.73 (1075175934)|VALIDATION_FORMULA|AND(
No_Bid_Override__c = True,
ISBLANK(No_Bid_Override_Reason__c)
)|No_Bid_Override__c=0 , No_Bid_Override_Reason__c=null
22:33:44.73 (1075177554)|VALIDATION_PASS
22:33:44.73 (1075178314)|VALIDATION_RULE|03dPb000000eHta|Strategic_Partner_Cant_Use_Flywire_Paper
22:33:44.73 (1075253304)|VALIDATION_FORMULA|AND(
    $Profile.Name <> "B - Looker",
    $User.Alias <> "Workato",
    Account.RecordType.DeveloperName = "Strategic_Partner",
    RecordType.DeveloperName = "Healthcare",
    ISPICKVAL(Contract_Paper__c, "Flywire"),
    ISCHANGED(Probability)
)|$Profile.Name=System Administrator , RecordType.DeveloperName=Education , Probability=10 , Contract_Paper__c=Flywire , $User.Alias=sunita.b , Account.RecordType.DeveloperName=Education
22:33:44.73 (1075255904)|VALIDATION_PASS
22:33:44.73 (1075256554)|VALIDATION_RULE|03dPb000000eHtc|Type_Not_New_If_Contracted
22:33:44.73 (1075316145)|VALIDATION_FORMULA|AND(
    $Profile.Name <> "System Administrator",
    $Profile.Name <> "B - Looker",
    $User.Alias <> "Workato", 
    OR(
        NOT(ISBLANK(SBQQ__RenewedContract__c)),
        NOT(ISBLANK(SBQQ__AmendedContract__c))
    ),
    ISPICKVAL(Type,"New Business")
)|Type=New Business , $Profile.Name=System Administrator , SBQQ__RenewedContract__c=null , SBQQ__AmendedContract__c=null , $User.Alias=sunita.b
22:33:44.73 (1075318645)|VALIDATION_PASS
22:33:44.73 (1075319405)|VALIDATION_RULE|03dPb000000eHtO|Account_FullAddress_80
22:33:44.73 (1075442936)|VALIDATION_FORMULA|AND(
    $Profile.Name <> "System Administrator",
    $Profile.Name <> "B - Looker",
    $User.Alias <> "Workato",
    IsClosed = False,
    Probability >=0.80,
    Pricebook2.Name <> 'CPQ',
    OR(
        ISBLANK(Account.ShippingCountry),
        ISBLANK(Account.ShippingStreet)
    ),
    NOT(ISPICKVAL(Type, "Auto Renewal"))
)
&& Opp_Val_Bypass__c = false|Type=New Business , $Profile.Name=System Administrator , Probability=10 , Account.ShippingCountry=United States , Opp_Val_Bypass__c=1 , IsClosed=0 , $User.Alias=sunita.b , Account.ShippingStreet=456 Ship St , Pricebook2.Name=Standard Price Book
22:33:44.73 (1075446646)|VALIDATION_PASS
22:33:44.73 (1075447566)|VALIDATION_RULE|03d8W000001DXGZ|Account_Industry_Cant_BeTravel
22:33:44.73 (1075563277)|VALIDATION_FORMULA|AND(
    $Profile.Name <> 'System Administrator',
    $Profile.Name <> "B - Looker",
    $User.Alias <> "Workato",
    RecordType.Name = 'Travel',
    Probability >=0.30,
    IsClosed = false,
    OR(
        NOT(ISPICKVAL(Account.Account_Industry__c, 'Accommodations'))),
    OR(
        NOT(ISPICKVAL(Account.Account_Industry__c, 'DMC'))),
				OR(
								NOT(ISPICKVAL(Account.Account_Industry__c, 'Hospitality'))),
    OR(
        NOT(ISPICKVAL(Account.Account_Industry__c, 'Travel Operator'))
    ),
    NOT(ISPICKVAL(Type, "Auto Renewal"))
)
&& Opp_Val_Bypass__c = false|Account.Account_Industry__c=Education , Type=New Business , $Profile.Name=System Administrator , Probability=10 , Opp_Val_Bypass__c=1 , RecordType.Name=Education , IsClosed=0 , $User.Alias=sunita.b
22:33:44.73 (1075567187)|VALIDATION_PASS
22:33:44.73 (1075567977)|VALIDATION_RULE|03dhG000000g79x|Account_RM_cannot_be_inactive_on_Legal
22:33:44.73 (1075644117)|VALIDATION_FORMULA|AND(
$Profile.Name <> 'System Administrator',
$Profile.Name <> "B - Looker",
$User.Alias <> "Workato",
Pricebook2.Name = 'CPQ',
/* Probability is more than 80 when stage is updated to legal */
Probability > 0.80,
NOT(ISPICKVAL(Type,"Auto Renewal")),
NOT(Account.Relationship_Manager__r.IsActive)
)|Type=New Business , $Profile.Name=System Administrator , Account.Relationship_Manager__r.IsActive=null , Probability=10 , $User.Alias=sunita.b , Pricebook2.Name=Standard Price Book
22:33:44.73 (1075646997)|VALIDATION_PASS
22:33:44.73 (1075647537)|VALIDATION_RULE|03dPb000000eHtN|Acc_LegalName_80
22:33:44.73 (1075742478)|VALIDATION_FORMULA|AND(
    $Profile.Name <> 'System Administrator',
    $Profile.Name <> "B - Looker",
    $User.Alias <> "Workato",
    RecordType.Name != 'Bank-PSP Partner',
    RecordType.Name != 'Strategic Partner',
    RecordType.Name != 'Healthcare SOW',
    IsClosed = false,
    NOT(ISPICKVAL(Type, 'Statement of Work')),
    Probability >0.80,
    Account.Client_Legal_Entity_Name__c = "",
    NOT(ISPICKVAL(Type, "Auto Renewal"))
)
&& Opp_Val_Bypass__c = false|Type=New Business , $Profile.Name=System Administrator , Account.Client_Legal_Entity_Name__c=Edu Corp , Probability=10 , Opp_Val_Bypass__c=1 , RecordType.Name=Education , IsClosed=0 , $User.Alias=sunita.b
22:33:44.73 (1075746248)|VALIDATION_PASS
22:33:44.73 (1075747118)|VALIDATION_RULE|03d8W000001HnWv|Agents_Add_Product_10
22:33:44.73 (1075822299)|VALIDATION_FORMULA|AND(
$Profile.Name <> 'System Administrator',
$Profile.Name <> "B - Looker",
RecordType.Name = 'Agents',
Probability >0.10,
OR
(
NOT(HasOpportunityLineItem),
ISNULL(No_International_Payers_At_Opportunity__c))
)
&& Opp_Val_Bypass__c = false|$Profile.Name=System Administrator , HasOpportunityLineItem=0 , Probability=10 , Opp_Val_Bypass__c=1 , RecordType.Name=Education , No_International_Payers_At_Opportunity__c=null
22:33:44.73 (1075824999)|VALIDATION_PASS
22:33:44.73 (1075825939)|VALIDATION_RULE|03d5w000000lMSW|Agent_Won_requirements
22:33:44.73 (1076010670)|VALIDATION_FORMULA|AND(
$Profile.Name <> 'System Administrator',
$Profile.Name <> "B - Looker",
$User.Alias <> "Workato",
RecordType.Name = 'Agents',
Pricebook2.Name <> 'CPQ',
Probability > 0.90,
OR(
Account.Revenue_Share_Agreement__c = TRUE,
Contract_Not_Required__c = False),
OR
(
ISBLANK(TEXT(Account.Agent_Tier__c)),
ISBLANK(TEXT(Account.Account_Industry__c)),
ContractId = "",
ISBLANK(Contract.ActivatedDate),
ISBLANK(TEXT(Contract.Flywire_Entity__c)),
ISBLANK(Contract.StartDate),
ISBLANK(Contract.EndDate)
)
)
&& Opp_Val_Bypass__c = false|Contract_Not_Required__c=0 , Probability=10 , Opp_Val_Bypass__c=1 , Contract.StartDate=null , RecordType.Name=Education , Account.Revenue_Share_Agreement__c=0 , Contract.Flywire_Entity__c=null , Contract.EndDate=null , Account.Account_Industry__c=Education , $Profile.Name=System Administrator , Contract.ActivatedDate=null , Account.Agent_Tier__c=null , $User.Alias=sunita.b , ContractId=null , Pricebook2.Name=Standard Price Book
22:33:44.73 (1076015540)|VALIDATION_PASS
22:33:44.73 (1076016360)|VALIDATION_RULE|03d8W0000019VSK|B2B_PYMNT_Fields_Verbal_Rqrd
22:33:44.73 (1076166641)|VALIDATION_FORMULA|AND(
    $Profile.Name <> "System Administrator",
    $Profile.Name <> "B - Looker",
    $User.Alias <> "Workato",
    IsClosed = False,
    RecordType.Name = "B2B",
    DATEVALUE(CreatedDate) >= DATEVALUE("2023-12-18"),
    Probability >=0.80,
    OR(
        ISBLANK( Account.Annual_PYMT_Volume__c ),
        ISBLANK( Account.No_Annual_PYMT__c ),
        ISBLANK( Average_PYMNT_size__c ),
        ISBLANK( Total_Addressable_ARR__c ),
        ISBLANK( Total_Addressable_ARR_w_FW_Capabilities__c ),
        ISBLANK( Year_1_ARR_Projection__c )
    ),
    NOT(ISPICKVAL(Type, "Renewal")),
    NOT(ISPICKVAL(Type, "Auto Renewal"))
)
&& Opp_Val_Bypass__c = false|Total_Addressable_ARR__c=null , Total_Addressable_ARR_w_FW_Capabilities__c=null , Year_1_ARR_Projection__c=null , Probability=10 , Opp_Val_Bypass__c=1 , IsClosed=0 , RecordType.Name=Education , Average_PYMNT_size__c=null , Account.Annual_PYMT_Volume__c=null , Type=New Business , $Profile.Name=System Administrator , Account.No_Annual_PYMT__c=null , CreatedDate=2026-09-01 17:03:44 , $User.Alias=sunita.b
22:33:44.73 (1076171461)|VALIDATION_PASS
22:33:44.73 (1076172371)|VALIDATION_RULE|03dPb000000eHtQ|CPQ_AA_OPP_Move_To_Legal
22:33:44.73 (1076305852)|VALIDATION_FORMULA|AND(
    $Profile.Name <> 'System Administrator',
    $Profile.Name <> "B - Looker",
    $User.Alias <> "Workato",
    Pricebook2.Name = 'CPQ',
    Probability > 0.80,
    OR(
        ISBLANK(SBQQ__PrimaryQuote__c),
        ISBLANK(Account.Client_Legal_Entity_Name__c),
        OR(
            AND(
                RecordType.DeveloperName <> "Healthcare",
                ISBLANK(Ship_To_Account__c)
            ),
            AND(
                ISPICKVAL(SBQQ__PrimaryQuote__r.Multiple_Ship_to_Accounts__c,"No"),
                ISBLANK(Ship_To_Account__c)
            )
        ),
        ISPICKVAL(Type,""),
        ISBLANK(TEXT(SBQQ__PrimaryQuote__r.Multiple_Ship_to_Accounts__c))
    ),
    NOT(ISPICKVAL(Type, "Auto Renewal"))
)|Ship_To_Account__c=001hG00000Bgdcv , Type=New Business , $Profile.Name=System Administrator , RecordType.DeveloperName=Education , Account.Client_Legal_Entity_Name__c=Edu Corp , SBQQ__PrimaryQuote__c=null , Probability=10 , $User.Alias=sunita.b , SBQQ__PrimaryQuote__r.Multiple_Ship_to_Accounts__c=null , Pricebook2.Name=Standard Price Book
22:33:44.73 (1076310652)|VALIDATION_PASS
22:33:44.73 (1076311622)|VALIDATION_RULE|03d8W000001DXEn|Edu_RC_Symptoms_Impact_40
22:33:44.73 (1076460594)|VALIDATION_FORMULA|AND(
    $Profile.Name <> "System Administrator",
    $Profile.Name <> "B - Looker",
    $User.Alias <> "workato",
    Not( Account.Account_Region__c = "APAC"),
    IsClosed = False,
    RecordType.Name = 'Education',
    Probability >=0.40,
    OR(
        ISBLANK( Root_Cause__c),
        ISBLANK( Symptoms__c ),
        ISBLANK( Impact__c )
    ),
    NOT(ISPICKVAL(Type, "Renewal")),
    NOT(ISPICKVAL(Type, "Auto Renewal"))
)
&& Opp_Val_Bypass__c = false|Impact__c=null , Type=New Business , $Profile.Name=System Administrator , Probability=10 , Symptoms__c=null , Opp_Val_Bypass__c=1 , Account.Account_Region__c=NAMER , IsClosed=0 , RecordType.Name=Education , $User.Alias=sunita.b , Root_Cause__c=null
22:33:44.73 (1076464444)|VALIDATION_PASS
22:33:44.73 (1076465214)|VALIDATION_RULE|03dPb000000eHtU|KYC_Approved_80
22:33:44.73 (1076574024)|VALIDATION_FORMULA|AND(
    $Profile.Name <> "System Administrator",
    $Profile.Name <> "B - Looker",
    RecordType.Name <> "Bank-PSP Partner",
    RecordType.Name <> "Strategic Partner",
    RecordType.Name <> "Healthcare SOW",
    RecordType.Name <> "Healthcare",
    Probability > 0.8,
    NOT(ISPICKVAL(Account.KYC_Status__c , "Approved")),
    NOT(ISPICKVAL(Type, "Auto Renewal"))
)
&& Opp_Val_Bypass__c = false|Type=New Business , $Profile.Name=System Administrator , Probability=10 , Opp_Val_Bypass__c=1 , RecordType.Name=Education , Account.KYC_Status__c=null
22:33:44.73 (1076577354)|VALIDATION_PASS
22:33:44.73 (1076578004)|VALIDATION_RULE|03d5w000000gltp|Live_not_closed
22:33:44.73 (1076642085)|VALIDATION_FORMULA|AND(
$Profile.Name <> "System Administrator",
$Profile.Name <> "B - Looker",
TEXT(StageName) != "Closed Won",
NOT(ISBLANK(Date_First_Opp_Product_Live__c))
)
&& Opp_Val_Bypass__c = false|$Profile.Name=System Administrator , StageName=Discovery/Qualifying , Opp_Val_Bypass__c=1 , Date_First_Opp_Product_Live__c=null
22:33:44.73 (1076644485)|VALIDATION_PASS
22:33:44.73 (1076645155)|VALIDATION_RULE|03d8W0000019Umn|LockClosedOpp
22:33:44.73 (1076708025)|VALIDATION_FORMULA|AND(
$Profile.Name <> "System Administrator",
$Profile.Name <> "A - RevOps",
$Profile.Name <> "B - Looker",
$User.Alias <> "Workato",
NOT(ISBLANK (Date_100__c)),
NOT(ISCHANGED(Date_100__c))
)
&& Opp_Val_Bypass__c = false|$Profile.Name=System Administrator , Date_100__c=null , Opp_Val_Bypass__c=1 , $User.Alias=sunita.b
22:33:44.73 (1076710325)|VALIDATION_PASS
22:33:44.73 (1076711125)|VALIDATION_RULE|03dPb000000eHtV|Lock_Opportunity
22:33:44.73 (1076749376)|VALIDATION_FORMULA|Lock_Opportunity__c  
&& NOT(ISCHANGED(Lock_Opportunity__c))
&& NOT(ISPICKVAL(Type, "Renewal"))
&& NOT(ISPICKVAL(Type, "Auto Renewal"))|Type=New Business , Lock_Opportunity__c=0
22:33:44.73 (1076751176)|VALIDATION_PASS
22:33:44.73 (1076752056)|VALIDATION_RULE|03dPb000000epAH|Lock_Pre_CPQ_Existing_Business_Opps
22:33:44.73 (1076802576)|VALIDATION_FORMULA|AND(
    $Profile.Name <> 'System Administrator',
    $Profile.Name <> "B - Looker",
    $User.Alias <> "Workato",
    Locked_Opp__c,
    NOT(ISNEW()),
    NOT(ISPICKVAL(StageName, "Closed Lost"))
)|Locked_Opp__c=0 , $Profile.Name=System Administrator , StageName=Discovery/Qualifying , $User.Alias=sunita.b
22:33:44.73 (1076804716)|VALIDATION_PASS
22:33:44.73 (1076805556)|VALIDATION_RULE|03dhG0000007Q7R|Missing_Opportunity_Products
22:33:44.73 (1076916437)|VALIDATION_FORMULA|AND(
    $Profile.Name <> "System Administrator",
    $Profile.Name <> "B - Looker",
    $User.Alias <> "Workato",
    Pricebook2.Name = "CPQ",
    NOT(ISBLANK(SBQQ__PrimaryQuote__c )),
    Number_of_Opportunity_Products__c <> SBQQ__PrimaryQuote__r.Number_of_Non_Amendment_Quote_Lines__c,
    ISPICKVAL(StageName,"Legal"),
				NOT(ISPICKVAL(Type, "Renewal")),
    Opp_Val_Bypass__c = false,
    SBQQ__PrimaryQuote__r.Quote_Val_Bypass__c = false
)|Type=New Business , $Profile.Name=System Administrator , SBQQ__PrimaryQuote__r.Number_of_Non_Amendment_Quote_Lines__c=null , StageName=Discovery/Qualifying , SBQQ__PrimaryQuote__c=null , Opp_Val_Bypass__c=1 , SBQQ__PrimaryQuote__r.Quote_Val_Bypass__c=null , $User.Alias=sunita.b , Number_of_Opportunity_Products__c=0 , Pricebook2.Name=Standard Price Book
22:33:44.73 (1076920287)|VALIDATION_PASS
22:33:44.73 (1076921047)|VALIDATION_RULE|03dPb000000eHtW|Must_have_Billing_Contact_for_Legal
22:33:44.73 (1077024348)|VALIDATION_FORMULA|AND(
    $Profile.Name <> "System Administrator",
    $Profile.Name <> "B - Looker",
    $User.Alias <> "Workato",
    Pricebook2.Name = "CPQ",
    NOT(ISBLANK(SBQQ__PrimaryQuote__c )),
    Account.Has_Billing_Contact__c = false,
    ISPICKVAL(StageName,"Legal"),
    Opp_Val_Bypass__c = false,
    SBQQ__PrimaryQuote__r.Quote_Val_Bypass__c = false,
    NOT(ISPICKVAL(Type, "Auto Renewal"))
)|Type=New Business , $Profile.Name=System Administrator , StageName=Discovery/Qualifying , SBQQ__PrimaryQuote__c=null , Account.Has_Billing_Contact__c=0 , Opp_Val_Bypass__c=1 , SBQQ__PrimaryQuote__r.Quote_Val_Bypass__c=null , $User.Alias=sunita.b , Pricebook2.Name=Standard Price Book
22:33:44.73 (1077028188)|VALIDATION_PASS
22:33:44.73 (1077028748)|VALIDATION_RULE|03dPb000000eHtX|Opp_Stage_Closed_Won
22:33:44.73 (1077127159)|VALIDATION_FORMULA|AND(
    ISPICKVAL(StageName, "Closed Won"),
    NOT(ISPICKVAL(sbaa__ApprovalStatus__c, "Approved")),
    ISCHANGED(StageName),
    OR(
        RecordType.Name = 'B2B',
        RecordType.Name = 'Education',
        RecordType.Name = 'Healthcare',
        RecordType.Name = 'Travel'
    ),
    NOT(ISPICKVAL(Type, "Auto Renewal")),
    $Profile.Name <> 'System Administrator',
    $Profile.Name <> "B - Looker",
    $User.Alias <> "Workato"
)|Type=New Business , $Profile.Name=System Administrator , StageName=Discovery/Qualifying , sbaa__ApprovalStatus__c=null , RecordType.Name=Education , $User.Alias=sunita.b
22:33:44.73 (1077130569)|VALIDATION_PASS
22:33:44.73 (1077131499)|VALIDATION_RULE|03dhG0000004ZNN|Renewal_Term_must_be_greater_than_0
22:33:44.73 (1077289200)|VALIDATION_FORMULA|AND(
$Profile.Name <> "System Administrator",
$Profile.Name <> "B - Looker",
$User.Alias <> "Workato",
Probability > 0.80,
OR(
Pricebook2.Name = "CPQ",
ISBLANK(Pricebook2Id)
),
OR(
RecordType.DeveloperName = "Education",
RecordType.DeveloperName = "Travel",
RecordType.DeveloperName = "B2B",
RecordType.DeveloperName = "Healthcare"
),
OR(
ISBLANK(SBQQ__PrimaryQuote__c),
NOT(ISPICKVAL(SBQQ__PrimaryQuote__r.SBQQ__Status__c, "Client_Approved")),
ISBLANK(TEXT(SBQQ__PrimaryQuote__r.Contract_has_Auto_Renewal_Terms__c)),
ISBLANK(SBQQ__PrimaryQuote__r.SBQQ__RenewalTerm__c),
SBQQ__PrimaryQuote__r.SBQQ__RenewalTerm__c = 0),
NOT(ISPICKVAL(Type, "Auto Renewal"))
)|SBQQ__PrimaryQuote__r.Contract_has_Auto_Renewal_Terms__c=null , Type=New Business , $Profile.Name=System Administrator , Pricebook2Id=01sf2000001vfF6 , RecordType.DeveloperName=Education , SBQQ__PrimaryQuote__c=null , Probability=10 , SBQQ__PrimaryQuote__r.SBQQ__RenewalTerm__c=null , $User.Alias=sunita.b , SBQQ__PrimaryQuote__r.SBQQ__Status__c=null , Pricebook2.Name=Standard Price Book
22:33:44.73 (1077294490)|VALIDATION_PASS
22:33:44.73 (1077295410)|VALIDATION_RULE|03dPb000000eHtY|Req_CPQ_Pricebook_Verticals
22:33:44.73 (1077376200)|VALIDATION_FORMULA|AND(
    $Profile.Name <> "System Administrator",
    $Profile.Name <> "B - Looker",
    $User.Alias <> "Workato",
    IsClosed = false,
    ISCHANGED(Pricebook2Id),
    Pricebook2.Name <> 'CPQ',
    NOT(ISPICKVAL(Type,'Statement of Work')),
    RecordType.DeveloperName != 'Agents',
    RecordType.DeveloperName != 'Healthcare_SOW',
    RecordType.DeveloperName != 'Bank_PSP_Partner',
    RecordType.DeveloperName != 'Strategic_Partner'
)|Type=New Business , $Profile.Name=System Administrator , Pricebook2Id=01sf2000001vfF6 , RecordType.DeveloperName=Education , IsClosed=0 , $User.Alias=sunita.b , Pricebook2.Name=Standard Price Book
22:33:44.73 (1077379390)|VALIDATION_PASS
22:33:44.73 (1077380160)|VALIDATION_RULE|03d5w000000gts0|Req_SubIndustry_30
22:33:44.73 (1077490701)|VALIDATION_FORMULA|AND(
    $Profile.Name <> "System Administrator",
    $Profile.Name <> "B - Looker",
    $User.Alias <> "Workato",
    Probability >= 0.30,
    ISBLANK(TEXT(Account.Account_Sub_Industry__c)),
    OR(
        RecordType.Name = "Education",
        RecordType.Name = "Healthcare",
        RecordType.Name = "Travel",
        RecordType.Name = "B2B"
    ),
    NOT(ISPICKVAL(Type, "Auto Renewal"))
)
&& Opp_Val_Bypass__c = false|Type=New Business , $Profile.Name=System Administrator , Probability=10 , Opp_Val_Bypass__c=1 , Account.Account_Sub_Industry__c=null , RecordType.Name=Education , $User.Alias=sunita.b
22:33:44.73 (1077494391)|VALIDATION_PASS
22:33:44.73 (1077495301)|VALIDATION_RULE|03df2000000HAKE|Shipping_Country_30
22:33:44.73 (1077583352)|VALIDATION_FORMULA|AND(
    $Profile.Name <> "System Administrator",
    $Profile.Name <> "B - Looker",
    $User.Alias <> "Workato",
    Pricebook2.Name <> "CPQ",
    Probability >=0.30,
    ISBLANK(Account.ShippingCountry),
    NOT(ISPICKVAL(Type, "Auto Renewal"))
)
&& Opp_Val_Bypass__c = false|Type=New Business , $Profile.Name=System Administrator , Probability=10 , Account.ShippingCountry=United States , Opp_Val_Bypass__c=1 , $User.Alias=sunita.b , Pricebook2.Name=Standard Price Book
22:33:44.73 (1077586512)|VALIDATION_PASS
22:33:44.73 (1077587192)|VALIDATION_RULE|03dPb000000eHtb|Tax_ID_Required_to_move_to_Legal
22:33:44.73 (1077666493)|VALIDATION_FORMULA|AND(
    $Profile.Name <> 'System Administrator',
    $Profile.Name <> "B - Looker",
    $User.Alias <> "Workato",
    Pricebook2.Name = 'CPQ',
    Probability > 0.80,
    ISBLANK(Account.Tax_Id__c),
    NOT(ISPICKVAL(Type, "Auto Renewal"))
)
&& Opp_Val_Bypass__c = false|Type=New Business , $Profile.Name=System Administrator , Probability=10 , Opp_Val_Bypass__c=1 , $User.Alias=sunita.b , Pricebook2.Name=Standard Price Book , Account.Tax_Id__c=4657TH54
22:33:44.73 (1077669303)|VALIDATION_PASS
22:33:44.73 (1077670043)|VALIDATION_RULE|03d5w000000gmDg|Travel_Amount_10
22:33:44.73 (1077742363)|VALIDATION_FORMULA|AND(
$Profile.Name <> 'System Administrator',
$Profile.Name <> "B - Looker",
$User.Alias <> "Workato",
RecordType.Name = 'Travel',
Probability >0.90,
Opp_ARR__c < 5000.00,
NOT(HasOpportunityLineItem)
)
&& Opp_Val_Bypass__c = false|Opp_ARR__c=0 , $Profile.Name=System Administrator , HasOpportunityLineItem=0 , Probability=10 , Opp_Val_Bypass__c=1 , RecordType.Name=Education , $User.Alias=sunita.b
22:33:44.73 (1077745123)|VALIDATION_PASS
22:33:44.73 (1077745873)|VALIDATION_RULE|03dhG0000002pzL|Usage_Rate_Not_Added_to_All_Lines
22:33:44.73 (1077782733)|VALIDATION_FORMULA|AND(
 ISPICKVAL(StageName, "Legal"), 
 SBQQ__PrimaryQuote__r.Count_usage_field_values__c  > 0 )|SBQQ__PrimaryQuote__r.Count_usage_field_values__c=null , StageName=Discovery/Qualifying
22:33:44.73 (1077784473)|VALIDATION_PASS
22:33:44.73 (1077789624)|CODE_UNIT_FINISHED|Validation:Opportunity:006hG000007F7DF
22:33:44.109 (1109771782)|HEAP_ALLOCATE|[EXTERNAL]|Bytes:8
22:33:44.109 (1109829873)|HEAP_ALLOCATE|[EXTERNAL]|Bytes:8
22:33:44.109 (1109906653)|HEAP_ALLOCATE|[EXTERNAL]|Bytes:36
22:33:44.109 (1109920673)|VARIABLE_SCOPE_BEGIN|[1]|this|SBQQ.OpportunityAfter|true|false
22:33:44.109 (1109999314)|VARIABLE_ASSIGNMENT|[1]|this|{}|0x590dbad4
22:33:44.111 (1111266273)|CUMULATIVE_LIMIT_USAGE
22:33:44.111 (1111266273)|LIMIT_USAGE_FOR_NS|(default)|
  Number of SOQL queries: 1 out of 100
  Number of query rows: 0 out of 50000
  Number of SOSL queries: 0 out of 20
  Number of DML statements: 6 out of 150
  Number of Publish Immediate DML: 0 out of 150
  Number of DML rows: 5 out of 10000
  Maximum CPU time: 182 out of 10000
  Maximum heap size: 0 out of 10000000
  Number of callouts: 0 out of 100
  Number of Email Invocations: 0 out of 10
  Number of future calls: 0 out of 50
  Number of queueable jobs added to the queue: 0 out of 50
  Number of Mobile Apex push calls: 0 out of 10

22:33:44.111 (1111266273)|LIMIT_USAGE_FOR_NS|sbaa|
  Number of SOQL queries: 0 out of 100
  Number of query rows: 0 out of 50000
  Number of SOSL queries: 0 out of 20
  Number of DML statements: 0 out of 150
  Number of Publish Immediate DML: 0 out of 150
  Number of DML rows: 0 out of 10000
  Maximum CPU time: 0 out of 10000
  Maximum heap size: 0 out of 10000000
  Number of callouts: 0 out of 100
  Number of Email Invocations: 0 out of 10
  Number of future calls: 0 out of 50
  Number of queueable jobs added to the queue: 0 out of 50
  Number of Mobile Apex push calls: 0 out of 10

22:33:44.111 (1111266273)|CUMULATIVE_LIMIT_USAGE_END

22:33:44.58 (1113154407)|FLOW_START_INTERVIEWS_END|1
22:33:44.58 (1114330366)|FLOW_INTERVIEW_FINISHED|9539e03000cd89507d5f42e3af721a05decb220-5bdc|(OPP) Stage Date & Acct Status Update
22:33:44.118 (1118036353)|FLOW_CREATE_INTERVIEW_BEGIN|00DhG0000000jOX|3008W000000snQX|301hG000005enDl
22:33:44.118 (1118088593)|FLOW_CREATE_INTERVIEW_END|9540e03000cd89507d5f42e3af721a05decb220-5bdb|(OPP) Update GM Health
22:33:44.118 (1118462966)|FLOW_START_INTERVIEWS_BEGIN|1
22:33:44.118 (1118486996)|FLOW_START_INTERVIEW_BEGIN|9540e03000cd89507d5f42e3af721a05decb220-5bdb|(OPP) Update GM Health
22:33:44.118 (1118601237)|FLOW_START_INTERVIEW_END|9540e03000cd89507d5f42e3af721a05decb220-5bdb|(OPP) Update GM Health
22:33:44.125 (1125315277)|HEAP_ALLOCATE|[EXTERNAL]|Bytes:8
22:33:44.125 (1125344397)|HEAP_ALLOCATE|[EXTERNAL]|Bytes:8
22:33:44.125 (1125377957)|HEAP_ALLOCATE|[EXTERNAL]|Bytes:4
22:33:44.125 (1125386117)|VARIABLE_SCOPE_BEGIN|[1]|this|SBQQ.OpportunityBefore|true|false
22:33:44.125 (1125428918)|VARIABLE_ASSIGNMENT|[1]|this|{}|0x446f4108
22:33:44.125 (1125655759)|CUMULATIVE_LIMIT_USAGE
22:33:44.125 (1125655759)|LIMIT_USAGE_FOR_NS|(default)|
  Number of SOQL queries: 1 out of 100
  Number of query rows: 0 out of 50000
  Number of SOSL queries: 0 out of 20
  Number of DML statements: 7 out of 150
  Number of Publish Immediate DML: 0 out of 150
  Number of DML rows: 6 out of 10000
  Maximum CPU time: 209 out of 10000
  Maximum heap size: 0 out of 10000000
  Number of callouts: 0 out of 100
  Number of Email Invocations: 0 out of 10
  Number of future calls: 0 out of 50
  Number of queueable jobs added to the queue: 0 out of 50
  Number of Mobile Apex push calls: 0 out of 10

22:33:44.125 (1125655759)|LIMIT_USAGE_FOR_NS|sbaa|
  Number of SOQL queries: 0 out of 100
  Number of query rows: 0 out of 50000
  Number of SOSL queries: 0 out of 20
  Number of DML statements: 0 out of 150
  Number of Publish Immediate DML: 0 out of 150
  Number of DML rows: 0 out of 10000
  Maximum CPU time: 0 out of 10000
  Maximum heap size: 0 out of 10000000
  Number of callouts: 0 out of 100
  Number of Email Invocations: 0 out of 10
  Number of future calls: 0 out of 50
  Number of queueable jobs added to the queue: 0 out of 50
  Number of Mobile Apex push calls: 0 out of 10

22:33:44.125 (1125655759)|CUMULATIVE_LIMIT_USAGE_END

22:33:44.126 (1126981929)|CUMULATIVE_LIMIT_USAGE
22:33:44.126 (1126981929)|LIMIT_USAGE_FOR_NS|(default)|
  Number of SOQL queries: 1 out of 100
  Number of query rows: 0 out of 50000
  Number of SOSL queries: 0 out of 20
  Number of DML statements: 7 out of 150
  Number of Publish Immediate DML: 0 out of 150
  Number of DML rows: 6 out of 10000
  Maximum CPU time: 209 out of 10000
  Maximum heap size: 0 out of 10000000
  Number of callouts: 0 out of 100
  Number of Email Invocations: 0 out of 10
  Number of future calls: 0 out of 50
  Number of queueable jobs added to the queue: 0 out of 50
  Number of Mobile Apex push calls: 0 out of 10

22:33:44.126 (1126981929)|LIMIT_USAGE_FOR_NS|sbaa|
  Number of SOQL queries: 0 out of 100
  Number of query rows: 0 out of 50000
  Number of SOSL queries: 0 out of 20
  Number of DML statements: 0 out of 150
  Number of Publish Immediate DML: 0 out of 150
  Number of DML rows: 0 out of 10000
  Maximum CPU time: 0 out of 10000
  Maximum heap size: 0 out of 10000000
  Number of callouts: 0 out of 100
  Number of Email Invocations: 0 out of 10
  Number of future calls: 0 out of 50
  Number of queueable jobs added to the queue: 0 out of 50
  Number of Mobile Apex push calls: 0 out of 10

22:33:44.126 (1126981929)|CUMULATIVE_LIMIT_USAGE_END

22:33:44.132 (1132710693)|CODE_UNIT_STARTED|[EXTERNAL]|Validation:Opportunity:006hG000007F7DF
22:33:44.132 (1132725683)|VALIDATION_RULE|03dPb000000eHtP|Account_cant_be_changed_primary_quote
22:33:44.132 (1132800743)|VALIDATION_FORMULA|AND(ISCHANGED(AccountId),
NOT(ISBLANK(SBQQ__PrimaryQuote__c)))|AccountId=001hG00000Bgdcv , SBQQ__PrimaryQuote__c=null
22:33:44.132 (1132803733)|VALIDATION_PASS
22:33:44.132 (1132804783)|VALIDATION_RULE|03d8W0000019V87|BDR_Owner_Exception_Open_Opps
22:33:44.132 (1133037305)|VALIDATION_FORMULA|AND(
    $Profile.Name <> "B - Looker",
    $Profile.Name <> 'System Administrator',
    $User.Alias <> "Workato",
    IsClosed = false,
    NOT(
    OR(
BDR_Owner__r.Flow_Full_Name__c = "Javier Fontoba",
BDR_Owner__r.Flow_Full_Name__c = "Anne-Sophie Kadjo",
BDR_Owner__r.Flow_Full_Name__c = "Minori Nishioka",
BDR_Owner__r.Flow_Full_Name__c = "Charlie Dreher",
BDR_Owner__r.Flow_Full_Name__c = "Caitlin Cowdrey",
BDR_Owner__r.Flow_Full_Name__c = "Sabrina Alam",
BDR_Owner__r.Flow_Full_Name__c = "Alex Godfrey",
BDR_Owner__r.Flow_Full_Name__c = "John Quinn",
BDR_Owner__r.Flow_Full_Name__c = "Chloe Engle",
BDR_Owner__r.Flow_Full_Name__c = "Leah Prigmore",
BDR_Owner__r.Flow_Full_Name__c = "Sophie Brockbank",
BDR_Owner__r.Flow_Full_Name__c = "Mubz Rahman",
BDR_Owner__r.Flow_Full_Name__c = "Gustavo Ruiz-Esteller",
BDR_Owner__r.Flow_Full_Name__c = "Lloyd Ng",
BDR_Owner__r.Flow_Full_Name__c = "Sherlyn Yang",
BDR_Owner__r.Flow_Full_Name__c = "Kaila Decarvalho",
BDR_Owner__r.Flow_Full_Name__c = "Kelsey Fikkert",
BDR_Owner__r.Flow_Full_Name__c = "Ellis Croce",
BDR_Owner__r.Flow_Full_Name__c = "Yui Takahashi",
BDR_Owner__r.Flow_Full_Name__c = "Patrick Stacy",
BDR_Owner__r.Flow_Full_Name__c = "Praveen Vivinthas",
ISBLANK( BDR_Owner__c )
        )
    ),
    NOT(ISPICKVAL(Type, "Auto Renewal"))
)
&& Opp_Val_Bypass__c = false|BDR_Owner__r.Flow_Full_Name__c=null , BDR_Owner__c=null , Type=New Business , $Profile.Name=System Administrator , Opp_Val_Bypass__c=1 , IsClosed=0 , $User.Alias=sunita.b
22:33:44.132 (1133044905)|VALIDATION_PASS
22:33:44.132 (1133045625)|VALIDATION_RULE|03dPb000000eHtR|Cant_Change_ShipTo_If_Approved_Quote
22:33:44.132 (1133161766)|VALIDATION_FORMULA|AND(
  $Profile.Name <> 'System Administrator',
  $Profile.Name <> "B - Looker",
  $User.Alias <> "Workato",
  NOT(ISBLANK(SBQQ__PrimaryQuote__c)),
  ISPICKVAL(SBQQ__PrimaryQuote__r.ApprovalStatus__c, 'Approved'),
  ISCHANGED(Ship_To_Account__c)
)|Ship_To_Account__c=001hG00000Bgdcv , $Profile.Name=System Administrator , SBQQ__PrimaryQuote__r.ApprovalStatus__c=null , SBQQ__PrimaryQuote__c=null , $User.Alias=sunita.b
22:33:44.132 (1133165146)|VALIDATION_PASS
22:33:44.132 (1133165916)|VALIDATION_RULE|03df20000003jYN|Check_CompanyId_Value
22:33:44.132 (1133198196)|VALIDATION_FORMULA|AND(
	(LID__LinkedIn_Company_Id__c <> NULL),
	NOT(ISNUMBER(LID__LinkedIn_Company_Id__c))
)|LID__LinkedIn_Company_Id__c=null
22:33:44.132 (1133200156)|VALIDATION_PASS
22:33:44.132 (1133200886)|VALIDATION_RULE|03d8W000001DX5b|Check_Company_Id_Value
22:33:44.132 (1133221576)|VALIDATION_FORMULA|AND(
	(LID__LinkedIn_Company_Id__c <> NULL),
	NOT(ISNUMBER(LID__LinkedIn_Company_Id__c))
)|LID__LinkedIn_Company_Id__c=null
22:33:44.132 (1133223017)|VALIDATION_PASS
22:33:44.132 (1133223707)|VALIDATION_RULE|03dPb000000eHtS|ContractURLtoDrive
22:33:44.132 (1133286077)|VALIDATION_FORMULA|AND(
    $Profile.Name <> "B - Looker",
    $User.Alias <> "Workato",
    Pricebook2.Name = 'CPQ',
    NOT(ISBLANK(Contract_URL__c)),
    LOWER(LEFT(Contract_URL__c,24)) <> "https://drive.google.com"
)|$Profile.Name=System Administrator , Contract_URL__c=null , $User.Alias=sunita.b , Pricebook2.Name=Standard Price Book
22:33:44.132 (1133288467)|VALIDATION_PASS
22:33:44.132 (1133289257)|VALIDATION_RULE|03dhG000000vL4X|Desired_Go_Live_80
22:33:44.132 (1133408648)|VALIDATION_FORMULA|AND(
$Profile.Name <> "System Administrator",
$Profile.Name <> "B - Looker",
$User.Alias <> "Workato",
IsClosed = False,
Probability >=0.80,
SBQQ__PrimaryQuote__r.Number_of_New_Quote_Lines__c >=1,
OR(
RecordType.Name = 'B2B',
RecordType.Name = 'Education',
RecordType.Name = 'Healthcare'
),
ISBLANK( Desired_Go_Live_Date__c),
NOT(ISPICKVAL(Type, "Renewal")),
NOT(ISPICKVAL(Type, "Auto Renewal"))
)
&& Opp_Val_Bypass__c = false|Type=New Business , $Profile.Name=System Administrator , SBQQ__PrimaryQuote__r.Number_of_New_Quote_Lines__c=null , Probability=10 , Desired_Go_Live_Date__c=null , Opp_Val_Bypass__c=1 , IsClosed=0 , RecordType.Name=Education , $User.Alias=sunita.b
22:33:44.132 (1133412528)|VALIDATION_PASS
22:33:44.132 (1133413298)|VALIDATION_RULE|03dPb000000eHtT|Edu_CompetitorName_80
22:33:44.132 (1133538239)|VALIDATION_FORMULA|AND(
    $Profile.Name <> "System Administrator",
    $Profile.Name <> "B - Looker",
    $User.Alias <> "Workato",
    IsClosed = False,
    RecordType.Name = 'Education',
    Probability >=0.80,
    ISBLANK ( Competitor_Name__c ),
    NOT(ISPICKVAL(Type, "Renewal")),
    NOT(ISPICKVAL(Type, "Auto Renewal"))
)
&& Opp_Val_Bypass__c = false|Competitor_Name__c=null , Type=New Business , $Profile.Name=System Administrator , Probability=10 , Opp_Val_Bypass__c=1 , IsClosed=0 , RecordType.Name=Education , $User.Alias=sunita.b
22:33:44.132 (1133541709)|VALIDATION_PASS
22:33:44.132 (1133542589)|VALIDATION_RULE|03d8W000001HnTm|Int_Partner_w_Qual_Integration
22:33:44.132 (1133659620)|VALIDATION_FORMULA|AND(
    $Profile.Name <> "System Administrator",
    $Profile.Name <> "B - Looker",
    $User.Alias <> "Workato",
    OR(
        NOT(ISPICKVAL(Qualifying_Integration__c , ""))
    ),
    OR(
        NOT(ISPICKVAL(Qualifying_Integration__c , "Non Partner - Custom Integration"))
    ), 
    ISBLANK(Integration_Partner__c),
    (DateValue(CreatedDate) > Date(2023, 08, 01)),
    NOT(ISPICKVAL(Type, "Auto Renewal"))
)
&& Opp_Val_Bypass__c = false|Qualifying_Integration__c=null , Type=New Business , $Profile.Name=System Administrator , CreatedDate=2026-09-01 17:03:44 , Opp_Val_Bypass__c=1 , $User.Alias=sunita.b , Integration_Partner__c=null
22:33:44.132 (1133663230)|VALIDATION_PASS
22:33:44.132 (1133664070)|VALIDATION_RULE|03d5w000000ghWc|Lost_to_Competitor_Incumbent
22:33:44.132 (1133781971)|VALIDATION_FORMULA|AND(
 $Profile.Name <> 'System Administrator',
$Profile.Name <> "B - Looker",
$User.Alias <> "Workato",
 RecordType.Name = 'Education',
 RecordType.Name = 'Travel',
 ISBLANK ( Competitor_Name__c ),
 ISPICKVAL ( Lost_Sub_Reason__c , "Staying with Incumbent Provider")
)
&& Opp_Val_Bypass__c = false|Competitor_Name__c=null , $Profile.Name=System Administrator , Opp_Val_Bypass__c=1 , RecordType.Name=Education , Lost_Sub_Reason__c=null , $User.Alias=sunita.b
22:33:44.132 (1133785131)|VALIDATION_PASS
22:33:44.132 (1133786041)|VALIDATION_RULE|03d8W000001DX54|Past_Closed_Date
22:33:44.132 (1133862551)|VALIDATION_FORMULA|AND(
    $Profile.Name <> "System Administrator",
    $Profile.Name <> "B - Looker",
    $User.Alias <> "Workato",
    IsClosed = False,
    CloseDate < TODAY(),
    Probability < 0.9,
    NOT(ISPICKVAL(Type, "Auto Renewal"))
)
&& Opp_Val_Bypass__c = false|Type=New Business , $Profile.Name=System Administrator , Probability=10 , Opp_Val_Bypass__c=1 , IsClosed=0 , $User.Alias=sunita.b , CloseDate=2026-10-01 00:00:00
22:33:44.132 (1133865301)|VALIDATION_PASS
22:33:44.132 (1133866101)|VALIDATION_RULE|03dPb000000eHtZ|Required_fields_for_Legal
22:33:44.132 (1134114093)|VALIDATION_FORMULA|AND(
    $Profile.Name <> "System Administrator",
    $Profile.Name <> "B - Looker",
    $User.Alias <> "Workato",
    Probability > 0.80,
    OR(
        Pricebook2.Name = "CPQ",
        ISBLANK(Pricebook2Id)
    ),
    OR(
        RecordType.DeveloperName = "Education",
        RecordType.DeveloperName = "Travel",
        RecordType.DeveloperName = "B2B",
        RecordType.DeveloperName = "Healthcare"
    ),
    OR(
        ISBLANK(SBQQ__PrimaryQuote__c),
        NOT(ISPICKVAL(SBQQ__PrimaryQuote__r.SBQQ__Status__c, "Client_Approved")),
        ISBLANK(TEXT(SBQQ__PrimaryQuote__r.Exclusivity__c )),
        ISBLANK(TEXT(SBQQ__PrimaryQuote__r.Termination__c)),
        ISBLANK(TEXT(SBQQ__PrimaryQuote__r.Publicity__c)),
        ISBLANK(TEXT(SBQQ__PrimaryQuote__r.Flywire_Entity__c)),
        ISBLANK(TEXT(SBQQ__PrimaryQuote__r.SBQQ__PaymentTerms__c)),
        AND(
            ISPICKVAL(SBQQ__PrimaryQuote__r.PO_Required__c, "Yes"),
            ISBLANK(SBQQ__PrimaryQuote__r.PO__c)
        )
    ),
    NOT(ISPICKVAL(Type, "Auto Renewal"))
)|Pricebook2Id=01sf2000001vfF6 , SBQQ__PrimaryQuote__c=null , SBQQ__PrimaryQuote__r.SBQQ__PaymentTerms__c=null , Probability=10 , SBQQ__PrimaryQuote__r.SBQQ__Status__c=null , Type=New Business , $Profile.Name=System Administrator , SBQQ__PrimaryQuote__r.PO__c=null , RecordType.DeveloperName=Education , SBQQ__PrimaryQuote__r.PO_Required__c=null , SBQQ__PrimaryQuote__r.Publicity__c=null , SBQQ__PrimaryQuote__r.Termination__c=null , SBQQ__PrimaryQuote__r.Exclusivity__c=null , $User.Alias=sunita.b , SBQQ__PrimaryQuote__r.Flywire_Entity__c=null , Pricebook2.Name=Standard Price Book
22:33:44.132 (1134120743)|VALIDATION_PASS
22:33:44.132 (1134121603)|VALIDATION_RULE|03df20000003YAc|Requires_a_Reason_For_Closed_Loss_Opp
22:33:44.132 (1134230344)|VALIDATION_FORMULA|AND(
 $Profile.Name <> 'System Administrator',
 $Profile.Name <> "B - Looker",
 ISPICKVAL (StageName, "Closed Lost"),
 ISBLANK (TEXT(Lost_Reason__c)),
 ISBLANK (TEXT( Lost_Sub_Reason__c ))
)
&& Opp_Val_Bypass__c = false|$Profile.Name=System Administrator , StageName=Discovery/Qualifying , Lost_Reason__c=null , Opp_Val_Bypass__c=1 , Lost_Sub_Reason__c=null
22:33:44.132 (1134233174)|VALIDATION_PASS
22:33:44.132 (1134233974)|VALIDATION_RULE|03d8W0000019Ufa|RFP_Override_Reason
22:33:44.132 (1134267214)|VALIDATION_FORMULA|AND(
No_Bid_Override__c = True,
ISBLANK(No_Bid_Override_Reason__c)
)|No_Bid_Override__c=0 , No_Bid_Override_Reason__c=null
22:33:44.132 (1134268844)|VALIDATION_PASS
22:33:44.132 (1134269754)|VALIDATION_RULE|03dPb000000eHta|Strategic_Partner_Cant_Use_Flywire_Paper
22:33:44.132 (1134344795)|VALIDATION_FORMULA|AND(
    $Profile.Name <> "B - Looker",
    $User.Alias <> "Workato",
    Account.RecordType.DeveloperName = "Strategic_Partner",
    RecordType.DeveloperName = "Healthcare",
    ISPICKVAL(Contract_Paper__c, "Flywire"),
    ISCHANGED(Probability)
)|$Profile.Name=System Administrator , RecordType.DeveloperName=Education , Probability=10 , Contract_Paper__c=Flywire , $User.Alias=sunita.b , Account.RecordType.DeveloperName=Education
22:33:44.132 (1134347365)|VALIDATION_PASS
22:33:44.132 (1134348145)|VALIDATION_RULE|03dPb000000eHtc|Type_Not_New_If_Contracted
22:33:44.132 (1134405915)|VALIDATION_FORMULA|AND(
    $Profile.Name <> "System Administrator",
    $Profile.Name <> "B - Looker",
    $User.Alias <> "Workato", 
    OR(
        NOT(ISBLANK(SBQQ__RenewedContract__c)),
        NOT(ISBLANK(SBQQ__AmendedContract__c))
    ),
    ISPICKVAL(Type,"New Business")
)|Type=New Business , $Profile.Name=System Administrator , SBQQ__RenewedContract__c=null , SBQQ__AmendedContract__c=null , $User.Alias=sunita.b
22:33:44.132 (1134408265)|VALIDATION_PASS
22:33:44.132 (1134409135)|VALIDATION_RULE|03dPb000000eHtO|Account_FullAddress_80
22:33:44.132 (1134527426)|VALIDATION_FORMULA|AND(
    $Profile.Name <> "System Administrator",
    $Profile.Name <> "B - Looker",
    $User.Alias <> "Workato",
    IsClosed = False,
    Probability >=0.80,
    Pricebook2.Name <> 'CPQ',
    OR(
        ISBLANK(Account.ShippingCountry),
        ISBLANK(Account.ShippingStreet)
    ),
    NOT(ISPICKVAL(Type, "Auto Renewal"))
)
&& Opp_Val_Bypass__c = false|Type=New Business , $Profile.Name=System Administrator , Probability=10 , Account.ShippingCountry=United States , Opp_Val_Bypass__c=1 , IsClosed=0 , $User.Alias=sunita.b , Account.ShippingStreet=456 Ship St , Pricebook2.Name=Standard Price Book
22:33:44.132 (1134530936)|VALIDATION_PASS
22:33:44.132 (1134531706)|VALIDATION_RULE|03d8W000001DXGZ|Account_Industry_Cant_BeTravel
22:33:44.132 (1134642187)|VALIDATION_FORMULA|AND(
    $Profile.Name <> 'System Administrator',
    $Profile.Name <> "B - Looker",
    $User.Alias <> "Workato",
    RecordType.Name = 'Travel',
    Probability >=0.30,
    IsClosed = false,
    OR(
        NOT(ISPICKVAL(Account.Account_Industry__c, 'Accommodations'))),
    OR(
        NOT(ISPICKVAL(Account.Account_Industry__c, 'DMC'))),
				OR(
								NOT(ISPICKVAL(Account.Account_Industry__c, 'Hospitality'))),
    OR(
        NOT(ISPICKVAL(Account.Account_Industry__c, 'Travel Operator'))
    ),
    NOT(ISPICKVAL(Type, "Auto Renewal"))
)
&& Opp_Val_Bypass__c = false|Account.Account_Industry__c=Education , Type=New Business , $Profile.Name=System Administrator , Probability=10 , Opp_Val_Bypass__c=1 , RecordType.Name=Education , IsClosed=0 , $User.Alias=sunita.b
22:33:44.132 (1134666307)|VALIDATION_PASS
22:33:44.132 (1134667257)|VALIDATION_RULE|03dhG000000g79x|Account_RM_cannot_be_inactive_on_Legal
22:33:44.132 (1134743728)|VALIDATION_FORMULA|AND(
$Profile.Name <> 'System Administrator',
$Profile.Name <> "B - Looker",
$User.Alias <> "Workato",
Pricebook2.Name = 'CPQ',
/* Probability is more than 80 when stage is updated to legal */
Probability > 0.80,
NOT(ISPICKVAL(Type,"Auto Renewal")),
NOT(Account.Relationship_Manager__r.IsActive)
)|Type=New Business , $Profile.Name=System Administrator , Account.Relationship_Manager__r.IsActive=null , Probability=10 , $User.Alias=sunita.b , Pricebook2.Name=Standard Price Book
22:33:44.132 (1134746738)|VALIDATION_PASS
22:33:44.132 (1134747528)|VALIDATION_RULE|03dPb000000eHtN|Acc_LegalName_80
22:33:44.132 (1134841209)|VALIDATION_FORMULA|AND(
    $Profile.Name <> 'System Administrator',
    $Profile.Name <> "B - Looker",
    $User.Alias <> "Workato",
    RecordType.Name != 'Bank-PSP Partner',
    RecordType.Name != 'Strategic Partner',
    RecordType.Name != 'Healthcare SOW',
    IsClosed = false,
    NOT(ISPICKVAL(Type, 'Statement of Work')),
    Probability >0.80,
    Account.Client_Legal_Entity_Name__c = "",
    NOT(ISPICKVAL(Type, "Auto Renewal"))
)
&& Opp_Val_Bypass__c = false|Type=New Business , $Profile.Name=System Administrator , Account.Client_Legal_Entity_Name__c=Edu Corp , Probability=10 , Opp_Val_Bypass__c=1 , RecordType.Name=Education , IsClosed=0 , $User.Alias=sunita.b
22:33:44.132 (1134844799)|VALIDATION_PASS
22:33:44.132 (1134845549)|VALIDATION_RULE|03d8W000001HnWv|Agents_Add_Product_10
22:33:44.132 (1134913249)|VALIDATION_FORMULA|AND(
$Profile.Name <> 'System Administrator',
$Profile.Name <> "B - Looker",
RecordType.Name = 'Agents',
Probability >0.10,
OR
(
NOT(HasOpportunityLineItem),
ISNULL(No_International_Payers_At_Opportunity__c))
)
&& Opp_Val_Bypass__c = false|$Profile.Name=System Administrator , HasOpportunityLineItem=0 , Probability=10 , Opp_Val_Bypass__c=1 , RecordType.Name=Education , No_International_Payers_At_Opportunity__c=null
22:33:44.132 (1134915989)|VALIDATION_PASS
22:33:44.132 (1134916849)|VALIDATION_RULE|03d5w000000lMSW|Agent_Won_requirements
22:33:44.132 (1135095501)|VALIDATION_FORMULA|AND(
$Profile.Name <> 'System Administrator',
$Profile.Name <> "B - Looker",
$User.Alias <> "Workato",
RecordType.Name = 'Agents',
Pricebook2.Name <> 'CPQ',
Probability > 0.90,
OR(
Account.Revenue_Share_Agreement__c = TRUE,
Contract_Not_Required__c = False),
OR
(
ISBLANK(TEXT(Account.Agent_Tier__c)),
ISBLANK(TEXT(Account.Account_Industry__c)),
ContractId = "",
ISBLANK(Contract.ActivatedDate),
ISBLANK(TEXT(Contract.Flywire_Entity__c)),
ISBLANK(Contract.StartDate),
ISBLANK(Contract.EndDate)
)
)
&& Opp_Val_Bypass__c = false|Contract_Not_Required__c=0 , Probability=10 , Opp_Val_Bypass__c=1 , Contract.StartDate=null , RecordType.Name=Education , Account.Revenue_Share_Agreement__c=0 , Contract.Flywire_Entity__c=null , Contract.EndDate=null , Account.Account_Industry__c=Education , $Profile.Name=System Administrator , Contract.ActivatedDate=null , Account.Agent_Tier__c=null , $User.Alias=sunita.b , ContractId=null , Pricebook2.Name=Standard Price Book
22:33:44.132 (1135100041)|VALIDATION_PASS
22:33:44.132 (1135100821)|VALIDATION_RULE|03d8W0000019VSK|B2B_PYMNT_Fields_Verbal_Rqrd
22:33:44.132 (1135237452)|VALIDATION_FORMULA|AND(
    $Profile.Name <> "System Administrator",
    $Profile.Name <> "B - Looker",
    $User.Alias <> "Workato",
    IsClosed = False,
    RecordType.Name = "B2B",
    DATEVALUE(CreatedDate) >= DATEVALUE("2023-12-18"),
    Probability >=0.80,
    OR(
        ISBLANK( Account.Annual_PYMT_Volume__c ),
        ISBLANK( Account.No_Annual_PYMT__c ),
        ISBLANK( Average_PYMNT_size__c ),
        ISBLANK( Total_Addressable_ARR__c ),
        ISBLANK( Total_Addressable_ARR_w_FW_Capabilities__c ),
        ISBLANK( Year_1_ARR_Projection__c )
    ),
    NOT(ISPICKVAL(Type, "Renewal")),
    NOT(ISPICKVAL(Type, "Auto Renewal"))
)
&& Opp_Val_Bypass__c = false|Total_Addressable_ARR__c=null , Total_Addressable_ARR_w_FW_Capabilities__c=null , Year_1_ARR_Projection__c=null , Probability=10 , Opp_Val_Bypass__c=1 , IsClosed=0 , RecordType.Name=Education , Average_PYMNT_size__c=null , Account.Annual_PYMT_Volume__c=null , Type=New Business , $Profile.Name=System Administrator , Account.No_Annual_PYMT__c=null , CreatedDate=2026-09-01 17:03:44 , $User.Alias=sunita.b
22:33:44.132 (1135242172)|VALIDATION_PASS
22:33:44.132 (1135243062)|VALIDATION_RULE|03dPb000000eHtQ|CPQ_AA_OPP_Move_To_Legal
22:33:44.132 (1135367393)|VALIDATION_FORMULA|AND(
    $Profile.Name <> 'System Administrator',
    $Profile.Name <> "B - Looker",
    $User.Alias <> "Workato",
    Pricebook2.Name = 'CPQ',
    Probability > 0.80,
    OR(
        ISBLANK(SBQQ__PrimaryQuote__c),
        ISBLANK(Account.Client_Legal_Entity_Name__c),
        OR(
            AND(
                RecordType.DeveloperName <> "Healthcare",
                ISBLANK(Ship_To_Account__c)
            ),
            AND(
                ISPICKVAL(SBQQ__PrimaryQuote__r.Multiple_Ship_to_Accounts__c,"No"),
                ISBLANK(Ship_To_Account__c)
            )
        ),
        ISPICKVAL(Type,""),
        ISBLANK(TEXT(SBQQ__PrimaryQuote__r.Multiple_Ship_to_Accounts__c))
    ),
    NOT(ISPICKVAL(Type, "Auto Renewal"))
)|Ship_To_Account__c=001hG00000Bgdcv , Type=New Business , $Profile.Name=System Administrator , RecordType.DeveloperName=Education , Account.Client_Legal_Entity_Name__c=Edu Corp , SBQQ__PrimaryQuote__c=null , Probability=10 , $User.Alias=sunita.b , SBQQ__PrimaryQuote__r.Multiple_Ship_to_Accounts__c=null , Pricebook2.Name=Standard Price Book
22:33:44.132 (1135372003)|VALIDATION_PASS
22:33:44.132 (1135372903)|VALIDATION_RULE|03d8W000001DXEn|Edu_RC_Symptoms_Impact_40
22:33:44.132 (1135508954)|VALIDATION_FORMULA|AND(
    $Profile.Name <> "System Administrator",
    $Profile.Name <> "B - Looker",
    $User.Alias <> "workato",
    Not( Account.Account_Region__c = "APAC"),
    IsClosed = False,
    RecordType.Name = 'Education',
    Probability >=0.40,
    OR(
        ISBLANK( Root_Cause__c),
        ISBLANK( Symptoms__c ),
        ISBLANK( Impact__c )
    ),
    NOT(ISPICKVAL(Type, "Renewal")),
    NOT(ISPICKVAL(Type, "Auto Renewal"))
)
&& Opp_Val_Bypass__c = false|Impact__c=null , Type=New Business , $Profile.Name=System Administrator , Probability=10 , Symptoms__c=null , Opp_Val_Bypass__c=1 , Account.Account_Region__c=NAMER , IsClosed=0 , RecordType.Name=Education , $User.Alias=sunita.b , Root_Cause__c=null
22:33:44.132 (1135512914)|VALIDATION_PASS
22:33:44.132 (1135513704)|VALIDATION_RULE|03dPb000000eHtU|KYC_Approved_80
22:33:44.132 (1135615584)|VALIDATION_FORMULA|AND(
    $Profile.Name <> "System Administrator",
    $Profile.Name <> "B - Looker",
    RecordType.Name <> "Bank-PSP Partner",
    RecordType.Name <> "Strategic Partner",
    RecordType.Name <> "Healthcare SOW",
    RecordType.Name <> "Healthcare",
    Probability > 0.8,
    NOT(ISPICKVAL(Account.KYC_Status__c , "Approved")),
    NOT(ISPICKVAL(Type, "Auto Renewal"))
)
&& Opp_Val_Bypass__c = false|Type=New Business , $Profile.Name=System Administrator , Probability=10 , Opp_Val_Bypass__c=1 , RecordType.Name=Education , Account.KYC_Status__c=null
22:33:44.132 (1135618894)|VALIDATION_PASS
22:33:44.132 (1135619784)|VALIDATION_RULE|03d5w000000gltp|Live_not_closed
22:33:44.132 (1135692215)|VALIDATION_FORMULA|AND(
$Profile.Name <> "System Administrator",
$Profile.Name <> "B - Looker",
TEXT(StageName) != "Closed Won",
NOT(ISBLANK(Date_First_Opp_Product_Live__c))
)
&& Opp_Val_Bypass__c = false|$Profile.Name=System Administrator , StageName=Discovery/Qualifying , Opp_Val_Bypass__c=1 , Date_First_Opp_Product_Live__c=null
22:33:44.132 (1135694605)|VALIDATION_PASS
22:33:44.132 (1135695655)|VALIDATION_RULE|03d8W0000019Umn|LockClosedOpp
22:33:44.132 (1135757865)|VALIDATION_FORMULA|AND(
$Profile.Name <> "System Administrator",
$Profile.Name <> "A - RevOps",
$Profile.Name <> "B - Looker",
$User.Alias <> "Workato",
NOT(ISBLANK (Date_100__c)),
NOT(ISCHANGED(Date_100__c))
)
&& Opp_Val_Bypass__c = false|$Profile.Name=System Administrator , Date_100__c=null , Opp_Val_Bypass__c=1 , $User.Alias=sunita.b
22:33:44.132 (1135760125)|VALIDATION_PASS
22:33:44.132 (1135760915)|VALIDATION_RULE|03dPb000000eHtV|Lock_Opportunity
22:33:44.132 (1135797836)|VALIDATION_FORMULA|Lock_Opportunity__c  
&& NOT(ISCHANGED(Lock_Opportunity__c))
&& NOT(ISPICKVAL(Type, "Renewal"))
&& NOT(ISPICKVAL(Type, "Auto Renewal"))|Type=New Business , Lock_Opportunity__c=0
22:33:44.132 (1135799606)|VALIDATION_PASS
22:33:44.132 (1135800466)|VALIDATION_RULE|03dPb000000epAH|Lock_Pre_CPQ_Existing_Business_Opps
22:33:44.132 (1135859256)|VALIDATION_FORMULA|AND(
    $Profile.Name <> 'System Administrator',
    $Profile.Name <> "B - Looker",
    $User.Alias <> "Workato",
    Locked_Opp__c,
    NOT(ISNEW()),
    NOT(ISPICKVAL(StageName, "Closed Lost"))
)|Locked_Opp__c=0 , $Profile.Name=System Administrator , StageName=Discovery/Qualifying , $User.Alias=sunita.b
22:33:44.132 (1135861566)|VALIDATION_PASS
22:33:44.132 (1135862316)|VALIDATION_RULE|03dhG0000007Q7R|Missing_Opportunity_Products
22:33:44.132 (1135970147)|VALIDATION_FORMULA|AND(
    $Profile.Name <> "System Administrator",
    $Profile.Name <> "B - Looker",
    $User.Alias <> "Workato",
    Pricebook2.Name = "CPQ",
    NOT(ISBLANK(SBQQ__PrimaryQuote__c )),
    Number_of_Opportunity_Products__c <> SBQQ__PrimaryQuote__r.Number_of_Non_Amendment_Quote_Lines__c,
    ISPICKVAL(StageName,"Legal"),
				NOT(ISPICKVAL(Type, "Renewal")),
    Opp_Val_Bypass__c = false,
    SBQQ__PrimaryQuote__r.Quote_Val_Bypass__c = false
)|Type=New Business , $Profile.Name=System Administrator , SBQQ__PrimaryQuote__r.Number_of_Non_Amendment_Quote_Lines__c=null , StageName=Discovery/Qualifying , SBQQ__PrimaryQuote__c=null , Opp_Val_Bypass__c=1 , SBQQ__PrimaryQuote__r.Quote_Val_Bypass__c=null , $User.Alias=sunita.b , Number_of_Opportunity_Products__c=0 , Pricebook2.Name=Standard Price Book
22:33:44.132 (1135973937)|VALIDATION_PASS
22:33:44.132 (1135974797)|VALIDATION_RULE|03dPb000000eHtW|Must_have_Billing_Contact_for_Legal
22:33:44.132 (1136070958)|VALIDATION_FORMULA|AND(
    $Profile.Name <> "System Administrator",
    $Profile.Name <> "B - Looker",
    $User.Alias <> "Workato",
    Pricebook2.Name = "CPQ",
    NOT(ISBLANK(SBQQ__PrimaryQuote__c )),
    Account.Has_Billing_Contact__c = false,
    ISPICKVAL(StageName,"Legal"),
    Opp_Val_Bypass__c = false,
    SBQQ__PrimaryQuote__r.Quote_Val_Bypass__c = false,
    NOT(ISPICKVAL(Type, "Auto Renewal"))
)|Type=New Business , $Profile.Name=System Administrator , StageName=Discovery/Qualifying , SBQQ__PrimaryQuote__c=null , Account.Has_Billing_Contact__c=0 , Opp_Val_Bypass__c=1 , SBQQ__PrimaryQuote__r.Quote_Val_Bypass__c=null , $User.Alias=sunita.b , Pricebook2.Name=Standard Price Book
22:33:44.132 (1136074608)|VALIDATION_PASS
22:33:44.132 (1136075528)|VALIDATION_RULE|03dPb000000eHtX|Opp_Stage_Closed_Won
22:33:44.132 (1136176239)|VALIDATION_FORMULA|AND(
    ISPICKVAL(StageName, "Closed Won"),
    NOT(ISPICKVAL(sbaa__ApprovalStatus__c, "Approved")),
    ISCHANGED(StageName),
    OR(
        RecordType.Name = 'B2B',
        RecordType.Name = 'Education',
        RecordType.Name = 'Healthcare',
        RecordType.Name = 'Travel'
    ),
    NOT(ISPICKVAL(Type, "Auto Renewal")),
    $Profile.Name <> 'System Administrator',
    $Profile.Name <> "B - Looker",
    $User.Alias <> "Workato"
)|Type=New Business , $Profile.Name=System Administrator , StageName=Discovery/Qualifying , sbaa__ApprovalStatus__c=null , RecordType.Name=Education , $User.Alias=sunita.b
22:33:44.132 (1136179579)|VALIDATION_PASS
22:33:44.132 (1136180509)|VALIDATION_RULE|03dhG0000004ZNN|Renewal_Term_must_be_greater_than_0
22:33:44.132 (1136331100)|VALIDATION_FORMULA|AND(
$Profile.Name <> "System Administrator",
$Profile.Name <> "B - Looker",
$User.Alias <> "Workato",
Probability > 0.80,
OR(
Pricebook2.Name = "CPQ",
ISBLANK(Pricebook2Id)
),
OR(
RecordType.DeveloperName = "Education",
RecordType.DeveloperName = "Travel",
RecordType.DeveloperName = "B2B",
RecordType.DeveloperName = "Healthcare"
),
OR(
ISBLANK(SBQQ__PrimaryQuote__c),
NOT(ISPICKVAL(SBQQ__PrimaryQuote__r.SBQQ__Status__c, "Client_Approved")),
ISBLANK(TEXT(SBQQ__PrimaryQuote__r.Contract_has_Auto_Renewal_Terms__c)),
ISBLANK(SBQQ__PrimaryQuote__r.SBQQ__RenewalTerm__c),
SBQQ__PrimaryQuote__r.SBQQ__RenewalTerm__c = 0),
NOT(ISPICKVAL(Type, "Auto Renewal"))
)|SBQQ__PrimaryQuote__r.Contract_has_Auto_Renewal_Terms__c=null , Type=New Business , $Profile.Name=System Administrator , Pricebook2Id=01sf2000001vfF6 , RecordType.DeveloperName=Education , SBQQ__PrimaryQuote__c=null , Probability=10 , SBQQ__PrimaryQuote__r.SBQQ__RenewalTerm__c=null , $User.Alias=sunita.b , SBQQ__PrimaryQuote__r.SBQQ__Status__c=null , Pricebook2.Name=Standard Price Book
22:33:44.132 (1136335610)|VALIDATION_PASS
22:33:44.132 (1136336420)|VALIDATION_RULE|03dPb000000eHtY|Req_CPQ_Pricebook_Verticals
22:33:44.132 (1136418390)|VALIDATION_FORMULA|AND(
    $Profile.Name <> "System Administrator",
    $Profile.Name <> "B - Looker",
    $User.Alias <> "Workato",
    IsClosed = false,
    ISCHANGED(Pricebook2Id),
    Pricebook2.Name <> 'CPQ',
    NOT(ISPICKVAL(Type,'Statement of Work')),
    RecordType.DeveloperName != 'Agents',
    RecordType.DeveloperName != 'Healthcare_SOW',
    RecordType.DeveloperName != 'Bank_PSP_Partner',
    RecordType.DeveloperName != 'Strategic_Partner'
)|Type=New Business , $Profile.Name=System Administrator , Pricebook2Id=01sf2000001vfF6 , RecordType.DeveloperName=Education , IsClosed=0 , $User.Alias=sunita.b , Pricebook2.Name=Standard Price Book
22:33:44.132 (1136421730)|VALIDATION_PASS
22:33:44.132 (1136422460)|VALIDATION_RULE|03d5w000000gts0|Req_SubIndustry_30
22:33:44.132 (1136533561)|VALIDATION_FORMULA|AND(
    $Profile.Name <> "System Administrator",
    $Profile.Name <> "B - Looker",
    $User.Alias <> "Workato",
    Probability >= 0.30,
    ISBLANK(TEXT(Account.Account_Sub_Industry__c)),
    OR(
        RecordType.Name = "Education",
        RecordType.Name = "Healthcare",
        RecordType.Name = "Travel",
        RecordType.Name = "B2B"
    ),
    NOT(ISPICKVAL(Type, "Auto Renewal"))
)
&& Opp_Val_Bypass__c = false|Type=New Business , $Profile.Name=System Administrator , Probability=10 , Opp_Val_Bypass__c=1 , Account.Account_Sub_Industry__c=null , RecordType.Name=Education , $User.Alias=sunita.b
22:33:44.132 (1136536931)|VALIDATION_PASS
22:33:44.132 (1136537571)|VALIDATION_RULE|03df2000000HAKE|Shipping_Country_30
22:33:44.132 (1136625742)|VALIDATION_FORMULA|AND(
    $Profile.Name <> "System Administrator",
    $Profile.Name <> "B - Looker",
    $User.Alias <> "Workato",
    Pricebook2.Name <> "CPQ",
    Probability >=0.30,
    ISBLANK(Account.ShippingCountry),
    NOT(ISPICKVAL(Type, "Auto Renewal"))
)
&& Opp_Val_Bypass__c = false|Type=New Business , $Profile.Name=System Administrator , Probability=10 , Account.ShippingCountry=United States , Opp_Val_Bypass__c=1 , $User.Alias=sunita.b , Pricebook2.Name=Standard Price Book
22:33:44.132 (1136628822)|VALIDATION_PASS
22:33:44.132 (1136629452)|VALIDATION_RULE|03dPb000000eHtb|Tax_ID_Required_to_move_to_Legal
22:33:44.132 (1136710642)|VALIDATION_FORMULA|AND(
    $Profile.Name <> 'System Administrator',
    $Profile.Name <> "B - Looker",
    $User.Alias <> "Workato",
    Pricebook2.Name = 'CPQ',
    Probability > 0.80,
    ISBLANK(Account.Tax_Id__c),
    NOT(ISPICKVAL(Type, "Auto Renewal"))
)
&& Opp_Val_Bypass__c = false|Type=New Business , $Profile.Name=System Administrator , Probability=10 , Opp_Val_Bypass__c=1 , $User.Alias=sunita.b , Pricebook2.Name=Standard Price Book , Account.Tax_Id__c=4657TH54
22:33:44.132 (1136713362)|VALIDATION_PASS
22:33:44.132 (1136714322)|VALIDATION_RULE|03d5w000000gmDg|Travel_Amount_10
22:33:44.132 (1136787813)|VALIDATION_FORMULA|AND(
$Profile.Name <> 'System Administrator',
$Profile.Name <> "B - Looker",
$User.Alias <> "Workato",
RecordType.Name = 'Travel',
Probability >0.90,
Opp_ARR__c < 5000.00,
NOT(HasOpportunityLineItem)
)
&& Opp_Val_Bypass__c = false|Opp_ARR__c=0 , $Profile.Name=System Administrator , HasOpportunityLineItem=0 , Probability=10 , Opp_Val_Bypass__c=1 , RecordType.Name=Education , $User.Alias=sunita.b
22:33:44.132 (1136790643)|VALIDATION_PASS
22:33:44.132 (1136791493)|VALIDATION_RULE|03dhG0000002pzL|Usage_Rate_Not_Added_to_All_Lines
22:33:44.132 (1136827133)|VALIDATION_FORMULA|AND(
 ISPICKVAL(StageName, "Legal"), 
 SBQQ__PrimaryQuote__r.Count_usage_field_values__c  > 0 )|SBQQ__PrimaryQuote__r.Count_usage_field_values__c=null , StageName=Discovery/Qualifying
22:33:44.132 (1136828933)|VALIDATION_PASS
22:33:44.132 (1136834573)|CODE_UNIT_FINISHED|Validation:Opportunity:006hG000007F7DF
22:33:44.169 (1169263304)|HEAP_ALLOCATE|[EXTERNAL]|Bytes:8
22:33:44.169 (1169319225)|HEAP_ALLOCATE|[EXTERNAL]|Bytes:8
22:33:44.169 (1169395635)|HEAP_ALLOCATE|[EXTERNAL]|Bytes:36
22:33:44.169 (1169409635)|VARIABLE_SCOPE_BEGIN|[1]|this|SBQQ.OpportunityAfter|true|false
22:33:44.169 (1169601637)|VARIABLE_ASSIGNMENT|[1]|this|{}|0x7c11791a
22:33:44.170 (1170791635)|CUMULATIVE_LIMIT_USAGE
22:33:44.170 (1170791635)|LIMIT_USAGE_FOR_NS|(default)|
  Number of SOQL queries: 1 out of 100
  Number of query rows: 0 out of 50000
  Number of SOSL queries: 0 out of 20
  Number of DML statements: 7 out of 150
  Number of Publish Immediate DML: 0 out of 150
  Number of DML rows: 6 out of 10000
  Maximum CPU time: 209 out of 10000
  Maximum heap size: 0 out of 10000000
  Number of callouts: 0 out of 100
  Number of Email Invocations: 0 out of 10
  Number of future calls: 0 out of 50
  Number of queueable jobs added to the queue: 0 out of 50
  Number of Mobile Apex push calls: 0 out of 10

22:33:44.170 (1170791635)|LIMIT_USAGE_FOR_NS|sbaa|
  Number of SOQL queries: 0 out of 100
  Number of query rows: 0 out of 50000
  Number of SOSL queries: 0 out of 20
  Number of DML statements: 0 out of 150
  Number of Publish Immediate DML: 0 out of 150
  Number of DML rows: 0 out of 10000
  Maximum CPU time: 0 out of 10000
  Maximum heap size: 0 out of 10000000
  Number of callouts: 0 out of 100
  Number of Email Invocations: 0 out of 10
  Number of future calls: 0 out of 50
  Number of queueable jobs added to the queue: 0 out of 50
  Number of Mobile Apex push calls: 0 out of 10

22:33:44.170 (1170791635)|CUMULATIVE_LIMIT_USAGE_END

22:33:44.118 (1172629389)|FLOW_START_INTERVIEWS_END|1
22:33:44.118 (1173642257)|FLOW_INTERVIEW_FINISHED|9540e03000cd89507d5f42e3af721a05decb220-5bdb|(OPP) Update GM Health
22:33:44.174 (1174936306)|CODE_UNIT_FINISHED|Flow:Opportunity
22:33:44.174 (1175424180)|CODE_UNIT_STARTED|[EXTERNAL]|Flow:Opportunity
22:33:44.174 (1177551345)|CODE_UNIT_FINISHED|Flow:Opportunity
22:33:44.174 (1201715565)|CODE_UNIT_STARTED|[EXTERNAL]|Flow:Account
22:33:44.203 (1203133936)|FLOW_CREATE_INTERVIEW_BEGIN|00DhG0000000jOX|300Pb00000t9Pvd|301Pb0000230SWF
22:33:44.203 (1203209606)|FLOW_CREATE_INTERVIEW_END|9541e03000cd89507d5f42e3af721a05decb220-5bda|(Account) Send CDC Event
22:33:44.203 (1203575689)|FLOW_START_INTERVIEWS_BEGIN|1
22:33:44.203 (1203603159)|FLOW_START_INTERVIEW_BEGIN|9541e03000cd89507d5f42e3af721a05decb220-5bda|(Account) Send CDC Event
22:33:44.203 (1203747800)|FLOW_START_INTERVIEW_END|9541e03000cd89507d5f42e3af721a05decb220-5bda|(Account) Send CDC Event
22:33:44.203 (1204190963)|FLOW_START_INTERVIEWS_END|1
22:33:44.203 (1204807358)|FLOW_INTERVIEW_FINISHED|9541e03000cd89507d5f42e3af721a05decb220-5bda|(Account) Send CDC Event
22:33:44.174 (1205762175)|CODE_UNIT_FINISHED|Flow:Account
22:33:44.206 (1206371950)|HEAP_ALLOCATE|[EXTERNAL]|Bytes:8
22:33:44.206 (1206404380)|HEAP_ALLOCATE|[EXTERNAL]|Bytes:8
22:33:44.206 (1206456910)|HEAP_ALLOCATE|[EXTERNAL]|Bytes:4
22:33:44.206 (1206470831)|VARIABLE_SCOPE_BEGIN|[1]|this|SBQQ.AccountBefore|true|false
22:33:44.206 (1206518321)|VARIABLE_ASSIGNMENT|[1]|this|{}|0xb87e304
22:33:44.206 (1206862864)|CUMULATIVE_LIMIT_USAGE
22:33:44.206 (1206862864)|LIMIT_USAGE_FOR_NS|(default)|
  Number of SOQL queries: 1 out of 100
  Number of query rows: 0 out of 50000
  Number of SOSL queries: 0 out of 20
  Number of DML statements: 7 out of 150
  Number of Publish Immediate DML: 0 out of 150
  Number of DML rows: 6 out of 10000
  Maximum CPU time: 242 out of 10000
  Maximum heap size: 0 out of 10000000
  Number of callouts: 0 out of 100
  Number of Email Invocations: 0 out of 10
  Number of future calls: 0 out of 50
  Number of queueable jobs added to the queue: 0 out of 50
  Number of Mobile Apex push calls: 0 out of 10

22:33:44.206 (1206862864)|LIMIT_USAGE_FOR_NS|sbaa|
  Number of SOQL queries: 0 out of 100
  Number of query rows: 0 out of 50000
  Number of SOSL queries: 0 out of 20
  Number of DML statements: 0 out of 150
  Number of Publish Immediate DML: 0 out of 150
  Number of DML rows: 0 out of 10000
  Maximum CPU time: 0 out of 10000
  Maximum heap size: 0 out of 10000000
  Number of callouts: 0 out of 100
  Number of Email Invocations: 0 out of 10
  Number of future calls: 0 out of 50
  Number of queueable jobs added to the queue: 0 out of 50
  Number of Mobile Apex push calls: 0 out of 10

22:33:44.206 (1206862864)|CUMULATIVE_LIMIT_USAGE_END

22:33:44.174 (1209679395)|CODE_UNIT_STARTED|[EXTERNAL]|Validation:Account:001hG00000Bgdcv
22:33:44.174 (1209691005)|VALIDATION_RULE|03dhG0000007W81|AgentsCohortGo_ID_only_editable_if_empty
22:33:44.174 (1209909327)|VALIDATION_FORMULA|AND(
    $RecordType.Name = "Agents",
    NOT($Profile.Name = "System Administrator"),
    NOT(ISBLANK(PRIORVALUE(CohortGo_ID__c))),
    ISCHANGED(CohortGo_ID__c)
)
&& Acc_Val_Bypass__c = false|$RecordType.Name=Education , $Profile.Name=System Administrator , CohortGo_ID__c=null , Acc_Val_Bypass__c=0
22:33:44.174 (1209913817)|VALIDATION_PASS
22:33:44.174 (1209914807)|VALIDATION_RULE|03df20000003jYK|Check_CompanyId_Value
22:33:44.174 (1209945877)|VALIDATION_FORMULA|AND(
	(LID__LinkedIn_Company_Id__c <> NULL),
	NOT(ISNUMBER(LID__LinkedIn_Company_Id__c))
)|LID__LinkedIn_Company_Id__c=null
22:33:44.174 (1209947887)|VALIDATION_PASS
22:33:44.174 (1209948657)|VALIDATION_RULE|03d8W000001DX5Y|Check_Company_Id_Value
22:33:44.174 (1209969777)|VALIDATION_FORMULA|AND(
	(LID__LinkedIn_Company_Id__c <> NULL),
	NOT(ISNUMBER(LID__LinkedIn_Company_Id__c))
)|LID__LinkedIn_Company_Id__c=null
22:33:44.174 (1209971237)|VALIDATION_PASS
22:33:44.174 (1209971957)|VALIDATION_RULE|03d8W0000019Uxk|Generic_Website_Not_Allowed
22:33:44.174 (1210251159)|VALIDATION_FORMULA|AND(
$Profile.Name <> "System Administrator",
IF(
CASE(Website_Domain_Capture__c,
'gmail.com', 1,
'yahoo.com', 1,
'xyz.com', 1,'hotmail.co.uk', 1,
'aol.com', 1,'hotmail.com', 1,
'hotmail.fr', 1,'msn.com', 1,'yahoo.fr', 1,'wanadoo.fr', 1,'orange.fr', 1,'comcast.net', 1,'outlook.com', 1,'yahoo.co.uk', 1,'yahoo.com.br', 1,'yahoo.co.in', 1,'live.com', 1,'rediffmail.com', 1,'free.fr', 1,'gmx.de', 1,'web.de', 1,'yandex.ru', 1,
'ymail.com', 1,'libero.it', 1,
'uol.com.br', 1,'bol.com.br', 1,'mail.ru', 1,'cox.net', 1,'hotmail.it', 1,'sbcglobal.net', 1,'sfr.fr', 1,'live.fr', 1,'verizon.net', 1,'live.co.uk', 1,'googlemail.com', 1,'yahoo.es', 1,'ig.com.br', 1,'live.nl', 1,'bigpond.com', 1,'terra.com.br', 1,'yahoo.it', 1,'neuf.fr', 1,
'yahoo.de', 1,'alice.it', 1,
'rocketmail.com', 1,'att.net', 1,'laposte.net', 1,'bellsouth.net', 1,'yahoo.in', 1,'hotmail.es', 1,'charter.net', 1,'yahoo.ca', 1,'yahoo.com.au', 1,'rambler.ru', 1,'hotmail.de', 1,'tiscali.it', 1,'shaw.ca', 1,'yahoo.co.jp', 1,'sky.com', 1,'earthlink.net', 1,'optonline.net', 1,'freenet.de', 1,
't-online.de', 1,'aliceadsl.fr', 1,
'home.nl', 1,'virgilio.it', 1,'qq.com', 1,'telenet.be', 1,'me.com', 1,'mac.com', 1,'icloud.com', 1,'yahoo.com.ar', 1,'tiscali.co.uk', 1,'yahoo.com.mx', 1,'voila.fr', 1,'gmx.net', 1,'mail.com', 1,'planet.nl', 1,'tin.it', 1,'live.it', 1,'ntlworld.com', 1,'arcor.de', 1,
'yahoo.co.id', 1,'frontiernet.net', 1,
'hetnet.nl', 1,'live.com.au', 1,'yahoo.com.sg', 1,'zonnet.nl', 1,'club-internet.fr', 1,'juno.com', 1,'optusnet.com.au', 1,'blueyonder.co.uk', 1,'bluewin.ch', 1,'skynet.be', 1,'sympatico.ca', 1,'windstream.net', 1,'centurytel.net', 1,'chello.nl', 1,'live.ca', 1,'aim.com', 1,'bigpond.net.au', 1,'email.com', 1,
'mail.com', 1,'usa.com', 1,
'post.com', 1,'consultant.com', 1,'asia.com', 1,'engineer.com', 1,'engineer.com', 1,'europe.com', 1,'myself.com', 1,'proton.me', 1,'@protonmail.com', 1,'@pm.me', 1,'protonmail.ch', 1,'yandex.com', 1,'gmx.com', 1,'tutanota.com', 1,'hubspot.com', 1,'zoho.com', 1,'titan.email', 1,'aim.com', 1,
'yahoo.com', 1,
0) =1 ,
TRUE,
FALSE)
)
&& Acc_Val_Bypass__c = false|$Profile.Name=System Administrator , Website_Domain_Capture__c=null , Acc_Val_Bypass__c=0
22:33:44.174 (1210259279)|VALIDATION_PASS
22:33:44.174 (1210260109)|VALIDATION_RULE|03d8W000001DWvs|Inactive_Disqualified_Reason
22:33:44.174 (1210366410)|VALIDATION_FORMULA|AND(
$Profile.Name <> "B - Looker",
OR(
ISPICKVAL( Account_Status__c , "Deactivated"),
ISPICKVAL( Account_Status__c , "Disqualified")),
ISBLANK( TEXT(Inactive_Reason__c)))|Account_Status__c=Created (Not Active) , $Profile.Name=System Administrator , Inactive_Reason__c=null
22:33:44.174 (1210369080)|VALIDATION_PASS
22:33:44.174 (1210369770)|VALIDATION_RULE|03d8W0000019Vh3|Only_RevOps_can_edit_EDU_US_AcctOwner
22:33:44.174 (1210502351)|VALIDATION_FORMULA|AND(
$Profile.Name <> 'System Administrator',
$User.User_LongID__c <> '0058W00000ErGiZQAV', /*carmen*/
$User.User_LongID__c <> '0058W00000EVTGWQA5', /*babita*/
NOT(ISNEW()),
ISCHANGED(OwnerId),
RecordType.Name = 'Education',
OR(
ShippingCountry = 'USA',
ShippingCountry = 'United States'))
&& Acc_Val_Bypass__c = false|OwnerId=005Pb00000IYVNB , $Profile.Name=System Administrator , ShippingCountry=United States , RecordType.Name=Education , Acc_Val_Bypass__c=0 , $User.User_LongID__c=005Pb00000IYVNBIA5
22:33:44.174 (1210505961)|VALIDATION_PASS
22:33:44.174 (1210506671)|VALIDATION_RULE|03d8W0000019Vh4|Only_RevOps_can_edit_EDU_US_RM
22:33:44.174 (1210603002)|VALIDATION_FORMULA|AND(
$Profile.Name <> 'System Administrator',
$User.User_LongID__c <> '0058W00000ErGiZQAV', /*carmen*/
$User.User_LongID__c <> '0058W00000EVTGWQA5', /*babita*/
ISCHANGED(Relationship_Manager__c),
RecordType.Name = 'Education',
OR(
ShippingCountry = 'USA',
ShippingCountry = 'United States'))
&& Acc_Val_Bypass__c = false|$Profile.Name=System Administrator , Relationship_Manager__c=null , ShippingCountry=United States , RecordType.Name=Education , Acc_Val_Bypass__c=0 , $User.User_LongID__c=005Pb00000IYVNBIA5
22:33:44.174 (1210606112)|VALIDATION_PASS
22:33:44.174 (1210606772)|VALIDATION_RULE|03d8W0000019Vpr|Only_RevOps_can_edit_Travel_RM
22:33:44.174 (1210701742)|VALIDATION_FORMULA|AND(
$Profile.Name <> 'System Administrator',
$User.User_LongID__c <> '0058W00000ErGiZQAV', /*carmen*/
$User.User_LongID__c <> '0058W00000EVTGWQA5', /*babita*/
$User.User_LongID__c <> '005f2000009yzvoAAA',/*alex*/
$User.User_LongID__c <> '0058W00000GK9zwQAD',/*henry*/
RecordType.Name = 'Travel',
AND(
ISPICKVAL( Account_Status__c , "Active (Product Live)"),
ISCHANGED(Relationship_Manager__c),
NOT( ISBLANK( PRIORVALUE(Relationship_Manager__c)))))
&& Acc_Val_Bypass__c = false|Account_Status__c=Created (Not Active) , $Profile.Name=System Administrator , Relationship_Manager__c=null , RecordType.Name=Education , Acc_Val_Bypass__c=0 , $User.User_LongID__c=005Pb00000IYVNBIA5
22:33:44.174 (1210705303)|VALIDATION_PASS
22:33:44.174 (1210706073)|VALIDATION_RULE|03d8W000001DZ7g|Req_Account_Industry
22:33:44.174 (1210775363)|VALIDATION_FORMULA|AND(
$Profile.Name <> "System Administrator",
$Profile.Name <> "B - Looker",
RecordType.Name = 'B2B',
RecordType.Name = 'Travel',
RecordType.Name = 'Education',
RecordType.Name = 'Healthcare',
Acc_Val_Bypass__c = false,
ISBLANK(TEXT(Account_Industry__c))
)|Account_Industry__c=Education , $Profile.Name=System Administrator , RecordType.Name=Education , Acc_Val_Bypass__c=0
22:33:44.174 (1210777943)|VALIDATION_PASS
22:33:44.174 (1210778593)|VALIDATION_RULE|03dPb000003VCb3|Tax_ID_Value_Restrictions
22:33:44.174 (1210812953)|VALIDATION_FORMULA|AND(
 $Profile.Name  <> "System Administrator",
OR(
REGEX( Tax_Id__c , ".*-.*"), 
REGEX(Tax_Id__c, "^0+$")
)
)|$Profile.Name=System Administrator , Tax_Id__c=4657TH54
22:33:44.174 (1210814673)|VALIDATION_PASS
22:33:44.174 (1210818733)|CODE_UNIT_FINISHED|Validation:Account:001hG00000Bgdcv
22:33:44.174 (1223847430)|CODE_UNIT_STARTED|[EXTERNAL]|Flow:Account
22:33:44.224 (1224608446)|FLOW_CREATE_INTERVIEW_BEGIN|00DhG0000000jOX|3008W000000snOH|3018W0000011oL3
22:33:44.224 (1224711366)|FLOW_CREATE_INTERVIEW_END|9542e03000cd89507d5f42e3af721a05decb220-5bd9|(ACC) Update GM Health
22:33:44.225 (1225081479)|FLOW_START_INTERVIEWS_BEGIN|1
22:33:44.225 (1225115099)|FLOW_START_INTERVIEW_BEGIN|9542e03000cd89507d5f42e3af721a05decb220-5bd9|(ACC) Update GM Health
22:33:44.225 (1225274871)|FLOW_START_INTERVIEW_END|9542e03000cd89507d5f42e3af721a05decb220-5bd9|(ACC) Update GM Health
22:33:44.231 (1231630138)|HEAP_ALLOCATE|[EXTERNAL]|Bytes:8
22:33:44.231 (1231666558)|HEAP_ALLOCATE|[EXTERNAL]|Bytes:8
22:33:44.231 (1231709058)|HEAP_ALLOCATE|[EXTERNAL]|Bytes:4
22:33:44.231 (1231720358)|VARIABLE_SCOPE_BEGIN|[1]|this|SBQQ.AccountBefore|true|false
22:33:44.231 (1231761538)|VARIABLE_ASSIGNMENT|[1]|this|{}|0x67cf2185
22:33:44.232 (1232061271)|CUMULATIVE_LIMIT_USAGE
22:33:44.232 (1232061271)|LIMIT_USAGE_FOR_NS|(default)|
  Number of SOQL queries: 1 out of 100
  Number of query rows: 0 out of 50000
  Number of SOSL queries: 0 out of 20
  Number of DML statements: 8 out of 150
  Number of Publish Immediate DML: 0 out of 150
  Number of DML rows: 7 out of 10000
  Maximum CPU time: 252 out of 10000
  Maximum heap size: 0 out of 10000000
  Number of callouts: 0 out of 100
  Number of Email Invocations: 0 out of 10
  Number of future calls: 0 out of 50
  Number of queueable jobs added to the queue: 0 out of 50
  Number of Mobile Apex push calls: 0 out of 10

22:33:44.232 (1232061271)|LIMIT_USAGE_FOR_NS|sbaa|
  Number of SOQL queries: 0 out of 100
  Number of query rows: 0 out of 50000
  Number of SOSL queries: 0 out of 20
  Number of DML statements: 0 out of 150
  Number of Publish Immediate DML: 0 out of 150
  Number of DML rows: 0 out of 10000
  Maximum CPU time: 0 out of 10000
  Maximum heap size: 0 out of 10000000
  Number of callouts: 0 out of 100
  Number of Email Invocations: 0 out of 10
  Number of future calls: 0 out of 50
  Number of queueable jobs added to the queue: 0 out of 50
  Number of Mobile Apex push calls: 0 out of 10

22:33:44.232 (1232061271)|CUMULATIVE_LIMIT_USAGE_END

22:33:44.234 (1234458828)|CODE_UNIT_STARTED|[EXTERNAL]|Validation:Account:001hG00000Bgdcv
22:33:44.234 (1234469938)|VALIDATION_RULE|03dhG0000007W81|AgentsCohortGo_ID_only_editable_if_empty
22:33:44.234 (1234697060)|VALIDATION_FORMULA|AND(
    $RecordType.Name = "Agents",
    NOT($Profile.Name = "System Administrator"),
    NOT(ISBLANK(PRIORVALUE(CohortGo_ID__c))),
    ISCHANGED(CohortGo_ID__c)
)
&& Acc_Val_Bypass__c = false|$RecordType.Name=Education , $Profile.Name=System Administrator , CohortGo_ID__c=null , Acc_Val_Bypass__c=0
22:33:44.234 (1234701840)|VALIDATION_PASS
22:33:44.234 (1234705340)|VALIDATION_RULE|03df20000003jYK|Check_CompanyId_Value
22:33:44.234 (1234737130)|VALIDATION_FORMULA|AND(
	(LID__LinkedIn_Company_Id__c <> NULL),
	NOT(ISNUMBER(LID__LinkedIn_Company_Id__c))
)|LID__LinkedIn_Company_Id__c=null
22:33:44.234 (1234739720)|VALIDATION_PASS
22:33:44.234 (1234740440)|VALIDATION_RULE|03d8W000001DX5Y|Check_Company_Id_Value
22:33:44.234 (1234760891)|VALIDATION_FORMULA|AND(
	(LID__LinkedIn_Company_Id__c <> NULL),
	NOT(ISNUMBER(LID__LinkedIn_Company_Id__c))
)|LID__LinkedIn_Company_Id__c=null
22:33:44.234 (1234762421)|VALIDATION_PASS
22:33:44.234 (1234763011)|VALIDATION_RULE|03d8W0000019Uxk|Generic_Website_Not_Allowed
22:33:44.234 (1235040753)|VALIDATION_FORMULA|AND(
$Profile.Name <> "System Administrator",
IF(
CASE(Website_Domain_Capture__c,
'gmail.com', 1,
'yahoo.com', 1,
'xyz.com', 1,'hotmail.co.uk', 1,
'aol.com', 1,'hotmail.com', 1,
'hotmail.fr', 1,'msn.com', 1,'yahoo.fr', 1,'wanadoo.fr', 1,'orange.fr', 1,'comcast.net', 1,'outlook.com', 1,'yahoo.co.uk', 1,'yahoo.com.br', 1,'yahoo.co.in', 1,'live.com', 1,'rediffmail.com', 1,'free.fr', 1,'gmx.de', 1,'web.de', 1,'yandex.ru', 1,
'ymail.com', 1,'libero.it', 1,
'uol.com.br', 1,'bol.com.br', 1,'mail.ru', 1,'cox.net', 1,'hotmail.it', 1,'sbcglobal.net', 1,'sfr.fr', 1,'live.fr', 1,'verizon.net', 1,'live.co.uk', 1,'googlemail.com', 1,'yahoo.es', 1,'ig.com.br', 1,'live.nl', 1,'bigpond.com', 1,'terra.com.br', 1,'yahoo.it', 1,'neuf.fr', 1,
'yahoo.de', 1,'alice.it', 1,
'rocketmail.com', 1,'att.net', 1,'laposte.net', 1,'bellsouth.net', 1,'yahoo.in', 1,'hotmail.es', 1,'charter.net', 1,'yahoo.ca', 1,'yahoo.com.au', 1,'rambler.ru', 1,'hotmail.de', 1,'tiscali.it', 1,'shaw.ca', 1,'yahoo.co.jp', 1,'sky.com', 1,'earthlink.net', 1,'optonline.net', 1,'freenet.de', 1,
't-online.de', 1,'aliceadsl.fr', 1,
'home.nl', 1,'virgilio.it', 1,'qq.com', 1,'telenet.be', 1,'me.com', 1,'mac.com', 1,'icloud.com', 1,'yahoo.com.ar', 1,'tiscali.co.uk', 1,'yahoo.com.mx', 1,'voila.fr', 1,'gmx.net', 1,'mail.com', 1,'planet.nl', 1,'tin.it', 1,'live.it', 1,'ntlworld.com', 1,'arcor.de', 1,
'yahoo.co.id', 1,'frontiernet.net', 1,
'hetnet.nl', 1,'live.com.au', 1,'yahoo.com.sg', 1,'zonnet.nl', 1,'club-internet.fr', 1,'juno.com', 1,'optusnet.com.au', 1,'blueyonder.co.uk', 1,'bluewin.ch', 1,'skynet.be', 1,'sympatico.ca', 1,'windstream.net', 1,'centurytel.net', 1,'chello.nl', 1,'live.ca', 1,'aim.com', 1,'bigpond.net.au', 1,'email.com', 1,
'mail.com', 1,'usa.com', 1,
'post.com', 1,'consultant.com', 1,'asia.com', 1,'engineer.com', 1,'engineer.com', 1,'europe.com', 1,'myself.com', 1,'proton.me', 1,'@protonmail.com', 1,'@pm.me', 1,'protonmail.ch', 1,'yandex.com', 1,'gmx.com', 1,'tutanota.com', 1,'hubspot.com', 1,'zoho.com', 1,'titan.email', 1,'aim.com', 1,
'yahoo.com', 1,
0) =1 ,
TRUE,
FALSE)
)
&& Acc_Val_Bypass__c = false|$Profile.Name=System Administrator , Website_Domain_Capture__c=null , Acc_Val_Bypass__c=0
22:33:44.234 (1235049123)|VALIDATION_PASS
22:33:44.234 (1235049753)|VALIDATION_RULE|03d8W000001DWvs|Inactive_Disqualified_Reason
22:33:44.234 (1235172964)|VALIDATION_FORMULA|AND(
$Profile.Name <> "B - Looker",
OR(
ISPICKVAL( Account_Status__c , "Deactivated"),
ISPICKVAL( Account_Status__c , "Disqualified")),
ISBLANK( TEXT(Inactive_Reason__c)))|Account_Status__c=Created (Not Active) , $Profile.Name=System Administrator , Inactive_Reason__c=null
22:33:44.234 (1235175494)|VALIDATION_PASS
22:33:44.234 (1235176204)|VALIDATION_RULE|03d8W0000019Vh3|Only_RevOps_can_edit_EDU_US_AcctOwner
22:33:44.234 (1235296735)|VALIDATION_FORMULA|AND(
$Profile.Name <> 'System Administrator',
$User.User_LongID__c <> '0058W00000ErGiZQAV', /*carmen*/
$User.User_LongID__c <> '0058W00000EVTGWQA5', /*babita*/
NOT(ISNEW()),
ISCHANGED(OwnerId),
RecordType.Name = 'Education',
OR(
ShippingCountry = 'USA',
ShippingCountry = 'United States'))
&& Acc_Val_Bypass__c = false|OwnerId=005Pb00000IYVNB , $Profile.Name=System Administrator , ShippingCountry=United States , RecordType.Name=Education , Acc_Val_Bypass__c=0 , $User.User_LongID__c=005Pb00000IYVNBIA5
22:33:44.234 (1235300095)|VALIDATION_PASS
22:33:44.234 (1235300775)|VALIDATION_RULE|03d8W0000019Vh4|Only_RevOps_can_edit_EDU_US_RM
22:33:44.234 (1235389455)|VALIDATION_FORMULA|AND(
$Profile.Name <> 'System Administrator',
$User.User_LongID__c <> '0058W00000ErGiZQAV', /*carmen*/
$User.User_LongID__c <> '0058W00000EVTGWQA5', /*babita*/
ISCHANGED(Relationship_Manager__c),
RecordType.Name = 'Education',
OR(
ShippingCountry = 'USA',
ShippingCountry = 'United States'))
&& Acc_Val_Bypass__c = false|$Profile.Name=System Administrator , Relationship_Manager__c=null , ShippingCountry=United States , RecordType.Name=Education , Acc_Val_Bypass__c=0 , $User.User_LongID__c=005Pb00000IYVNBIA5
22:33:44.234 (1235392635)|VALIDATION_PASS
22:33:44.234 (1235393395)|VALIDATION_RULE|03d8W0000019Vpr|Only_RevOps_can_edit_Travel_RM
22:33:44.234 (1235483536)|VALIDATION_FORMULA|AND(
$Profile.Name <> 'System Administrator',
$User.User_LongID__c <> '0058W00000ErGiZQAV', /*carmen*/
$User.User_LongID__c <> '0058W00000EVTGWQA5', /*babita*/
$User.User_LongID__c <> '005f2000009yzvoAAA',/*alex*/
$User.User_LongID__c <> '0058W00000GK9zwQAD',/*henry*/
RecordType.Name = 'Travel',
AND(
ISPICKVAL( Account_Status__c , "Active (Product Live)"),
ISCHANGED(Relationship_Manager__c),
NOT( ISBLANK( PRIORVALUE(Relationship_Manager__c)))))
&& Acc_Val_Bypass__c = false|Account_Status__c=Created (Not Active) , $Profile.Name=System Administrator , Relationship_Manager__c=null , RecordType.Name=Education , Acc_Val_Bypass__c=0 , $User.User_LongID__c=005Pb00000IYVNBIA5
22:33:44.234 (1235486996)|VALIDATION_PASS
22:33:44.234 (1235487656)|VALIDATION_RULE|03d8W000001DZ7g|Req_Account_Industry
22:33:44.234 (1235554137)|VALIDATION_FORMULA|AND(
$Profile.Name <> "System Administrator",
$Profile.Name <> "B - Looker",
RecordType.Name = 'B2B',
RecordType.Name = 'Travel',
RecordType.Name = 'Education',
RecordType.Name = 'Healthcare',
Acc_Val_Bypass__c = false,
ISBLANK(TEXT(Account_Industry__c))
)|Account_Industry__c=Education , $Profile.Name=System Administrator , RecordType.Name=Education , Acc_Val_Bypass__c=0
22:33:44.234 (1235556767)|VALIDATION_PASS
22:33:44.234 (1235557437)|VALIDATION_RULE|03dPb000003VCb3|Tax_ID_Value_Restrictions
22:33:44.234 (1235589677)|VALIDATION_FORMULA|AND(
 $Profile.Name  <> "System Administrator",
OR(
REGEX( Tax_Id__c , ".*-.*"), 
REGEX(Tax_Id__c, "^0+$")
)
)|$Profile.Name=System Administrator , Tax_Id__c=4657TH54
22:33:44.234 (1235591337)|VALIDATION_PASS
22:33:44.234 (1235595917)|CODE_UNIT_FINISHED|Validation:Account:001hG00000Bgdcv
22:33:44.225 (1246784141)|FLOW_START_INTERVIEWS_END|1
22:33:44.225 (1247509676)|FLOW_INTERVIEW_FINISHED|9542e03000cd89507d5f42e3af721a05decb220-5bd9|(ACC) Update GM Health
22:33:44.174 (1249351940)|CODE_UNIT_FINISHED|Flow:Account
22:33:44.174 (1249450301)|CODE_UNIT_STARTED|[EXTERNAL]|Flow:Account
22:33:44.174 (1249461941)|CODE_UNIT_FINISHED|Flow:Account
22:33:44.174 (1251444665)|DML_END|[36]
22:33:44.174 (1251559526)|STATEMENT_EXECUTE|[39]
22:33:44.174 (1251610897)|HEAP_ALLOCATE|[39]|Bytes:4
22:33:44.174 (1251708457)|HEAP_ALLOCATE|[40]|Bytes:21
22:33:44.174 (1251773008)|VARIABLE_ASSIGNMENT|[39]|this.Name|"Parent Bundle Produc (1 more) ..."|0x4726211d
22:33:44.174 (1251776948)|HEAP_ALLOCATE|[41]|Bytes:11
22:33:44.174 (1251787988)|VARIABLE_ASSIGNMENT|[39]|this.ProductCode|"PARENT-PROD"|0x4726211d
22:33:44.174 (1251807528)|VARIABLE_ASSIGNMENT|[39]|this.IsActive|true|0x4726211d
22:33:44.174 (1251836858)|VARIABLE_SCOPE_BEGIN|[39]|parentProd|Product2|true|false
22:33:44.174 (1251857408)|VARIABLE_ASSIGNMENT|[39]|parentProd|{"Name":"Parent Bundle Produc (1 more) ...","ProductCode":"PARENT-PROD","IsActive":true}|0x4726211d
22:33:44.174 (1251860248)|STATEMENT_EXECUTE|[44]
22:33:44.174 (1251863318)|HEAP_ALLOCATE|[44]|Bytes:4
22:33:44.174 (1251866228)|HEAP_ALLOCATE|[45]|Bytes:20
22:33:44.174 (1251873048)|VARIABLE_ASSIGNMENT|[44]|this.Name|"Child Option Product"|0x7ad3e7ef
22:33:44.174 (1251875018)|HEAP_ALLOCATE|[46]|Bytes:10
22:33:44.174 (1251880398)|VARIABLE_ASSIGNMENT|[44]|this.ProductCode|"CHILD-PROD"|0x7ad3e7ef
22:33:44.174 (1251886209)|VARIABLE_ASSIGNMENT|[44]|this.IsActive|true|0x7ad3e7ef
22:33:44.174 (1251891199)|VARIABLE_SCOPE_BEGIN|[44]|childProd|Product2|true|false
22:33:44.174 (1251895549)|VARIABLE_ASSIGNMENT|[44]|childProd|{"Name":"Child Option Product","ProductCode":"CHILD-PROD","IsActive":true}|0x7ad3e7ef
22:33:44.174 (1251897179)|STATEMENT_EXECUTE|[49]
22:33:44.174 (1251923699)|HEAP_ALLOCATE|[49]|Bytes:4
22:33:44.174 (1252004069)|HEAP_ALLOCATE|[EXTERNAL]|Bytes:12
22:33:44.174 (1252044770)|DML_BEGIN|[49]|Op:Insert|Type:Product2|Rows:2
22:33:44.174 (1252083310)|HEAP_ALLOCATE|[EXTERNAL]|Bytes:12
22:33:44.344 (1344003853)|HEAP_ALLOCATE|[EXTERNAL]|Bytes:12
22:33:44.344 (1344130664)|HEAP_ALLOCATE|[EXTERNAL]|Bytes:4
22:33:44.344 (1344144194)|VARIABLE_SCOPE_BEGIN|[1]|this|SBQQ.ProductBefore|true|false
22:33:44.344 (1344221035)|VARIABLE_ASSIGNMENT|[1]|this|{}|0x7932e75
22:33:44.354 (1354253930)|CUMULATIVE_LIMIT_USAGE
22:33:44.354 (1354253930)|LIMIT_USAGE_FOR_NS|(default)|
  Number of SOQL queries: 1 out of 100
  Number of query rows: 0 out of 50000
  Number of SOSL queries: 0 out of 20
  Number of DML statements: 9 out of 150
  Number of Publish Immediate DML: 0 out of 150
  Number of DML rows: 9 out of 10000
  Maximum CPU time: 263 out of 10000
  Maximum heap size: 0 out of 10000000
  Number of callouts: 0 out of 100
  Number of Email Invocations: 0 out of 10
  Number of future calls: 0 out of 50
  Number of queueable jobs added to the queue: 0 out of 50
  Number of Mobile Apex push calls: 0 out of 10

22:33:44.354 (1354253930)|LIMIT_USAGE_FOR_NS|sbaa|
  Number of SOQL queries: 0 out of 100
  Number of query rows: 0 out of 50000
  Number of SOSL queries: 0 out of 20
  Number of DML statements: 0 out of 150
  Number of Publish Immediate DML: 0 out of 150
  Number of DML rows: 0 out of 10000
  Maximum CPU time: 0 out of 10000
  Maximum heap size: 0 out of 10000000
  Number of callouts: 0 out of 100
  Number of Email Invocations: 0 out of 10
  Number of future calls: 0 out of 50
  Number of queueable jobs added to the queue: 0 out of 50
  Number of Mobile Apex push calls: 0 out of 10

22:33:44.354 (1354253930)|LIMIT_USAGE_FOR_NS|SBQQ|
  Number of SOQL queries: 0 out of 100
  Number of query rows: 0 out of 50000
  Number of SOSL queries: 0 out of 20
  Number of DML statements: 0 out of 150
  Number of Publish Immediate DML: 0 out of 150
  Number of DML rows: 0 out of 10000
  Maximum CPU time: 0 out of 10000
  Maximum heap size: 0 out of 10000000
  Number of callouts: 0 out of 100
  Number of Email Invocations: 0 out of 10
  Number of future calls: 0 out of 50
  Number of queueable jobs added to the queue: 0 out of 50
  Number of Mobile Apex push calls: 0 out of 10

22:33:44.354 (1354253930)|CUMULATIVE_LIMIT_USAGE_END

22:33:44.174 (1368110372)|CODE_UNIT_STARTED|[EXTERNAL]|Validation:Product2:new
22:33:44.174 (1368130653)|VALIDATION_RULE|03dPb000000eHte|Beta_Product_HasExceptionPricing
22:33:44.174 (1368290444)|VALIDATION_FORMULA|AND (
ISPICKVAL(Status__c, 'Beta'),
Exception_Pricing__c  = False
)|Exception_Pricing__c=0 , Status__c=null
22:33:44.174 (1368294744)|VALIDATION_PASS
22:33:44.174 (1368295764)|VALIDATION_RULE|03dPb000000e7RY|RecurringChargeTypeMustHaveBillingType
22:33:44.174 (1368358754)|VALIDATION_FORMULA|AND(ISPICKVAL(SBQQ__ChargeType__c, 'Recurring'), ISPICKVAL(SBQQ__BillingType__c, ''))|SBQQ__BillingType__c=null , SBQQ__ChargeType__c=null
22:33:44.174 (1368360854)|VALIDATION_PASS
22:33:44.174 (1368361624)|VALIDATION_RULE|03dPb000000e7RZ|Term_schedule_requires_subscription
22:33:44.174 (1368414255)|VALIDATION_FORMULA|AND(ISPICKVAL(SBQQ__SubscriptionPricing__c, ''),NOT(ISBLANK(SBQQ__TermDiscountSchedule__c)))|SBQQ__SubscriptionPricing__c=null , SBQQ__TermDiscountSchedule__c=null
22:33:44.174 (1368416405)|VALIDATION_PASS
22:33:44.174 (1368416995)|VALIDATION_RULE|03dPb000000e7Ra|Validate_billing_frequency
22:33:44.174 (1368467285)|VALIDATION_FORMULA|AND(ISPICKVAL(SBQQ__ChargeType__c, 'One-Time'), NOT(ISPICKVAL(SBQQ__BillingFrequency__c, '')))|SBQQ__BillingFrequency__c=null , SBQQ__ChargeType__c=null
22:33:44.174 (1368469135)|VALIDATION_PASS
22:33:44.174 (1368469685)|VALIDATION_RULE|03dPb000000e7Rb|Validate_billing_type
22:33:44.174 (1368528595)|VALIDATION_FORMULA|OR( 
AND(ISPICKVAL(SBQQ__ChargeType__c, 'One-Time'), NOT(ISPICKVAL(SBQQ__BillingType__c, ""))), 
AND(ISPICKVAL(SBQQ__ChargeType__c, 'Usage'), NOT(ISPICKVAL(SBQQ__BillingType__c, ""))))|SBQQ__BillingType__c=null , SBQQ__ChargeType__c=null
22:33:44.174 (1368530775)|VALIDATION_PASS
22:33:44.174 (1368531325)|VALIDATION_RULE|03dPb000000e7RX|Include_or_Exclude_Maintenance
22:33:44.174 (1368560886)|VALIDATION_FORMULA|AND(SBQQ__IncludeInMaintenance__c,SBQQ__ExcludeFromMaintenance__c)|SBQQ__ExcludeFromMaintenance__c=0 , SBQQ__IncludeInMaintenance__c=0
22:33:44.174 (1368562396)|VALIDATION_PASS
22:33:44.174 (1368567526)|CODE_UNIT_FINISHED|Validation:Product2:new
22:33:44.174 (1368589156)|CODE_UNIT_STARTED|[EXTERNAL]|Validation:Product2:new
22:33:44.174 (1368591526)|VALIDATION_RULE|03dPb000000eHte|Beta_Product_HasExceptionPricing
22:33:44.174 (1368725677)|VALIDATION_FORMULA|AND (
ISPICKVAL(Status__c, 'Beta'),
Exception_Pricing__c  = False
)|Exception_Pricing__c=0 , Status__c=null
22:33:44.174 (1368727947)|VALIDATION_PASS
22:33:44.174 (1368728627)|VALIDATION_RULE|03dPb000000e7RY|RecurringChargeTypeMustHaveBillingType
22:33:44.174 (1368779967)|VALIDATION_FORMULA|AND(ISPICKVAL(SBQQ__ChargeType__c, 'Recurring'), ISPICKVAL(SBQQ__BillingType__c, ''))|SBQQ__BillingType__c=null , SBQQ__ChargeType__c=null
22:33:44.174 (1368781767)|VALIDATION_PASS
22:33:44.174 (1368782317)|VALIDATION_RULE|03dPb000000e7RZ|Term_schedule_requires_subscription
22:33:44.174 (1368827018)|VALIDATION_FORMULA|AND(ISPICKVAL(SBQQ__SubscriptionPricing__c, ''),NOT(ISBLANK(SBQQ__TermDiscountSchedule__c)))|SBQQ__SubscriptionPricing__c=null , SBQQ__TermDiscountSchedule__c=null
22:33:44.174 (1368828888)|VALIDATION_PASS
22:33:44.174 (1368829438)|VALIDATION_RULE|03dPb000000e7Ra|Validate_billing_frequency
22:33:44.174 (1368875858)|VALIDATION_FORMULA|AND(ISPICKVAL(SBQQ__ChargeType__c, 'One-Time'), NOT(ISPICKVAL(SBQQ__BillingFrequency__c, '')))|SBQQ__BillingFrequency__c=null , SBQQ__ChargeType__c=null
22:33:44.174 (1368877738)|VALIDATION_PASS
22:33:44.174 (1368878298)|VALIDATION_RULE|03dPb000000e7Rb|Validate_billing_type
22:33:44.174 (1368934648)|VALIDATION_FORMULA|OR( 
AND(ISPICKVAL(SBQQ__ChargeType__c, 'One-Time'), NOT(ISPICKVAL(SBQQ__BillingType__c, ""))), 
AND(ISPICKVAL(SBQQ__ChargeType__c, 'Usage'), NOT(ISPICKVAL(SBQQ__BillingType__c, ""))))|SBQQ__BillingType__c=null , SBQQ__ChargeType__c=null
22:33:44.174 (1368936818)|VALIDATION_PASS
22:33:44.174 (1368937348)|VALIDATION_RULE|03dPb000000e7RX|Include_or_Exclude_Maintenance
22:33:44.174 (1368963219)|VALIDATION_FORMULA|AND(SBQQ__IncludeInMaintenance__c,SBQQ__ExcludeFromMaintenance__c)|SBQQ__ExcludeFromMaintenance__c=0 , SBQQ__IncludeInMaintenance__c=0
22:33:44.174 (1368964979)|VALIDATION_PASS
22:33:44.174 (1368967479)|CODE_UNIT_FINISHED|Validation:Product2:new
22:33:44.393 (1393350560)|HEAP_ALLOCATE|[EXTERNAL]|Bytes:12
22:33:44.393 (1393586332)|HEAP_ALLOCATE|[EXTERNAL]|Bytes:4
22:33:44.393 (1393629802)|VARIABLE_SCOPE_BEGIN|[1]|this|SBQQ.ProductAfter|true|false
22:33:44.393 (1393692583)|VARIABLE_ASSIGNMENT|[1]|this|{}|0x55c20661
22:33:44.393 (1395583617)|SOQL_EXECUTE_BEGIN|[461]|Aggregations:0|SELECT Name, FieldName__c, ObjectName__c, LookupName__c, ParentObjectName__c, UsageCount__c FROM CalculatorReferencedField__c
22:33:44.393 (1400326212)|SOQL_EXECUTE_END|[461]|Rows:0
22:33:44.401 (1401126748)|CUMULATIVE_LIMIT_USAGE
22:33:44.401 (1401126748)|LIMIT_USAGE_FOR_NS|(default)|
  Number of SOQL queries: 1 out of 100
  Number of query rows: 0 out of 50000
  Number of SOSL queries: 0 out of 20
  Number of DML statements: 9 out of 150
  Number of Publish Immediate DML: 0 out of 150
  Number of DML rows: 9 out of 10000
  Maximum CPU time: 263 out of 10000
  Maximum heap size: 0 out of 10000000
  Number of callouts: 0 out of 100
  Number of Email Invocations: 0 out of 10
  Number of future calls: 0 out of 50
  Number of queueable jobs added to the queue: 0 out of 50
  Number of Mobile Apex push calls: 0 out of 10

22:33:44.401 (1401126748)|LIMIT_USAGE_FOR_NS|sbaa|
  Number of SOQL queries: 0 out of 100
  Number of query rows: 0 out of 50000
  Number of SOSL queries: 0 out of 20
  Number of DML statements: 0 out of 150
  Number of Publish Immediate DML: 0 out of 150
  Number of DML rows: 0 out of 10000
  Maximum CPU time: 0 out of 10000
  Maximum heap size: 0 out of 10000000
  Number of callouts: 0 out of 100
  Number of Email Invocations: 0 out of 10
  Number of future calls: 0 out of 50
  Number of queueable jobs added to the queue: 0 out of 50
  Number of Mobile Apex push calls: 0 out of 10

22:33:44.401 (1401126748)|LIMIT_USAGE_FOR_NS|SBQQ|
  Number of SOQL queries: 1 out of 100
  Number of query rows: 0 out of 50000
  Number of SOSL queries: 0 out of 20
  Number of DML statements: 0 out of 150
  Number of Publish Immediate DML: 0 out of 150
  Number of DML rows: 0 out of 10000
  Maximum CPU time: 0 out of 10000
  Maximum heap size: 0 out of 10000000
  Number of callouts: 0 out of 100
  Number of Email Invocations: 0 out of 10
  Number of future calls: 0 out of 50
  Number of queueable jobs added to the queue: 0 out of 50
  Number of Mobile Apex push calls: 0 out of 10

22:33:44.401 (1401126748)|CUMULATIVE_LIMIT_USAGE_END

22:33:44.174 (1405648801)|DML_END|[49]
22:33:44.174 (1405818142)|HEAP_ALLOCATE|[EXTERNAL]|Bytes:12
22:33:44.174 (1405828332)|STATEMENT_EXECUTE|[51]
22:33:44.174 (1405868123)|HEAP_ALLOCATE|[51]|Bytes:4
22:33:44.174 (1405998604)|VARIABLE_ASSIGNMENT|[51]|this.Pricebook2Id|"01sf2000001vfF6AAI"|0x68b5fad1
22:33:44.174 (1406031224)|VARIABLE_ASSIGNMENT|[51]|this.Product2Id|"01thG000001unGnQAI"|0x68b5fad1
22:33:44.174 (1406034684)|HEAP_ALLOCATE|[54]|Bytes:6
22:33:44.174 (1406048844)|HEAP_ALLOCATE|[54]|Bytes:28
22:33:44.174 (1406063584)|VARIABLE_ASSIGNMENT|[51]|this.UnitPrice|100.00|0x68b5fad1
22:33:44.174 (1406073674)|VARIABLE_ASSIGNMENT|[51]|this.IsActive|true|0x68b5fad1
22:33:44.174 (1406092034)|VARIABLE_SCOPE_BEGIN|[51]|pbeParent|PricebookEntry|true|false
22:33:44.174 (1406124165)|VARIABLE_ASSIGNMENT|[51]|pbeParent|{"Pricebook2Id":"01sf2000001vfF6AAI","Product2Id":"01thG000001unGnQAI","UnitPrice":100.00,"IsActive":true}|0x68b5fad1
22:33:44.174 (1406126865)|STATEMENT_EXECUTE|[57]
22:33:44.174 (1406130095)|HEAP_ALLOCATE|[57]|Bytes:4
22:33:44.174 (1406139065)|VARIABLE_ASSIGNMENT|[57]|this.Pricebook2Id|"01sf2000001vfF6AAI"|0x58cfbb1e
22:33:44.174 (1406147975)|VARIABLE_ASSIGNMENT|[57]|this.Product2Id|"01thG000001unGoQAI"|0x58cfbb1e
22:33:44.174 (1406150235)|HEAP_ALLOCATE|[60]|Bytes:5
22:33:44.174 (1406153405)|HEAP_ALLOCATE|[60]|Bytes:28
22:33:44.174 (1406159135)|VARIABLE_ASSIGNMENT|[57]|this.UnitPrice|50.00|0x58cfbb1e
22:33:44.174 (1406165455)|VARIABLE_ASSIGNMENT|[57]|this.IsActive|true|0x58cfbb1e
22:33:44.174 (1406170925)|VARIABLE_SCOPE_BEGIN|[57]|pbeChild|PricebookEntry|true|false
22:33:44.174 (1406175565)|VARIABLE_ASSIGNMENT|[57]|pbeChild|{"Pricebook2Id":"01sf2000001vfF6AAI","Product2Id":"01thG000001unGoQAI","UnitPrice":50.00,"IsActive":true}|0x58cfbb1e
22:33:44.174 (1406177265)|STATEMENT_EXECUTE|[63]
22:33:44.174 (1406192415)|HEAP_ALLOCATE|[63]|Bytes:4
22:33:44.174 (1406247926)|HEAP_ALLOCATE|[EXTERNAL]|Bytes:12
22:33:44.174 (1406281506)|DML_BEGIN|[63]|Op:Insert|Type:PricebookEntry|Rows:2
22:33:44.174 (1406326346)|HEAP_ALLOCATE|[EXTERNAL]|Bytes:12
22:33:44.174 (1432535131)|DML_END|[63]
22:33:44.174 (1432679262)|HEAP_ALLOCATE|[EXTERNAL]|Bytes:12
22:33:44.174 (1432690572)|STATEMENT_EXECUTE|[66]
22:33:44.174 (1432733972)|HEAP_ALLOCATE|[66]|Bytes:4
22:33:44.174 (1432850313)|VARIABLE_ASSIGNMENT|[66]|this.SBQQ__Account__c|"001hG00000BgdcvQAB"|0x70ad98f9
22:33:44.174 (1432885673)|VARIABLE_ASSIGNMENT|[66]|this.SBQQ__Opportunity2__c|"006hG000007F7DFQA0"|0x70ad98f9
22:33:44.174 (1432895964)|VARIABLE_ASSIGNMENT|[66]|this.SBQQ__Primary__c|true|0x70ad98f9
22:33:44.174 (1432946084)|VARIABLE_SCOPE_BEGIN|[66]|quote|SBQQ__Quote__c|true|false
22:33:44.174 (1432962534)|VARIABLE_ASSIGNMENT|[66]|quote|{"SBQQ__Account__c":"001hG00000BgdcvQAB","SBQQ__Opportunity2__c":"006hG000007F7DFQA0","SBQQ__Primary__c":true}|0x70ad98f9
22:33:44.174 (1432964754)|STATEMENT_EXECUTE|[71]
22:33:44.174 (1432992954)|HEAP_ALLOCATE|[71]|Bytes:8
22:33:44.174 (1433009164)|DML_BEGIN|[71]|Op:Insert|Type:SBQQ__Quote__c|Rows:1
22:33:44.174 (1433041475)|HEAP_ALLOCATE|[EXTERNAL]|Bytes:8
22:33:44.174 (1484295966)|CODE_UNIT_STARTED|[EXTERNAL]|Flow:01IPb000005GjIc
22:33:44.486 (1486069579)|FLOW_CREATE_INTERVIEW_BEGIN|00DhG0000000jOX|300Pb00000pY56X|301hG000009xF4K
22:33:44.486 (1486133200)|FLOW_CREATE_INTERVIEW_END|9547e03000cd89507d5f42e3af721a05decb220-5bd3|Quote (Before)Record Triggered Flow
22:33:44.486 (1486568893)|FLOW_START_INTERVIEWS_BEGIN|1
22:33:44.486 (1486615243)|FLOW_START_INTERVIEW_BEGIN|9547e03000cd89507d5f42e3af721a05decb220-5bd3|Quote (Before)Record Triggered Flow
22:33:44.486 (1486773694)|FLOW_START_INTERVIEW_END|9547e03000cd89507d5f42e3af721a05decb220-5bd3|Quote (Before)Record Triggered Flow
22:33:44.486 (1492319996)|FLOW_START_INTERVIEWS_END|1
22:33:44.486 (1493083932)|FLOW_INTERVIEW_FINISHED|9547e03000cd89507d5f42e3af721a05decb220-5bd3|Quote (Before)Record Triggered Flow
22:33:44.174 (1494066739)|CODE_UNIT_FINISHED|Flow:01IPb000005GjIc
22:33:44.495 (1495282599)|HEAP_ALLOCATE|[EXTERNAL]|Bytes:8
22:33:44.495 (1495357739)|HEAP_ALLOCATE|[EXTERNAL]|Bytes:4
22:33:44.495 (1495383039)|VARIABLE_SCOPE_BEGIN|[1]|this|SBQQ.QuoteBefore|true|false
22:33:44.495 (1495433800)|VARIABLE_ASSIGNMENT|[1]|this|{}|0x169910f7
22:33:44.495 (1571280813)|SOQL_EXECUTE_BEGIN|[1156]|Aggregations:1|SELECT OwnerId,AccountId,Pricebook2Id,SBQQ__Renewal__c,Account.SBQQ__ContractCoTermination__c,Account.SBQQ__CoTerminationEvent__c,CurrencyIsoCode,(SELECT Id FROM SBQQ__Quotes2__r) FROM Opportunity WHERE Id IN ('006hG000007F7DFQA0')
22:33:44.495 (1594846328)|SOQL_EXECUTE_END|[1156]|Rows:1
22:33:44.495 (1598568446)|SOQL_EXECUTE_BEGIN|[754]|Aggregations:0|SELECT OpportunityId, Contact.Account.Name, Contact.Account.BillingStreet, Contact.Account.BillingCity, Contact.Account.BillingState, Contact.Account.BillingPostalCode, Contact.Account.BillingCountry FROM OpportunityContactRole WHERE (OpportunityId = :tmpVar1 AND IsPrimary = TRUE)
22:33:44.495 (1605922521)|SOQL_EXECUTE_END|[754]|Rows:0
22:33:44.495 (1606827338)|SOQL_EXECUTE_BEGIN|[765]|Aggregations:0|SELECT Id, OpportunityId, IsPrimary, AccountToId, Role FROM OpportunityPartner WHERE (OpportunityId = :tmpVar1 AND (IsPrimary = TRUE OR Role = :tmpVar2))
22:33:44.495 (1617634248)|SOQL_EXECUTE_END|[765]|Rows:0
22:33:44.495 (1620800761)|SOQL_EXECUTE_BEGIN|[629]|Aggregations:0|SELECT DecimalPlaces FROM CurrencyType WHERE IsoCode =: currencyCode LIMIT 1
22:33:44.495 (1626107010)|SOQL_EXECUTE_END|[629]|Rows:1
22:33:44.495 (1631006727)|SOQL_EXECUTE_BEGIN|[64]|Aggregations:0|SELECT BillingStreet,BillingCity,BillingState,BillingPostalCode,BillingCountry,Name,ShippingStreet,ShippingCity,ShippingState,ShippingPostalCode,ShippingCountry FROM Account WHERE Id IN ('001hG00000BgdcvQAB')
22:33:44.495 (1638137410)|SOQL_EXECUTE_END|[64]|Rows:1
22:33:44.640 (1640157485)|CUMULATIVE_LIMIT_USAGE
22:33:44.640 (1640157485)|LIMIT_USAGE_FOR_NS|(default)|
  Number of SOQL queries: 2 out of 100
  Number of query rows: 0 out of 50000
  Number of SOSL queries: 0 out of 20
  Number of DML statements: 11 out of 150
  Number of Publish Immediate DML: 0 out of 150
  Number of DML rows: 12 out of 10000
  Maximum CPU time: 298 out of 10000
  Maximum heap size: 0 out of 10000000
  Number of callouts: 0 out of 100
  Number of Email Invocations: 0 out of 10
  Number of future calls: 0 out of 50
  Number of queueable jobs added to the queue: 0 out of 50
  Number of Mobile Apex push calls: 0 out of 10

22:33:44.640 (1640157485)|LIMIT_USAGE_FOR_NS|sbaa|
  Number of SOQL queries: 0 out of 100
  Number of query rows: 0 out of 50000
  Number of SOSL queries: 0 out of 20
  Number of DML statements: 0 out of 150
  Number of Publish Immediate DML: 0 out of 150
  Number of DML rows: 0 out of 10000
  Maximum CPU time: 0 out of 10000
  Maximum heap size: 0 out of 10000000
  Number of callouts: 0 out of 100
  Number of Email Invocations: 0 out of 10
  Number of future calls: 0 out of 50
  Number of queueable jobs added to the queue: 0 out of 50
  Number of Mobile Apex push calls: 0 out of 10

22:33:44.640 (1640157485)|LIMIT_USAGE_FOR_NS|SBQQ|
  Number of SOQL queries: 6 out of 100
  Number of query rows: 3 out of 50000
  Number of SOSL queries: 0 out of 20
  Number of DML statements: 0 out of 150
  Number of Publish Immediate DML: 0 out of 150
  Number of DML rows: 0 out of 10000
  Maximum CPU time: 0 out of 10000
  Maximum heap size: 0 out of 10000000
  Number of callouts: 0 out of 100
  Number of Email Invocations: 0 out of 10
  Number of future calls: 0 out of 50
  Number of queueable jobs added to the queue: 0 out of 50
  Number of Mobile Apex push calls: 0 out of 10

22:33:44.640 (1640157485)|CUMULATIVE_LIMIT_USAGE_END

22:33:44.174 (1669990627)|CODE_UNIT_STARTED|[EXTERNAL]|Validation:Quote:new
22:33:44.174 (1670012687)|VALIDATION_RULE|03dhG0000002pzM|Account_cant_be_changed_on_Primary_Quote
22:33:44.174 (1670198489)|VALIDATION_FORMULA|OR(
				AND(
ISCHANGED(SBQQ__Account__c),
SBQQ__Primary__c=true),
    AND(
								OR(
SBQQ__Account__c <> SBQQ__Opportunity2__r.Ship_To_Account__c,
Ship_To_Account__c <> SBQQ__Opportunity2__r.Ship_To_Account__c),
ISCHANGED(SBQQ__Primary__c)))|SBQQ__Opportunity2__r.Ship_To_Account__c=001hG00000Bgdcv , Ship_To_Account__c=001hG00000Bgdcv , SBQQ__Account__c=001hG00000Bgdcv , SBQQ__Primary__c=1
22:33:44.174 (1670204349)|VALIDATION_PASS
22:33:44.174 (1670205789)|VALIDATION_RULE|03dPb000000eHti|Order_Requires_Quote_Client_Approved
22:33:44.174 (1670336380)|VALIDATION_FORMULA|AND(
    SBQQ__Ordered__c == True,
    NOT(ISPICKVAL(SBQQ__Status__c ,"Client_Approved")),
    NOT(ISPICKVAL(SBQQ__Opportunity2__r.Type, "Auto Renewal"))
)
&& Quote_Val_Bypass__c = false|SBQQ__Opportunity2__r.Type=New Business , Quote_Val_Bypass__c=0 , SBQQ__Status__c=Draft , SBQQ__Ordered__c=0
22:33:44.174 (1670340040)|VALIDATION_PASS
22:33:44.174 (1670340940)|VALIDATION_RULE|03dhG0000002pzN|Amended_Quote_Approval_Rule
22:33:44.174 (1670551201)|VALIDATION_FORMULA|AND(
ISPICKVAL(SBQQ__Type__c, 'Amendment'),
Number_of_Non_Amendment_Quote_Lines__c = 0,
OR(
ISCHANGED(ApprovalStatus__c),
ISCHANGED(Exclusivity__c),
ISCHANGED(Termination__c), 
ISCHANGED(Publicity__c)))|Exclusivity__c=null , Publicity__c=null , ApprovalStatus__c=null , SBQQ__Type__c=Quote , Termination__c=null , Number_of_Non_Amendment_Quote_Lines__c=0
22:33:44.174 (1670554411)|VALIDATION_PASS
22:33:44.174 (1670555541)|VALIDATION_RULE|03dhG000000Iys9|Cannot_change_to_these_Statuses
22:33:44.174 (1670785373)|VALIDATION_FORMULA|OR(
AND(
OR(
ISPICKVAL(ApprovalStatus__c, 'Approved'),
ISPICKVAL(ApprovalStatus__c, 'Pending'),
ISPICKVAL(ApprovalStatus__c, 'Rejected')),
ISPICKVAL(SBQQ__Status__c, 'Draft')),
	
AND(
NOT(ISPICKVAL(ApprovalStatus__c, 'Pending')),
ISPICKVAL(SBQQ__Status__c, 'FW in Review')),
				
AND(
NOT(ISPICKVAL(ApprovalStatus__c, 'Approved')),
ISPICKVAL(SBQQ__Status__c, 'FW Approved')),
				
AND(
NOT(ISPICKVAL(ApprovalStatus__c, 'Rejected')),
ISPICKVAL(SBQQ__Status__c, 'FW Rejected')),

AND(
NOT(ISPICKVAL(ApprovalStatus__c, 'Approved')),
ISPICKVAL(SBQQ__Status__c, 'Client in Review')),

AND(
NOT(ISPICKVAL(ApprovalStatus__c, 'Approved')),
ISPICKVAL(SBQQ__Status__c, 'Client_Approved')),

AND(
NOT(ISPICKVAL(ApprovalStatus__c, 'Approved')),
ISPICKVAL(SBQQ__Status__c, 'Client Rejected')),

AND(
ISCHANGED(SBQQ__Status__c),
ISPICKVAL(ApprovalStatus__c, 'Approved'),
TEXT(PRIORVALUE(SBQQ__Status__c)) = "Client Rejected",
TEXT(SBQQ__Status__c) = "Client In Review"),

AND(
ISCHANGED(SBQQ__Status__c),
ISPICKVAL(ApprovalStatus__c, 'Approved'),
TEXT(PRIORVALUE(SBQQ__Status__c)) = "Client Rejected",
TEXT(SBQQ__Status__c) = "FW Approved"))

&& Quote_Val_Bypass__c = false|Quote_Val_Bypass__c=0 , SBQQ__Status__c=Draft , ApprovalStatus__c=null
22:33:44.174 (1670791323)|VALIDATION_PASS
22:33:44.174 (1670792123)|VALIDATION_RULE|03dPb000000eHtg|Cant_Modify_Quote_On_Closed_Opp
22:33:44.174 (1670932024)|VALIDATION_FORMULA|AND(
    $Profile.Name <> 'System Administrator',
    $Profile.Name <> "B - Looker",
    $User.Alias <> "Workato",
    SBQQ__Opportunity2__r.IsClosed,
    NOT(ISNEW())
)
&& Quote_Val_Bypass__c = false|Quote_Val_Bypass__c=0 , $Profile.Name=System Administrator , SBQQ__Opportunity2__r.IsClosed=0 , $User.Alias=sunita.b
22:33:44.174 (1670934974)|VALIDATION_PASS
22:33:44.174 (1670935914)|VALIDATION_RULE|03dPb000000lyAP|Cant_Modify_Quote_On_Legal_Stage_Opps
22:33:44.174 (1671016465)|VALIDATION_FORMULA|AND(
    $Profile.Name <> "System Administrator",
    $Profile.Name <> "B - Looker",
    $User.Alias <> "Workato",
    ISPICKVAL(SBQQ__Opportunity2__r.StageName, "Legal"),
    NOT(ISNEW())
)
&& Quote_Val_Bypass__c = false|SBQQ__Opportunity2__r.StageName=Discovery/Qualifying , Quote_Val_Bypass__c=0 , $Profile.Name=System Administrator , $User.Alias=sunita.b
22:33:44.174 (1671020055)|VALIDATION_PASS
22:33:44.174 (1671020965)|VALIDATION_RULE|03dhG0000002pzO|Cant_update_Flywire_Legal_Entity
22:33:44.174 (1671098755)|VALIDATION_FORMULA|AND(
OR(ISPICKVAL(SBQQ__Type__c, 'Amendment'),
ISPICKVAL(SBQQ__Type__c, 'Renewal')),
ISCHANGED(Flywire_Entity__c))|Flywire_Entity__c=null , SBQQ__Type__c=Quote
22:33:44.174 (1671101105)|VALIDATION_PASS
22:33:44.174 (1671101785)|VALIDATION_RULE|03dPb000000e7Ru|End_Date_Before_Start_Date
22:33:44.174 (1671149746)|VALIDATION_FORMULA|IF( AND( NOT(ISNULL(SBQQ__EndDate__c)), SBQQ__EndDate__c < SBQQ__StartDate__c), TRUE, null)|SBQQ__StartDate__c=null , SBQQ__EndDate__c=null
22:33:44.174 (1671151696)|VALIDATION_PASS
22:33:44.174 (1671152766)|VALIDATION_RULE|03dPb000000e7Rw|Invalid_Subscription_Term
22:33:44.174 (1671186746)|VALIDATION_FORMULA|IF( AND( NOT(ISNULL(SBQQ__SubscriptionTerm__c)), SBQQ__SubscriptionTerm__c <= 0), TRUE, null)|SBQQ__SubscriptionTerm__c=null
22:33:44.174 (1671188356)|VALIDATION_PASS
22:33:44.174 (1671189276)|VALIDATION_RULE|03dhG0000006yJF|Non_Standard_Terms_cannot_exceed_300
22:33:44.174 (1671216666)|VALIDATION_FORMULA|LEN(Non_Standard_Terms__c) > 300|Non_Standard_Terms__c=null
22:33:44.174 (1671218356)|VALIDATION_PASS
22:33:44.174 (1671219176)|VALIDATION_RULE|03dhG000000cO4X|NS_Sub_Groups_Missing
22:33:44.174 (1671342547)|VALIDATION_FORMULA|OR(
AND(
ISBLANK(SBQQ__Opportunity2__r.SBQQ__AmendedContract__r.NS_Sub_Groups_Combined__c),
ISPICKVAL(SBQQ__Type__c, "Amendment"),
ISPICKVAL(SBQQ__Status__c, "Client_Approved")),
AND(
NOT(ISPICKVAL(SBQQ__Opportunity2__r.Type, "Auto Renewal")),
ISBLANK( SBQQ__Opportunity2__r.SBQQ__RenewedContract__r.NS_Sub_Groups_Combined__c),
ISPICKVAL(SBQQ__Type__c, "Renewal"),
ISPICKVAL(SBQQ__Status__c, "Client_Approved")))|SBQQ__Opportunity2__r.Type=New Business , SBQQ__Opportunity2__r.SBQQ__RenewedContract__r.NS_Sub_Groups_Combined__c=null , SBQQ__Status__c=Draft , SBQQ__Type__c=Quote , SBQQ__Opportunity2__r.SBQQ__AmendedContract__r.NS_Sub_Groups_Combined__c=null
22:33:44.174 (1671345847)|VALIDATION_PASS
22:33:44.174 (1671346487)|VALIDATION_RULE|03dPb000000eHtk|Quote_Approval_Status
22:33:44.174 (1671446358)|VALIDATION_FORMULA|AND(
    OR(
    ISPICKVAL(SBQQ__Status__c, "FW Approved"),
    ISPICKVAL(SBQQ__Status__c, "Client_Approved")),
    NOT(ISPICKVAL(ApprovalStatus__c, "Approved")),
    NOT(ISPICKVAL(SBQQ__Opportunity2__r.Type, "Auto Renewal"))
)
&& Quote_Val_Bypass__c = false|SBQQ__Opportunity2__r.Type=New Business , Quote_Val_Bypass__c=0 , SBQQ__Status__c=Draft , ApprovalStatus__c=null
22:33:44.174 (1671449168)|VALIDATION_PASS
22:33:44.174 (1671450098)|VALIDATION_RULE|03dhG000000Hwvd|Quote_must_have_Primary_Contact
22:33:44.174 (1671530418)|VALIDATION_FORMULA|AND(
$Profile.Name <> 'System Administrator',
ISCHANGED(ApprovalStatus__c),
ISBLANK(SBQQ__PrimaryContact__c),
NOT(ISPICKVAL(SBQQ__Opportunity2__r.Type, "Auto Renewal"))
)|SBQQ__Opportunity2__r.Type=New Business , $Profile.Name=System Administrator , ApprovalStatus__c=null , SBQQ__PrimaryContact__c=null
22:33:44.174 (1671532998)|VALIDATION_PASS
22:33:44.174 (1671533718)|VALIDATION_RULE|03dPb000000eHtm|Req_FullAddres_To_Submit_Approval
22:33:44.174 (1671766800)|VALIDATION_FORMULA|AND(
 ISCHANGED(ApprovalStatus__c),
 OR(
ISBLANK(SBQQ__Account__r.ShippingCountry),
ISBLANK(SBQQ__Account__r.ShippingPostalCode),
ISBLANK(SBQQ__Account__r.ShippingState),
ISBLANK(SBQQ__Account__r.ShippingStreet),
ISBLANK(SBQQ__Account__r.BillingCity),
ISBLANK(SBQQ__Account__r.BillingCountry),
ISBLANK(SBQQ__Account__r.BillingPostalCode),
ISBLANK(SBQQ__Account__r.BillingState),
ISBLANK(SBQQ__Account__r.BillingStreet)
)
)
&& Quote_Val_Bypass__c = false|SBQQ__Account__r.ShippingPostalCode=10001 , Quote_Val_Bypass__c=0 , SBQQ__Account__r.ShippingState=NY , SBQQ__Account__r.ShippingStreet=456 Ship St , SBQQ__Account__r.BillingPostalCode=10001 , SBQQ__Account__r.BillingState=NY , SBQQ__Account__r.BillingStreet=123 Main St , SBQQ__Account__r.ShippingCountry=United States , SBQQ__Account__r.BillingCity=New York , ApprovalStatus__c=null , SBQQ__Account__r.BillingCountry=United States
22:33:44.174 (1671771390)|VALIDATION_PASS
22:33:44.174 (1671772240)|VALIDATION_RULE|03dhG0000002pzQ|Usage_Rate_not_present_on_all_lines
22:33:44.174 (1671810480)|VALIDATION_FORMULA|AND(
				 ISPICKVAL(SBQQ__Status__c, "Client_Approved"),
				 Count_usage_field_values__c > 0)|SBQQ__Status__c=Draft , Count_usage_field_values__c=0
22:33:44.174 (1671812180)|VALIDATION_PASS
22:33:44.174 (1671821500)|CODE_UNIT_FINISHED|Validation:Quote:new
22:33:44.690 (1690379448)|HEAP_ALLOCATE|[EXTERNAL]|Bytes:8
22:33:44.690 (1690564470)|HEAP_ALLOCATE|[EXTERNAL]|Bytes:36
22:33:44.690 (1690577140)|VARIABLE_SCOPE_BEGIN|[1]|this|SBQQ.QuoteAfter|true|false
22:33:44.690 (1690797291)|VARIABLE_ASSIGNMENT|[1]|this|{}|0x6154e0bf
22:33:44.690 (1694540190)|SOQL_EXECUTE_BEGIN|[425]|Aggregations:0|SELECT Primary__c FROM Quote__c WHERE (Opportunity2__c = :tmpVar1 AND Id NOT IN :tmpVar2 AND Primary__c = TRUE)
22:33:44.690 (1699394875)|SOQL_EXECUTE_END|[425]|Rows:0
22:33:44.690 (1699832989)|DML_BEGIN|[451]|Op:Update|Type:Opportunity|Rows:1
22:33:44.707 (1707895989)|CUMULATIVE_LIMIT_USAGE
22:33:44.707 (1707895989)|LIMIT_USAGE_FOR_NS|(default)|
  Number of SOQL queries: 2 out of 100
  Number of query rows: 0 out of 50000
  Number of SOSL queries: 0 out of 20
  Number of DML statements: 11 out of 150
  Number of Publish Immediate DML: 0 out of 150
  Number of DML rows: 12 out of 10000
  Maximum CPU time: 298 out of 10000
  Maximum heap size: 0 out of 10000000
  Number of callouts: 0 out of 100
  Number of Email Invocations: 0 out of 10
  Number of future calls: 0 out of 50
  Number of queueable jobs added to the queue: 0 out of 50
  Number of Mobile Apex push calls: 0 out of 10

22:33:44.707 (1707895989)|LIMIT_USAGE_FOR_NS|sbaa|
  Number of SOQL queries: 0 out of 100
  Number of query rows: 0 out of 50000
  Number of SOSL queries: 0 out of 20
  Number of DML statements: 0 out of 150
  Number of Publish Immediate DML: 0 out of 150
  Number of DML rows: 0 out of 10000
  Maximum CPU time: 0 out of 10000
  Maximum heap size: 0 out of 10000000
  Number of callouts: 0 out of 100
  Number of Email Invocations: 0 out of 10
  Number of future calls: 0 out of 50
  Number of queueable jobs added to the queue: 0 out of 50
  Number of Mobile Apex push calls: 0 out of 10

22:33:44.707 (1707895989)|LIMIT_USAGE_FOR_NS|SBQQ|
  Number of SOQL queries: 7 out of 100
  Number of query rows: 3 out of 50000
  Number of SOSL queries: 0 out of 20
  Number of DML statements: 1 out of 150
  Number of Publish Immediate DML: 0 out of 150
  Number of DML rows: 1 out of 10000
  Maximum CPU time: 0 out of 10000
  Maximum heap size: 0 out of 10000000
  Number of callouts: 0 out of 100
  Number of Email Invocations: 0 out of 10
  Number of future calls: 0 out of 50
  Number of queueable jobs added to the queue: 0 out of 50
  Number of Mobile Apex push calls: 0 out of 10

22:33:44.707 (1707895989)|CUMULATIVE_LIMIT_USAGE_END

22:33:44.709 (1709133408)|CUMULATIVE_LIMIT_USAGE
22:33:44.709 (1709133408)|LIMIT_USAGE_FOR_NS|(default)|
  Number of SOQL queries: 2 out of 100
  Number of query rows: 0 out of 50000
  Number of SOSL queries: 0 out of 20
  Number of DML statements: 11 out of 150
  Number of Publish Immediate DML: 0 out of 150
  Number of DML rows: 12 out of 10000
  Maximum CPU time: 298 out of 10000
  Maximum heap size: 0 out of 10000000
  Number of callouts: 0 out of 100
  Number of Email Invocations: 0 out of 10
  Number of future calls: 0 out of 50
  Number of queueable jobs added to the queue: 0 out of 50
  Number of Mobile Apex push calls: 0 out of 10

22:33:44.709 (1709133408)|LIMIT_USAGE_FOR_NS|sbaa|
  Number of SOQL queries: 0 out of 100
  Number of query rows: 0 out of 50000
  Number of SOSL queries: 0 out of 20
  Number of DML statements: 0 out of 150
  Number of Publish Immediate DML: 0 out of 150
  Number of DML rows: 0 out of 10000
  Maximum CPU time: 0 out of 10000
  Maximum heap size: 0 out of 10000000
  Number of callouts: 0 out of 100
  Number of Email Invocations: 0 out of 10
  Number of future calls: 0 out of 50
  Number of queueable jobs added to the queue: 0 out of 50
  Number of Mobile Apex push calls: 0 out of 10

22:33:44.709 (1709133408)|LIMIT_USAGE_FOR_NS|SBQQ|
  Number of SOQL queries: 7 out of 100
  Number of query rows: 3 out of 50000
  Number of SOSL queries: 0 out of 20
  Number of DML statements: 1 out of 150
  Number of Publish Immediate DML: 0 out of 150
  Number of DML rows: 1 out of 10000
  Maximum CPU time: 0 out of 10000
  Maximum heap size: 0 out of 10000000
  Number of callouts: 0 out of 100
  Number of Email Invocations: 0 out of 10
  Number of future calls: 0 out of 50
  Number of queueable jobs added to the queue: 0 out of 50
  Number of Mobile Apex push calls: 0 out of 10

22:33:44.709 (1709133408)|CUMULATIVE_LIMIT_USAGE_END

22:33:44.761 (1761313645)|CUMULATIVE_LIMIT_USAGE
22:33:44.761 (1761313645)|LIMIT_USAGE_FOR_NS|(default)|
  Number of SOQL queries: 2 out of 100
  Number of query rows: 0 out of 50000
  Number of SOSL queries: 0 out of 20
  Number of DML statements: 11 out of 150
  Number of Publish Immediate DML: 0 out of 150
  Number of DML rows: 12 out of 10000
  Maximum CPU time: 441 out of 10000
  Maximum heap size: 0 out of 10000000
  Number of callouts: 0 out of 100
  Number of Email Invocations: 0 out of 10
  Number of future calls: 0 out of 50
  Number of queueable jobs added to the queue: 0 out of 50
  Number of Mobile Apex push calls: 0 out of 10

22:33:44.761 (1761313645)|LIMIT_USAGE_FOR_NS|sbaa|
  Number of SOQL queries: 0 out of 100
  Number of query rows: 0 out of 50000
  Number of SOSL queries: 0 out of 20
  Number of DML statements: 0 out of 150
  Number of Publish Immediate DML: 0 out of 150
  Number of DML rows: 0 out of 10000
  Maximum CPU time: 0 out of 10000
  Maximum heap size: 0 out of 10000000
  Number of callouts: 0 out of 100
  Number of Email Invocations: 0 out of 10
  Number of future calls: 0 out of 50
  Number of queueable jobs added to the queue: 0 out of 50
  Number of Mobile Apex push calls: 0 out of 10

22:33:44.761 (1761313645)|LIMIT_USAGE_FOR_NS|SBQQ|
  Number of SOQL queries: 7 out of 100
  Number of query rows: 3 out of 50000
  Number of SOSL queries: 0 out of 20
  Number of DML statements: 1 out of 150
  Number of Publish Immediate DML: 0 out of 150
  Number of DML rows: 1 out of 10000
  Maximum CPU time: 0 out of 10000
  Maximum heap size: 0 out of 10000000
  Number of callouts: 0 out of 100
  Number of Email Invocations: 0 out of 10
  Number of future calls: 0 out of 50
  Number of queueable jobs added to the queue: 0 out of 50
  Number of Mobile Apex push calls: 0 out of 10

22:33:44.761 (1761313645)|CUMULATIVE_LIMIT_USAGE_END

22:33:44.773 (1773633198)|FLOW_CREATE_INTERVIEW_BEGIN|00DhG0000000jOX|300Pb00000pY573|301hG0000092o3a
22:33:44.773 (1773699318)|FLOW_CREATE_INTERVIEW_END|9548e03000cd89507d5f42e3af721a05decb220-5bd2|Opportunity After Record Triggered Flow
22:33:44.773 (1773977620)|FLOW_START_INTERVIEWS_BEGIN|1
22:33:44.773 (1774033871)|FLOW_START_INTERVIEW_BEGIN|9548e03000cd89507d5f42e3af721a05decb220-5bd2|Opportunity After Record Triggered Flow
22:33:44.773 (1774203472)|FLOW_START_INTERVIEW_END|9548e03000cd89507d5f42e3af721a05decb220-5bd2|Opportunity After Record Triggered Flow
22:33:44.773 (1774916517)|FLOW_START_INTERVIEWS_END|1
22:33:44.773 (1776429389)|FLOW_INTERVIEW_FINISHED|9548e03000cd89507d5f42e3af721a05decb220-5bd2|Opportunity After Record Triggered Flow
22:33:44.780 (1780166866)|FLOW_CREATE_INTERVIEW_BEGIN|00DhG0000000jOX|3008W000000snQX|301hG000005enDl
22:33:44.780 (1780221947)|FLOW_CREATE_INTERVIEW_END|9549e03000cd89507d5f42e3af721a05decb220-5bd1|(OPP) Update GM Health
22:33:44.780 (1780455868)|FLOW_START_INTERVIEWS_BEGIN|1
22:33:44.780 (1780477608)|FLOW_START_INTERVIEW_BEGIN|9549e03000cd89507d5f42e3af721a05decb220-5bd1|(OPP) Update GM Health
22:33:44.780 (1780606259)|FLOW_START_INTERVIEW_END|9549e03000cd89507d5f42e3af721a05decb220-5bd1|(OPP) Update GM Health
22:33:44.788 (1788721509)|HEAP_ALLOCATE|[EXTERNAL]|Bytes:8
22:33:44.788 (1788761310)|HEAP_ALLOCATE|[EXTERNAL]|Bytes:8
22:33:44.788 (1788825240)|HEAP_ALLOCATE|[EXTERNAL]|Bytes:4
22:33:44.788 (1788836710)|VARIABLE_SCOPE_BEGIN|[1]|this|SBQQ.OpportunityBefore|true|false
22:33:44.788 (1788889421)|VARIABLE_ASSIGNMENT|[1]|this|{}|0x4c403c24
22:33:44.789 (1789226033)|CUMULATIVE_LIMIT_USAGE
22:33:44.789 (1789226033)|LIMIT_USAGE_FOR_NS|(default)|
  Number of SOQL queries: 2 out of 100
  Number of query rows: 0 out of 50000
  Number of SOSL queries: 0 out of 20
  Number of DML statements: 12 out of 150
  Number of Publish Immediate DML: 0 out of 150
  Number of DML rows: 13 out of 10000
  Maximum CPU time: 451 out of 10000
  Maximum heap size: 0 out of 10000000
  Number of callouts: 0 out of 100
  Number of Email Invocations: 0 out of 10
  Number of future calls: 0 out of 50
  Number of queueable jobs added to the queue: 0 out of 50
  Number of Mobile Apex push calls: 0 out of 10

22:33:44.789 (1789226033)|LIMIT_USAGE_FOR_NS|sbaa|
  Number of SOQL queries: 0 out of 100
  Number of query rows: 0 out of 50000
  Number of SOSL queries: 0 out of 20
  Number of DML statements: 0 out of 150
  Number of Publish Immediate DML: 0 out of 150
  Number of DML rows: 0 out of 10000
  Maximum CPU time: 0 out of 10000
  Maximum heap size: 0 out of 10000000
  Number of callouts: 0 out of 100
  Number of Email Invocations: 0 out of 10
  Number of future calls: 0 out of 50
  Number of queueable jobs added to the queue: 0 out of 50
  Number of Mobile Apex push calls: 0 out of 10

22:33:44.789 (1789226033)|LIMIT_USAGE_FOR_NS|SBQQ|
  Number of SOQL queries: 7 out of 100
  Number of query rows: 3 out of 50000
  Number of SOSL queries: 0 out of 20
  Number of DML statements: 1 out of 150
  Number of Publish Immediate DML: 0 out of 150
  Number of DML rows: 1 out of 10000
  Maximum CPU time: 0 out of 10000
  Maximum heap size: 0 out of 10000000
  Number of callouts: 0 out of 100
  Number of Email Invocations: 0 out of 10
  Number of future calls: 0 out of 50
  Number of queueable jobs added to the queue: 0 out of 50
  Number of Mobile Apex push calls: 0 out of 10

22:33:44.789 (1789226033)|CUMULATIVE_LIMIT_USAGE_END

22:33:44.790 (1790995496)|CUMULATIVE_LIMIT_USAGE
22:33:44.790 (1790995496)|LIMIT_USAGE_FOR_NS|(default)|
  Number of SOQL queries: 2 out of 100
  Number of query rows: 0 out of 50000
  Number of SOSL queries: 0 out of 20
  Number of DML statements: 12 out of 150
  Number of Publish Immediate DML: 0 out of 150
  Number of DML rows: 13 out of 10000
  Maximum CPU time: 451 out of 10000
  Maximum heap size: 0 out of 10000000
  Number of callouts: 0 out of 100
  Number of Email Invocations: 0 out of 10
  Number of future calls: 0 out of 50
  Number of queueable jobs added to the queue: 0 out of 50
  Number of Mobile Apex push calls: 0 out of 10

22:33:44.790 (1790995496)|LIMIT_USAGE_FOR_NS|sbaa|
  Number of SOQL queries: 0 out of 100
  Number of query rows: 0 out of 50000
  Number of SOSL queries: 0 out of 20
  Number of DML statements: 0 out of 150
  Number of Publish Immediate DML: 0 out of 150
  Number of DML rows: 0 out of 10000
  Maximum CPU time: 0 out of 10000
  Maximum heap size: 0 out of 10000000
  Number of callouts: 0 out of 100
  Number of Email Invocations: 0 out of 10
  Number of future calls: 0 out of 50
  Number of queueable jobs added to the queue: 0 out of 50
  Number of Mobile Apex push calls: 0 out of 10

22:33:44.790 (1790995496)|LIMIT_USAGE_FOR_NS|SBQQ|
  Number of SOQL queries: 7 out of 100
  Number of query rows: 3 out of 50000
  Number of SOSL queries: 0 out of 20
  Number of DML statements: 1 out of 150
  Number of Publish Immediate DML: 0 out of 150
  Number of DML rows: 1 out of 10000
  Maximum CPU time: 0 out of 10000
  Maximum heap size: 0 out of 10000000
  Number of callouts: 0 out of 100
  Number of Email Invocations: 0 out of 10
  Number of future calls: 0 out of 50
  Number of queueable jobs added to the queue: 0 out of 50
  Number of Mobile Apex push calls: 0 out of 10

22:33:44.790 (1790995496)|CUMULATIVE_LIMIT_USAGE_END

22:33:44.797 (1797728976)|CODE_UNIT_STARTED|[EXTERNAL]|Validation:Opportunity:006hG000007F7DF
22:33:44.797 (1797753096)|VALIDATION_RULE|03dPb000000eHtP|Account_cant_be_changed_primary_quote
22:33:44.797 (1797835307)|VALIDATION_FORMULA|AND(ISCHANGED(AccountId),
NOT(ISBLANK(SBQQ__PrimaryQuote__c)))|AccountId=001hG00000Bgdcv , SBQQ__PrimaryQuote__c=a2NhG000003xHKr
22:33:44.797 (1797839257)|VALIDATION_PASS
22:33:44.797 (1797840317)|VALIDATION_RULE|03d8W0000019V87|BDR_Owner_Exception_Open_Opps
22:33:44.797 (1798100709)|VALIDATION_FORMULA|AND(
    $Profile.Name <> "B - Looker",
    $Profile.Name <> 'System Administrator',
    $User.Alias <> "Workato",
    IsClosed = false,
    NOT(
    OR(
BDR_Owner__r.Flow_Full_Name__c = "Javier Fontoba",
BDR_Owner__r.Flow_Full_Name__c = "Anne-Sophie Kadjo",
BDR_Owner__r.Flow_Full_Name__c = "Minori Nishioka",
BDR_Owner__r.Flow_Full_Name__c = "Charlie Dreher",
BDR_Owner__r.Flow_Full_Name__c = "Caitlin Cowdrey",
BDR_Owner__r.Flow_Full_Name__c = "Sabrina Alam",
BDR_Owner__r.Flow_Full_Name__c = "Alex Godfrey",
BDR_Owner__r.Flow_Full_Name__c = "John Quinn",
BDR_Owner__r.Flow_Full_Name__c = "Chloe Engle",
BDR_Owner__r.Flow_Full_Name__c = "Leah Prigmore",
BDR_Owner__r.Flow_Full_Name__c = "Sophie Brockbank",
BDR_Owner__r.Flow_Full_Name__c = "Mubz Rahman",
BDR_Owner__r.Flow_Full_Name__c = "Gustavo Ruiz-Esteller",
BDR_Owner__r.Flow_Full_Name__c = "Lloyd Ng",
BDR_Owner__r.Flow_Full_Name__c = "Sherlyn Yang",
BDR_Owner__r.Flow_Full_Name__c = "Kaila Decarvalho",
BDR_Owner__r.Flow_Full_Name__c = "Kelsey Fikkert",
BDR_Owner__r.Flow_Full_Name__c = "Ellis Croce",
BDR_Owner__r.Flow_Full_Name__c = "Yui Takahashi",
BDR_Owner__r.Flow_Full_Name__c = "Patrick Stacy",
BDR_Owner__r.Flow_Full_Name__c = "Praveen Vivinthas",
ISBLANK( BDR_Owner__c )
        )
    ),
    NOT(ISPICKVAL(Type, "Auto Renewal"))
)
&& Opp_Val_Bypass__c = false|BDR_Owner__r.Flow_Full_Name__c=null , BDR_Owner__c=null , Type=New Business , $Profile.Name=System Administrator , Opp_Val_Bypass__c=1 , IsClosed=0 , $User.Alias=sunita.b
22:33:44.797 (1798108429)|VALIDATION_PASS
22:33:44.797 (1798109499)|VALIDATION_RULE|03dPb000000eHtR|Cant_Change_ShipTo_If_Approved_Quote
22:33:44.797 (1798259240)|VALIDATION_FORMULA|AND(
  $Profile.Name <> 'System Administrator',
  $Profile.Name <> "B - Looker",
  $User.Alias <> "Workato",
  NOT(ISBLANK(SBQQ__PrimaryQuote__c)),
  ISPICKVAL(SBQQ__PrimaryQuote__r.ApprovalStatus__c, 'Approved'),
  ISCHANGED(Ship_To_Account__c)
)|Ship_To_Account__c=001hG00000Bgdcv , $Profile.Name=System Administrator , SBQQ__PrimaryQuote__r.ApprovalStatus__c=null , SBQQ__PrimaryQuote__c=a2NhG000003xHKr , $User.Alias=sunita.b
22:33:44.797 (1798262790)|VALIDATION_PASS
22:33:44.797 (1798263740)|VALIDATION_RULE|03df20000003jYN|Check_CompanyId_Value
22:33:44.797 (1798296261)|VALIDATION_FORMULA|AND(
	(LID__LinkedIn_Company_Id__c <> NULL),
	NOT(ISNUMBER(LID__LinkedIn_Company_Id__c))
)|LID__LinkedIn_Company_Id__c=null
22:33:44.797 (1798297891)|VALIDATION_PASS
22:33:44.797 (1798298761)|VALIDATION_RULE|03d8W000001DX5b|Check_Company_Id_Value
22:33:44.797 (1798320541)|VALIDATION_FORMULA|AND(
	(LID__LinkedIn_Company_Id__c <> NULL),
	NOT(ISNUMBER(LID__LinkedIn_Company_Id__c))
)|LID__LinkedIn_Company_Id__c=null
22:33:44.797 (1798321971)|VALIDATION_PASS
22:33:44.797 (1798322821)|VALIDATION_RULE|03dPb000000eHtS|ContractURLtoDrive
22:33:44.797 (1798385691)|VALIDATION_FORMULA|AND(
    $Profile.Name <> "B - Looker",
    $User.Alias <> "Workato",
    Pricebook2.Name = 'CPQ',
    NOT(ISBLANK(Contract_URL__c)),
    LOWER(LEFT(Contract_URL__c,24)) <> "https://drive.google.com"
)|$Profile.Name=System Administrator , Contract_URL__c=null , $User.Alias=sunita.b , Pricebook2.Name=Standard Price Book
22:33:44.797 (1798387991)|VALIDATION_PASS
22:33:44.797 (1798388811)|VALIDATION_RULE|03dhG000000vL4X|Desired_Go_Live_80
22:33:44.797 (1798523902)|VALIDATION_FORMULA|AND(
$Profile.Name <> "System Administrator",
$Profile.Name <> "B - Looker",
$User.Alias <> "Workato",
IsClosed = False,
Probability >=0.80,
SBQQ__PrimaryQuote__r.Number_of_New_Quote_Lines__c >=1,
OR(
RecordType.Name = 'B2B',
RecordType.Name = 'Education',
RecordType.Name = 'Healthcare'
),
ISBLANK( Desired_Go_Live_Date__c),
NOT(ISPICKVAL(Type, "Renewal")),
NOT(ISPICKVAL(Type, "Auto Renewal"))
)
&& Opp_Val_Bypass__c = false|Type=New Business , $Profile.Name=System Administrator , SBQQ__PrimaryQuote__r.Number_of_New_Quote_Lines__c=0 , Probability=10 , Desired_Go_Live_Date__c=null , Opp_Val_Bypass__c=1 , IsClosed=0 , RecordType.Name=Education , $User.Alias=sunita.b
22:33:44.797 (1798527932)|VALIDATION_PASS
22:33:44.797 (1798528782)|VALIDATION_RULE|03dPb000000eHtT|Edu_CompetitorName_80
22:33:44.797 (1798664403)|VALIDATION_FORMULA|AND(
    $Profile.Name <> "System Administrator",
    $Profile.Name <> "B - Looker",
    $User.Alias <> "Workato",
    IsClosed = False,
    RecordType.Name = 'Education',
    Probability >=0.80,
    ISBLANK ( Competitor_Name__c ),
    NOT(ISPICKVAL(Type, "Renewal")),
    NOT(ISPICKVAL(Type, "Auto Renewal"))
)
&& Opp_Val_Bypass__c = false|Competitor_Name__c=null , Type=New Business , $Profile.Name=System Administrator , Probability=10 , Opp_Val_Bypass__c=1 , IsClosed=0 , RecordType.Name=Education , $User.Alias=sunita.b
22:33:44.797 (1798668073)|VALIDATION_PASS
22:33:44.797 (1798669023)|VALIDATION_RULE|03d8W000001HnTm|Int_Partner_w_Qual_Integration
22:33:44.797 (1798793164)|VALIDATION_FORMULA|AND(
    $Profile.Name <> "System Administrator",
    $Profile.Name <> "B - Looker",
    $User.Alias <> "Workato",
    OR(
        NOT(ISPICKVAL(Qualifying_Integration__c , ""))
    ),
    OR(
        NOT(ISPICKVAL(Qualifying_Integration__c , "Non Partner - Custom Integration"))
    ), 
    ISBLANK(Integration_Partner__c),
    (DateValue(CreatedDate) > Date(2023, 08, 01)),
    NOT(ISPICKVAL(Type, "Auto Renewal"))
)
&& Opp_Val_Bypass__c = false|Qualifying_Integration__c=null , Type=New Business , $Profile.Name=System Administrator , CreatedDate=2026-09-01 17:03:44 , Opp_Val_Bypass__c=1 , $User.Alias=sunita.b , Integration_Partner__c=null
22:33:44.797 (1798796794)|VALIDATION_PASS
22:33:44.797 (1798797554)|VALIDATION_RULE|03d5w000000ghWc|Lost_to_Competitor_Incumbent
22:33:44.797 (1798911895)|VALIDATION_FORMULA|AND(
 $Profile.Name <> 'System Administrator',
$Profile.Name <> "B - Looker",
$User.Alias <> "Workato",
 RecordType.Name = 'Education',
 RecordType.Name = 'Travel',
 ISBLANK ( Competitor_Name__c ),
 ISPICKVAL ( Lost_Sub_Reason__c , "Staying with Incumbent Provider")
)
&& Opp_Val_Bypass__c = false|Competitor_Name__c=null , $Profile.Name=System Administrator , Opp_Val_Bypass__c=1 , RecordType.Name=Education , Lost_Sub_Reason__c=null , $User.Alias=sunita.b
22:33:44.797 (1798914925)|VALIDATION_PASS
22:33:44.797 (1798915815)|VALIDATION_RULE|03d8W000001DX54|Past_Closed_Date
22:33:44.797 (1798995026)|VALIDATION_FORMULA|AND(
    $Profile.Name <> "System Administrator",
    $Profile.Name <> "B - Looker",
    $User.Alias <> "Workato",
    IsClosed = False,
    CloseDate < TODAY(),
    Probability < 0.9,
    NOT(ISPICKVAL(Type, "Auto Renewal"))
)
&& Opp_Val_Bypass__c = false|Type=New Business , $Profile.Name=System Administrator , Probability=10 , Opp_Val_Bypass__c=1 , IsClosed=0 , $User.Alias=sunita.b , CloseDate=2026-10-01 00:00:00
22:33:44.797 (1798997716)|VALIDATION_PASS
22:33:44.797 (1798998766)|VALIDATION_RULE|03dPb000000eHtZ|Required_fields_for_Legal
22:33:44.797 (1799255518)|VALIDATION_FORMULA|AND(
    $Profile.Name <> "System Administrator",
    $Profile.Name <> "B - Looker",
    $User.Alias <> "Workato",
    Probability > 0.80,
    OR(
        Pricebook2.Name = "CPQ",
        ISBLANK(Pricebook2Id)
    ),
    OR(
        RecordType.DeveloperName = "Education",
        RecordType.DeveloperName = "Travel",
        RecordType.DeveloperName = "B2B",
        RecordType.DeveloperName = "Healthcare"
    ),
    OR(
        ISBLANK(SBQQ__PrimaryQuote__c),
        NOT(ISPICKVAL(SBQQ__PrimaryQuote__r.SBQQ__Status__c, "Client_Approved")),
        ISBLANK(TEXT(SBQQ__PrimaryQuote__r.Exclusivity__c )),
        ISBLANK(TEXT(SBQQ__PrimaryQuote__r.Termination__c)),
        ISBLANK(TEXT(SBQQ__PrimaryQuote__r.Publicity__c)),
        ISBLANK(TEXT(SBQQ__PrimaryQuote__r.Flywire_Entity__c)),
        ISBLANK(TEXT(SBQQ__PrimaryQuote__r.SBQQ__PaymentTerms__c)),
        AND(
            ISPICKVAL(SBQQ__PrimaryQuote__r.PO_Required__c, "Yes"),
            ISBLANK(SBQQ__PrimaryQuote__r.PO__c)
        )
    ),
    NOT(ISPICKVAL(Type, "Auto Renewal"))
)|Pricebook2Id=01sf2000001vfF6 , SBQQ__PrimaryQuote__c=a2NhG000003xHKr , SBQQ__PrimaryQuote__r.SBQQ__PaymentTerms__c=Net 30 , Probability=10 , SBQQ__PrimaryQuote__r.SBQQ__Status__c=Draft , Type=New Business , $Profile.Name=System Administrator , SBQQ__PrimaryQuote__r.PO__c=null , RecordType.DeveloperName=Education , SBQQ__PrimaryQuote__r.PO_Required__c=null , SBQQ__PrimaryQuote__r.Publicity__c=null , SBQQ__PrimaryQuote__r.Termination__c=null , SBQQ__PrimaryQuote__r.Exclusivity__c=null , $User.Alias=sunita.b , SBQQ__PrimaryQuote__r.Flywire_Entity__c=null , Pricebook2.Name=Standard Price Book
22:33:44.797 (1799262138)|VALIDATION_PASS
22:33:44.797 (1799262928)|VALIDATION_RULE|03df20000003YAc|Requires_a_Reason_For_Closed_Loss_Opp
22:33:44.797 (1799366559)|VALIDATION_FORMULA|AND(
 $Profile.Name <> 'System Administrator',
 $Profile.Name <> "B - Looker",
 ISPICKVAL (StageName, "Closed Lost"),
 ISBLANK (TEXT(Lost_Reason__c)),
 ISBLANK (TEXT( Lost_Sub_Reason__c ))
)
&& Opp_Val_Bypass__c = false|$Profile.Name=System Administrator , StageName=Discovery/Qualifying , Lost_Reason__c=null , Opp_Val_Bypass__c=1 , Lost_Sub_Reason__c=null
22:33:44.797 (1799369359)|VALIDATION_PASS
22:33:44.797 (1799370119)|VALIDATION_RULE|03d8W0000019Ufa|RFP_Override_Reason
22:33:44.797 (1799404959)|VALIDATION_FORMULA|AND(
No_Bid_Override__c = True,
ISBLANK(No_Bid_Override_Reason__c)
)|No_Bid_Override__c=0 , No_Bid_Override_Reason__c=null
22:33:44.797 (1799406439)|VALIDATION_PASS
22:33:44.797 (1799407269)|VALIDATION_RULE|03dPb000000eHta|Strategic_Partner_Cant_Use_Flywire_Paper
22:33:44.797 (1799483179)|VALIDATION_FORMULA|AND(
    $Profile.Name <> "B - Looker",
    $User.Alias <> "Workato",
    Account.RecordType.DeveloperName = "Strategic_Partner",
    RecordType.DeveloperName = "Healthcare",
    ISPICKVAL(Contract_Paper__c, "Flywire"),
    ISCHANGED(Probability)
)|$Profile.Name=System Administrator , RecordType.DeveloperName=Education , Probability=10 , Contract_Paper__c=Flywire , $User.Alias=sunita.b , Account.RecordType.DeveloperName=Education
22:33:44.797 (1799485829)|VALIDATION_PASS
22:33:44.797 (1799486659)|VALIDATION_RULE|03dPb000000eHtc|Type_Not_New_If_Contracted
22:33:44.797 (1799543300)|VALIDATION_FORMULA|AND(
    $Profile.Name <> "System Administrator",
    $Profile.Name <> "B - Looker",
    $User.Alias <> "Workato", 
    OR(
        NOT(ISBLANK(SBQQ__RenewedContract__c)),
        NOT(ISBLANK(SBQQ__AmendedContract__c))
    ),
    ISPICKVAL(Type,"New Business")
)|Type=New Business , $Profile.Name=System Administrator , SBQQ__RenewedContract__c=null , SBQQ__AmendedContract__c=null , $User.Alias=sunita.b
22:33:44.797 (1799545670)|VALIDATION_PASS
22:33:44.797 (1799546540)|VALIDATION_RULE|03dPb000000eHtO|Account_FullAddress_80
22:33:44.797 (1799663661)|VALIDATION_FORMULA|AND(
    $Profile.Name <> "System Administrator",
    $Profile.Name <> "B - Looker",
    $User.Alias <> "Workato",
    IsClosed = False,
    Probability >=0.80,
    Pricebook2.Name <> 'CPQ',
    OR(
        ISBLANK(Account.ShippingCountry),
        ISBLANK(Account.ShippingStreet)
    ),
    NOT(ISPICKVAL(Type, "Auto Renewal"))
)
&& Opp_Val_Bypass__c = false|Type=New Business , $Profile.Name=System Administrator , Probability=10 , Account.ShippingCountry=United States , Opp_Val_Bypass__c=1 , IsClosed=0 , $User.Alias=sunita.b , Account.ShippingStreet=456 Ship St , Pricebook2.Name=Standard Price Book
22:33:44.797 (1799667271)|VALIDATION_PASS
22:33:44.797 (1799668071)|VALIDATION_RULE|03d8W000001DXGZ|Account_Industry_Cant_BeTravel
22:33:44.797 (1799780482)|VALIDATION_FORMULA|AND(
    $Profile.Name <> 'System Administrator',
    $Profile.Name <> "B - Looker",
    $User.Alias <> "Workato",
    RecordType.Name = 'Travel',
    Probability >=0.30,
    IsClosed = false,
    OR(
        NOT(ISPICKVAL(Account.Account_Industry__c, 'Accommodations'))),
    OR(
        NOT(ISPICKVAL(Account.Account_Industry__c, 'DMC'))),
				OR(
								NOT(ISPICKVAL(Account.Account_Industry__c, 'Hospitality'))),
    OR(
        NOT(ISPICKVAL(Account.Account_Industry__c, 'Travel Operator'))
    ),
    NOT(ISPICKVAL(Type, "Auto Renewal"))
)
&& Opp_Val_Bypass__c = false|Account.Account_Industry__c=Education , Type=New Business , $Profile.Name=System Administrator , Probability=10 , Opp_Val_Bypass__c=1 , RecordType.Name=Education , IsClosed=0 , $User.Alias=sunita.b
22:33:44.797 (1799784412)|VALIDATION_PASS
22:33:44.797 (1799785342)|VALIDATION_RULE|03dhG000000g79x|Account_RM_cannot_be_inactive_on_Legal
22:33:44.797 (1799859482)|VALIDATION_FORMULA|AND(
$Profile.Name <> 'System Administrator',
$Profile.Name <> "B - Looker",
$User.Alias <> "Workato",
Pricebook2.Name = 'CPQ',
/* Probability is more than 80 when stage is updated to legal */
Probability > 0.80,
NOT(ISPICKVAL(Type,"Auto Renewal")),
NOT(Account.Relationship_Manager__r.IsActive)
)|Type=New Business , $Profile.Name=System Administrator , Account.Relationship_Manager__r.IsActive=null , Probability=10 , $User.Alias=sunita.b , Pricebook2.Name=Standard Price Book
22:33:44.797 (1799862222)|VALIDATION_PASS
22:33:44.797 (1799862962)|VALIDATION_RULE|03dPb000000eHtN|Acc_LegalName_80
22:33:44.797 (1799956423)|VALIDATION_FORMULA|AND(
    $Profile.Name <> 'System Administrator',
    $Profile.Name <> "B - Looker",
    $User.Alias <> "Workato",
    RecordType.Name != 'Bank-PSP Partner',
    RecordType.Name != 'Strategic Partner',
    RecordType.Name != 'Healthcare SOW',
    IsClosed = false,
    NOT(ISPICKVAL(Type, 'Statement of Work')),
    Probability >0.80,
    Account.Client_Legal_Entity_Name__c = "",
    NOT(ISPICKVAL(Type, "Auto Renewal"))
)
&& Opp_Val_Bypass__c = false|Type=New Business , $Profile.Name=System Administrator , Account.Client_Legal_Entity_Name__c=Edu Corp , Probability=10 , Opp_Val_Bypass__c=1 , RecordType.Name=Education , IsClosed=0 , $User.Alias=sunita.b
22:33:44.797 (1799959983)|VALIDATION_PASS
22:33:44.797 (1799960823)|VALIDATION_RULE|03d8W000001HnWv|Agents_Add_Product_10
22:33:44.797 (1800027714)|VALIDATION_FORMULA|AND(
$Profile.Name <> 'System Administrator',
$Profile.Name <> "B - Looker",
RecordType.Name = 'Agents',
Probability >0.10,
OR
(
NOT(HasOpportunityLineItem),
ISNULL(No_International_Payers_At_Opportunity__c))
)
&& Opp_Val_Bypass__c = false|$Profile.Name=System Administrator , HasOpportunityLineItem=0 , Probability=10 , Opp_Val_Bypass__c=1 , RecordType.Name=Education , No_International_Payers_At_Opportunity__c=null
22:33:44.797 (1800030644)|VALIDATION_PASS
22:33:44.797 (1800031294)|VALIDATION_RULE|03d5w000000lMSW|Agent_Won_requirements
22:33:44.797 (1800230535)|VALIDATION_FORMULA|AND(
$Profile.Name <> 'System Administrator',
$Profile.Name <> "B - Looker",
$User.Alias <> "Workato",
RecordType.Name = 'Agents',
Pricebook2.Name <> 'CPQ',
Probability > 0.90,
OR(
Account.Revenue_Share_Agreement__c = TRUE,
Contract_Not_Required__c = False),
OR
(
ISBLANK(TEXT(Account.Agent_Tier__c)),
ISBLANK(TEXT(Account.Account_Industry__c)),
ContractId = "",
ISBLANK(Contract.ActivatedDate),
ISBLANK(TEXT(Contract.Flywire_Entity__c)),
ISBLANK(Contract.StartDate),
ISBLANK(Contract.EndDate)
)
)
&& Opp_Val_Bypass__c = false|Contract_Not_Required__c=0 , Probability=10 , Opp_Val_Bypass__c=1 , Contract.StartDate=null , RecordType.Name=Education , Account.Revenue_Share_Agreement__c=0 , Contract.Flywire_Entity__c=null , Contract.EndDate=null , Account.Account_Industry__c=Education , $Profile.Name=System Administrator , Contract.ActivatedDate=null , Account.Agent_Tier__c=null , $User.Alias=sunita.b , ContractId=null , Pricebook2.Name=Standard Price Book
22:33:44.797 (1800235135)|VALIDATION_PASS
22:33:44.797 (1800235955)|VALIDATION_RULE|03d8W0000019VSK|B2B_PYMNT_Fields_Verbal_Rqrd
22:33:44.797 (1800377776)|VALIDATION_FORMULA|AND(
    $Profile.Name <> "System Administrator",
    $Profile.Name <> "B - Looker",
    $User.Alias <> "Workato",
    IsClosed = False,
    RecordType.Name = "B2B",
    DATEVALUE(CreatedDate) >= DATEVALUE("2023-12-18"),
    Probability >=0.80,
    OR(
        ISBLANK( Account.Annual_PYMT_Volume__c ),
        ISBLANK( Account.No_Annual_PYMT__c ),
        ISBLANK( Average_PYMNT_size__c ),
        ISBLANK( Total_Addressable_ARR__c ),
        ISBLANK( Total_Addressable_ARR_w_FW_Capabilities__c ),
        ISBLANK( Year_1_ARR_Projection__c )
    ),
    NOT(ISPICKVAL(Type, "Renewal")),
    NOT(ISPICKVAL(Type, "Auto Renewal"))
)
&& Opp_Val_Bypass__c = false|Total_Addressable_ARR__c=null , Total_Addressable_ARR_w_FW_Capabilities__c=null , Year_1_ARR_Projection__c=null , Probability=10 , Opp_Val_Bypass__c=1 , IsClosed=0 , RecordType.Name=Education , Average_PYMNT_size__c=null , Account.Annual_PYMT_Volume__c=null , Type=New Business , $Profile.Name=System Administrator , Account.No_Annual_PYMT__c=null , CreatedDate=2026-09-01 17:03:44 , $User.Alias=sunita.b
22:33:44.797 (1800382616)|VALIDATION_PASS
22:33:44.797 (1800383566)|VALIDATION_RULE|03dPb000000eHtQ|CPQ_AA_OPP_Move_To_Legal
22:33:44.797 (1800499007)|VALIDATION_FORMULA|AND(
    $Profile.Name <> 'System Administrator',
    $Profile.Name <> "B - Looker",
    $User.Alias <> "Workato",
    Pricebook2.Name = 'CPQ',
    Probability > 0.80,
    OR(
        ISBLANK(SBQQ__PrimaryQuote__c),
        ISBLANK(Account.Client_Legal_Entity_Name__c),
        OR(
            AND(
                RecordType.DeveloperName <> "Healthcare",
                ISBLANK(Ship_To_Account__c)
            ),
            AND(
                ISPICKVAL(SBQQ__PrimaryQuote__r.Multiple_Ship_to_Accounts__c,"No"),
                ISBLANK(Ship_To_Account__c)
            )
        ),
        ISPICKVAL(Type,""),
        ISBLANK(TEXT(SBQQ__PrimaryQuote__r.Multiple_Ship_to_Accounts__c))
    ),
    NOT(ISPICKVAL(Type, "Auto Renewal"))
)|Ship_To_Account__c=001hG00000Bgdcv , Type=New Business , $Profile.Name=System Administrator , RecordType.DeveloperName=Education , Account.Client_Legal_Entity_Name__c=Edu Corp , SBQQ__PrimaryQuote__c=a2NhG000003xHKr , Probability=10 , $User.Alias=sunita.b , SBQQ__PrimaryQuote__r.Multiple_Ship_to_Accounts__c=No , Pricebook2.Name=Standard Price Book
22:33:44.797 (1800503427)|VALIDATION_PASS
22:33:44.797 (1800504207)|VALIDATION_RULE|03d8W000001DXEn|Edu_RC_Symptoms_Impact_40
22:33:44.797 (1800643278)|VALIDATION_FORMULA|AND(
    $Profile.Name <> "System Administrator",
    $Profile.Name <> "B - Looker",
    $User.Alias <> "workato",
    Not( Account.Account_Region__c = "APAC"),
    IsClosed = False,
    RecordType.Name = 'Education',
    Probability >=0.40,
    OR(
        ISBLANK( Root_Cause__c),
        ISBLANK( Symptoms__c ),
        ISBLANK( Impact__c )
    ),
    NOT(ISPICKVAL(Type, "Renewal")),
    NOT(ISPICKVAL(Type, "Auto Renewal"))
)
&& Opp_Val_Bypass__c = false|Impact__c=null , Type=New Business , $Profile.Name=System Administrator , Probability=10 , Symptoms__c=null , Opp_Val_Bypass__c=1 , Account.Account_Region__c=NAMER , IsClosed=0 , RecordType.Name=Education , $User.Alias=sunita.b , Root_Cause__c=null
22:33:44.797 (1800646998)|VALIDATION_PASS
22:33:44.797 (1800647748)|VALIDATION_RULE|03dPb000000eHtU|KYC_Approved_80
22:33:44.797 (1800755779)|VALIDATION_FORMULA|AND(
    $Profile.Name <> "System Administrator",
    $Profile.Name <> "B - Looker",
    RecordType.Name <> "Bank-PSP Partner",
    RecordType.Name <> "Strategic Partner",
    RecordType.Name <> "Healthcare SOW",
    RecordType.Name <> "Healthcare",
    Probability > 0.8,
    NOT(ISPICKVAL(Account.KYC_Status__c , "Approved")),
    NOT(ISPICKVAL(Type, "Auto Renewal"))
)
&& Opp_Val_Bypass__c = false|Type=New Business , $Profile.Name=System Administrator , Probability=10 , Opp_Val_Bypass__c=1 , RecordType.Name=Education , Account.KYC_Status__c=null
22:33:44.797 (1800759019)|VALIDATION_PASS
22:33:44.797 (1800759879)|VALIDATION_RULE|03d5w000000gltp|Live_not_closed
22:33:44.797 (1800823840)|VALIDATION_FORMULA|AND(
$Profile.Name <> "System Administrator",
$Profile.Name <> "B - Looker",
TEXT(StageName) != "Closed Won",
NOT(ISBLANK(Date_First_Opp_Product_Live__c))
)
&& Opp_Val_Bypass__c = false|$Profile.Name=System Administrator , StageName=Discovery/Qualifying , Opp_Val_Bypass__c=1 , Date_First_Opp_Product_Live__c=null
22:33:44.797 (1800826100)|VALIDATION_PASS
22:33:44.797 (1800826970)|VALIDATION_RULE|03d8W0000019Umn|LockClosedOpp
22:33:44.797 (1800889640)|VALIDATION_FORMULA|AND(
$Profile.Name <> "System Administrator",
$Profile.Name <> "A - RevOps",
$Profile.Name <> "B - Looker",
$User.Alias <> "Workato",
NOT(ISBLANK (Date_100__c)),
NOT(ISCHANGED(Date_100__c))
)
&& Opp_Val_Bypass__c = false|$Profile.Name=System Administrator , Date_100__c=null , Opp_Val_Bypass__c=1 , $User.Alias=sunita.b
22:33:44.797 (1800891930)|VALIDATION_PASS
22:33:44.797 (1800892780)|VALIDATION_RULE|03dPb000000eHtV|Lock_Opportunity
22:33:44.797 (1800932240)|VALIDATION_FORMULA|Lock_Opportunity__c  
&& NOT(ISCHANGED(Lock_Opportunity__c))
&& NOT(ISPICKVAL(Type, "Renewal"))
&& NOT(ISPICKVAL(Type, "Auto Renewal"))|Type=New Business , Lock_Opportunity__c=0
22:33:44.797 (1800934080)|VALIDATION_PASS
22:33:44.797 (1800934730)|VALIDATION_RULE|03dPb000000epAH|Lock_Pre_CPQ_Existing_Business_Opps
22:33:44.797 (1800985021)|VALIDATION_FORMULA|AND(
    $Profile.Name <> 'System Administrator',
    $Profile.Name <> "B - Looker",
    $User.Alias <> "Workato",
    Locked_Opp__c,
    NOT(ISNEW()),
    NOT(ISPICKVAL(StageName, "Closed Lost"))
)|Locked_Opp__c=0 , $Profile.Name=System Administrator , StageName=Discovery/Qualifying , $User.Alias=sunita.b
22:33:44.797 (1800987071)|VALIDATION_PASS
22:33:44.797 (1800987811)|VALIDATION_RULE|03dhG0000007Q7R|Missing_Opportunity_Products
22:33:44.797 (1801139202)|VALIDATION_FORMULA|AND(
    $Profile.Name <> "System Administrator",
    $Profile.Name <> "B - Looker",
    $User.Alias <> "Workato",
    Pricebook2.Name = "CPQ",
    NOT(ISBLANK(SBQQ__PrimaryQuote__c )),
    Number_of_Opportunity_Products__c <> SBQQ__PrimaryQuote__r.Number_of_Non_Amendment_Quote_Lines__c,
    ISPICKVAL(StageName,"Legal"),
				NOT(ISPICKVAL(Type, "Renewal")),
    Opp_Val_Bypass__c = false,
    SBQQ__PrimaryQuote__r.Quote_Val_Bypass__c = false
)|Type=New Business , $Profile.Name=System Administrator , SBQQ__PrimaryQuote__r.Number_of_Non_Amendment_Quote_Lines__c=0 , StageName=Discovery/Qualifying , SBQQ__PrimaryQuote__c=a2NhG000003xHKr , Opp_Val_Bypass__c=1 , SBQQ__PrimaryQuote__r.Quote_Val_Bypass__c=0 , $User.Alias=sunita.b , Number_of_Opportunity_Products__c=0 , Pricebook2.Name=Standard Price Book
22:33:44.797 (1801143492)|VALIDATION_PASS
22:33:44.797 (1801144442)|VALIDATION_RULE|03dPb000000eHtW|Must_have_Billing_Contact_for_Legal
22:33:44.797 (1801255233)|VALIDATION_FORMULA|AND(
    $Profile.Name <> "System Administrator",
    $Profile.Name <> "B - Looker",
    $User.Alias <> "Workato",
    Pricebook2.Name = "CPQ",
    NOT(ISBLANK(SBQQ__PrimaryQuote__c )),
    Account.Has_Billing_Contact__c = false,
    ISPICKVAL(StageName,"Legal"),
    Opp_Val_Bypass__c = false,
    SBQQ__PrimaryQuote__r.Quote_Val_Bypass__c = false,
    NOT(ISPICKVAL(Type, "Auto Renewal"))
)|Type=New Business , $Profile.Name=System Administrator , StageName=Discovery/Qualifying , SBQQ__PrimaryQuote__c=a2NhG000003xHKr , Account.Has_Billing_Contact__c=0 , Opp_Val_Bypass__c=1 , SBQQ__PrimaryQuote__r.Quote_Val_Bypass__c=0 , $User.Alias=sunita.b , Pricebook2.Name=Standard Price Book
22:33:44.797 (1801258823)|VALIDATION_PASS
22:33:44.797 (1801259583)|VALIDATION_RULE|03dPb000000eHtX|Opp_Stage_Closed_Won
22:33:44.797 (1801363524)|VALIDATION_FORMULA|AND(
    ISPICKVAL(StageName, "Closed Won"),
    NOT(ISPICKVAL(sbaa__ApprovalStatus__c, "Approved")),
    ISCHANGED(StageName),
    OR(
        RecordType.Name = 'B2B',
        RecordType.Name = 'Education',
        RecordType.Name = 'Healthcare',
        RecordType.Name = 'Travel'
    ),
    NOT(ISPICKVAL(Type, "Auto Renewal")),
    $Profile.Name <> 'System Administrator',
    $Profile.Name <> "B - Looker",
    $User.Alias <> "Workato"
)|Type=New Business , $Profile.Name=System Administrator , StageName=Discovery/Qualifying , sbaa__ApprovalStatus__c=null , RecordType.Name=Education , $User.Alias=sunita.b
22:33:44.797 (1801366904)|VALIDATION_PASS
22:33:44.797 (1801367684)|VALIDATION_RULE|03dhG0000004ZNN|Renewal_Term_must_be_greater_than_0
22:33:44.797 (1801526885)|VALIDATION_FORMULA|AND(
$Profile.Name <> "System Administrator",
$Profile.Name <> "B - Looker",
$User.Alias <> "Workato",
Probability > 0.80,
OR(
Pricebook2.Name = "CPQ",
ISBLANK(Pricebook2Id)
),
OR(
RecordType.DeveloperName = "Education",
RecordType.DeveloperName = "Travel",
RecordType.DeveloperName = "B2B",
RecordType.DeveloperName = "Healthcare"
),
OR(
ISBLANK(SBQQ__PrimaryQuote__c),
NOT(ISPICKVAL(SBQQ__PrimaryQuote__r.SBQQ__Status__c, "Client_Approved")),
ISBLANK(TEXT(SBQQ__PrimaryQuote__r.Contract_has_Auto_Renewal_Terms__c)),
ISBLANK(SBQQ__PrimaryQuote__r.SBQQ__RenewalTerm__c),
SBQQ__PrimaryQuote__r.SBQQ__RenewalTerm__c = 0),
NOT(ISPICKVAL(Type, "Auto Renewal"))
)|SBQQ__PrimaryQuote__r.Contract_has_Auto_Renewal_Terms__c=null , Type=New Business , $Profile.Name=System Administrator , Pricebook2Id=01sf2000001vfF6 , RecordType.DeveloperName=Education , SBQQ__PrimaryQuote__c=a2NhG000003xHKr , Probability=10 , SBQQ__PrimaryQuote__r.SBQQ__RenewalTerm__c=null , $User.Alias=sunita.b , SBQQ__PrimaryQuote__r.SBQQ__Status__c=Draft , Pricebook2.Name=Standard Price Book
22:33:44.797 (1801531625)|VALIDATION_PASS
22:33:44.797 (1801532525)|VALIDATION_RULE|03dPb000000eHtY|Req_CPQ_Pricebook_Verticals
22:33:44.797 (1801609825)|VALIDATION_FORMULA|AND(
    $Profile.Name <> "System Administrator",
    $Profile.Name <> "B - Looker",
    $User.Alias <> "Workato",
    IsClosed = false,
    ISCHANGED(Pricebook2Id),
    Pricebook2.Name <> 'CPQ',
    NOT(ISPICKVAL(Type,'Statement of Work')),
    RecordType.DeveloperName != 'Agents',
    RecordType.DeveloperName != 'Healthcare_SOW',
    RecordType.DeveloperName != 'Bank_PSP_Partner',
    RecordType.DeveloperName != 'Strategic_Partner'
)|Type=New Business , $Profile.Name=System Administrator , Pricebook2Id=01sf2000001vfF6 , RecordType.DeveloperName=Education , IsClosed=0 , $User.Alias=sunita.b , Pricebook2.Name=Standard Price Book
22:33:44.797 (1801612985)|VALIDATION_PASS
22:33:44.797 (1801613725)|VALIDATION_RULE|03d5w000000gts0|Req_SubIndustry_30
22:33:44.797 (1801723886)|VALIDATION_FORMULA|AND(
    $Profile.Name <> "System Administrator",
    $Profile.Name <> "B - Looker",
    $User.Alias <> "Workato",
    Probability >= 0.30,
    ISBLANK(TEXT(Account.Account_Sub_Industry__c)),
    OR(
        RecordType.Name = "Education",
        RecordType.Name = "Healthcare",
        RecordType.Name = "Travel",
        RecordType.Name = "B2B"
    ),
    NOT(ISPICKVAL(Type, "Auto Renewal"))
)
&& Opp_Val_Bypass__c = false|Type=New Business , $Profile.Name=System Administrator , Probability=10 , Opp_Val_Bypass__c=1 , Account.Account_Sub_Industry__c=null , RecordType.Name=Education , $User.Alias=sunita.b
22:33:44.797 (1801727496)|VALIDATION_PASS
22:33:44.797 (1801728386)|VALIDATION_RULE|03df2000000HAKE|Shipping_Country_30
22:33:44.797 (1801816547)|VALIDATION_FORMULA|AND(
    $Profile.Name <> "System Administrator",
    $Profile.Name <> "B - Looker",
    $User.Alias <> "Workato",
    Pricebook2.Name <> "CPQ",
    Probability >=0.30,
    ISBLANK(Account.ShippingCountry),
    NOT(ISPICKVAL(Type, "Auto Renewal"))
)
&& Opp_Val_Bypass__c = false|Type=New Business , $Profile.Name=System Administrator , Probability=10 , Account.ShippingCountry=United States , Opp_Val_Bypass__c=1 , $User.Alias=sunita.b , Pricebook2.Name=Standard Price Book
22:33:44.797 (1801819547)|VALIDATION_PASS
22:33:44.797 (1801820407)|VALIDATION_RULE|03dPb000000eHtb|Tax_ID_Required_to_move_to_Legal
22:33:44.797 (1801899898)|VALIDATION_FORMULA|AND(
    $Profile.Name <> 'System Administrator',
    $Profile.Name <> "B - Looker",
    $User.Alias <> "Workato",
    Pricebook2.Name = 'CPQ',
    Probability > 0.80,
    ISBLANK(Account.Tax_Id__c),
    NOT(ISPICKVAL(Type, "Auto Renewal"))
)
&& Opp_Val_Bypass__c = false|Type=New Business , $Profile.Name=System Administrator , Probability=10 , Opp_Val_Bypass__c=1 , $User.Alias=sunita.b , Pricebook2.Name=Standard Price Book , Account.Tax_Id__c=4657TH54
22:33:44.797 (1801902598)|VALIDATION_PASS
22:33:44.797 (1801903468)|VALIDATION_RULE|03d5w000000gmDg|Travel_Amount_10
22:33:44.797 (1801978358)|VALIDATION_FORMULA|AND(
$Profile.Name <> 'System Administrator',
$Profile.Name <> "B - Looker",
$User.Alias <> "Workato",
RecordType.Name = 'Travel',
Probability >0.90,
Opp_ARR__c < 5000.00,
NOT(HasOpportunityLineItem)
)
&& Opp_Val_Bypass__c = false|Opp_ARR__c=0 , $Profile.Name=System Administrator , HasOpportunityLineItem=0 , Probability=10 , Opp_Val_Bypass__c=1 , RecordType.Name=Education , $User.Alias=sunita.b
22:33:44.797 (1801980998)|VALIDATION_PASS
22:33:44.797 (1801981848)|VALIDATION_RULE|03dhG0000002pzL|Usage_Rate_Not_Added_to_All_Lines
22:33:44.797 (1802022859)|VALIDATION_FORMULA|AND(
 ISPICKVAL(StageName, "Legal"), 
 SBQQ__PrimaryQuote__r.Count_usage_field_values__c  > 0 )|SBQQ__PrimaryQuote__r.Count_usage_field_values__c=0 , StageName=Discovery/Qualifying
22:33:44.797 (1802024909)|VALIDATION_PASS
22:33:44.797 (1802032569)|CODE_UNIT_FINISHED|Validation:Opportunity:006hG000007F7DF
22:33:44.840 (1840666866)|HEAP_ALLOCATE|[EXTERNAL]|Bytes:8
22:33:44.840 (1840718216)|HEAP_ALLOCATE|[EXTERNAL]|Bytes:8
22:33:44.840 (1840792007)|HEAP_ALLOCATE|[EXTERNAL]|Bytes:36
22:33:44.840 (1840803037)|VARIABLE_SCOPE_BEGIN|[1]|this|SBQQ.OpportunityAfter|true|false
22:33:44.840 (1840875217)|VARIABLE_ASSIGNMENT|[1]|this|{}|0x71230115
22:33:44.842 (1842398428)|CUMULATIVE_LIMIT_USAGE
22:33:44.842 (1842398428)|LIMIT_USAGE_FOR_NS|(default)|
  Number of SOQL queries: 2 out of 100
  Number of query rows: 0 out of 50000
  Number of SOSL queries: 0 out of 20
  Number of DML statements: 12 out of 150
  Number of Publish Immediate DML: 0 out of 150
  Number of DML rows: 13 out of 10000
  Maximum CPU time: 451 out of 10000
  Maximum heap size: 0 out of 10000000
  Number of callouts: 0 out of 100
  Number of Email Invocations: 0 out of 10
  Number of future calls: 0 out of 50
  Number of queueable jobs added to the queue: 0 out of 50
  Number of Mobile Apex push calls: 0 out of 10

22:33:44.842 (1842398428)|LIMIT_USAGE_FOR_NS|sbaa|
  Number of SOQL queries: 0 out of 100
  Number of query rows: 0 out of 50000
  Number of SOSL queries: 0 out of 20
  Number of DML statements: 0 out of 150
  Number of Publish Immediate DML: 0 out of 150
  Number of DML rows: 0 out of 10000
  Maximum CPU time: 0 out of 10000
  Maximum heap size: 0 out of 10000000
  Number of callouts: 0 out of 100
  Number of Email Invocations: 0 out of 10
  Number of future calls: 0 out of 50
  Number of queueable jobs added to the queue: 0 out of 50
  Number of Mobile Apex push calls: 0 out of 10

22:33:44.842 (1842398428)|LIMIT_USAGE_FOR_NS|SBQQ|
  Number of SOQL queries: 7 out of 100
  Number of query rows: 3 out of 50000
  Number of SOSL queries: 0 out of 20
  Number of DML statements: 1 out of 150
  Number of Publish Immediate DML: 0 out of 150
  Number of DML rows: 1 out of 10000
  Maximum CPU time: 0 out of 10000
  Maximum heap size: 0 out of 10000000
  Number of callouts: 0 out of 100
  Number of Email Invocations: 0 out of 10
  Number of future calls: 0 out of 50
  Number of queueable jobs added to the queue: 0 out of 50
  Number of Mobile Apex push calls: 0 out of 10

22:33:44.842 (1842398428)|CUMULATIVE_LIMIT_USAGE_END

22:33:44.780 (1844637875)|FLOW_START_INTERVIEWS_END|1
22:33:44.780 (1846145386)|FLOW_INTERVIEW_FINISHED|9549e03000cd89507d5f42e3af721a05decb220-5bd1|(OPP) Update GM Health
22:33:44.849 (1849597692)|FLOW_CREATE_INTERVIEW_BEGIN|00DhG0000000jOX|300Pb00000vhur0|301Pb00002818E4
22:33:44.849 (1849659983)|FLOW_CREATE_INTERVIEW_END|9550e03000cd89507d5f42e3af721a05decb220-5bd0|(OPP) Opportunity Roll-up to Account
22:33:44.849 (1849896195)|FLOW_START_INTERVIEWS_BEGIN|1
22:33:44.849 (1849922045)|FLOW_START_INTERVIEW_BEGIN|9550e03000cd89507d5f42e3af721a05decb220-5bd0|(OPP) Opportunity Roll-up to Account
22:33:44.849 (1850066396)|FLOW_START_INTERVIEW_END|9550e03000cd89507d5f42e3af721a05decb220-5bd0|(OPP) Opportunity Roll-up to Account
22:33:44.876 (1876074489)|CODE_UNIT_STARTED|[EXTERNAL]|Flow:Account
22:33:44.877 (1877737341)|FLOW_CREATE_INTERVIEW_BEGIN|00DhG0000000jOX|300Pb00000t9Pvd|301Pb0000230SWF
22:33:44.877 (1877804452)|FLOW_CREATE_INTERVIEW_END|9551e03000cd89507d5f42e3af721a05decb220-5bcf|(Account) Send CDC Event
22:33:44.878 (1878088764)|FLOW_START_INTERVIEWS_BEGIN|1
22:33:44.878 (1878122384)|FLOW_START_INTERVIEW_BEGIN|9551e03000cd89507d5f42e3af721a05decb220-5bcf|(Account) Send CDC Event
22:33:44.878 (1878311436)|FLOW_START_INTERVIEW_END|9551e03000cd89507d5f42e3af721a05decb220-5bcf|(Account) Send CDC Event
22:33:44.878 (1878961310)|FLOW_START_INTERVIEWS_END|1
22:33:44.878 (1879868807)|FLOW_INTERVIEW_FINISHED|9551e03000cd89507d5f42e3af721a05decb220-5bcf|(Account) Send CDC Event
22:33:44.876 (1881077086)|CODE_UNIT_FINISHED|Flow:Account
22:33:44.881 (1881785472)|HEAP_ALLOCATE|[EXTERNAL]|Bytes:8
22:33:44.881 (1881818802)|HEAP_ALLOCATE|[EXTERNAL]|Bytes:8
22:33:44.881 (1881894863)|HEAP_ALLOCATE|[EXTERNAL]|Bytes:4
22:33:44.881 (1881906973)|VARIABLE_SCOPE_BEGIN|[1]|this|SBQQ.AccountBefore|true|false
22:33:44.881 (1881960893)|VARIABLE_ASSIGNMENT|[1]|this|{}|0x680d1a03
22:33:44.882 (1882435917)|CUMULATIVE_LIMIT_USAGE
22:33:44.882 (1882435917)|LIMIT_USAGE_FOR_NS|(default)|
  Number of SOQL queries: 4 out of 100
  Number of query rows: 2 out of 50000
  Number of SOSL queries: 0 out of 20
  Number of DML statements: 13 out of 150
  Number of Publish Immediate DML: 0 out of 150
  Number of DML rows: 14 out of 10000
  Maximum CPU time: 496 out of 10000
  Maximum heap size: 0 out of 10000000
  Number of callouts: 0 out of 100
  Number of Email Invocations: 0 out of 10
  Number of future calls: 0 out of 50
  Number of queueable jobs added to the queue: 0 out of 50
  Number of Mobile Apex push calls: 0 out of 10

22:33:44.882 (1882435917)|LIMIT_USAGE_FOR_NS|sbaa|
  Number of SOQL queries: 0 out of 100
  Number of query rows: 0 out of 50000
  Number of SOSL queries: 0 out of 20
  Number of DML statements: 0 out of 150
  Number of Publish Immediate DML: 0 out of 150
  Number of DML rows: 0 out of 10000
  Maximum CPU time: 0 out of 10000
  Maximum heap size: 0 out of 10000000
  Number of callouts: 0 out of 100
  Number of Email Invocations: 0 out of 10
  Number of future calls: 0 out of 50
  Number of queueable jobs added to the queue: 0 out of 50
  Number of Mobile Apex push calls: 0 out of 10

22:33:44.882 (1882435917)|LIMIT_USAGE_FOR_NS|SBQQ|
  Number of SOQL queries: 7 out of 100
  Number of query rows: 3 out of 50000
  Number of SOSL queries: 0 out of 20
  Number of DML statements: 1 out of 150
  Number of Publish Immediate DML: 0 out of 150
  Number of DML rows: 1 out of 10000
  Maximum CPU time: 0 out of 10000
  Maximum heap size: 0 out of 10000000
  Number of callouts: 0 out of 100
  Number of Email Invocations: 0 out of 10
  Number of future calls: 0 out of 50
  Number of queueable jobs added to the queue: 0 out of 50
  Number of Mobile Apex push calls: 0 out of 10

22:33:44.882 (1882435917)|CUMULATIVE_LIMIT_USAGE_END

22:33:44.888 (1888574332)|CODE_UNIT_STARTED|[EXTERNAL]|Validation:Account:001hG00000Bgdcv
22:33:44.888 (1888591712)|VALIDATION_RULE|03dhG0000007W81|AgentsCohortGo_ID_only_editable_if_empty
22:33:44.888 (1888851454)|VALIDATION_FORMULA|AND(
    $RecordType.Name = "Agents",
    NOT($Profile.Name = "System Administrator"),
    NOT(ISBLANK(PRIORVALUE(CohortGo_ID__c))),
    ISCHANGED(CohortGo_ID__c)
)
&& Acc_Val_Bypass__c = false|$RecordType.Name=Education , $Profile.Name=System Administrator , CohortGo_ID__c=null , Acc_Val_Bypass__c=0
22:33:44.888 (1888858304)|VALIDATION_PASS
22:33:44.888 (1888859654)|VALIDATION_RULE|03df20000003jYK|Check_CompanyId_Value
22:33:44.888 (1888908205)|VALIDATION_FORMULA|AND(
	(LID__LinkedIn_Company_Id__c <> NULL),
	NOT(ISNUMBER(LID__LinkedIn_Company_Id__c))
)|LID__LinkedIn_Company_Id__c=null
22:33:44.888 (1888910435)|VALIDATION_PASS
22:33:44.888 (1888911515)|VALIDATION_RULE|03d8W000001DX5Y|Check_Company_Id_Value
22:33:44.888 (1888937975)|VALIDATION_FORMULA|AND(
	(LID__LinkedIn_Company_Id__c <> NULL),
	NOT(ISNUMBER(LID__LinkedIn_Company_Id__c))
)|LID__LinkedIn_Company_Id__c=null
22:33:44.888 (1888939875)|VALIDATION_PASS
22:33:44.888 (1888940805)|VALIDATION_RULE|03d8W0000019Uxk|Generic_Website_Not_Allowed
22:33:44.888 (1889327618)|VALIDATION_FORMULA|AND(
$Profile.Name <> "System Administrator",
IF(
CASE(Website_Domain_Capture__c,
'gmail.com', 1,
'yahoo.com', 1,
'xyz.com', 1,'hotmail.co.uk', 1,
'aol.com', 1,'hotmail.com', 1,
'hotmail.fr', 1,'msn.com', 1,'yahoo.fr', 1,'wanadoo.fr', 1,'orange.fr', 1,'comcast.net', 1,'outlook.com', 1,'yahoo.co.uk', 1,'yahoo.com.br', 1,'yahoo.co.in', 1,'live.com', 1,'rediffmail.com', 1,'free.fr', 1,'gmx.de', 1,'web.de', 1,'yandex.ru', 1,
'ymail.com', 1,'libero.it', 1,
'uol.com.br', 1,'bol.com.br', 1,'mail.ru', 1,'cox.net', 1,'hotmail.it', 1,'sbcglobal.net', 1,'sfr.fr', 1,'live.fr', 1,'verizon.net', 1,'live.co.uk', 1,'googlemail.com', 1,'yahoo.es', 1,'ig.com.br', 1,'live.nl', 1,'bigpond.com', 1,'terra.com.br', 1,'yahoo.it', 1,'neuf.fr', 1,
'yahoo.de', 1,'alice.it', 1,
'rocketmail.com', 1,'att.net', 1,'laposte.net', 1,'bellsouth.net', 1,'yahoo.in', 1,'hotmail.es', 1,'charter.net', 1,'yahoo.ca', 1,'yahoo.com.au', 1,'rambler.ru', 1,'hotmail.de', 1,'tiscali.it', 1,'shaw.ca', 1,'yahoo.co.jp', 1,'sky.com', 1,'earthlink.net', 1,'optonline.net', 1,'freenet.de', 1,
't-online.de', 1,'aliceadsl.fr', 1,
'home.nl', 1,'virgilio.it', 1,'qq.com', 1,'telenet.be', 1,'me.com', 1,'mac.com', 1,'icloud.com', 1,'yahoo.com.ar', 1,'tiscali.co.uk', 1,'yahoo.com.mx', 1,'voila.fr', 1,'gmx.net', 1,'mail.com', 1,'planet.nl', 1,'tin.it', 1,'live.it', 1,'ntlworld.com', 1,'arcor.de', 1,
'yahoo.co.id', 1,'frontiernet.net', 1,
'hetnet.nl', 1,'live.com.au', 1,'yahoo.com.sg', 1,'zonnet.nl', 1,'club-internet.fr', 1,'juno.com', 1,'optusnet.com.au', 1,'blueyonder.co.uk', 1,'bluewin.ch', 1,'skynet.be', 1,'sympatico.ca', 1,'windstream.net', 1,'centurytel.net', 1,'chello.nl', 1,'live.ca', 1,'aim.com', 1,'bigpond.net.au', 1,'email.com', 1,
'mail.com', 1,'usa.com', 1,
'post.com', 1,'consultant.com', 1,'asia.com', 1,'engineer.com', 1,'engineer.com', 1,'europe.com', 1,'myself.com', 1,'proton.me', 1,'@protonmail.com', 1,'@pm.me', 1,'protonmail.ch', 1,'yandex.com', 1,'gmx.com', 1,'tutanota.com', 1,'hubspot.com', 1,'zoho.com', 1,'titan.email', 1,'aim.com', 1,
'yahoo.com', 1,
0) =1 ,
TRUE,
FALSE)
)
&& Acc_Val_Bypass__c = false|$Profile.Name=System Administrator , Website_Domain_Capture__c=null , Acc_Val_Bypass__c=0
22:33:44.888 (1889338778)|VALIDATION_PASS
22:33:44.888 (1889339618)|VALIDATION_RULE|03d8W000001DWvs|Inactive_Disqualified_Reason
22:33:44.888 (1889497859)|VALIDATION_FORMULA|AND(
$Profile.Name <> "B - Looker",
OR(
ISPICKVAL( Account_Status__c , "Deactivated"),
ISPICKVAL( Account_Status__c , "Disqualified")),
ISBLANK( TEXT(Inactive_Reason__c)))|Account_Status__c=Created (Not Active) , $Profile.Name=System Administrator , Inactive_Reason__c=null
22:33:44.888 (1889501809)|VALIDATION_PASS
22:33:44.888 (1889502759)|VALIDATION_RULE|03d8W0000019Vh3|Only_RevOps_can_edit_EDU_US_AcctOwner
22:33:44.888 (1889661370)|VALIDATION_FORMULA|AND(
$Profile.Name <> 'System Administrator',
$User.User_LongID__c <> '0058W00000ErGiZQAV', /*carmen*/
$User.User_LongID__c <> '0058W00000EVTGWQA5', /*babita*/
NOT(ISNEW()),
ISCHANGED(OwnerId),
RecordType.Name = 'Education',
OR(
ShippingCountry = 'USA',
ShippingCountry = 'United States'))
&& Acc_Val_Bypass__c = false|OwnerId=005Pb00000IYVNB , $Profile.Name=System Administrator , ShippingCountry=United States , RecordType.Name=Education , Acc_Val_Bypass__c=0 , $User.User_LongID__c=005Pb00000IYVNBIA5
22:33:44.888 (1889665910)|VALIDATION_PASS
22:33:44.888 (1889666770)|VALIDATION_RULE|03d8W0000019Vh4|Only_RevOps_can_edit_EDU_US_RM
22:33:44.888 (1889778441)|VALIDATION_FORMULA|AND(
$Profile.Name <> 'System Administrator',
$User.User_LongID__c <> '0058W00000ErGiZQAV', /*carmen*/
$User.User_LongID__c <> '0058W00000EVTGWQA5', /*babita*/
ISCHANGED(Relationship_Manager__c),
RecordType.Name = 'Education',
OR(
ShippingCountry = 'USA',
ShippingCountry = 'United States'))
&& Acc_Val_Bypass__c = false|$Profile.Name=System Administrator , Relationship_Manager__c=null , ShippingCountry=United States , RecordType.Name=Education , Acc_Val_Bypass__c=0 , $User.User_LongID__c=005Pb00000IYVNBIA5
22:33:44.888 (1889782161)|VALIDATION_PASS
22:33:44.888 (1889783301)|VALIDATION_RULE|03d8W0000019Vpr|Only_RevOps_can_edit_Travel_RM
22:33:44.888 (1889903272)|VALIDATION_FORMULA|AND(
$Profile.Name <> 'System Administrator',
$User.User_LongID__c <> '0058W00000ErGiZQAV', /*carmen*/
$User.User_LongID__c <> '0058W00000EVTGWQA5', /*babita*/
$User.User_LongID__c <> '005f2000009yzvoAAA',/*alex*/
$User.User_LongID__c <> '0058W00000GK9zwQAD',/*henry*/
RecordType.Name = 'Travel',
AND(
ISPICKVAL( Account_Status__c , "Active (Product Live)"),
ISCHANGED(Relationship_Manager__c),
NOT( ISBLANK( PRIORVALUE(Relationship_Manager__c)))))
&& Acc_Val_Bypass__c = false|Account_Status__c=Created (Not Active) , $Profile.Name=System Administrator , Relationship_Manager__c=null , RecordType.Name=Education , Acc_Val_Bypass__c=0 , $User.User_LongID__c=005Pb00000IYVNBIA5
22:33:44.888 (1889907382)|VALIDATION_PASS
22:33:44.888 (1889908382)|VALIDATION_RULE|03d8W000001DZ7g|Req_Account_Industry
22:33:44.888 (1889991863)|VALIDATION_FORMULA|AND(
$Profile.Name <> "System Administrator",
$Profile.Name <> "B - Looker",
RecordType.Name = 'B2B',
RecordType.Name = 'Travel',
RecordType.Name = 'Education',
RecordType.Name = 'Healthcare',
Acc_Val_Bypass__c = false,
ISBLANK(TEXT(Account_Industry__c))
)|Account_Industry__c=Education , $Profile.Name=System Administrator , RecordType.Name=Education , Acc_Val_Bypass__c=0
22:33:44.888 (1889994873)|VALIDATION_PASS
22:33:44.888 (1889995823)|VALIDATION_RULE|03dPb000003VCb3|Tax_ID_Value_Restrictions
22:33:44.888 (1890036823)|VALIDATION_FORMULA|AND(
 $Profile.Name  <> "System Administrator",
OR(
REGEX( Tax_Id__c , ".*-.*"), 
REGEX(Tax_Id__c, "^0+$")
)
)|$Profile.Name=System Administrator , Tax_Id__c=4657TH54
22:33:44.888 (1890039073)|VALIDATION_PASS
22:33:44.888 (1890044963)|CODE_UNIT_FINISHED|Validation:Account:001hG00000Bgdcv
22:33:44.902 (1902850868)|CODE_UNIT_STARTED|[EXTERNAL]|Flow:Account
22:33:44.905 (1905309966)|FLOW_CREATE_INTERVIEW_BEGIN|00DhG0000000jOX|3008W000000snOH|3018W0000011oL3
22:33:44.905 (1905383736)|FLOW_CREATE_INTERVIEW_END|9552e03000cd89507d5f42e3af721a05decb220-5bce|(ACC) Update GM Health
22:33:44.905 (1905654828)|FLOW_START_INTERVIEWS_BEGIN|1
22:33:44.905 (1905682759)|FLOW_START_INTERVIEW_BEGIN|9552e03000cd89507d5f42e3af721a05decb220-5bce|(ACC) Update GM Health
22:33:44.905 (1905884930)|FLOW_START_INTERVIEW_END|9552e03000cd89507d5f42e3af721a05decb220-5bce|(ACC) Update GM Health
22:33:44.916 (1916611711)|HEAP_ALLOCATE|[EXTERNAL]|Bytes:8
22:33:44.916 (1916676741)|HEAP_ALLOCATE|[EXTERNAL]|Bytes:8
22:33:44.916 (1916753712)|HEAP_ALLOCATE|[EXTERNAL]|Bytes:4
22:33:44.916 (1916766262)|VARIABLE_SCOPE_BEGIN|[1]|this|SBQQ.AccountBefore|true|false
22:33:44.916 (1916826852)|VARIABLE_ASSIGNMENT|[1]|this|{}|0x180ebbd2
22:33:44.917 (1917268846)|CUMULATIVE_LIMIT_USAGE
22:33:44.917 (1917268846)|LIMIT_USAGE_FOR_NS|(default)|
  Number of SOQL queries: 4 out of 100
  Number of query rows: 2 out of 50000
  Number of SOSL queries: 0 out of 20
  Number of DML statements: 14 out of 150
  Number of Publish Immediate DML: 0 out of 150
  Number of DML rows: 15 out of 10000
  Maximum CPU time: 510 out of 10000
  Maximum heap size: 0 out of 10000000
  Number of callouts: 0 out of 100
  Number of Email Invocations: 0 out of 10
  Number of future calls: 0 out of 50
  Number of queueable jobs added to the queue: 0 out of 50
  Number of Mobile Apex push calls: 0 out of 10

22:33:44.917 (1917268846)|LIMIT_USAGE_FOR_NS|sbaa|
  Number of SOQL queries: 0 out of 100
  Number of query rows: 0 out of 50000
  Number of SOSL queries: 0 out of 20
  Number of DML statements: 0 out of 150
  Number of Publish Immediate DML: 0 out of 150
  Number of DML rows: 0 out of 10000
  Maximum CPU time: 0 out of 10000
  Maximum heap size: 0 out of 10000000
  Number of callouts: 0 out of 100
  Number of Email Invocations: 0 out of 10
  Number of future calls: 0 out of 50
  Number of queueable jobs added to the queue: 0 out of 50
  Number of Mobile Apex push calls: 0 out of 10

22:33:44.917 (1917268846)|LIMIT_USAGE_FOR_NS|SBQQ|
  Number of SOQL queries: 7 out of 100
  Number of query rows: 3 out of 50000
  Number of SOSL queries: 0 out of 20
  Number of DML statements: 1 out of 150
  Number of Publish Immediate DML: 0 out of 150
  Number of DML rows: 1 out of 10000
  Maximum CPU time: 0 out of 10000
  Maximum heap size: 0 out of 10000000
  Number of callouts: 0 out of 100
  Number of Email Invocations: 0 out of 10
  Number of future calls: 0 out of 50
  Number of queueable jobs added to the queue: 0 out of 50
  Number of Mobile Apex push calls: 0 out of 10

22:33:44.917 (1917268846)|CUMULATIVE_LIMIT_USAGE_END

22:33:44.920 (1920618460)|CODE_UNIT_STARTED|[EXTERNAL]|Validation:Account:001hG00000Bgdcv
22:33:44.920 (1920634360)|VALIDATION_RULE|03dhG0000007W81|AgentsCohortGo_ID_only_editable_if_empty
22:33:44.920 (1920866472)|VALIDATION_FORMULA|AND(
    $RecordType.Name = "Agents",
    NOT($Profile.Name = "System Administrator"),
    NOT(ISBLANK(PRIORVALUE(CohortGo_ID__c))),
    ISCHANGED(CohortGo_ID__c)
)
&& Acc_Val_Bypass__c = false|$RecordType.Name=Education , $Profile.Name=System Administrator , CohortGo_ID__c=null , Acc_Val_Bypass__c=0
22:33:44.920 (1920871232)|VALIDATION_PASS
22:33:44.920 (1920872482)|VALIDATION_RULE|03df20000003jYK|Check_CompanyId_Value
22:33:44.920 (1920905962)|VALIDATION_FORMULA|AND(
	(LID__LinkedIn_Company_Id__c <> NULL),
	NOT(ISNUMBER(LID__LinkedIn_Company_Id__c))
)|LID__LinkedIn_Company_Id__c=null
22:33:44.920 (1920907822)|VALIDATION_PASS
22:33:44.920 (1920915492)|VALIDATION_RULE|03d8W000001DX5Y|Check_Company_Id_Value
22:33:44.920 (1920937613)|VALIDATION_FORMULA|AND(
	(LID__LinkedIn_Company_Id__c <> NULL),
	NOT(ISNUMBER(LID__LinkedIn_Company_Id__c))
)|LID__LinkedIn_Company_Id__c=null
22:33:44.920 (1920939933)|VALIDATION_PASS
22:33:44.920 (1920940663)|VALIDATION_RULE|03d8W0000019Uxk|Generic_Website_Not_Allowed
22:33:44.920 (1921239285)|VALIDATION_FORMULA|AND(
$Profile.Name <> "System Administrator",
IF(
CASE(Website_Domain_Capture__c,
'gmail.com', 1,
'yahoo.com', 1,
'xyz.com', 1,'hotmail.co.uk', 1,
'aol.com', 1,'hotmail.com', 1,
'hotmail.fr', 1,'msn.com', 1,'yahoo.fr', 1,'wanadoo.fr', 1,'orange.fr', 1,'comcast.net', 1,'outlook.com', 1,'yahoo.co.uk', 1,'yahoo.com.br', 1,'yahoo.co.in', 1,'live.com', 1,'rediffmail.com', 1,'free.fr', 1,'gmx.de', 1,'web.de', 1,'yandex.ru', 1,
'ymail.com', 1,'libero.it', 1,
'uol.com.br', 1,'bol.com.br', 1,'mail.ru', 1,'cox.net', 1,'hotmail.it', 1,'sbcglobal.net', 1,'sfr.fr', 1,'live.fr', 1,'verizon.net', 1,'live.co.uk', 1,'googlemail.com', 1,'yahoo.es', 1,'ig.com.br', 1,'live.nl', 1,'bigpond.com', 1,'terra.com.br', 1,'yahoo.it', 1,'neuf.fr', 1,
'yahoo.de', 1,'alice.it', 1,
'rocketmail.com', 1,'att.net', 1,'laposte.net', 1,'bellsouth.net', 1,'yahoo.in', 1,'hotmail.es', 1,'charter.net', 1,'yahoo.ca', 1,'yahoo.com.au', 1,'rambler.ru', 1,'hotmail.de', 1,'tiscali.it', 1,'shaw.ca', 1,'yahoo.co.jp', 1,'sky.com', 1,'earthlink.net', 1,'optonline.net', 1,'freenet.de', 1,
't-online.de', 1,'aliceadsl.fr', 1,
'home.nl', 1,'virgilio.it', 1,'qq.com', 1,'telenet.be', 1,'me.com', 1,'mac.com', 1,'icloud.com', 1,'yahoo.com.ar', 1,'tiscali.co.uk', 1,'yahoo.com.mx', 1,'voila.fr', 1,'gmx.net', 1,'mail.com', 1,'planet.nl', 1,'tin.it', 1,'live.it', 1,'ntlworld.com', 1,'arcor.de', 1,
'yahoo.co.id', 1,'frontiernet.net', 1,
'hetnet.nl', 1,'live.com.au', 1,'yahoo.com.sg', 1,'zonnet.nl', 1,'club-internet.fr', 1,'juno.com', 1,'optusnet.com.au', 1,'blueyonder.co.uk', 1,'bluewin.ch', 1,'skynet.be', 1,'sympatico.ca', 1,'windstream.net', 1,'centurytel.net', 1,'chello.nl', 1,'live.ca', 1,'aim.com', 1,'bigpond.net.au', 1,'email.com', 1,
'mail.com', 1,'usa.com', 1,
'post.com', 1,'consultant.com', 1,'asia.com', 1,'engineer.com', 1,'engineer.com', 1,'europe.com', 1,'myself.com', 1,'proton.me', 1,'@protonmail.com', 1,'@pm.me', 1,'protonmail.ch', 1,'yandex.com', 1,'gmx.com', 1,'tutanota.com', 1,'hubspot.com', 1,'zoho.com', 1,'titan.email', 1,'aim.com', 1,
'yahoo.com', 1,
0) =1 ,
TRUE,
FALSE)
)
&& Acc_Val_Bypass__c = false|$Profile.Name=System Administrator , Website_Domain_Capture__c=null , Acc_Val_Bypass__c=0
22:33:44.920 (1921248485)|VALIDATION_PASS
22:33:44.920 (1921249385)|VALIDATION_RULE|03d8W000001DWvs|Inactive_Disqualified_Reason
22:33:44.920 (1921452346)|VALIDATION_FORMULA|AND(
$Profile.Name <> "B - Looker",
OR(
ISPICKVAL( Account_Status__c , "Deactivated"),
ISPICKVAL( Account_Status__c , "Disqualified")),
ISBLANK( TEXT(Inactive_Reason__c)))|Account_Status__c=Created (Not Active) , $Profile.Name=System Administrator , Inactive_Reason__c=null
22:33:44.920 (1921455486)|VALIDATION_PASS
22:33:44.920 (1921456416)|VALIDATION_RULE|03d8W0000019Vh3|Only_RevOps_can_edit_EDU_US_AcctOwner
22:33:44.920 (1921588517)|VALIDATION_FORMULA|AND(
$Profile.Name <> 'System Administrator',
$User.User_LongID__c <> '0058W00000ErGiZQAV', /*carmen*/
$User.User_LongID__c <> '0058W00000EVTGWQA5', /*babita*/
NOT(ISNEW()),
ISCHANGED(OwnerId),
RecordType.Name = 'Education',
OR(
ShippingCountry = 'USA',
ShippingCountry = 'United States'))
&& Acc_Val_Bypass__c = false|OwnerId=005Pb00000IYVNB , $Profile.Name=System Administrator , ShippingCountry=United States , RecordType.Name=Education , Acc_Val_Bypass__c=0 , $User.User_LongID__c=005Pb00000IYVNBIA5
22:33:44.920 (1921592187)|VALIDATION_PASS
22:33:44.920 (1921592947)|VALIDATION_RULE|03d8W0000019Vh4|Only_RevOps_can_edit_EDU_US_RM
22:33:44.920 (1921690128)|VALIDATION_FORMULA|AND(
$Profile.Name <> 'System Administrator',
$User.User_LongID__c <> '0058W00000ErGiZQAV', /*carmen*/
$User.User_LongID__c <> '0058W00000EVTGWQA5', /*babita*/
ISCHANGED(Relationship_Manager__c),
RecordType.Name = 'Education',
OR(
ShippingCountry = 'USA',
ShippingCountry = 'United States'))
&& Acc_Val_Bypass__c = false|$Profile.Name=System Administrator , Relationship_Manager__c=null , ShippingCountry=United States , RecordType.Name=Education , Acc_Val_Bypass__c=0 , $User.User_LongID__c=005Pb00000IYVNBIA5
22:33:44.920 (1921693318)|VALIDATION_PASS
22:33:44.920 (1921694228)|VALIDATION_RULE|03d8W0000019Vpr|Only_RevOps_can_edit_Travel_RM
22:33:44.920 (1921792259)|VALIDATION_FORMULA|AND(
$Profile.Name <> 'System Administrator',
$User.User_LongID__c <> '0058W00000ErGiZQAV', /*carmen*/
$User.User_LongID__c <> '0058W00000EVTGWQA5', /*babita*/
$User.User_LongID__c <> '005f2000009yzvoAAA',/*alex*/
$User.User_LongID__c <> '0058W00000GK9zwQAD',/*henry*/
RecordType.Name = 'Travel',
AND(
ISPICKVAL( Account_Status__c , "Active (Product Live)"),
ISCHANGED(Relationship_Manager__c),
NOT( ISBLANK( PRIORVALUE(Relationship_Manager__c)))))
&& Acc_Val_Bypass__c = false|Account_Status__c=Created (Not Active) , $Profile.Name=System Administrator , Relationship_Manager__c=null , RecordType.Name=Education , Acc_Val_Bypass__c=0 , $User.User_LongID__c=005Pb00000IYVNBIA5
22:33:44.920 (1921795949)|VALIDATION_PASS
22:33:44.920 (1921796749)|VALIDATION_RULE|03d8W000001DZ7g|Req_Account_Industry
22:33:44.920 (1921873640)|VALIDATION_FORMULA|AND(
$Profile.Name <> "System Administrator",
$Profile.Name <> "B - Looker",
RecordType.Name = 'B2B',
RecordType.Name = 'Travel',
RecordType.Name = 'Education',
RecordType.Name = 'Healthcare',
Acc_Val_Bypass__c = false,
ISBLANK(TEXT(Account_Industry__c))
)|Account_Industry__c=Education , $Profile.Name=System Administrator , RecordType.Name=Education , Acc_Val_Bypass__c=0
22:33:44.920 (1921876460)|VALIDATION_PASS
22:33:44.920 (1921877290)|VALIDATION_RULE|03dPb000003VCb3|Tax_ID_Value_Restrictions
22:33:44.920 (1921919420)|VALIDATION_FORMULA|AND(
 $Profile.Name  <> "System Administrator",
OR(
REGEX( Tax_Id__c , ".*-.*"), 
REGEX(Tax_Id__c, "^0+$")
)
)|$Profile.Name=System Administrator , Tax_Id__c=4657TH54
22:33:44.920 (1921921460)|VALIDATION_PASS
22:33:44.920 (1921926620)|CODE_UNIT_FINISHED|Validation:Account:001hG00000Bgdcv
22:33:44.905 (1935912495)|FLOW_START_INTERVIEWS_END|1
22:33:44.905 (1936708431)|FLOW_INTERVIEW_FINISHED|9552e03000cd89507d5f42e3af721a05decb220-5bce|(ACC) Update GM Health
22:33:44.902 (1938420223)|CODE_UNIT_FINISHED|Flow:Account
22:33:44.938 (1938536594)|CODE_UNIT_STARTED|[EXTERNAL]|Flow:Account
22:33:44.938 (1938553784)|CODE_UNIT_FINISHED|Flow:Account
22:33:44.849 (1940403538)|FLOW_START_INTERVIEWS_END|1
22:33:44.849 (1941385035)|FLOW_INTERVIEW_FINISHED|9550e03000cd89507d5f42e3af721a05decb220-5bd0|(OPP) Opportunity Roll-up to Account
22:33:44.690 (1956506177)|DML_END|[451]
22:33:44.690 (1956734189)|HEAP_ALLOCATE|[EXTERNAL]|Bytes:8
22:33:44.690 (2014551058)|SOQL_EXECUTE_BEGIN|[379]|Aggregations:0|SELECT Id,OpportunityId,Quantity,UnitPrice,SBQQ__QuoteLine__c,Opportunity.Pricebook2Id,PricebookEntry.Product2Id,utilization__c,account_country__c,partner_type__c,payment_method__c,adjusted_rate_amount__c,adjusted_rate_percent__c,external_description__c,opportunity_line_id__c,output_description__c,refer_resell_partner__c,Refer_Resell_Partner__r.Name,rev_share__c,ship_to_account__c,Ship_To_Account__r.Name,usage_rate_amt__c,usage_rate__c,rate_details__c,attribute_code__c,price_change__c FROM OpportunityLineItem WHERE OpportunityId IN ('006hG000007F7DFQA0')
22:33:44.690 (2025683862)|SOQL_EXECUTE_END|[379]|Rows:0
22:33:45.26 (2026032564)|CUMULATIVE_LIMIT_USAGE
22:33:45.26 (2026032564)|LIMIT_USAGE_FOR_NS|(default)|
  Number of SOQL queries: 4 out of 100
  Number of query rows: 2 out of 50000
  Number of SOSL queries: 0 out of 20
  Number of DML statements: 14 out of 150
  Number of Publish Immediate DML: 0 out of 150
  Number of DML rows: 15 out of 10000
  Maximum CPU time: 528 out of 10000
  Maximum heap size: 0 out of 10000000
  Number of callouts: 0 out of 100
  Number of Email Invocations: 0 out of 10
  Number of future calls: 0 out of 50
  Number of queueable jobs added to the queue: 0 out of 50
  Number of Mobile Apex push calls: 0 out of 10

22:33:45.26 (2026032564)|LIMIT_USAGE_FOR_NS|sbaa|
  Number of SOQL queries: 0 out of 100
  Number of query rows: 0 out of 50000
  Number of SOSL queries: 0 out of 20
  Number of DML statements: 0 out of 150
  Number of Publish Immediate DML: 0 out of 150
  Number of DML rows: 0 out of 10000
  Maximum CPU time: 0 out of 10000
  Maximum heap size: 0 out of 10000000
  Number of callouts: 0 out of 100
  Number of Email Invocations: 0 out of 10
  Number of future calls: 0 out of 50
  Number of queueable jobs added to the queue: 0 out of 50
  Number of Mobile Apex push calls: 0 out of 10

22:33:45.26 (2026032564)|LIMIT_USAGE_FOR_NS|SBQQ|
  Number of SOQL queries: 8 out of 100
  Number of query rows: 3 out of 50000
  Number of SOSL queries: 0 out of 20
  Number of DML statements: 1 out of 150
  Number of Publish Immediate DML: 0 out of 150
  Number of DML rows: 1 out of 10000
  Maximum CPU time: 0 out of 10000
  Maximum heap size: 0 out of 10000000
  Number of callouts: 0 out of 100
  Number of Email Invocations: 0 out of 10
  Number of future calls: 0 out of 50
  Number of queueable jobs added to the queue: 0 out of 50
  Number of Mobile Apex push calls: 0 out of 10

22:33:45.26 (2026032564)|CUMULATIVE_LIMIT_USAGE_END

22:33:44.174 (2027911918)|CODE_UNIT_STARTED|[EXTERNAL]|Flow:01IPb000005GjIc
22:33:45.30 (2030117274)|FLOW_CREATE_INTERVIEW_BEGIN|00DhG0000000jOX|300Pb00000pY56t|301hG00000AM1Fr
22:33:45.30 (2030202895)|FLOW_CREATE_INTERVIEW_END|9557e03000cd89507d5f42e3af721a05decb220-5bc7|(Quote) Update Auto Renewal and Renewal Term
22:33:45.30 (2030668169)|FLOW_START_INTERVIEWS_BEGIN|1
22:33:45.30 (2030723359)|FLOW_START_INTERVIEW_BEGIN|9557e03000cd89507d5f42e3af721a05decb220-5bc7|(Quote) Update Auto Renewal and Renewal Term
22:33:45.30 (2030890220)|FLOW_START_INTERVIEW_END|9557e03000cd89507d5f42e3af721a05decb220-5bc7|(Quote) Update Auto Renewal and Renewal Term
22:33:45.43 (2043159161)|HEAP_ALLOCATE|[EXTERNAL]|Bytes:8
22:33:45.43 (2043192651)|HEAP_ALLOCATE|[EXTERNAL]|Bytes:8
22:33:45.43 (2043246541)|HEAP_ALLOCATE|[EXTERNAL]|Bytes:4
22:33:45.43 (2043258991)|VARIABLE_SCOPE_BEGIN|[1]|this|SBQQ.QuoteBefore|true|false
22:33:45.43 (2043306952)|VARIABLE_ASSIGNMENT|[1]|this|{}|0x55c6bda0
22:33:45.45 (2045551909)|CUMULATIVE_LIMIT_USAGE
22:33:45.45 (2045551909)|LIMIT_USAGE_FOR_NS|(default)|
  Number of SOQL queries: 5 out of 100
  Number of query rows: 3 out of 50000
  Number of SOSL queries: 0 out of 20
  Number of DML statements: 15 out of 150
  Number of Publish Immediate DML: 0 out of 150
  Number of DML rows: 16 out of 10000
  Maximum CPU time: 578 out of 10000
  Maximum heap size: 0 out of 10000000
  Number of callouts: 0 out of 100
  Number of Email Invocations: 0 out of 10
  Number of future calls: 0 out of 50
  Number of queueable jobs added to the queue: 0 out of 50
  Number of Mobile Apex push calls: 0 out of 10

22:33:45.45 (2045551909)|LIMIT_USAGE_FOR_NS|sbaa|
  Number of SOQL queries: 0 out of 100
  Number of query rows: 0 out of 50000
  Number of SOSL queries: 0 out of 20
  Number of DML statements: 0 out of 150
  Number of Publish Immediate DML: 0 out of 150
  Number of DML rows: 0 out of 10000
  Maximum CPU time: 0 out of 10000
  Maximum heap size: 0 out of 10000000
  Number of callouts: 0 out of 100
  Number of Email Invocations: 0 out of 10
  Number of future calls: 0 out of 50
  Number of queueable jobs added to the queue: 0 out of 50
  Number of Mobile Apex push calls: 0 out of 10

22:33:45.45 (2045551909)|LIMIT_USAGE_FOR_NS|SBQQ|
  Number of SOQL queries: 8 out of 100
  Number of query rows: 3 out of 50000
  Number of SOSL queries: 0 out of 20
  Number of DML statements: 1 out of 150
  Number of Publish Immediate DML: 0 out of 150
  Number of DML rows: 1 out of 10000
  Maximum CPU time: 0 out of 10000
  Maximum heap size: 0 out of 10000000
  Number of callouts: 0 out of 100
  Number of Email Invocations: 0 out of 10
  Number of future calls: 0 out of 50
  Number of queueable jobs added to the queue: 0 out of 50
  Number of Mobile Apex push calls: 0 out of 10

22:33:45.45 (2045551909)|CUMULATIVE_LIMIT_USAGE_END

22:33:45.48 (2048107838)|CODE_UNIT_STARTED|[EXTERNAL]|Validation:Quote:a2NhG000003xHKr
22:33:45.48 (2048119408)|VALIDATION_RULE|03dhG0000002pzM|Account_cant_be_changed_on_Primary_Quote
22:33:45.48 (2048230339)|VALIDATION_FORMULA|OR(
				AND(
ISCHANGED(SBQQ__Account__c),
SBQQ__Primary__c=true),
    AND(
								OR(
SBQQ__Account__c <> SBQQ__Opportunity2__r.Ship_To_Account__c,
Ship_To_Account__c <> SBQQ__Opportunity2__r.Ship_To_Account__c),
ISCHANGED(SBQQ__Primary__c)))|SBQQ__Opportunity2__r.Ship_To_Account__c=001hG00000Bgdcv , Ship_To_Account__c=001hG00000Bgdcv , SBQQ__Account__c=001hG00000Bgdcv , SBQQ__Primary__c=1
22:33:45.48 (2048234149)|VALIDATION_PASS
22:33:45.48 (2048235139)|VALIDATION_RULE|03dPb000000eHti|Order_Requires_Quote_Client_Approved
22:33:45.48 (2048328019)|VALIDATION_FORMULA|AND(
    SBQQ__Ordered__c == True,
    NOT(ISPICKVAL(SBQQ__Status__c ,"Client_Approved")),
    NOT(ISPICKVAL(SBQQ__Opportunity2__r.Type, "Auto Renewal"))
)
&& Quote_Val_Bypass__c = false|SBQQ__Opportunity2__r.Type=New Business , Quote_Val_Bypass__c=0 , SBQQ__Status__c=Draft , SBQQ__Ordered__c=0
22:33:45.48 (2048331189)|VALIDATION_PASS
22:33:45.48 (2048332059)|VALIDATION_RULE|03dhG0000002pzN|Amended_Quote_Approval_Rule
22:33:45.48 (2048465080)|VALIDATION_FORMULA|AND(
ISPICKVAL(SBQQ__Type__c, 'Amendment'),
Number_of_Non_Amendment_Quote_Lines__c = 0,
OR(
ISCHANGED(ApprovalStatus__c),
ISCHANGED(Exclusivity__c),
ISCHANGED(Termination__c), 
ISCHANGED(Publicity__c)))|Exclusivity__c=null , Publicity__c=null , ApprovalStatus__c=null , SBQQ__Type__c=Quote , Termination__c=null , Number_of_Non_Amendment_Quote_Lines__c=0
22:33:45.48 (2048468000)|VALIDATION_PASS
22:33:45.48 (2048468681)|VALIDATION_RULE|03dhG000000Iys9|Cannot_change_to_these_Statuses
22:33:45.48 (2048652482)|VALIDATION_FORMULA|OR(
AND(
OR(
ISPICKVAL(ApprovalStatus__c, 'Approved'),
ISPICKVAL(ApprovalStatus__c, 'Pending'),
ISPICKVAL(ApprovalStatus__c, 'Rejected')),
ISPICKVAL(SBQQ__Status__c, 'Draft')),
	
AND(
NOT(ISPICKVAL(ApprovalStatus__c, 'Pending')),
ISPICKVAL(SBQQ__Status__c, 'FW in Review')),
				
AND(
NOT(ISPICKVAL(ApprovalStatus__c, 'Approved')),
ISPICKVAL(SBQQ__Status__c, 'FW Approved')),
				
AND(
NOT(ISPICKVAL(ApprovalStatus__c, 'Rejected')),
ISPICKVAL(SBQQ__Status__c, 'FW Rejected')),

AND(
NOT(ISPICKVAL(ApprovalStatus__c, 'Approved')),
ISPICKVAL(SBQQ__Status__c, 'Client in Review')),

AND(
NOT(ISPICKVAL(ApprovalStatus__c, 'Approved')),
ISPICKVAL(SBQQ__Status__c, 'Client_Approved')),

AND(
NOT(ISPICKVAL(ApprovalStatus__c, 'Approved')),
ISPICKVAL(SBQQ__Status__c, 'Client Rejected')),

AND(
ISCHANGED(SBQQ__Status__c),
ISPICKVAL(ApprovalStatus__c, 'Approved'),
TEXT(PRIORVALUE(SBQQ__Status__c)) = "Client Rejected",
TEXT(SBQQ__Status__c) = "Client In Review"),

AND(
ISCHANGED(SBQQ__Status__c),
ISPICKVAL(ApprovalStatus__c, 'Approved'),
TEXT(PRIORVALUE(SBQQ__Status__c)) = "Client Rejected",
TEXT(SBQQ__Status__c) = "FW Approved"))

&& Quote_Val_Bypass__c = false|Quote_Val_Bypass__c=0 , SBQQ__Status__c=Draft , ApprovalStatus__c=null
22:33:45.48 (2048658142)|VALIDATION_PASS
22:33:45.48 (2048658762)|VALIDATION_RULE|03dPb000000eHtg|Cant_Modify_Quote_On_Closed_Opp
22:33:45.48 (2048775853)|VALIDATION_FORMULA|AND(
    $Profile.Name <> 'System Administrator',
    $Profile.Name <> "B - Looker",
    $User.Alias <> "Workato",
    SBQQ__Opportunity2__r.IsClosed,
    NOT(ISNEW())
)
&& Quote_Val_Bypass__c = false|Quote_Val_Bypass__c=0 , $Profile.Name=System Administrator , SBQQ__Opportunity2__r.IsClosed=0 , $User.Alias=sunita.b
22:33:45.48 (2048778793)|VALIDATION_PASS
22:33:45.48 (2048779513)|VALIDATION_RULE|03dPb000000lyAP|Cant_Modify_Quote_On_Legal_Stage_Opps
22:33:45.48 (2048854223)|VALIDATION_FORMULA|AND(
    $Profile.Name <> "System Administrator",
    $Profile.Name <> "B - Looker",
    $User.Alias <> "Workato",
    ISPICKVAL(SBQQ__Opportunity2__r.StageName, "Legal"),
    NOT(ISNEW())
)
&& Quote_Val_Bypass__c = false|SBQQ__Opportunity2__r.StageName=Discovery/Qualifying , Quote_Val_Bypass__c=0 , $Profile.Name=System Administrator , $User.Alias=sunita.b
22:33:45.48 (2048856693)|VALIDATION_PASS
22:33:45.48 (2048857393)|VALIDATION_RULE|03dhG0000002pzO|Cant_update_Flywire_Legal_Entity
22:33:45.48 (2048913014)|VALIDATION_FORMULA|AND(
OR(ISPICKVAL(SBQQ__Type__c, 'Amendment'),
ISPICKVAL(SBQQ__Type__c, 'Renewal')),
ISCHANGED(Flywire_Entity__c))|Flywire_Entity__c=null , SBQQ__Type__c=Quote
22:33:45.48 (2048915074)|VALIDATION_PASS
22:33:45.48 (2048915614)|VALIDATION_RULE|03dPb000000e7Ru|End_Date_Before_Start_Date
22:33:45.48 (2048956434)|VALIDATION_FORMULA|IF( AND( NOT(ISNULL(SBQQ__EndDate__c)), SBQQ__EndDate__c < SBQQ__StartDate__c), TRUE, null)|SBQQ__StartDate__c=null , SBQQ__EndDate__c=null
22:33:45.48 (2048958044)|VALIDATION_PASS
22:33:45.48 (2048958564)|VALIDATION_RULE|03dPb000000e7Rw|Invalid_Subscription_Term
22:33:45.48 (2048988854)|VALIDATION_FORMULA|IF( AND( NOT(ISNULL(SBQQ__SubscriptionTerm__c)), SBQQ__SubscriptionTerm__c <= 0), TRUE, null)|SBQQ__SubscriptionTerm__c=null
22:33:45.48 (2048990394)|VALIDATION_PASS
22:33:45.48 (2048991044)|VALIDATION_RULE|03dhG0000006yJF|Non_Standard_Terms_cannot_exceed_300
22:33:45.48 (2049011695)|VALIDATION_FORMULA|LEN(Non_Standard_Terms__c) > 300|Non_Standard_Terms__c=null
22:33:45.48 (2049013495)|VALIDATION_PASS
22:33:45.48 (2049014115)|VALIDATION_RULE|03dhG000000cO4X|NS_Sub_Groups_Missing
22:33:45.48 (2049106235)|VALIDATION_FORMULA|OR(
AND(
ISBLANK(SBQQ__Opportunity2__r.SBQQ__AmendedContract__r.NS_Sub_Groups_Combined__c),
ISPICKVAL(SBQQ__Type__c, "Amendment"),
ISPICKVAL(SBQQ__Status__c, "Client_Approved")),
AND(
NOT(ISPICKVAL(SBQQ__Opportunity2__r.Type, "Auto Renewal")),
ISBLANK( SBQQ__Opportunity2__r.SBQQ__RenewedContract__r.NS_Sub_Groups_Combined__c),
ISPICKVAL(SBQQ__Type__c, "Renewal"),
ISPICKVAL(SBQQ__Status__c, "Client_Approved")))|SBQQ__Opportunity2__r.Type=New Business , SBQQ__Opportunity2__r.SBQQ__RenewedContract__r.NS_Sub_Groups_Combined__c=null , SBQQ__Status__c=Draft , SBQQ__Type__c=Quote , SBQQ__Opportunity2__r.SBQQ__AmendedContract__r.NS_Sub_Groups_Combined__c=null
22:33:45.48 (2049109395)|VALIDATION_PASS
22:33:45.48 (2049110035)|VALIDATION_RULE|03dPb000000eHtk|Quote_Approval_Status
22:33:45.48 (2049194146)|VALIDATION_FORMULA|AND(
    OR(
    ISPICKVAL(SBQQ__Status__c, "FW Approved"),
    ISPICKVAL(SBQQ__Status__c, "Client_Approved")),
    NOT(ISPICKVAL(ApprovalStatus__c, "Approved")),
    NOT(ISPICKVAL(SBQQ__Opportunity2__r.Type, "Auto Renewal"))
)
&& Quote_Val_Bypass__c = false|SBQQ__Opportunity2__r.Type=New Business , Quote_Val_Bypass__c=0 , SBQQ__Status__c=Draft , ApprovalStatus__c=null
22:33:45.48 (2049196606)|VALIDATION_PASS
22:33:45.48 (2049197256)|VALIDATION_RULE|03dhG000000Hwvd|Quote_must_have_Primary_Contact
22:33:45.48 (2049271717)|VALIDATION_FORMULA|AND(
$Profile.Name <> 'System Administrator',
ISCHANGED(ApprovalStatus__c),
ISBLANK(SBQQ__PrimaryContact__c),
NOT(ISPICKVAL(SBQQ__Opportunity2__r.Type, "Auto Renewal"))
)|SBQQ__Opportunity2__r.Type=New Business , $Profile.Name=System Administrator , ApprovalStatus__c=null , SBQQ__PrimaryContact__c=null
22:33:45.48 (2049274137)|VALIDATION_PASS
22:33:45.48 (2049274787)|VALIDATION_RULE|03dPb000000eHtm|Req_FullAddres_To_Submit_Approval
22:33:45.48 (2049470178)|VALIDATION_FORMULA|AND(
 ISCHANGED(ApprovalStatus__c),
 OR(
ISBLANK(SBQQ__Account__r.ShippingCountry),
ISBLANK(SBQQ__Account__r.ShippingPostalCode),
ISBLANK(SBQQ__Account__r.ShippingState),
ISBLANK(SBQQ__Account__r.ShippingStreet),
ISBLANK(SBQQ__Account__r.BillingCity),
ISBLANK(SBQQ__Account__r.BillingCountry),
ISBLANK(SBQQ__Account__r.BillingPostalCode),
ISBLANK(SBQQ__Account__r.BillingState),
ISBLANK(SBQQ__Account__r.BillingStreet)
)
)
&& Quote_Val_Bypass__c = false|SBQQ__Account__r.ShippingPostalCode=10001 , Quote_Val_Bypass__c=0 , SBQQ__Account__r.ShippingState=NY , SBQQ__Account__r.ShippingStreet=456 Ship St , SBQQ__Account__r.BillingPostalCode=10001 , SBQQ__Account__r.BillingState=NY , SBQQ__Account__r.BillingStreet=123 Main St , SBQQ__Account__r.ShippingCountry=United States , SBQQ__Account__r.BillingCity=New York , ApprovalStatus__c=null , SBQQ__Account__r.BillingCountry=United States
22:33:45.48 (2049474288)|VALIDATION_PASS
22:33:45.48 (2049474988)|VALIDATION_RULE|03dhG0000002pzQ|Usage_Rate_not_present_on_all_lines
22:33:45.48 (2049509758)|VALIDATION_FORMULA|AND(
				 ISPICKVAL(SBQQ__Status__c, "Client_Approved"),
				 Count_usage_field_values__c > 0)|SBQQ__Status__c=Draft , Count_usage_field_values__c=0
22:33:45.48 (2049511598)|VALIDATION_PASS
22:33:45.48 (2049516008)|CODE_UNIT_FINISHED|Validation:Quote:a2NhG000003xHKr
22:33:45.57 (2057008734)|HEAP_ALLOCATE|[EXTERNAL]|Bytes:8
22:33:45.57 (2057088935)|HEAP_ALLOCATE|[EXTERNAL]|Bytes:8
22:33:45.57 (2057166426)|HEAP_ALLOCATE|[EXTERNAL]|Bytes:36
22:33:45.57 (2057177616)|VARIABLE_SCOPE_BEGIN|[1]|this|SBQQ.QuoteAfter|true|false
22:33:45.57 (2057284967)|VARIABLE_ASSIGNMENT|[1]|this|{}|0x61353dd3
22:33:45.57 (2060484250)|SOQL_EXECUTE_BEGIN|[1243]|Aggregations:0|SELECT Id, Quote__c FROM QuoteLineGroup__c WHERE Quote__c = :tmpVar1
22:33:45.57 (2064903143)|SOQL_EXECUTE_END|[1243]|Rows:0
22:33:45.66 (2066959458)|CUMULATIVE_LIMIT_USAGE
22:33:45.66 (2066959458)|LIMIT_USAGE_FOR_NS|(default)|
  Number of SOQL queries: 5 out of 100
  Number of query rows: 3 out of 50000
  Number of SOSL queries: 0 out of 20
  Number of DML statements: 15 out of 150
  Number of Publish Immediate DML: 0 out of 150
  Number of DML rows: 16 out of 10000
  Maximum CPU time: 578 out of 10000
  Maximum heap size: 0 out of 10000000
  Number of callouts: 0 out of 100
  Number of Email Invocations: 0 out of 10
  Number of future calls: 0 out of 50
  Number of queueable jobs added to the queue: 0 out of 50
  Number of Mobile Apex push calls: 0 out of 10

22:33:45.66 (2066959458)|LIMIT_USAGE_FOR_NS|sbaa|
  Number of SOQL queries: 0 out of 100
  Number of query rows: 0 out of 50000
  Number of SOSL queries: 0 out of 20
  Number of DML statements: 0 out of 150
  Number of Publish Immediate DML: 0 out of 150
  Number of DML rows: 0 out of 10000
  Maximum CPU time: 0 out of 10000
  Maximum heap size: 0 out of 10000000
  Number of callouts: 0 out of 100
  Number of Email Invocations: 0 out of 10
  Number of future calls: 0 out of 50
  Number of queueable jobs added to the queue: 0 out of 50
  Number of Mobile Apex push calls: 0 out of 10

22:33:45.66 (2066959458)|LIMIT_USAGE_FOR_NS|SBQQ|
  Number of SOQL queries: 9 out of 100
  Number of query rows: 3 out of 50000
  Number of SOSL queries: 0 out of 20
  Number of DML statements: 1 out of 150
  Number of Publish Immediate DML: 0 out of 150
  Number of DML rows: 1 out of 10000
  Maximum CPU time: 0 out of 10000
  Maximum heap size: 0 out of 10000000
  Number of callouts: 0 out of 100
  Number of Email Invocations: 0 out of 10
  Number of future calls: 0 out of 50
  Number of queueable jobs added to the queue: 0 out of 50
  Number of Mobile Apex push calls: 0 out of 10

22:33:45.66 (2066959458)|CUMULATIVE_LIMIT_USAGE_END

22:33:45.79 (2079204540)|CUMULATIVE_LIMIT_USAGE
22:33:45.79 (2079204540)|LIMIT_USAGE_FOR_NS|(default)|
  Number of SOQL queries: 5 out of 100
  Number of query rows: 3 out of 50000
  Number of SOSL queries: 0 out of 20
  Number of DML statements: 16 out of 150
  Number of Publish Immediate DML: 0 out of 150
  Number of DML rows: 17 out of 10000
  Maximum CPU time: 595 out of 10000
  Maximum heap size: 0 out of 10000000
  Number of callouts: 0 out of 100
  Number of Email Invocations: 0 out of 10
  Number of future calls: 0 out of 50
  Number of queueable jobs added to the queue: 0 out of 50
  Number of Mobile Apex push calls: 0 out of 10

22:33:45.79 (2079204540)|LIMIT_USAGE_FOR_NS|sbaa|
  Number of SOQL queries: 0 out of 100
  Number of query rows: 0 out of 50000
  Number of SOSL queries: 0 out of 20
  Number of DML statements: 0 out of 150
  Number of Publish Immediate DML: 0 out of 150
  Number of DML rows: 0 out of 10000
  Maximum CPU time: 0 out of 10000
  Maximum heap size: 0 out of 10000000
  Number of callouts: 0 out of 100
  Number of Email Invocations: 0 out of 10
  Number of future calls: 0 out of 50
  Number of queueable jobs added to the queue: 0 out of 50
  Number of Mobile Apex push calls: 0 out of 10

22:33:45.79 (2079204540)|LIMIT_USAGE_FOR_NS|SBQQ|
  Number of SOQL queries: 9 out of 100
  Number of query rows: 3 out of 50000
  Number of SOSL queries: 0 out of 20
  Number of DML statements: 1 out of 150
  Number of Publish Immediate DML: 0 out of 150
  Number of DML rows: 1 out of 10000
  Maximum CPU time: 0 out of 10000
  Maximum heap size: 0 out of 10000000
  Number of callouts: 0 out of 100
  Number of Email Invocations: 0 out of 10
  Number of future calls: 0 out of 50
  Number of queueable jobs added to the queue: 0 out of 50
  Number of Mobile Apex push calls: 0 out of 10

22:33:45.79 (2079204540)|CUMULATIVE_LIMIT_USAGE_END

22:33:45.82 (2082383043)|CODE_UNIT_STARTED|[EXTERNAL]|Validation:Quote:a2NhG000003xHKr
22:33:45.82 (2082400153)|VALIDATION_RULE|03dhG0000002pzM|Account_cant_be_changed_on_Primary_Quote
22:33:45.82 (2082543634)|VALIDATION_FORMULA|OR(
				AND(
ISCHANGED(SBQQ__Account__c),
SBQQ__Primary__c=true),
    AND(
								OR(
SBQQ__Account__c <> SBQQ__Opportunity2__r.Ship_To_Account__c,
Ship_To_Account__c <> SBQQ__Opportunity2__r.Ship_To_Account__c),
ISCHANGED(SBQQ__Primary__c)))|SBQQ__Opportunity2__r.Ship_To_Account__c=001hG00000Bgdcv , Ship_To_Account__c=001hG00000Bgdcv , SBQQ__Account__c=001hG00000Bgdcv , SBQQ__Primary__c=1
22:33:45.82 (2082548344)|VALIDATION_PASS
22:33:45.82 (2082549374)|VALIDATION_RULE|03dPb000000eHti|Order_Requires_Quote_Client_Approved
22:33:45.82 (2082657725)|VALIDATION_FORMULA|AND(
    SBQQ__Ordered__c == True,
    NOT(ISPICKVAL(SBQQ__Status__c ,"Client_Approved")),
    NOT(ISPICKVAL(SBQQ__Opportunity2__r.Type, "Auto Renewal"))
)
&& Quote_Val_Bypass__c = false|SBQQ__Opportunity2__r.Type=New Business , Quote_Val_Bypass__c=0 , SBQQ__Status__c=Draft , SBQQ__Ordered__c=0
22:33:45.82 (2082660735)|VALIDATION_PASS
22:33:45.82 (2082661925)|VALIDATION_RULE|03dhG0000002pzN|Amended_Quote_Approval_Rule
22:33:45.82 (2082816796)|VALIDATION_FORMULA|AND(
ISPICKVAL(SBQQ__Type__c, 'Amendment'),
Number_of_Non_Amendment_Quote_Lines__c = 0,
OR(
ISCHANGED(ApprovalStatus__c),
ISCHANGED(Exclusivity__c),
ISCHANGED(Termination__c), 
ISCHANGED(Publicity__c)))|Exclusivity__c=null , Publicity__c=null , ApprovalStatus__c=null , SBQQ__Type__c=Quote , Termination__c=null , Number_of_Non_Amendment_Quote_Lines__c=0
22:33:45.82 (2082819846)|VALIDATION_PASS
22:33:45.82 (2082820886)|VALIDATION_RULE|03dhG000000Iys9|Cannot_change_to_these_Statuses
22:33:45.82 (2083033098)|VALIDATION_FORMULA|OR(
AND(
OR(
ISPICKVAL(ApprovalStatus__c, 'Approved'),
ISPICKVAL(ApprovalStatus__c, 'Pending'),
ISPICKVAL(ApprovalStatus__c, 'Rejected')),
ISPICKVAL(SBQQ__Status__c, 'Draft')),
	
AND(
NOT(ISPICKVAL(ApprovalStatus__c, 'Pending')),
ISPICKVAL(SBQQ__Status__c, 'FW in Review')),
				
AND(
NOT(ISPICKVAL(ApprovalStatus__c, 'Approved')),
ISPICKVAL(SBQQ__Status__c, 'FW Approved')),
				
AND(
NOT(ISPICKVAL(ApprovalStatus__c, 'Rejected')),
ISPICKVAL(SBQQ__Status__c, 'FW Rejected')),

AND(
NOT(ISPICKVAL(ApprovalStatus__c, 'Approved')),
ISPICKVAL(SBQQ__Status__c, 'Client in Review')),

AND(
NOT(ISPICKVAL(ApprovalStatus__c, 'Approved')),
ISPICKVAL(SBQQ__Status__c, 'Client_Approved')),

AND(
NOT(ISPICKVAL(ApprovalStatus__c, 'Approved')),
ISPICKVAL(SBQQ__Status__c, 'Client Rejected')),

AND(
ISCHANGED(SBQQ__Status__c),
ISPICKVAL(ApprovalStatus__c, 'Approved'),
TEXT(PRIORVALUE(SBQQ__Status__c)) = "Client Rejected",
TEXT(SBQQ__Status__c) = "Client In Review"),

AND(
ISCHANGED(SBQQ__Status__c),
ISPICKVAL(ApprovalStatus__c, 'Approved'),
TEXT(PRIORVALUE(SBQQ__Status__c)) = "Client Rejected",
TEXT(SBQQ__Status__c) = "FW Approved"))

&& Quote_Val_Bypass__c = false|Quote_Val_Bypass__c=0 , SBQQ__Status__c=Draft , ApprovalStatus__c=null
22:33:45.82 (2083038968)|VALIDATION_PASS
22:33:45.82 (2083039908)|VALIDATION_RULE|03dPb000000eHtg|Cant_Modify_Quote_On_Closed_Opp
22:33:45.82 (2083187849)|VALIDATION_FORMULA|AND(
    $Profile.Name <> 'System Administrator',
    $Profile.Name <> "B - Looker",
    $User.Alias <> "Workato",
    SBQQ__Opportunity2__r.IsClosed,
    NOT(ISNEW())
)
&& Quote_Val_Bypass__c = false|Quote_Val_Bypass__c=0 , $Profile.Name=System Administrator , SBQQ__Opportunity2__r.IsClosed=0 , $User.Alias=sunita.b
22:33:45.82 (2083190839)|VALIDATION_PASS
22:33:45.82 (2083191539)|VALIDATION_RULE|03dPb000000lyAP|Cant_Modify_Quote_On_Legal_Stage_Opps
22:33:45.82 (2083289800)|VALIDATION_FORMULA|AND(
    $Profile.Name <> "System Administrator",
    $Profile.Name <> "B - Looker",
    $User.Alias <> "Workato",
    ISPICKVAL(SBQQ__Opportunity2__r.StageName, "Legal"),
    NOT(ISNEW())
)
&& Quote_Val_Bypass__c = false|SBQQ__Opportunity2__r.StageName=Discovery/Qualifying , Quote_Val_Bypass__c=0 , $Profile.Name=System Administrator , $User.Alias=sunita.b
22:33:45.82 (2083292750)|VALIDATION_PASS
22:33:45.82 (2083293530)|VALIDATION_RULE|03dhG0000002pzO|Cant_update_Flywire_Legal_Entity
22:33:45.82 (2083359660)|VALIDATION_FORMULA|AND(
OR(ISPICKVAL(SBQQ__Type__c, 'Amendment'),
ISPICKVAL(SBQQ__Type__c, 'Renewal')),
ISCHANGED(Flywire_Entity__c))|Flywire_Entity__c=null , SBQQ__Type__c=Quote
22:33:45.82 (2083361860)|VALIDATION_PASS
22:33:45.82 (2083362610)|VALIDATION_RULE|03dPb000000e7Ru|End_Date_Before_Start_Date
22:33:45.82 (2083404611)|VALIDATION_FORMULA|IF( AND( NOT(ISNULL(SBQQ__EndDate__c)), SBQQ__EndDate__c < SBQQ__StartDate__c), TRUE, null)|SBQQ__StartDate__c=null , SBQQ__EndDate__c=null
22:33:45.82 (2083406331)|VALIDATION_PASS
22:33:45.82 (2083407171)|VALIDATION_RULE|03dPb000000e7Rw|Invalid_Subscription_Term
22:33:45.82 (2083438331)|VALIDATION_FORMULA|IF( AND( NOT(ISNULL(SBQQ__SubscriptionTerm__c)), SBQQ__SubscriptionTerm__c <= 0), TRUE, null)|SBQQ__SubscriptionTerm__c=null
22:33:45.82 (2083439851)|VALIDATION_PASS
22:33:45.82 (2083440601)|VALIDATION_RULE|03dhG0000006yJF|Non_Standard_Terms_cannot_exceed_300
22:33:45.82 (2083462901)|VALIDATION_FORMULA|LEN(Non_Standard_Terms__c) > 300|Non_Standard_Terms__c=null
22:33:45.82 (2083464371)|VALIDATION_PASS
22:33:45.82 (2083465081)|VALIDATION_RULE|03dhG000000cO4X|NS_Sub_Groups_Missing
22:33:45.82 (2083616892)|VALIDATION_FORMULA|OR(
AND(
ISBLANK(SBQQ__Opportunity2__r.SBQQ__AmendedContract__r.NS_Sub_Groups_Combined__c),
ISPICKVAL(SBQQ__Type__c, "Amendment"),
ISPICKVAL(SBQQ__Status__c, "Client_Approved")),
AND(
NOT(ISPICKVAL(SBQQ__Opportunity2__r.Type, "Auto Renewal")),
ISBLANK( SBQQ__Opportunity2__r.SBQQ__RenewedContract__r.NS_Sub_Groups_Combined__c),
ISPICKVAL(SBQQ__Type__c, "Renewal"),
ISPICKVAL(SBQQ__Status__c, "Client_Approved")))|SBQQ__Opportunity2__r.Type=New Business , SBQQ__Opportunity2__r.SBQQ__RenewedContract__r.NS_Sub_Groups_Combined__c=null , SBQQ__Status__c=Draft , SBQQ__Type__c=Quote , SBQQ__Opportunity2__r.SBQQ__AmendedContract__r.NS_Sub_Groups_Combined__c=null
22:33:45.82 (2083620652)|VALIDATION_PASS
22:33:45.82 (2083621602)|VALIDATION_RULE|03dPb000000eHtk|Quote_Approval_Status
22:33:45.82 (2083718833)|VALIDATION_FORMULA|AND(
    OR(
    ISPICKVAL(SBQQ__Status__c, "FW Approved"),
    ISPICKVAL(SBQQ__Status__c, "Client_Approved")),
    NOT(ISPICKVAL(ApprovalStatus__c, "Approved")),
    NOT(ISPICKVAL(SBQQ__Opportunity2__r.Type, "Auto Renewal"))
)
&& Quote_Val_Bypass__c = false|SBQQ__Opportunity2__r.Type=New Business , Quote_Val_Bypass__c=0 , SBQQ__Status__c=Draft , ApprovalStatus__c=null
22:33:45.82 (2083721803)|VALIDATION_PASS
22:33:45.82 (2083736863)|VALIDATION_RULE|03dhG000000Hwvd|Quote_must_have_Primary_Contact
22:33:45.82 (2083820574)|VALIDATION_FORMULA|AND(
$Profile.Name <> 'System Administrator',
ISCHANGED(ApprovalStatus__c),
ISBLANK(SBQQ__PrimaryContact__c),
NOT(ISPICKVAL(SBQQ__Opportunity2__r.Type, "Auto Renewal"))
)|SBQQ__Opportunity2__r.Type=New Business , $Profile.Name=System Administrator , ApprovalStatus__c=null , SBQQ__PrimaryContact__c=null
22:33:45.82 (2083823074)|VALIDATION_PASS
22:33:45.82 (2083823854)|VALIDATION_RULE|03dPb000000eHtm|Req_FullAddres_To_Submit_Approval
22:33:45.82 (2084060856)|VALIDATION_FORMULA|AND(
 ISCHANGED(ApprovalStatus__c),
 OR(
ISBLANK(SBQQ__Account__r.ShippingCountry),
ISBLANK(SBQQ__Account__r.ShippingPostalCode),
ISBLANK(SBQQ__Account__r.ShippingState),
ISBLANK(SBQQ__Account__r.ShippingStreet),
ISBLANK(SBQQ__Account__r.BillingCity),
ISBLANK(SBQQ__Account__r.BillingCountry),
ISBLANK(SBQQ__Account__r.BillingPostalCode),
ISBLANK(SBQQ__Account__r.BillingState),
ISBLANK(SBQQ__Account__r.BillingStreet)
)
)
&& Quote_Val_Bypass__c = false|SBQQ__Account__r.ShippingPostalCode=10001 , Quote_Val_Bypass__c=0 , SBQQ__Account__r.ShippingState=NY , SBQQ__Account__r.ShippingStreet=456 Ship St , SBQQ__Account__r.BillingPostalCode=10001 , SBQQ__Account__r.BillingState=NY , SBQQ__Account__r.BillingStreet=123 Main St , SBQQ__Account__r.ShippingCountry=United States , SBQQ__Account__r.BillingCity=New York , ApprovalStatus__c=null , SBQQ__Account__r.BillingCountry=United States
22:33:45.82 (2084066046)|VALIDATION_PASS
22:33:45.82 (2084066826)|VALIDATION_RULE|03dhG0000002pzQ|Usage_Rate_not_present_on_all_lines
22:33:45.82 (2084112106)|VALIDATION_FORMULA|AND(
				 ISPICKVAL(SBQQ__Status__c, "Client_Approved"),
				 Count_usage_field_values__c > 0)|SBQQ__Status__c=Draft , Count_usage_field_values__c=0
22:33:45.82 (2084113976)|VALIDATION_PASS
22:33:45.82 (2084119246)|CODE_UNIT_FINISHED|Validation:Quote:a2NhG000003xHKr
22:33:45.91 (2091065697)|HEAP_ALLOCATE|[EXTERNAL]|Bytes:8
22:33:45.91 (2091134598)|HEAP_ALLOCATE|[EXTERNAL]|Bytes:8
22:33:45.91 (2091209868)|HEAP_ALLOCATE|[EXTERNAL]|Bytes:36
22:33:45.91 (2091221158)|VARIABLE_SCOPE_BEGIN|[1]|this|SBQQ.QuoteAfter|true|false
22:33:45.91 (2091289409)|VARIABLE_ASSIGNMENT|[1]|this|{}|0x3dfd780f
22:33:45.91 (2093926228)|SOQL_EXECUTE_BEGIN|[1243]|Aggregations:0|SELECT Id, Quote__c FROM QuoteLineGroup__c WHERE Quote__c = :tmpVar1
22:33:45.91 (2095628241)|SOQL_EXECUTE_END|[1243]|Rows:0
22:33:45.96 (2096850840)|CUMULATIVE_LIMIT_USAGE
22:33:45.96 (2096850840)|LIMIT_USAGE_FOR_NS|(default)|
  Number of SOQL queries: 5 out of 100
  Number of query rows: 3 out of 50000
  Number of SOSL queries: 0 out of 20
  Number of DML statements: 16 out of 150
  Number of Publish Immediate DML: 0 out of 150
  Number of DML rows: 17 out of 10000
  Maximum CPU time: 595 out of 10000
  Maximum heap size: 0 out of 10000000
  Number of callouts: 0 out of 100
  Number of Email Invocations: 0 out of 10
  Number of future calls: 0 out of 50
  Number of queueable jobs added to the queue: 0 out of 50
  Number of Mobile Apex push calls: 0 out of 10

22:33:45.96 (2096850840)|LIMIT_USAGE_FOR_NS|sbaa|
  Number of SOQL queries: 0 out of 100
  Number of query rows: 0 out of 50000
  Number of SOSL queries: 0 out of 20
  Number of DML statements: 0 out of 150
  Number of Publish Immediate DML: 0 out of 150
  Number of DML rows: 0 out of 10000
  Maximum CPU time: 0 out of 10000
  Maximum heap size: 0 out of 10000000
  Number of callouts: 0 out of 100
  Number of Email Invocations: 0 out of 10
  Number of future calls: 0 out of 50
  Number of queueable jobs added to the queue: 0 out of 50
  Number of Mobile Apex push calls: 0 out of 10

22:33:45.96 (2096850840)|LIMIT_USAGE_FOR_NS|SBQQ|
  Number of SOQL queries: 10 out of 100
  Number of query rows: 3 out of 50000
  Number of SOSL queries: 0 out of 20
  Number of DML statements: 1 out of 150
  Number of Publish Immediate DML: 0 out of 150
  Number of DML rows: 1 out of 10000
  Maximum CPU time: 0 out of 10000
  Maximum heap size: 0 out of 10000000
  Number of callouts: 0 out of 100
  Number of Email Invocations: 0 out of 10
  Number of future calls: 0 out of 50
  Number of queueable jobs added to the queue: 0 out of 50
  Number of Mobile Apex push calls: 0 out of 10

22:33:45.96 (2096850840)|CUMULATIVE_LIMIT_USAGE_END

22:33:45.30 (2099183768)|FLOW_START_INTERVIEWS_END|1
22:33:45.30 (2100466178)|FLOW_INTERVIEW_FINISHED|9557e03000cd89507d5f42e3af721a05decb220-5bc7|(Quote) Update Auto Renewal and Renewal Term
22:33:44.174 (2101353994)|CODE_UNIT_FINISHED|Flow:01IPb000005GjIc
22:33:44.174 (2101861178)|CODE_UNIT_STARTED|[EXTERNAL]|Flow:01IPb000005GjIc
22:33:44.174 (2101871878)|CODE_UNIT_FINISHED|Flow:01IPb000005GjIc
22:33:44.174 (2102893736)|DML_END|[71]
22:33:44.174 (2103108358)|STATEMENT_EXECUTE|[73]
22:33:44.174 (2103139828)|HEAP_ALLOCATE|[73]|Bytes:4
22:33:44.174 (2103322199)|VARIABLE_ASSIGNMENT|[73]|this.SBQQ__Quote__c|"a2NhG000003xHKrUAM"|0x3d349b64
22:33:44.174 (2103347229)|HEAP_ALLOCATE|[73]|Bytes:28
22:33:44.174 (2103349499)|HEAP_ALLOCATE|[73]|Bytes:28
22:33:44.174 (2103364789)|VARIABLE_ASSIGNMENT|[73]|this.SBQQ__Number__c|1|0x3d349b64
22:33:44.174 (2103386440)|VARIABLE_SCOPE_BEGIN|[73]|grp1|SBQQ__QuoteLineGroup__c|true|false
22:33:44.174 (2103405180)|VARIABLE_ASSIGNMENT|[73]|grp1|{"SBQQ__Quote__c":"a2NhG000003xHKrUAM","SBQQ__Number__c":1}|0x3d349b64
22:33:44.174 (2103407270)|STATEMENT_EXECUTE|[77]
22:33:44.174 (2103411480)|HEAP_ALLOCATE|[77]|Bytes:4
22:33:44.174 (2103423280)|VARIABLE_ASSIGNMENT|[77]|this.SBQQ__Quote__c|"a2NhG000003xHKrUAM"|0x40a26e96
22:33:44.174 (2103427640)|HEAP_ALLOCATE|[77]|Bytes:28
22:33:44.174 (2103428870)|HEAP_ALLOCATE|[77]|Bytes:28
22:33:44.174 (2103434800)|VARIABLE_ASSIGNMENT|[77]|this.SBQQ__Number__c|2|0x40a26e96
22:33:44.174 (2103439980)|VARIABLE_SCOPE_BEGIN|[77]|grp2|SBQQ__QuoteLineGroup__c|true|false
22:33:44.174 (2103444630)|VARIABLE_ASSIGNMENT|[77]|grp2|{"SBQQ__Quote__c":"a2NhG000003xHKrUAM","SBQQ__Number__c":2}|0x40a26e96
22:33:44.174 (2103446370)|STATEMENT_EXECUTE|[81]
22:33:44.174 (2103454670)|HEAP_ALLOCATE|[81]|Bytes:4
22:33:44.174 (2103499570)|HEAP_ALLOCATE|[EXTERNAL]|Bytes:12
22:33:44.174 (2103537631)|DML_BEGIN|[81]|Op:Insert|Type:SBQQ__QuoteLineGroup__c|Rows:2
22:33:44.174 (2103576801)|HEAP_ALLOCATE|[EXTERNAL]|Bytes:12
22:33:44.174 (2112892420)|CODE_UNIT_STARTED|[EXTERNAL]|01qhG0000004ON7|QuoteLineGroupTrigger on QuoteLineGroup trigger event BeforeInsert|__sfdc_trigger/QuoteLineGroupTrigger
22:33:44.174 (2112941900)|HEAP_ALLOCATE|[EXTERNAL]|Bytes:12
22:33:44.174 (2113037841)|HEAP_ALLOCATE|[EXTERNAL]|Bytes:8
22:33:44.174 (2113051561)|VARIABLE_SCOPE_BEGIN|[1]|this|QuoteLineGroupTrigger|true|false
22:33:44.174 (2113114522)|VARIABLE_ASSIGNMENT|[1]|this|{}|0xac7493b
22:33:44.174 (2113142092)|HEAP_ALLOCATE|[EXTERNAL]|Bytes:8
22:33:44.174 (2113617045)|VARIABLE_SCOPE_BEGIN|[1]|this|QuoteLineGroupTrigger|true|false
22:33:44.174 (2113623895)|VARIABLE_ASSIGNMENT|[1]|this|{}|0xac7493b
22:33:44.174 (2113627465)|STATEMENT_EXECUTE|[1]
22:33:44.174 (2116195644)|VARIABLE_SCOPE_BEGIN|[4]|QuoteLineGroupAsyncHelper.isExecuting|Boolean|false|true
22:33:44.174 (2116214154)|HEAP_ALLOCATE|[4]|Bytes:1
22:33:44.174 (2116269445)|METHOD_ENTRY|[1]|01phG000000aImP|QuoteLineGroupAsyncHelper.QuoteLineGroupAsyncHelper()
22:33:44.174 (2116272695)|STATEMENT_EXECUTE|[1]
22:33:44.174 (2116276405)|STATEMENT_EXECUTE|[1]
22:33:44.174 (2116910010)|SYSTEM_MODE_ENTER|false
22:33:44.174 (2116921410)|HEAP_ALLOCATE|[4]|Bytes:5
22:33:44.174 (2116924740)|STATEMENT_EXECUTE|[4]
22:33:44.174 (2116929980)|HEAP_ALLOCATE|[4]|Bytes:5
22:33:44.174 (2116944590)|VARIABLE_ASSIGNMENT|[4]|QuoteLineGroupAsyncHelper.isExecuting|false
22:33:44.174 (2116950070)|SYSTEM_MODE_EXIT|false
22:33:44.174 (2116968510)|METHOD_EXIT|[1]|QuoteLineGroupAsyncHelper
22:33:44.174 (2116973930)|STATEMENT_EXECUTE|[4]
22:33:44.174 (2116974690)|STATEMENT_EXECUTE|[6]
22:33:44.174 (2116987620)|HEAP_ALLOCATE|[6]|Bytes:4
22:33:44.174 (2117069611)|VARIABLE_ASSIGNMENT|[6]|this.quoteIds|[]|0xac7493b
22:33:44.174 (2117123311)|HEAP_ALLOCATE|[7]|Bytes:5
22:33:44.174 (2117137031)|HEAP_ALLOCATE|[7]|Bytes:4
22:33:44.174 (2117145411)|VARIABLE_SCOPE_BEGIN|[7]|grp|SBQQ__QuoteLineGroup__c|true|false
22:33:44.174 (2117953327)|VARIABLE_ASSIGNMENT|[7]|grp|{"IsDeleted":false,"SBQQ__Optional__c":false,"SBQQ__Quote__c":"a2NhG000003xHKrUAM","Allow_Product_Ramping__c":false,"CurrencyIsoCode":"USD","SBQQ__Number__c":1,"SBQQ__SeparateContract__c":false}|0x750c1b11
22:33:44.174 (2117959377)|STATEMENT_EXECUTE|[7]
22:33:44.174 (2117978277)|STATEMENT_EXECUTE|[8]
22:33:44.174 (2117978837)|STATEMENT_EXECUTE|[9]
22:33:44.174 (2118010348)|HEAP_ALLOCATE|[EXTERNAL]|Bytes:4
22:33:44.174 (2118019338)|HEAP_ALLOCATE|[7]|Bytes:5
22:33:44.174 (2118024628)|HEAP_ALLOCATE|[7]|Bytes:4
22:33:44.174 (2118028458)|VARIABLE_SCOPE_BEGIN|[7]|grp|SBQQ__QuoteLineGroup__c|true|false
22:33:44.174 (2118200109)|VARIABLE_ASSIGNMENT|[7]|grp|{"IsDeleted":false,"SBQQ__Optional__c":false,"SBQQ__Quote__c":"a2NhG000003xHKrUAM","Allow_Product_Ramping__c":false,"CurrencyIsoCode":"USD","SBQQ__Number__c":2,"SBQQ__SeparateContract__c":false}|0x2e2dc9cb
22:33:44.174 (2118203449)|STATEMENT_EXECUTE|[7]
22:33:44.174 (2118206199)|STATEMENT_EXECUTE|[8]
22:33:44.174 (2118206639)|STATEMENT_EXECUTE|[9]
22:33:44.174 (2118211529)|HEAP_ALLOCATE|[EXTERNAL]|Bytes:4
22:33:44.174 (2118215949)|HEAP_ALLOCATE|[7]|Bytes:5
22:33:44.174 (2118220379)|VARIABLE_ASSIGNMENT|[7]|grp|null|
22:33:44.174 (2118230159)|STATEMENT_EXECUTE|[13]
22:33:44.174 (2118237869)|STATEMENT_EXECUTE|[19]
22:33:44.174 (2118242139)|STATEMENT_EXECUTE|[83]
22:33:44.174 (2118242709)|STATEMENT_EXECUTE|[86]
22:33:44.174 (2118253129)|HEAP_ALLOCATE|[86]|Bytes:4
22:33:44.174 (2118255690)|HEAP_ALLOCATE|[87]|Bytes:182
22:33:44.174 (2118260530)|HEAP_ALLOCATE|[87]|Bytes:4
22:33:44.174 (2119655100)|SOQL_EXECUTE_BEGIN|[87]|Aggregations:0|SELECT Id, SBQQ__StartDate__c, SBQQ__EndDate__c, SBQQ__SubscriptionTerm__c, SBQQ__Type__c, SBQQ__Opportunity2__r.Type, SBQQ__MasterContract__c FROM SBQQ__Quote__c WHERE Id = :tmpVar1
22:33:44.174 (2128585166)|SOQL_EXECUTE_END|[87]|Rows:1
22:33:44.174 (2128611677)|HEAP_ALLOCATE|[87]|Bytes:8
22:33:44.174 (2128625737)|HEAP_ALLOCATE|[87]|Bytes:167
22:33:44.174 (2128665907)|HEAP_ALLOCATE|[87]|Bytes:8
22:33:44.174 (2128690747)|HEAP_ALLOCATE|[86]|Bytes:20
22:33:44.174 (2128705917)|HEAP_ALLOCATE|[86]|Bytes:4
22:33:44.174 (2128714977)|VARIABLE_SCOPE_BEGIN|[86]|parentQuotes|Map<Id,SBQQ__Quote__c>|true|false
22:33:44.174 (2128853328)|VARIABLE_ASSIGNMENT|[86]|parentQuotes|{"a2NhG000003xHKrUAM":{"SBQQ__Opportunity2__c":"006hG000007F7DFQA0","SBQQ__Opportunity2__r":{"Type":"New Business","Id":"006hG000007F7DFQA0"},"Id":"a2NhG000003xHKrUAM","SBQQ__Type__c":"Quote"}}|0x459fed42
22:33:44.174 (2128858038)|STATEMENT_EXECUTE|[93]
22:33:44.174 (2128865718)|HEAP_ALLOCATE|[93]|Bytes:4
22:33:44.174 (2128893359)|VARIABLE_SCOPE_BEGIN|[93]|netNewQuoteIds|Set<Id>|true|false
22:33:44.174 (2128911709)|VARIABLE_ASSIGNMENT|[93]|netNewQuoteIds|[]|0x314ec6c1
22:33:44.174 (2128938739)|HEAP_ALLOCATE|[94]|Bytes:26
22:33:44.174 (2128987979)|HEAP_ALLOCATE|[94]|Bytes:5
22:33:44.174 (2129016960)|HEAP_ALLOCATE|[94]|Bytes:4
22:33:44.174 (2129019080)|VARIABLE_SCOPE_BEGIN|[94]|qId|Id|false|false
22:33:44.174 (2129076110)|VARIABLE_ASSIGNMENT|[94]|qId|"a2NhG000003xHKrUAM"
22:33:44.174 (2129078800)|STATEMENT_EXECUTE|[94]
22:33:44.174 (2129079370)|STATEMENT_EXECUTE|[95]
22:33:44.174 (2129093280)|VARIABLE_SCOPE_BEGIN|[95]|q|SBQQ__Quote__c|true|false
22:33:44.174 (2129125420)|VARIABLE_ASSIGNMENT|[95]|q|{"SBQQ__Opportunity2__c":"006hG000007F7DFQA0","SBQQ__Opportunity2__r":{"Type":"New Business","Id":"006hG000007F7DFQA0"},"Id":"a2NhG000003xHKrUAM","SBQQ__Type__c":"Quote"}|0x746cd851
22:33:44.174 (2129127780)|STATEMENT_EXECUTE|[96]
22:33:44.174 (2129154961)|VARIABLE_SCOPE_BEGIN|[96]|isNetNewType|Boolean|false|false
22:33:44.174 (2129158551)|HEAP_ALLOCATE|[96]|Bytes:5
22:33:44.174 (2129161541)|VARIABLE_ASSIGNMENT|[96]|isNetNewType|true
22:33:44.174 (2129162781)|STATEMENT_EXECUTE|[97]
22:33:44.174 (2129183181)|VARIABLE_SCOPE_BEGIN|[97]|isNewBusinessOpp|Boolean|false|false
22:33:44.174 (2129185371)|HEAP_ALLOCATE|[97]|Bytes:5
22:33:44.174 (2129187211)|VARIABLE_ASSIGNMENT|[97]|isNewBusinessOpp|true
22:33:44.174 (2129188521)|STATEMENT_EXECUTE|[98]
22:33:44.174 (2129200321)|VARIABLE_SCOPE_BEGIN|[98]|isNotAmendmentOrRenewal|Boolean|false|false
22:33:44.174 (2129202401)|HEAP_ALLOCATE|[98]|Bytes:5
22:33:44.174 (2129204201)|VARIABLE_ASSIGNMENT|[98]|isNotAmendmentOrRenewal|true
22:33:44.174 (2129207481)|STATEMENT_EXECUTE|[100]
22:33:44.174 (2129208131)|STATEMENT_EXECUTE|[101]
22:33:44.174 (2129216011)|HEAP_ALLOCATE|[EXTERNAL]|Bytes:4
22:33:44.174 (2129222871)|HEAP_ALLOCATE|[94]|Bytes:5
22:33:44.174 (2129227211)|VARIABLE_ASSIGNMENT|[94]|qId|null
22:33:44.174 (2129233051)|STATEMENT_EXECUTE|[105]
22:33:44.174 (2129233631)|STATEMENT_EXECUTE|[108]
22:33:44.174 (2129241611)|HEAP_ALLOCATE|[108]|Bytes:4
22:33:44.174 (2129245981)|VARIABLE_SCOPE_BEGIN|[108]|groupToProductCodeMap|Map<Id,String>|true|false
22:33:44.174 (2129251121)|VARIABLE_ASSIGNMENT|[108]|groupToProductCodeMap|{}|0x4e23de63
22:33:44.174 (2129252801)|STATEMENT_EXECUTE|[109]
22:33:44.174 (2129253861)|VARIABLE_SCOPE_BEGIN|[109]|fallbackProductCode|String|false|false
22:33:44.174 (2129256941)|VARIABLE_ASSIGNMENT|[109]|fallbackProductCode|null
22:33:44.174 (2129259251)|HEAP_ALLOCATE|[111]|Bytes:150
22:33:44.174 (2129262691)|HEAP_ALLOCATE|[111]|Bytes:4
22:33:44.174 (2129860446)|SOQL_EXECUTE_BEGIN|[111]|Aggregations:0|SELECT Id, SBQQ__Group__c, SBQQ__ProductCode__c, SBQQ__Product__c FROM SBQQ__QuoteLine__c WHERE (SBQQ__Quote__c = :tmpVar1 AND SBQQ__Group__c != NULL)
22:33:44.174 (2132747938)|SOQL_EXECUTE_END|[111]|Rows:0
22:33:44.174 (2132845558)|HEAP_ALLOCATE|[111]|Bytes:28
22:33:44.174 (2132854599)|HEAP_ALLOCATE|[111]|Bytes:8
22:33:44.174 (2132855939)|HEAP_ALLOCATE|[111]|Bytes:8
22:33:44.174 (2132861629)|VARIABLE_SCOPE_BEGIN|[15]|this|Database.QueryLocatorIterator|true|false
22:33:44.174 (2132886749)|VARIABLE_ASSIGNMENT|[15]|this|{}|0x22daa0f
22:33:44.174 (2132889239)|VARIABLE_SCOPE_BEGIN|[15]|values|List<SObject>|true|false
22:33:44.174 (2132892029)|VARIABLE_ASSIGNMENT|[15]|values|null|
22:33:44.174 (2132893299)|VARIABLE_SCOPE_BEGIN|[15]|ql|Database.QueryLocator|true|false
22:33:44.174 (2132905679)|VARIABLE_ASSIGNMENT|[15]|ql|{"query":"SELECT Id, SBQQ__Gro (130 more) ..."}|0x31541d43
22:33:44.174 (2132907549)|VARIABLE_SCOPE_BEGIN|[15]|totalNumRecords|Integer|false|false
22:33:44.174 (2132910869)|VARIABLE_ASSIGNMENT|[15]|totalNumRecords|0
22:33:44.174 (2132912389)|VARIABLE_SCOPE_BEGIN|[15]|queryMoreSize|Integer|false|false
22:33:44.174 (2132914669)|VARIABLE_ASSIGNMENT|[15]|queryMoreSize|49996
22:33:44.174 (2132957939)|HEAP_ALLOCATE|[111]|Bytes:28
22:33:44.174 (2132971629)|METHOD_ENTRY|[111]||Database.QueryLocatorIterator.hasNext()
22:33:44.174 (2132995360)|METHOD_EXIT|[111]||Database.QueryLocatorIterator.hasNext()
22:33:44.174 (2133022720)|VARIABLE_ASSIGNMENT|[111]|line|null|
22:33:44.174 (2133025850)|STATEMENT_EXECUTE|[111]
22:33:44.174 (2133035110)|STATEMENT_EXECUTE|[127]
22:33:44.174 (2133037000)|HEAP_ALLOCATE|[127]|Bytes:273
22:33:44.174 (2133045540)|HEAP_ALLOCATE|[127]|Bytes:4
22:33:44.174 (2133482993)|SOQL_EXECUTE_BEGIN|[127]|Aggregations:0|SELECT Id, Name, SBQQ__Quote__c, SBQQ__Number__c, Allow_Product_Ramping__c, SBQQ__StartDate__c, SBQQ__EndDate__c, SBQQ__SubscriptionTerm__c FROM SBQQ__QuoteLineGroup__c WHERE SBQQ__Quote__c = :tmpVar1 ORDER BY SBQQ__Quote__c ASC NULLS FIRST, SBQQ__Number__c ASC NULLS FIRST
22:33:44.174 (2135595859)|SOQL_EXECUTE_END|[127]|Rows:0
22:33:44.174 (2135614179)|HEAP_ALLOCATE|[127]|Bytes:4
22:33:44.174 (2135619439)|HEAP_ALLOCATE|[127]|Bytes:0
22:33:44.174 (2135645529)|HEAP_ALLOCATE|[127]|Bytes:4
22:33:44.174 (2135652269)|VARIABLE_SCOPE_BEGIN|[127]|allQuoteGroups|List<SBQQ__QuoteLineGroup__c>|true|false
22:33:44.174 (2135663500)|VARIABLE_ASSIGNMENT|[127]|allQuoteGroups|[]|0x5ff7068d
22:33:44.174 (2135665870)|STATEMENT_EXECUTE|[135]
22:33:44.174 (2135688870)|HEAP_ALLOCATE|[135]|Bytes:4
22:33:44.174 (2135709930)|VARIABLE_SCOPE_BEGIN|[135]|triggerNewMap|Map<Id,SBQQ__QuoteLineGroup__c>|true|false
22:33:44.174 (2135715790)|VARIABLE_ASSIGNMENT|[135]|triggerNewMap|{}|0x7c371597
22:33:44.174 (2135755460)|HEAP_ALLOCATE|[136]|Bytes:5
22:33:44.174 (2135768000)|HEAP_ALLOCATE|[136]|Bytes:4
22:33:44.174 (2135772570)|VARIABLE_SCOPE_BEGIN|[136]|newGrp|SBQQ__QuoteLineGroup__c|true|false
22:33:44.174 (2136080263)|VARIABLE_ASSIGNMENT|[136]|newGrp|{"IsDeleted":false,"SBQQ__Optional__c":false,"SBQQ__Quote__c":"a2NhG000003xHKrUAM","Allow_Product_Ramping__c":false,"CurrencyIsoCode":"USD","SBQQ__Number__c":1,"SBQQ__SeparateContract__c":false}|0x750c1b11
22:33:44.174 (2136085053)|STATEMENT_EXECUTE|[136]
22:33:44.174 (2136103373)|STATEMENT_EXECUTE|[137]
22:33:44.174 (2136109453)|HEAP_ALLOCATE|[136]|Bytes:5
22:33:44.174 (2136114073)|HEAP_ALLOCATE|[136]|Bytes:4
22:33:44.174 (2136117113)|VARIABLE_SCOPE_BEGIN|[136]|newGrp|SBQQ__QuoteLineGroup__c|true|false
22:33:44.174 (2136276194)|VARIABLE_ASSIGNMENT|[136]|newGrp|{"IsDeleted":false,"SBQQ__Optional__c":false,"SBQQ__Quote__c":"a2NhG000003xHKrUAM","Allow_Product_Ramping__c":false,"CurrencyIsoCode":"USD","SBQQ__Number__c":2,"SBQQ__SeparateContract__c":false}|0x2e2dc9cb
22:33:44.174 (2136279464)|STATEMENT_EXECUTE|[136]
22:33:44.174 (2136283994)|STATEMENT_EXECUTE|[137]
22:33:44.174 (2136287034)|HEAP_ALLOCATE|[136]|Bytes:5
22:33:44.174 (2136291244)|VARIABLE_ASSIGNMENT|[136]|newGrp|null|
22:33:44.174 (2136294094)|STATEMENT_EXECUTE|[142]
22:33:44.174 (2136298564)|HEAP_ALLOCATE|[142]|Bytes:4
22:33:44.174 (2136302044)|VARIABLE_SCOPE_BEGIN|[142]|groupNameToProductCodeMap|Map<String,String>|true|false
22:33:44.174 (2136306554)|VARIABLE_ASSIGNMENT|[142]|groupNameToProductCodeMap|{}|0x4146d6ee
22:33:44.174 (2136320004)|HEAP_ALLOCATE|[143]|Bytes:5
22:33:44.174 (2136323274)|VARIABLE_ASSIGNMENT|[143]|grp|null|
22:33:44.174 (2136325124)|STATEMENT_EXECUTE|[143]
22:33:44.174 (2136325714)|STATEMENT_EXECUTE|[149]
22:33:44.174 (2136330224)|HEAP_ALLOCATE|[149]|Bytes:4
22:33:44.174 (2136333334)|VARIABLE_SCOPE_BEGIN|[149]|quoteToGroupsMap|Map<Id,List<SBQQ__QuoteLineGroup__c>>|true|false
22:33:44.174 (2136336584)|VARIABLE_ASSIGNMENT|[149]|quoteToGroupsMap|{}|0x6cd1ce66
22:33:44.174 (2136349955)|HEAP_ALLOCATE|[150]|Bytes:5
22:33:44.174 (2136369905)|HEAP_ALLOCATE|[150]|Bytes:4
22:33:44.174 (2136371715)|VARIABLE_SCOPE_BEGIN|[150]|qId|Id|false|false
22:33:44.174 (2136410215)|VARIABLE_ASSIGNMENT|[150]|qId|"a2NhG000003xHKrUAM"
22:33:44.174 (2136412045)|STATEMENT_EXECUTE|[150]
22:33:44.174 (2136412625)|STATEMENT_EXECUTE|[151]
22:33:44.174 (2136418175)|HEAP_ALLOCATE|[151]|Bytes:4
22:33:44.174 (2136437715)|HEAP_ALLOCATE|[EXTERNAL]|Bytes:4
22:33:44.174 (2136440495)|HEAP_ALLOCATE|[EXTERNAL]|Bytes:-4
22:33:44.174 (2136444885)|HEAP_ALLOCATE|[150]|Bytes:5
22:33:44.174 (2136448215)|VARIABLE_ASSIGNMENT|[150]|qId|null
22:33:44.174 (2136455585)|HEAP_ALLOCATE|[154]|Bytes:5
22:33:44.174 (2136459375)|VARIABLE_ASSIGNMENT|[154]|grp|null|
22:33:44.174 (2136460955)|STATEMENT_EXECUTE|[154]
22:33:44.174 (2136474826)|HEAP_ALLOCATE|[164]|Bytes:5
22:33:44.174 (2136477976)|HEAP_ALLOCATE|[164]|Bytes:4
22:33:44.174 (2136480356)|VARIABLE_SCOPE_BEGIN|[164]|newGrp|SBQQ__QuoteLineGroup__c|true|false
22:33:44.174 (2136629667)|VARIABLE_ASSIGNMENT|[164]|newGrp|{"IsDeleted":false,"SBQQ__Optional__c":false,"SBQQ__Quote__c":"a2NhG000003xHKrUAM","Allow_Product_Ramping__c":false,"CurrencyIsoCode":"USD","SBQQ__Number__c":1,"SBQQ__SeparateContract__c":false}|0x750c1b11
22:33:44.174 (2136633287)|STATEMENT_EXECUTE|[164]
22:33:44.174 (2136656487)|STATEMENT_EXECUTE|[165]
22:33:44.174 (2136657127)|STATEMENT_EXECUTE|[166]
22:33:44.174 (2136675037)|HEAP_ALLOCATE|[EXTERNAL]|Bytes:4
22:33:44.174 (2136679927)|HEAP_ALLOCATE|[164]|Bytes:5
22:33:44.174 (2136683177)|HEAP_ALLOCATE|[164]|Bytes:4
22:33:44.174 (2136685177)|VARIABLE_SCOPE_BEGIN|[164]|newGrp|SBQQ__QuoteLineGroup__c|true|false
22:33:44.174 (2136819968)|VARIABLE_ASSIGNMENT|[164]|newGrp|{"IsDeleted":false,"SBQQ__Optional__c":false,"SBQQ__Quote__c":"a2NhG000003xHKrUAM","Allow_Product_Ramping__c":false,"CurrencyIsoCode":"USD","SBQQ__Number__c":2,"SBQQ__SeparateContract__c":false}|0x2e2dc9cb
22:33:44.174 (2136823038)|STATEMENT_EXECUTE|[164]
22:33:44.174 (2136831798)|STATEMENT_EXECUTE|[165]
22:33:44.174 (2136832358)|STATEMENT_EXECUTE|[166]
22:33:44.174 (2136842578)|HEAP_ALLOCATE|[EXTERNAL]|Bytes:4
22:33:44.174 (2136846978)|HEAP_ALLOCATE|[164]|Bytes:5
22:33:44.174 (2136850538)|VARIABLE_ASSIGNMENT|[164]|newGrp|null|
22:33:44.174 (2136865348)|HEAP_ALLOCATE|[171]|Bytes:26
22:33:44.174 (2136873048)|HEAP_ALLOCATE|[171]|Bytes:5
22:33:44.174 (2136883329)|HEAP_ALLOCATE|[171]|Bytes:4
22:33:44.174 (2136884989)|VARIABLE_SCOPE_BEGIN|[171]|qId|Id|false|false
22:33:44.174 (2136913369)|VARIABLE_ASSIGNMENT|[171]|qId|"a2NhG000003xHKrUAM"
22:33:44.174 (2136915099)|STATEMENT_EXECUTE|[171]
22:33:44.174 (2136915689)|STATEMENT_EXECUTE|[172]
22:33:44.174 (2136924569)|VARIABLE_SCOPE_BEGIN|[172]|parentQuote|SBQQ__Quote__c|true|false
22:33:44.174 (2136964639)|VARIABLE_ASSIGNMENT|[172]|parentQuote|{"SBQQ__Opportunity2__c":"006hG000007F7DFQA0","SBQQ__Opportunity2__r":{"Type":"New Business","Id":"006hG000007F7DFQA0"},"Id":"a2NhG000003xHKrUAM","SBQQ__Type__c":"Quote"}|0x746cd851
22:33:44.174 (2136970239)|STATEMENT_EXECUTE|[173]
22:33:44.174 (2136973099)|HEAP_ALLOCATE|[171]|Bytes:5
22:33:44.174 (2136976669)|VARIABLE_ASSIGNMENT|[171]|qId|null
22:33:44.174 (2136984289)|HEAP_ALLOCATE|[230]|Bytes:5
22:33:44.174 (2136990969)|HEAP_ALLOCATE|[230]|Bytes:4
22:33:44.174 (2136992419)|VARIABLE_SCOPE_BEGIN|[230]|qId|Id|false|false
22:33:44.174 (2137012259)|VARIABLE_ASSIGNMENT|[230]|qId|"a2NhG000003xHKrUAM"
22:33:44.174 (2137014319)|STATEMENT_EXECUTE|[230]
22:33:44.174 (2137014879)|STATEMENT_EXECUTE|[231]
22:33:44.174 (2137022270)|VARIABLE_SCOPE_BEGIN|[231]|parentQuote|SBQQ__Quote__c|true|false
22:33:44.174 (2137042600)|VARIABLE_ASSIGNMENT|[231]|parentQuote|{"SBQQ__Opportunity2__c":"006hG000007F7DFQA0","SBQQ__Opportunity2__r":{"Type":"New Business","Id":"006hG000007F7DFQA0"},"Id":"a2NhG000003xHKrUAM","SBQQ__Type__c":"Quote"}|0x746cd851
22:33:44.174 (2137047240)|STATEMENT_EXECUTE|[232]
22:33:44.174 (2137049760)|HEAP_ALLOCATE|[230]|Bytes:5
22:33:44.174 (2137052820)|VARIABLE_ASSIGNMENT|[230]|qId|null
22:33:45.137 (2137064670)|CUMULATIVE_LIMIT_USAGE
22:33:45.137 (2137064670)|LIMIT_USAGE_FOR_NS|(default)|
  Number of SOQL queries: 8 out of 100
  Number of query rows: 4 out of 50000
  Number of SOSL queries: 0 out of 20
  Number of DML statements: 17 out of 150
  Number of Publish Immediate DML: 0 out of 150
  Number of DML rows: 19 out of 10000
  Maximum CPU time: 612 out of 10000
  Maximum heap size: 0 out of 10000000
  Number of callouts: 0 out of 100
  Number of Email Invocations: 0 out of 10
  Number of future calls: 0 out of 50
  Number of queueable jobs added to the queue: 0 out of 50
  Number of Mobile Apex push calls: 0 out of 10

22:33:45.137 (2137064670)|LIMIT_USAGE_FOR_NS|sbaa|
  Number of SOQL queries: 0 out of 100
  Number of query rows: 0 out of 50000
  Number of SOSL queries: 0 out of 20
  Number of DML statements: 0 out of 150
  Number of Publish Immediate DML: 0 out of 150
  Number of DML rows: 0 out of 10000
  Maximum CPU time: 0 out of 10000
  Maximum heap size: 0 out of 10000000
  Number of callouts: 0 out of 100
  Number of Email Invocations: 0 out of 10
  Number of future calls: 0 out of 50
  Number of queueable jobs added to the queue: 0 out of 50
  Number of Mobile Apex push calls: 0 out of 10

22:33:45.137 (2137064670)|LIMIT_USAGE_FOR_NS|SBQQ|
  Number of SOQL queries: 10 out of 100
  Number of query rows: 3 out of 50000
  Number of SOSL queries: 0 out of 20
  Number of DML statements: 1 out of 150
  Number of Publish Immediate DML: 0 out of 150
  Number of DML rows: 1 out of 10000
  Maximum CPU time: 0 out of 10000
  Maximum heap size: 0 out of 10000000
  Number of callouts: 0 out of 100
  Number of Email Invocations: 0 out of 10
  Number of future calls: 0 out of 50
  Number of queueable jobs added to the queue: 0 out of 50
  Number of Mobile Apex push calls: 0 out of 10

22:33:45.137 (2137064670)|CUMULATIVE_LIMIT_USAGE_END

22:33:44.174 (2137250601)|CODE_UNIT_FINISHED|QuoteLineGroupTrigger on QuoteLineGroup trigger event BeforeInsert|__sfdc_trigger/QuoteLineGroupTrigger
22:33:44.174 (2141416332)|CODE_UNIT_STARTED|[EXTERNAL]|Validation:QuoteLineGroup:new
22:33:44.174 (2141427902)|VALIDATION_RULE|03dPb000000e7Rl|Invalid_Subscription_Term
22:33:44.174 (2141518683)|VALIDATION_FORMULA|IF( AND( NOT(ISNULL(SBQQ__SubscriptionTerm__c)), SBQQ__SubscriptionTerm__c <= 0), TRUE, null)|SBQQ__SubscriptionTerm__c=null
22:33:44.174 (2141523033)|VALIDATION_PASS
22:33:44.174 (2141527133)|CODE_UNIT_FINISHED|Validation:QuoteLineGroup:new
22:33:44.174 (2141542833)|CODE_UNIT_STARTED|[EXTERNAL]|Validation:QuoteLineGroup:new
22:33:44.174 (2141544963)|VALIDATION_RULE|03dPb000000e7Rl|Invalid_Subscription_Term
22:33:44.174 (2141583723)|VALIDATION_FORMULA|IF( AND( NOT(ISNULL(SBQQ__SubscriptionTerm__c)), SBQQ__SubscriptionTerm__c <= 0), TRUE, null)|SBQQ__SubscriptionTerm__c=null
22:33:44.174 (2141585633)|VALIDATION_PASS
22:33:44.174 (2141587453)|CODE_UNIT_FINISHED|Validation:QuoteLineGroup:new
22:33:45.152 (2152638165)|HEAP_ALLOCATE|[EXTERNAL]|Bytes:12
22:33:45.152 (2152786366)|HEAP_ALLOCATE|[EXTERNAL]|Bytes:12
22:33:45.152 (2152797816)|VARIABLE_SCOPE_BEGIN|[1]|this|SBQQ.QuoteLineGroupAfter|true|false
22:33:45.152 (2152879567)|VARIABLE_ASSIGNMENT|[1]|this|{}|0x3ddcaaf8
22:33:45.153 (2153150359)|CUMULATIVE_LIMIT_USAGE
22:33:45.153 (2153150359)|LIMIT_USAGE_FOR_NS|(default)|
  Number of SOQL queries: 8 out of 100
  Number of query rows: 4 out of 50000
  Number of SOSL queries: 0 out of 20
  Number of DML statements: 17 out of 150
  Number of Publish Immediate DML: 0 out of 150
  Number of DML rows: 19 out of 10000
  Maximum CPU time: 612 out of 10000
  Maximum heap size: 0 out of 10000000
  Number of callouts: 0 out of 100
  Number of Email Invocations: 0 out of 10
  Number of future calls: 0 out of 50
  Number of queueable jobs added to the queue: 0 out of 50
  Number of Mobile Apex push calls: 0 out of 10

22:33:45.153 (2153150359)|LIMIT_USAGE_FOR_NS|sbaa|
  Number of SOQL queries: 0 out of 100
  Number of query rows: 0 out of 50000
  Number of SOSL queries: 0 out of 20
  Number of DML statements: 0 out of 150
  Number of Publish Immediate DML: 0 out of 150
  Number of DML rows: 0 out of 10000
  Maximum CPU time: 0 out of 10000
  Maximum heap size: 0 out of 10000000
  Number of callouts: 0 out of 100
  Number of Email Invocations: 0 out of 10
  Number of future calls: 0 out of 50
  Number of queueable jobs added to the queue: 0 out of 50
  Number of Mobile Apex push calls: 0 out of 10

22:33:45.153 (2153150359)|LIMIT_USAGE_FOR_NS|SBQQ|
  Number of SOQL queries: 10 out of 100
  Number of query rows: 3 out of 50000
  Number of SOSL queries: 0 out of 20
  Number of DML statements: 1 out of 150
  Number of Publish Immediate DML: 0 out of 150
  Number of DML rows: 1 out of 10000
  Maximum CPU time: 0 out of 10000
  Maximum heap size: 0 out of 10000000
  Number of callouts: 0 out of 100
  Number of Email Invocations: 0 out of 10
  Number of future calls: 0 out of 50
  Number of queueable jobs added to the queue: 0 out of 50
  Number of Mobile Apex push calls: 0 out of 10

22:33:45.153 (2153150359)|CUMULATIVE_LIMIT_USAGE_END

22:33:44.174 (2154591669)|CODE_UNIT_STARTED|[EXTERNAL]|01qhG0000004ON7|QuoteLineGroupTrigger on QuoteLineGroup trigger event AfterInsert|__sfdc_trigger/QuoteLineGroupTrigger
22:33:44.174 (2154612319)|HEAP_ALLOCATE|[EXTERNAL]|Bytes:12
22:33:44.174 (2154639360)|HEAP_ALLOCATE|[EXTERNAL]|Bytes:8
22:33:44.174 (2154643020)|VARIABLE_SCOPE_BEGIN|[1]|this|QuoteLineGroupTrigger|true|false
22:33:44.174 (2154675860)|VARIABLE_ASSIGNMENT|[1]|this|{}|0xd2d0733
22:33:44.174 (2154686830)|HEAP_ALLOCATE|[EXTERNAL]|Bytes:8
22:33:44.174 (2154690010)|VARIABLE_SCOPE_BEGIN|[1]|this|QuoteLineGroupTrigger|true|false
22:33:44.174 (2154693740)|VARIABLE_ASSIGNMENT|[1]|this|{}|0xd2d0733
22:33:44.174 (2154696440)|STATEMENT_EXECUTE|[1]
22:33:44.174 (2154700220)|STATEMENT_EXECUTE|[4]
22:33:44.174 (2154701060)|STATEMENT_EXECUTE|[6]
22:33:44.174 (2154710240)|HEAP_ALLOCATE|[6]|Bytes:4
22:33:44.174 (2154750860)|VARIABLE_ASSIGNMENT|[6]|this.quoteIds|[]|0xd2d0733
22:33:44.174 (2154778661)|HEAP_ALLOCATE|[7]|Bytes:5
22:33:44.174 (2154794181)|VARIABLE_SCOPE_BEGIN|[7]|grp|SBQQ__QuoteLineGroup__c|true|false
22:33:44.174 (2155164343)|VARIABLE_ASSIGNMENT|[7]|grp|{"LastModifiedDate":"2026-09-01T17:03:45.000Z","IsDeleted":false,"SBQQ__Optional__c":false,"SBQQ__Quote__c":"a2NhG000003xHKrUAM","Allow_Product_Ramping__c":false,"CurrencyIsoCode":"USD","SBQQ__Number__c":1,"SBQQ__SeparateContract__c":false,"Name":"a1xhG000000C3Rx","SystemModstamp":"2026-09-01T17:03:45.000Z","CreatedById":"005Pb00000IYVNBIA5","CreatedDate":"2026-09-01T17:03:45.000Z","Id":"a1xhG000000C3RxQAK","LastModifiedById":"005Pb00000IYVNBIA5"}|0x28bbdaf1
22:33:44.174 (2155170964)|STATEMENT_EXECUTE|[7]
22:33:44.174 (2155181414)|STATEMENT_EXECUTE|[8]
22:33:44.174 (2155182014)|STATEMENT_EXECUTE|[9]
22:33:44.174 (2155196654)|HEAP_ALLOCATE|[EXTERNAL]|Bytes:4
22:33:44.174 (2155204474)|HEAP_ALLOCATE|[7]|Bytes:5
22:33:44.174 (2155211634)|VARIABLE_SCOPE_BEGIN|[7]|grp|SBQQ__QuoteLineGroup__c|true|false
22:33:44.174 (2155393505)|VARIABLE_ASSIGNMENT|[7]|grp|{"LastModifiedDate":"2026-09-01T17:03:45.000Z","IsDeleted":false,"SBQQ__Optional__c":false,"SBQQ__Quote__c":"a2NhG000003xHKrUAM","Allow_Product_Ramping__c":false,"CurrencyIsoCode":"USD","SBQQ__Number__c":2,"SBQQ__SeparateContract__c":false,"Name":"a1xhG000000C3Ry","SystemModstamp":"2026-09-01T17:03:45.000Z","CreatedById":"005Pb00000IYVNBIA5","CreatedDate":"2026-09-01T17:03:45.000Z","Id":"a1xhG000000C3RyQAK","LastModifiedById":"005Pb00000IYVNBIA5"}|0x6df8e41c
22:33:44.174 (2155398065)|STATEMENT_EXECUTE|[7]
22:33:44.174 (2155401495)|STATEMENT_EXECUTE|[8]
22:33:44.174 (2155401945)|STATEMENT_EXECUTE|[9]
22:33:44.174 (2155407705)|HEAP_ALLOCATE|[EXTERNAL]|Bytes:4
22:33:44.174 (2155412525)|HEAP_ALLOCATE|[7]|Bytes:5
22:33:44.174 (2155416995)|VARIABLE_ASSIGNMENT|[7]|grp|null|
22:33:44.174 (2155423905)|STATEMENT_EXECUTE|[13]
22:33:44.174 (2155431766)|STATEMENT_EXECUTE|[19]
22:33:44.174 (2155432346)|STATEMENT_EXECUTE|[20]
22:33:44.174 (2155436816)|HEAP_ALLOCATE|[20]|Bytes:4
22:33:44.174 (2155457886)|VARIABLE_SCOPE_BEGIN|[20]|sourceGroupIds|Set<Id>|true|false
22:33:44.174 (2155468896)|VARIABLE_ASSIGNMENT|[20]|sourceGroupIds|[]|0x65c44f94
22:33:44.174 (2155490816)|HEAP_ALLOCATE|[21]|Bytes:5
22:33:44.174 (2155496336)|VARIABLE_SCOPE_BEGIN|[21]|newGrp|SBQQ__QuoteLineGroup__c|true|false
22:33:44.174 (2155651737)|VARIABLE_ASSIGNMENT|[21]|newGrp|{"LastModifiedDate":"2026-09-01T17:03:45.000Z","IsDeleted":false,"SBQQ__Optional__c":false,"SBQQ__Quote__c":"a2NhG000003xHKrUAM","Allow_Product_Ramping__c":false,"CurrencyIsoCode":"USD","SBQQ__Number__c":1,"SBQQ__SeparateContract__c":false,"Name":"a1xhG000000C3Rx","SystemModstamp":"2026-09-01T17:03:45.000Z","CreatedById":"005Pb00000IYVNBIA5","CreatedDate":"2026-09-01T17:03:45.000Z","Id":"a1xhG000000C3RxQAK","LastModifiedById":"005Pb00000IYVNBIA5"}|0x28bbdaf1
22:33:44.174 (2155656267)|STATEMENT_EXECUTE|[21]
22:33:44.174 (2155661527)|STATEMENT_EXECUTE|[22]
22:33:44.174 (2155665227)|HEAP_ALLOCATE|[21]|Bytes:5
22:33:44.174 (2155669367)|VARIABLE_SCOPE_BEGIN|[21]|newGrp|SBQQ__QuoteLineGroup__c|true|false
22:33:44.174 (2155785758)|VARIABLE_ASSIGNMENT|[21]|newGrp|{"LastModifiedDate":"2026-09-01T17:03:45.000Z","IsDeleted":false,"SBQQ__Optional__c":false,"SBQQ__Quote__c":"a2NhG000003xHKrUAM","Allow_Product_Ramping__c":false,"CurrencyIsoCode":"USD","SBQQ__Number__c":2,"SBQQ__SeparateContract__c":false,"Name":"a1xhG000000C3Ry","SystemModstamp":"2026-09-01T17:03:45.000Z","CreatedById":"005Pb00000IYVNBIA5","CreatedDate":"2026-09-01T17:03:45.000Z","Id":"a1xhG000000C3RyQAK","LastModifiedById":"005Pb00000IYVNBIA5"}|0x6df8e41c
22:33:44.174 (2155789158)|STATEMENT_EXECUTE|[21]
22:33:44.174 (2155793038)|STATEMENT_EXECUTE|[22]
22:33:44.174 (2155795448)|HEAP_ALLOCATE|[21]|Bytes:5
22:33:44.174 (2155799038)|VARIABLE_ASSIGNMENT|[21]|newGrp|null|
22:33:44.174 (2155808798)|STATEMENT_EXECUTE|[27]
22:33:44.174 (2155812518)|STATEMENT_EXECUTE|[83]
22:33:45.155 (2155818498)|CUMULATIVE_LIMIT_USAGE
22:33:45.155 (2155818498)|LIMIT_USAGE_FOR_NS|(default)|
  Number of SOQL queries: 8 out of 100
  Number of query rows: 4 out of 50000
  Number of SOSL queries: 0 out of 20
  Number of DML statements: 17 out of 150
  Number of Publish Immediate DML: 0 out of 150
  Number of DML rows: 19 out of 10000
  Maximum CPU time: 612 out of 10000
  Maximum heap size: 0 out of 10000000
  Number of callouts: 0 out of 100
  Number of Email Invocations: 0 out of 10
  Number of future calls: 0 out of 50
  Number of queueable jobs added to the queue: 0 out of 50
  Number of Mobile Apex push calls: 0 out of 10

22:33:45.155 (2155818498)|LIMIT_USAGE_FOR_NS|sbaa|
  Number of SOQL queries: 0 out of 100
  Number of query rows: 0 out of 50000
  Number of SOSL queries: 0 out of 20
  Number of DML statements: 0 out of 150
  Number of Publish Immediate DML: 0 out of 150
  Number of DML rows: 0 out of 10000
  Maximum CPU time: 0 out of 10000
  Maximum heap size: 0 out of 10000000
  Number of callouts: 0 out of 100
  Number of Email Invocations: 0 out of 10
  Number of future calls: 0 out of 50
  Number of queueable jobs added to the queue: 0 out of 50
  Number of Mobile Apex push calls: 0 out of 10

22:33:45.155 (2155818498)|LIMIT_USAGE_FOR_NS|SBQQ|
  Number of SOQL queries: 10 out of 100
  Number of query rows: 3 out of 50000
  Number of SOSL queries: 0 out of 20
  Number of DML statements: 1 out of 150
  Number of Publish Immediate DML: 0 out of 150
  Number of DML rows: 1 out of 10000
  Maximum CPU time: 0 out of 10000
  Maximum heap size: 0 out of 10000000
  Number of callouts: 0 out of 100
  Number of Email Invocations: 0 out of 10
  Number of future calls: 0 out of 50
  Number of queueable jobs added to the queue: 0 out of 50
  Number of Mobile Apex push calls: 0 out of 10

22:33:45.155 (2155818498)|CUMULATIVE_LIMIT_USAGE_END

22:33:44.174 (2155934219)|CODE_UNIT_FINISHED|QuoteLineGroupTrigger on QuoteLineGroup trigger event AfterInsert|__sfdc_trigger/QuoteLineGroupTrigger
22:33:44.174 (2164304422)|CODE_UNIT_STARTED|[EXTERNAL]|Flow:01IPb000005GjIc
22:33:44.174 (2164412833)|CODE_UNIT_FINISHED|Flow:01IPb000005GjIc
22:33:45.165 (2165409761)|HEAP_ALLOCATE|[EXTERNAL]|Bytes:8
22:33:45.165 (2165443531)|HEAP_ALLOCATE|[EXTERNAL]|Bytes:8
22:33:45.165 (2165479631)|HEAP_ALLOCATE|[EXTERNAL]|Bytes:4
22:33:45.165 (2165485001)|VARIABLE_SCOPE_BEGIN|[1]|this|SBQQ.QuoteBefore|true|false
22:33:45.165 (2165527621)|VARIABLE_ASSIGNMENT|[1]|this|{}|0x6a3156c7
22:33:45.167 (2167691347)|CUMULATIVE_LIMIT_USAGE
22:33:45.167 (2167691347)|LIMIT_USAGE_FOR_NS|(default)|
  Number of SOQL queries: 8 out of 100
  Number of query rows: 4 out of 50000
  Number of SOSL queries: 0 out of 20
  Number of DML statements: 17 out of 150
  Number of Publish Immediate DML: 0 out of 150
  Number of DML rows: 19 out of 10000
  Maximum CPU time: 612 out of 10000
  Maximum heap size: 0 out of 10000000
  Number of callouts: 0 out of 100
  Number of Email Invocations: 0 out of 10
  Number of future calls: 0 out of 50
  Number of queueable jobs added to the queue: 0 out of 50
  Number of Mobile Apex push calls: 0 out of 10

22:33:45.167 (2167691347)|LIMIT_USAGE_FOR_NS|sbaa|
  Number of SOQL queries: 0 out of 100
  Number of query rows: 0 out of 50000
  Number of SOSL queries: 0 out of 20
  Number of DML statements: 0 out of 150
  Number of Publish Immediate DML: 0 out of 150
  Number of DML rows: 0 out of 10000
  Maximum CPU time: 0 out of 10000
  Maximum heap size: 0 out of 10000000
  Number of callouts: 0 out of 100
  Number of Email Invocations: 0 out of 10
  Number of future calls: 0 out of 50
  Number of queueable jobs added to the queue: 0 out of 50
  Number of Mobile Apex push calls: 0 out of 10

22:33:45.167 (2167691347)|LIMIT_USAGE_FOR_NS|SBQQ|
  Number of SOQL queries: 10 out of 100
  Number of query rows: 3 out of 50000
  Number of SOSL queries: 0 out of 20
  Number of DML statements: 1 out of 150
  Number of Publish Immediate DML: 0 out of 150
  Number of DML rows: 1 out of 10000
  Maximum CPU time: 0 out of 10000
  Maximum heap size: 0 out of 10000000
  Number of callouts: 0 out of 100
  Number of Email Invocations: 0 out of 10
  Number of future calls: 0 out of 50
  Number of queueable jobs added to the queue: 0 out of 50
  Number of Mobile Apex push calls: 0 out of 10

22:33:45.167 (2167691347)|CUMULATIVE_LIMIT_USAGE_END

22:33:44.174 (2170860831)|CODE_UNIT_STARTED|[EXTERNAL]|Validation:Quote:a2NhG000003xHKr
22:33:44.174 (2170874191)|VALIDATION_RULE|03dhG0000002pzM|Account_cant_be_changed_on_Primary_Quote
22:33:44.174 (2171007072)|VALIDATION_FORMULA|OR(
				AND(
ISCHANGED(SBQQ__Account__c),
SBQQ__Primary__c=true),
    AND(
								OR(
SBQQ__Account__c <> SBQQ__Opportunity2__r.Ship_To_Account__c,
Ship_To_Account__c <> SBQQ__Opportunity2__r.Ship_To_Account__c),
ISCHANGED(SBQQ__Primary__c)))|SBQQ__Opportunity2__r.Ship_To_Account__c=001hG00000Bgdcv , Ship_To_Account__c=001hG00000Bgdcv , SBQQ__Account__c=001hG00000Bgdcv , SBQQ__Primary__c=1
22:33:44.174 (2171011632)|VALIDATION_PASS
22:33:44.174 (2171012752)|VALIDATION_RULE|03dPb000000eHti|Order_Requires_Quote_Client_Approved
22:33:44.174 (2171124693)|VALIDATION_FORMULA|AND(
    SBQQ__Ordered__c == True,
    NOT(ISPICKVAL(SBQQ__Status__c ,"Client_Approved")),
    NOT(ISPICKVAL(SBQQ__Opportunity2__r.Type, "Auto Renewal"))
)
&& Quote_Val_Bypass__c = false|SBQQ__Opportunity2__r.Type=New Business , Quote_Val_Bypass__c=0 , SBQQ__Status__c=Draft , SBQQ__Ordered__c=0
22:33:44.174 (2171128023)|VALIDATION_PASS
22:33:44.174 (2171129083)|VALIDATION_RULE|03dhG0000002pzN|Amended_Quote_Approval_Rule
22:33:44.174 (2171288664)|VALIDATION_FORMULA|AND(
ISPICKVAL(SBQQ__Type__c, 'Amendment'),
Number_of_Non_Amendment_Quote_Lines__c = 0,
OR(
ISCHANGED(ApprovalStatus__c),
ISCHANGED(Exclusivity__c),
ISCHANGED(Termination__c), 
ISCHANGED(Publicity__c)))|Exclusivity__c=null , Publicity__c=null , ApprovalStatus__c=null , SBQQ__Type__c=Quote , Termination__c=null , Number_of_Non_Amendment_Quote_Lines__c=0
22:33:44.174 (2171291864)|VALIDATION_PASS
22:33:44.174 (2171292754)|VALIDATION_RULE|03dhG000000Iys9|Cannot_change_to_these_Statuses
22:33:44.174 (2171496275)|VALIDATION_FORMULA|OR(
AND(
OR(
ISPICKVAL(ApprovalStatus__c, 'Approved'),
ISPICKVAL(ApprovalStatus__c, 'Pending'),
ISPICKVAL(ApprovalStatus__c, 'Rejected')),
ISPICKVAL(SBQQ__Status__c, 'Draft')),
	
AND(
NOT(ISPICKVAL(ApprovalStatus__c, 'Pending')),
ISPICKVAL(SBQQ__Status__c, 'FW in Review')),
				
AND(
NOT(ISPICKVAL(ApprovalStatus__c, 'Approved')),
ISPICKVAL(SBQQ__Status__c, 'FW Approved')),
				
AND(
NOT(ISPICKVAL(ApprovalStatus__c, 'Rejected')),
ISPICKVAL(SBQQ__Status__c, 'FW Rejected')),

AND(
NOT(ISPICKVAL(ApprovalStatus__c, 'Approved')),
ISPICKVAL(SBQQ__Status__c, 'Client in Review')),

AND(
NOT(ISPICKVAL(ApprovalStatus__c, 'Approved')),
ISPICKVAL(SBQQ__Status__c, 'Client_Approved')),

AND(
NOT(ISPICKVAL(ApprovalStatus__c, 'Approved')),
ISPICKVAL(SBQQ__Status__c, 'Client Rejected')),

AND(
ISCHANGED(SBQQ__Status__c),
ISPICKVAL(ApprovalStatus__c, 'Approved'),
TEXT(PRIORVALUE(SBQQ__Status__c)) = "Client Rejected",
TEXT(SBQQ__Status__c) = "Client In Review"),

AND(
ISCHANGED(SBQQ__Status__c),
ISPICKVAL(ApprovalStatus__c, 'Approved'),
TEXT(PRIORVALUE(SBQQ__Status__c)) = "Client Rejected",
TEXT(SBQQ__Status__c) = "FW Approved"))

&& Quote_Val_Bypass__c = false|Quote_Val_Bypass__c=0 , SBQQ__Status__c=Draft , ApprovalStatus__c=null
22:33:44.174 (2171501706)|VALIDATION_PASS
22:33:44.174 (2171502456)|VALIDATION_RULE|03dPb000000eHtg|Cant_Modify_Quote_On_Closed_Opp
22:33:44.174 (2171640627)|VALIDATION_FORMULA|AND(
    $Profile.Name <> 'System Administrator',
    $Profile.Name <> "B - Looker",
    $User.Alias <> "Workato",
    SBQQ__Opportunity2__r.IsClosed,
    NOT(ISNEW())
)
&& Quote_Val_Bypass__c = false|Quote_Val_Bypass__c=0 , $Profile.Name=System Administrator , SBQQ__Opportunity2__r.IsClosed=0 , $User.Alias=sunita.b
22:33:44.174 (2171643617)|VALIDATION_PASS
22:33:44.174 (2171644267)|VALIDATION_RULE|03dPb000000lyAP|Cant_Modify_Quote_On_Legal_Stage_Opps
22:33:44.174 (2171723077)|VALIDATION_FORMULA|AND(
    $Profile.Name <> "System Administrator",
    $Profile.Name <> "B - Looker",
    $User.Alias <> "Workato",
    ISPICKVAL(SBQQ__Opportunity2__r.StageName, "Legal"),
    NOT(ISNEW())
)
&& Quote_Val_Bypass__c = false|SBQQ__Opportunity2__r.StageName=Discovery/Qualifying , Quote_Val_Bypass__c=0 , $Profile.Name=System Administrator , $User.Alias=sunita.b
22:33:44.174 (2171725707)|VALIDATION_PASS
22:33:44.174 (2171726397)|VALIDATION_RULE|03dhG0000002pzO|Cant_update_Flywire_Legal_Entity
22:33:44.174 (2171788808)|VALIDATION_FORMULA|AND(
OR(ISPICKVAL(SBQQ__Type__c, 'Amendment'),
ISPICKVAL(SBQQ__Type__c, 'Renewal')),
ISCHANGED(Flywire_Entity__c))|Flywire_Entity__c=null , SBQQ__Type__c=Quote
22:33:44.174 (2171790848)|VALIDATION_PASS
22:33:44.174 (2171791738)|VALIDATION_RULE|03dPb000000e7Ru|End_Date_Before_Start_Date
22:33:44.174 (2171832898)|VALIDATION_FORMULA|IF( AND( NOT(ISNULL(SBQQ__EndDate__c)), SBQQ__EndDate__c < SBQQ__StartDate__c), TRUE, null)|SBQQ__StartDate__c=null , SBQQ__EndDate__c=null
22:33:44.174 (2171834548)|VALIDATION_PASS
22:33:44.174 (2171835598)|VALIDATION_RULE|03dPb000000e7Rw|Invalid_Subscription_Term
22:33:44.174 (2171865788)|VALIDATION_FORMULA|IF( AND( NOT(ISNULL(SBQQ__SubscriptionTerm__c)), SBQQ__SubscriptionTerm__c <= 0), TRUE, null)|SBQQ__SubscriptionTerm__c=null
22:33:44.174 (2171867268)|VALIDATION_PASS
22:33:44.174 (2171868198)|VALIDATION_RULE|03dhG0000006yJF|Non_Standard_Terms_cannot_exceed_300
22:33:44.174 (2171892038)|VALIDATION_FORMULA|LEN(Non_Standard_Terms__c) > 300|Non_Standard_Terms__c=null
22:33:44.174 (2171893408)|VALIDATION_PASS
22:33:44.174 (2171894218)|VALIDATION_RULE|03dhG000000cO4X|NS_Sub_Groups_Missing
22:33:44.174 (2172010549)|VALIDATION_FORMULA|OR(
AND(
ISBLANK(SBQQ__Opportunity2__r.SBQQ__AmendedContract__r.NS_Sub_Groups_Combined__c),
ISPICKVAL(SBQQ__Type__c, "Amendment"),
ISPICKVAL(SBQQ__Status__c, "Client_Approved")),
AND(
NOT(ISPICKVAL(SBQQ__Opportunity2__r.Type, "Auto Renewal")),
ISBLANK( SBQQ__Opportunity2__r.SBQQ__RenewedContract__r.NS_Sub_Groups_Combined__c),
ISPICKVAL(SBQQ__Type__c, "Renewal"),
ISPICKVAL(SBQQ__Status__c, "Client_Approved")))|SBQQ__Opportunity2__r.Type=New Business , SBQQ__Opportunity2__r.SBQQ__RenewedContract__r.NS_Sub_Groups_Combined__c=null , SBQQ__Status__c=Draft , SBQQ__Type__c=Quote , SBQQ__Opportunity2__r.SBQQ__AmendedContract__r.NS_Sub_Groups_Combined__c=null
22:33:44.174 (2172014389)|VALIDATION_PASS
22:33:44.174 (2172015149)|VALIDATION_RULE|03dPb000000eHtk|Quote_Approval_Status
22:33:44.174 (2172117800)|VALIDATION_FORMULA|AND(
    OR(
    ISPICKVAL(SBQQ__Status__c, "FW Approved"),
    ISPICKVAL(SBQQ__Status__c, "Client_Approved")),
    NOT(ISPICKVAL(ApprovalStatus__c, "Approved")),
    NOT(ISPICKVAL(SBQQ__Opportunity2__r.Type, "Auto Renewal"))
)
&& Quote_Val_Bypass__c = false|SBQQ__Opportunity2__r.Type=New Business , Quote_Val_Bypass__c=0 , SBQQ__Status__c=Draft , ApprovalStatus__c=null
22:33:44.174 (2172120600)|VALIDATION_PASS
22:33:44.174 (2172121410)|VALIDATION_RULE|03dhG000000Hwvd|Quote_must_have_Primary_Contact
22:33:44.174 (2172197541)|VALIDATION_FORMULA|AND(
$Profile.Name <> 'System Administrator',
ISCHANGED(ApprovalStatus__c),
ISBLANK(SBQQ__PrimaryContact__c),
NOT(ISPICKVAL(SBQQ__Opportunity2__r.Type, "Auto Renewal"))
)|SBQQ__Opportunity2__r.Type=New Business , $Profile.Name=System Administrator , ApprovalStatus__c=null , SBQQ__PrimaryContact__c=null
22:33:44.174 (2172199961)|VALIDATION_PASS
22:33:44.174 (2172200601)|VALIDATION_RULE|03dPb000000eHtm|Req_FullAddres_To_Submit_Approval
22:33:44.174 (2172427062)|VALIDATION_FORMULA|AND(
 ISCHANGED(ApprovalStatus__c),
 OR(
ISBLANK(SBQQ__Account__r.ShippingCountry),
ISBLANK(SBQQ__Account__r.ShippingPostalCode),
ISBLANK(SBQQ__Account__r.ShippingState),
ISBLANK(SBQQ__Account__r.ShippingStreet),
ISBLANK(SBQQ__Account__r.BillingCity),
ISBLANK(SBQQ__Account__r.BillingCountry),
ISBLANK(SBQQ__Account__r.BillingPostalCode),
ISBLANK(SBQQ__Account__r.BillingState),
ISBLANK(SBQQ__Account__r.BillingStreet)
)
)
&& Quote_Val_Bypass__c = false|SBQQ__Account__r.ShippingPostalCode=10001 , Quote_Val_Bypass__c=0 , SBQQ__Account__r.ShippingState=NY , SBQQ__Account__r.ShippingStreet=456 Ship St , SBQQ__Account__r.BillingPostalCode=10001 , SBQQ__Account__r.BillingState=NY , SBQQ__Account__r.BillingStreet=123 Main St , SBQQ__Account__r.ShippingCountry=United States , SBQQ__Account__r.BillingCity=New York , ApprovalStatus__c=null , SBQQ__Account__r.BillingCountry=United States
22:33:44.174 (2172431912)|VALIDATION_PASS
22:33:44.174 (2172432882)|VALIDATION_RULE|03dhG0000002pzQ|Usage_Rate_not_present_on_all_lines
22:33:44.174 (2172470353)|VALIDATION_FORMULA|AND(
				 ISPICKVAL(SBQQ__Status__c, "Client_Approved"),
				 Count_usage_field_values__c > 0)|SBQQ__Status__c=Draft , Count_usage_field_values__c=0
22:33:44.174 (2172472073)|VALIDATION_PASS
22:33:44.174 (2172476643)|CODE_UNIT_FINISHED|Validation:Quote:a2NhG000003xHKr
22:33:45.180 (2180381052)|HEAP_ALLOCATE|[EXTERNAL]|Bytes:8
22:33:45.180 (2180438942)|HEAP_ALLOCATE|[EXTERNAL]|Bytes:8
22:33:45.180 (2180515133)|HEAP_ALLOCATE|[EXTERNAL]|Bytes:36
22:33:45.180 (2180526053)|VARIABLE_SCOPE_BEGIN|[1]|this|SBQQ.QuoteAfter|true|false
22:33:45.180 (2180593194)|VARIABLE_ASSIGNMENT|[1]|this|{}|0x5436201b
22:33:45.180 (2183202923)|SOQL_EXECUTE_BEGIN|[1243]|Aggregations:0|SELECT Id, Quote__c FROM QuoteLineGroup__c WHERE Quote__c = :tmpVar1
22:33:45.180 (2190213065)|SOQL_EXECUTE_END|[1243]|Rows:2
22:33:45.192 (2192554892)|CUMULATIVE_LIMIT_USAGE
22:33:45.192 (2192554892)|LIMIT_USAGE_FOR_NS|(default)|
  Number of SOQL queries: 8 out of 100
  Number of query rows: 4 out of 50000
  Number of SOSL queries: 0 out of 20
  Number of DML statements: 17 out of 150
  Number of Publish Immediate DML: 0 out of 150
  Number of DML rows: 19 out of 10000
  Maximum CPU time: 612 out of 10000
  Maximum heap size: 0 out of 10000000
  Number of callouts: 0 out of 100
  Number of Email Invocations: 0 out of 10
  Number of future calls: 0 out of 50
  Number of queueable jobs added to the queue: 0 out of 50
  Number of Mobile Apex push calls: 0 out of 10

22:33:45.192 (2192554892)|LIMIT_USAGE_FOR_NS|sbaa|
  Number of SOQL queries: 0 out of 100
  Number of query rows: 0 out of 50000
  Number of SOSL queries: 0 out of 20
  Number of DML statements: 0 out of 150
  Number of Publish Immediate DML: 0 out of 150
  Number of DML rows: 0 out of 10000
  Maximum CPU time: 0 out of 10000
  Maximum heap size: 0 out of 10000000
  Number of callouts: 0 out of 100
  Number of Email Invocations: 0 out of 10
  Number of future calls: 0 out of 50
  Number of queueable jobs added to the queue: 0 out of 50
  Number of Mobile Apex push calls: 0 out of 10

22:33:45.192 (2192554892)|LIMIT_USAGE_FOR_NS|SBQQ|
  Number of SOQL queries: 11 out of 100
  Number of query rows: 5 out of 50000
  Number of SOSL queries: 0 out of 20
  Number of DML statements: 1 out of 150
  Number of Publish Immediate DML: 0 out of 150
  Number of DML rows: 1 out of 10000
  Maximum CPU time: 0 out of 10000
  Maximum heap size: 0 out of 10000000
  Number of callouts: 0 out of 100
  Number of Email Invocations: 0 out of 10
  Number of future calls: 0 out of 50
  Number of queueable jobs added to the queue: 0 out of 50
  Number of Mobile Apex push calls: 0 out of 10

22:33:45.192 (2192554892)|CUMULATIVE_LIMIT_USAGE_END

22:33:45.193 (2193192767)|CODE_UNIT_STARTED|[EXTERNAL]|Flow:01IPb000005GjIc
22:33:45.193 (2193550300)|FLOW_CREATE_INTERVIEW_BEGIN|00DhG0000000jOX|300Pb00000pY56t|301hG00000AM1Fr
22:33:45.193 (2193597620)|FLOW_CREATE_INTERVIEW_END|9572e03000cd89507d5f42e3af721a05decb220-5bb8|(Quote) Update Auto Renewal and Renewal Term
22:33:45.194 (2194253805)|FLOW_START_INTERVIEWS_BEGIN|1
22:33:45.194 (2194278705)|FLOW_START_INTERVIEW_BEGIN|9572e03000cd89507d5f42e3af721a05decb220-5bb8|(Quote) Update Auto Renewal and Renewal Term
22:33:45.194 (2194432846)|FLOW_START_INTERVIEW_END|9572e03000cd89507d5f42e3af721a05decb220-5bb8|(Quote) Update Auto Renewal and Renewal Term
22:33:45.204 (2204714492)|HEAP_ALLOCATE|[EXTERNAL]|Bytes:8
22:33:45.204 (2204759092)|HEAP_ALLOCATE|[EXTERNAL]|Bytes:8
22:33:45.204 (2204818673)|HEAP_ALLOCATE|[EXTERNAL]|Bytes:4
22:33:45.204 (2204829303)|VARIABLE_SCOPE_BEGIN|[1]|this|SBQQ.QuoteBefore|true|false
22:33:45.204 (2204876283)|VARIABLE_ASSIGNMENT|[1]|this|{}|0x3ca47e94
22:33:45.207 (2207084210)|CUMULATIVE_LIMIT_USAGE
22:33:45.207 (2207084210)|LIMIT_USAGE_FOR_NS|(default)|
  Number of SOQL queries: 9 out of 100
  Number of query rows: 5 out of 50000
  Number of SOSL queries: 0 out of 20
  Number of DML statements: 18 out of 150
  Number of Publish Immediate DML: 0 out of 150
  Number of DML rows: 20 out of 10000
  Maximum CPU time: 652 out of 10000
  Maximum heap size: 0 out of 10000000
  Number of callouts: 0 out of 100
  Number of Email Invocations: 0 out of 10
  Number of future calls: 0 out of 50
  Number of queueable jobs added to the queue: 0 out of 50
  Number of Mobile Apex push calls: 0 out of 10

22:33:45.207 (2207084210)|LIMIT_USAGE_FOR_NS|sbaa|
  Number of SOQL queries: 0 out of 100
  Number of query rows: 0 out of 50000
  Number of SOSL queries: 0 out of 20
  Number of DML statements: 0 out of 150
  Number of Publish Immediate DML: 0 out of 150
  Number of DML rows: 0 out of 10000
  Maximum CPU time: 0 out of 10000
  Maximum heap size: 0 out of 10000000
  Number of callouts: 0 out of 100
  Number of Email Invocations: 0 out of 10
  Number of future calls: 0 out of 50
  Number of queueable jobs added to the queue: 0 out of 50
  Number of Mobile Apex push calls: 0 out of 10

22:33:45.207 (2207084210)|LIMIT_USAGE_FOR_NS|SBQQ|
  Number of SOQL queries: 11 out of 100
  Number of query rows: 5 out of 50000
  Number of SOSL queries: 0 out of 20
  Number of DML statements: 1 out of 150
  Number of Publish Immediate DML: 0 out of 150
  Number of DML rows: 1 out of 10000
  Maximum CPU time: 0 out of 10000
  Maximum heap size: 0 out of 10000000
  Number of callouts: 0 out of 100
  Number of Email Invocations: 0 out of 10
  Number of future calls: 0 out of 50
  Number of queueable jobs added to the queue: 0 out of 50
  Number of Mobile Apex push calls: 0 out of 10

22:33:45.207 (2207084210)|CUMULATIVE_LIMIT_USAGE_END

22:33:45.209 (2209790830)|CODE_UNIT_STARTED|[EXTERNAL]|Validation:Quote:a2NhG000003xHKr
22:33:45.209 (2209804501)|VALIDATION_RULE|03dhG0000002pzM|Account_cant_be_changed_on_Primary_Quote
22:33:45.209 (2209913011)|VALIDATION_FORMULA|OR(
				AND(
ISCHANGED(SBQQ__Account__c),
SBQQ__Primary__c=true),
    AND(
								OR(
SBQQ__Account__c <> SBQQ__Opportunity2__r.Ship_To_Account__c,
Ship_To_Account__c <> SBQQ__Opportunity2__r.Ship_To_Account__c),
ISCHANGED(SBQQ__Primary__c)))|SBQQ__Opportunity2__r.Ship_To_Account__c=001hG00000Bgdcv , Ship_To_Account__c=001hG00000Bgdcv , SBQQ__Account__c=001hG00000Bgdcv , SBQQ__Primary__c=1
22:33:45.209 (2209917381)|VALIDATION_PASS
22:33:45.209 (2209918531)|VALIDATION_RULE|03dPb000000eHti|Order_Requires_Quote_Client_Approved
22:33:45.209 (2210017112)|VALIDATION_FORMULA|AND(
    SBQQ__Ordered__c == True,
    NOT(ISPICKVAL(SBQQ__Status__c ,"Client_Approved")),
    NOT(ISPICKVAL(SBQQ__Opportunity2__r.Type, "Auto Renewal"))
)
&& Quote_Val_Bypass__c = false|SBQQ__Opportunity2__r.Type=New Business , Quote_Val_Bypass__c=0 , SBQQ__Status__c=Draft , SBQQ__Ordered__c=0
22:33:45.209 (2210020722)|VALIDATION_PASS
22:33:45.209 (2210021652)|VALIDATION_RULE|03dhG0000002pzN|Amended_Quote_Approval_Rule
22:33:45.209 (2210165373)|VALIDATION_FORMULA|AND(
ISPICKVAL(SBQQ__Type__c, 'Amendment'),
Number_of_Non_Amendment_Quote_Lines__c = 0,
OR(
ISCHANGED(ApprovalStatus__c),
ISCHANGED(Exclusivity__c),
ISCHANGED(Termination__c), 
ISCHANGED(Publicity__c)))|Exclusivity__c=null , Publicity__c=null , ApprovalStatus__c=null , SBQQ__Type__c=Quote , Termination__c=null , Number_of_Non_Amendment_Quote_Lines__c=0
22:33:45.209 (2210168503)|VALIDATION_PASS
22:33:45.209 (2210169413)|VALIDATION_RULE|03dhG000000Iys9|Cannot_change_to_these_Statuses
22:33:45.209 (2210353115)|VALIDATION_FORMULA|OR(
AND(
OR(
ISPICKVAL(ApprovalStatus__c, 'Approved'),
ISPICKVAL(ApprovalStatus__c, 'Pending'),
ISPICKVAL(ApprovalStatus__c, 'Rejected')),
ISPICKVAL(SBQQ__Status__c, 'Draft')),
	
AND(
NOT(ISPICKVAL(ApprovalStatus__c, 'Pending')),
ISPICKVAL(SBQQ__Status__c, 'FW in Review')),
				
AND(
NOT(ISPICKVAL(ApprovalStatus__c, 'Approved')),
ISPICKVAL(SBQQ__Status__c, 'FW Approved')),
				
AND(
NOT(ISPICKVAL(ApprovalStatus__c, 'Rejected')),
ISPICKVAL(SBQQ__Status__c, 'FW Rejected')),

AND(
NOT(ISPICKVAL(ApprovalStatus__c, 'Approved')),
ISPICKVAL(SBQQ__Status__c, 'Client in Review')),

AND(
NOT(ISPICKVAL(ApprovalStatus__c, 'Approved')),
ISPICKVAL(SBQQ__Status__c, 'Client_Approved')),

AND(
NOT(ISPICKVAL(ApprovalStatus__c, 'Approved')),
ISPICKVAL(SBQQ__Status__c, 'Client Rejected')),

AND(
ISCHANGED(SBQQ__Status__c),
ISPICKVAL(ApprovalStatus__c, 'Approved'),
TEXT(PRIORVALUE(SBQQ__Status__c)) = "Client Rejected",
TEXT(SBQQ__Status__c) = "Client In Review"),

AND(
ISCHANGED(SBQQ__Status__c),
ISPICKVAL(ApprovalStatus__c, 'Approved'),
TEXT(PRIORVALUE(SBQQ__Status__c)) = "Client Rejected",
TEXT(SBQQ__Status__c) = "FW Approved"))

&& Quote_Val_Bypass__c = false|Quote_Val_Bypass__c=0 , SBQQ__Status__c=Draft , ApprovalStatus__c=null
22:33:45.209 (2210358645)|VALIDATION_PASS
22:33:45.209 (2210359405)|VALIDATION_RULE|03dPb000000eHtg|Cant_Modify_Quote_On_Closed_Opp
22:33:45.209 (2210477876)|VALIDATION_FORMULA|AND(
    $Profile.Name <> 'System Administrator',
    $Profile.Name <> "B - Looker",
    $User.Alias <> "Workato",
    SBQQ__Opportunity2__r.IsClosed,
    NOT(ISNEW())
)
&& Quote_Val_Bypass__c = false|Quote_Val_Bypass__c=0 , $Profile.Name=System Administrator , SBQQ__Opportunity2__r.IsClosed=0 , $User.Alias=sunita.b
22:33:45.209 (2210480906)|VALIDATION_PASS
22:33:45.209 (2210481696)|VALIDATION_RULE|03dPb000000lyAP|Cant_Modify_Quote_On_Legal_Stage_Opps
22:33:45.209 (2210554766)|VALIDATION_FORMULA|AND(
    $Profile.Name <> "System Administrator",
    $Profile.Name <> "B - Looker",
    $User.Alias <> "Workato",
    ISPICKVAL(SBQQ__Opportunity2__r.StageName, "Legal"),
    NOT(ISNEW())
)
&& Quote_Val_Bypass__c = false|SBQQ__Opportunity2__r.StageName=Discovery/Qualifying , Quote_Val_Bypass__c=0 , $Profile.Name=System Administrator , $User.Alias=sunita.b
22:33:45.209 (2210557466)|VALIDATION_PASS
22:33:45.209 (2210558236)|VALIDATION_RULE|03dhG0000002pzO|Cant_update_Flywire_Legal_Entity
22:33:45.209 (2210617727)|VALIDATION_FORMULA|AND(
OR(ISPICKVAL(SBQQ__Type__c, 'Amendment'),
ISPICKVAL(SBQQ__Type__c, 'Renewal')),
ISCHANGED(Flywire_Entity__c))|Flywire_Entity__c=null , SBQQ__Type__c=Quote
22:33:45.209 (2210619797)|VALIDATION_PASS
22:33:45.209 (2210620707)|VALIDATION_RULE|03dPb000000e7Ru|End_Date_Before_Start_Date
22:33:45.209 (2210659907)|VALIDATION_FORMULA|IF( AND( NOT(ISNULL(SBQQ__EndDate__c)), SBQQ__EndDate__c < SBQQ__StartDate__c), TRUE, null)|SBQQ__StartDate__c=null , SBQQ__EndDate__c=null
22:33:45.209 (2210661517)|VALIDATION_PASS
22:33:45.209 (2210662677)|VALIDATION_RULE|03dPb000000e7Rw|Invalid_Subscription_Term
22:33:45.209 (2210753438)|VALIDATION_FORMULA|IF( AND( NOT(ISNULL(SBQQ__SubscriptionTerm__c)), SBQQ__SubscriptionTerm__c <= 0), TRUE, null)|SBQQ__SubscriptionTerm__c=null
22:33:45.209 (2210755618)|VALIDATION_PASS
22:33:45.209 (2210756578)|VALIDATION_RULE|03dhG0000006yJF|Non_Standard_Terms_cannot_exceed_300
22:33:45.209 (2210782968)|VALIDATION_FORMULA|LEN(Non_Standard_Terms__c) > 300|Non_Standard_Terms__c=null
22:33:45.209 (2210784768)|VALIDATION_PASS
22:33:45.209 (2210785558)|VALIDATION_RULE|03dhG000000cO4X|NS_Sub_Groups_Missing
22:33:45.209 (2210892829)|VALIDATION_FORMULA|OR(
AND(
ISBLANK(SBQQ__Opportunity2__r.SBQQ__AmendedContract__r.NS_Sub_Groups_Combined__c),
ISPICKVAL(SBQQ__Type__c, "Amendment"),
ISPICKVAL(SBQQ__Status__c, "Client_Approved")),
AND(
NOT(ISPICKVAL(SBQQ__Opportunity2__r.Type, "Auto Renewal")),
ISBLANK( SBQQ__Opportunity2__r.SBQQ__RenewedContract__r.NS_Sub_Groups_Combined__c),
ISPICKVAL(SBQQ__Type__c, "Renewal"),
ISPICKVAL(SBQQ__Status__c, "Client_Approved")))|SBQQ__Opportunity2__r.Type=New Business , SBQQ__Opportunity2__r.SBQQ__RenewedContract__r.NS_Sub_Groups_Combined__c=null , SBQQ__Status__c=Draft , SBQQ__Type__c=Quote , SBQQ__Opportunity2__r.SBQQ__AmendedContract__r.NS_Sub_Groups_Combined__c=null
22:33:45.209 (2210896319)|VALIDATION_PASS
22:33:45.209 (2210897069)|VALIDATION_RULE|03dPb000000eHtk|Quote_Approval_Status
22:33:45.209 (2210989829)|VALIDATION_FORMULA|AND(
    OR(
    ISPICKVAL(SBQQ__Status__c, "FW Approved"),
    ISPICKVAL(SBQQ__Status__c, "Client_Approved")),
    NOT(ISPICKVAL(ApprovalStatus__c, "Approved")),
    NOT(ISPICKVAL(SBQQ__Opportunity2__r.Type, "Auto Renewal"))
)
&& Quote_Val_Bypass__c = false|SBQQ__Opportunity2__r.Type=New Business , Quote_Val_Bypass__c=0 , SBQQ__Status__c=Draft , ApprovalStatus__c=null
22:33:45.209 (2210993039)|VALIDATION_PASS
22:33:45.209 (2210993919)|VALIDATION_RULE|03dhG000000Hwvd|Quote_must_have_Primary_Contact
22:33:45.209 (2211073460)|VALIDATION_FORMULA|AND(
$Profile.Name <> 'System Administrator',
ISCHANGED(ApprovalStatus__c),
ISBLANK(SBQQ__PrimaryContact__c),
NOT(ISPICKVAL(SBQQ__Opportunity2__r.Type, "Auto Renewal"))
)|SBQQ__Opportunity2__r.Type=New Business , $Profile.Name=System Administrator , ApprovalStatus__c=null , SBQQ__PrimaryContact__c=null
22:33:45.209 (2211076750)|VALIDATION_PASS
22:33:45.209 (2211077510)|VALIDATION_RULE|03dPb000000eHtm|Req_FullAddres_To_Submit_Approval
22:33:45.209 (2211275102)|VALIDATION_FORMULA|AND(
 ISCHANGED(ApprovalStatus__c),
 OR(
ISBLANK(SBQQ__Account__r.ShippingCountry),
ISBLANK(SBQQ__Account__r.ShippingPostalCode),
ISBLANK(SBQQ__Account__r.ShippingState),
ISBLANK(SBQQ__Account__r.ShippingStreet),
ISBLANK(SBQQ__Account__r.BillingCity),
ISBLANK(SBQQ__Account__r.BillingCountry),
ISBLANK(SBQQ__Account__r.BillingPostalCode),
ISBLANK(SBQQ__Account__r.BillingState),
ISBLANK(SBQQ__Account__r.BillingStreet)
)
)
&& Quote_Val_Bypass__c = false|SBQQ__Account__r.ShippingPostalCode=10001 , Quote_Val_Bypass__c=0 , SBQQ__Account__r.ShippingState=NY , SBQQ__Account__r.ShippingStreet=456 Ship St , SBQQ__Account__r.BillingPostalCode=10001 , SBQQ__Account__r.BillingState=NY , SBQQ__Account__r.BillingStreet=123 Main St , SBQQ__Account__r.ShippingCountry=United States , SBQQ__Account__r.BillingCity=New York , ApprovalStatus__c=null , SBQQ__Account__r.BillingCountry=United States
22:33:45.209 (2211279672)|VALIDATION_PASS
22:33:45.209 (2211280542)|VALIDATION_RULE|03dhG0000002pzQ|Usage_Rate_not_present_on_all_lines
22:33:45.209 (2211317032)|VALIDATION_FORMULA|AND(
				 ISPICKVAL(SBQQ__Status__c, "Client_Approved"),
				 Count_usage_field_values__c > 0)|SBQQ__Status__c=Draft , Count_usage_field_values__c=0
22:33:45.209 (2211319202)|VALIDATION_PASS
22:33:45.209 (2211323472)|CODE_UNIT_FINISHED|Validation:Quote:a2NhG000003xHKr
22:33:45.219 (2219080500)|HEAP_ALLOCATE|[EXTERNAL]|Bytes:8
22:33:45.219 (2219129410)|HEAP_ALLOCATE|[EXTERNAL]|Bytes:8
22:33:45.219 (2219182160)|HEAP_ALLOCATE|[EXTERNAL]|Bytes:36
22:33:45.219 (2219190251)|VARIABLE_SCOPE_BEGIN|[1]|this|SBQQ.QuoteAfter|true|false
22:33:45.219 (2219302221)|VARIABLE_ASSIGNMENT|[1]|this|{}|0x56b8975b
22:33:45.219 (2221983411)|SOQL_EXECUTE_BEGIN|[1243]|Aggregations:0|SELECT Id, Quote__c FROM QuoteLineGroup__c WHERE Quote__c = :tmpVar1
22:33:45.219 (2225595418)|SOQL_EXECUTE_END|[1243]|Rows:2
22:33:45.226 (2226846277)|CUMULATIVE_LIMIT_USAGE
22:33:45.226 (2226846277)|LIMIT_USAGE_FOR_NS|(default)|
  Number of SOQL queries: 9 out of 100
  Number of query rows: 5 out of 50000
  Number of SOSL queries: 0 out of 20
  Number of DML statements: 18 out of 150
  Number of Publish Immediate DML: 0 out of 150
  Number of DML rows: 20 out of 10000
  Maximum CPU time: 652 out of 10000
  Maximum heap size: 0 out of 10000000
  Number of callouts: 0 out of 100
  Number of Email Invocations: 0 out of 10
  Number of future calls: 0 out of 50
  Number of queueable jobs added to the queue: 0 out of 50
  Number of Mobile Apex push calls: 0 out of 10

22:33:45.226 (2226846277)|LIMIT_USAGE_FOR_NS|sbaa|
  Number of SOQL queries: 0 out of 100
  Number of query rows: 0 out of 50000
  Number of SOSL queries: 0 out of 20
  Number of DML statements: 0 out of 150
  Number of Publish Immediate DML: 0 out of 150
  Number of DML rows: 0 out of 10000
  Maximum CPU time: 0 out of 10000
  Maximum heap size: 0 out of 10000000
  Number of callouts: 0 out of 100
  Number of Email Invocations: 0 out of 10
  Number of future calls: 0 out of 50
  Number of queueable jobs added to the queue: 0 out of 50
  Number of Mobile Apex push calls: 0 out of 10

22:33:45.226 (2226846277)|LIMIT_USAGE_FOR_NS|SBQQ|
  Number of SOQL queries: 12 out of 100
  Number of query rows: 7 out of 50000
  Number of SOSL queries: 0 out of 20
  Number of DML statements: 1 out of 150
  Number of Publish Immediate DML: 0 out of 150
  Number of DML rows: 1 out of 10000
  Maximum CPU time: 0 out of 10000
  Maximum heap size: 0 out of 10000000
  Number of callouts: 0 out of 100
  Number of Email Invocations: 0 out of 10
  Number of future calls: 0 out of 50
  Number of queueable jobs added to the queue: 0 out of 50
  Number of Mobile Apex push calls: 0 out of 10

22:33:45.226 (2226846277)|CUMULATIVE_LIMIT_USAGE_END

22:33:45.194 (2229523337)|FLOW_START_INTERVIEWS_END|1
22:33:45.194 (2231265020)|FLOW_INTERVIEW_FINISHED|9572e03000cd89507d5f42e3af721a05decb220-5bb8|(Quote) Update Auto Renewal and Renewal Term
22:33:45.193 (2232287297)|CODE_UNIT_FINISHED|Flow:01IPb000005GjIc
22:33:45.193 (2232364998)|CODE_UNIT_STARTED|[EXTERNAL]|Flow:01IPb000005GjIc
22:33:45.193 (2232373808)|CODE_UNIT_FINISHED|Flow:01IPb000005GjIc
22:33:45.193 (2235931254)|DML_END|[81]
22:33:45.193 (2236179096)|HEAP_ALLOCATE|[EXTERNAL]|Bytes:12
22:33:45.193 (2236189806)|STATEMENT_EXECUTE|[84]
22:33:45.193 (2236248957)|METHOD_ENTRY|[84]|01pPb000004v1aC|SBQQ.TriggerControl.disable()
22:33:45.193 (2236376608)|METHOD_EXIT|[84]|01pPb000004v1aC|SBQQ.TriggerControl.disable()
22:33:45.193 (2236380628)|STATEMENT_EXECUTE|[85]
22:33:45.193 (2236381188)|STATEMENT_EXECUTE|[85]
22:33:45.193 (2236381728)|STATEMENT_EXECUTE|[87]
22:33:45.193 (2236413098)|HEAP_ALLOCATE|[87]|Bytes:4
22:33:45.193 (2236550089)|VARIABLE_ASSIGNMENT|[87]|this.SBQQ__Quote__c|"a2NhG000003xHKrUAM"|0x742e1319
22:33:45.193 (2236573669)|VARIABLE_ASSIGNMENT|[87]|this.SBQQ__Product__c|"01thG000001unGnQAI"|0x742e1319
22:33:45.193 (2236601519)|VARIABLE_ASSIGNMENT|[87]|this.SBQQ__Group__c|"a1xhG000000C3RxQAK"|0x742e1319
22:33:45.193 (2236619559)|VARIABLE_SCOPE_BEGIN|[87]|ql1Parent|SBQQ__QuoteLine__c|true|false
22:33:45.193 (2236635190)|VARIABLE_ASSIGNMENT|[87]|ql1Parent|{"SBQQ__Quote__c":"a2NhG000003xHKrUAM","SBQQ__Product__c":"01thG000001unGnQAI","SBQQ__Group__c":"a1xhG000000C3RxQAK"}|0x742e1319
22:33:45.193 (2236637400)|STATEMENT_EXECUTE|[92]
22:33:45.193 (2236663540)|HEAP_ALLOCATE|[92]|Bytes:8
22:33:45.193 (2236683180)|DML_BEGIN|[92]|Op:Insert|Type:SBQQ__QuoteLine__c|Rows:1
22:33:45.193 (2236723770)|HEAP_ALLOCATE|[EXTERNAL]|Bytes:8
22:33:45.193 (2342165174)|CODE_UNIT_STARTED|[EXTERNAL]|Flow:01IPb000005GjIY
22:33:45.193 (2342196014)|CODE_UNIT_FINISHED|Flow:01IPb000005GjIY
22:33:45.343 (2343276862)|HEAP_ALLOCATE|[EXTERNAL]|Bytes:8
22:33:45.343 (2343357483)|HEAP_ALLOCATE|[EXTERNAL]|Bytes:4
22:33:45.343 (2343372233)|VARIABLE_SCOPE_BEGIN|[1]|this|SBQQ.QuoteLineBefore|true|false
22:33:45.343 (2343439424)|VARIABLE_ASSIGNMENT|[1]|this|{}|0x413179e7
22:33:45.343 (2343604895)|CUMULATIVE_LIMIT_USAGE
22:33:45.343 (2343604895)|LIMIT_USAGE_FOR_NS|(default)|
  Number of SOQL queries: 9 out of 100
  Number of query rows: 5 out of 50000
  Number of SOSL queries: 0 out of 20
  Number of DML statements: 19 out of 150
  Number of Publish Immediate DML: 0 out of 150
  Number of DML rows: 21 out of 10000
  Maximum CPU time: 669 out of 10000
  Maximum heap size: 0 out of 10000000
  Number of callouts: 0 out of 100
  Number of Email Invocations: 0 out of 10
  Number of future calls: 0 out of 50
  Number of queueable jobs added to the queue: 0 out of 50
  Number of Mobile Apex push calls: 0 out of 10

22:33:45.343 (2343604895)|LIMIT_USAGE_FOR_NS|sbaa|
  Number of SOQL queries: 0 out of 100
  Number of query rows: 0 out of 50000
  Number of SOSL queries: 0 out of 20
  Number of DML statements: 0 out of 150
  Number of Publish Immediate DML: 0 out of 150
  Number of DML rows: 0 out of 10000
  Maximum CPU time: 0 out of 10000
  Maximum heap size: 0 out of 10000000
  Number of callouts: 0 out of 100
  Number of Email Invocations: 0 out of 10
  Number of future calls: 0 out of 50
  Number of queueable jobs added to the queue: 0 out of 50
  Number of Mobile Apex push calls: 0 out of 10

22:33:45.343 (2343604895)|LIMIT_USAGE_FOR_NS|SBQQ|
  Number of SOQL queries: 12 out of 100
  Number of query rows: 7 out of 50000
  Number of SOSL queries: 0 out of 20
  Number of DML statements: 1 out of 150
  Number of Publish Immediate DML: 0 out of 150
  Number of DML rows: 1 out of 10000
  Maximum CPU time: 0 out of 10000
  Maximum heap size: 0 out of 10000000
  Number of callouts: 0 out of 100
  Number of Email Invocations: 0 out of 10
  Number of future calls: 0 out of 50
  Number of queueable jobs added to the queue: 0 out of 50
  Number of Mobile Apex push calls: 0 out of 10

22:33:45.343 (2343604895)|CUMULATIVE_LIMIT_USAGE_END

22:33:45.193 (2344956905)|CODE_UNIT_STARTED|[EXTERNAL]|01qhG0000003MyT|QuoteLineTrigger on QuoteLine trigger event BeforeInsert|__sfdc_trigger/QuoteLineTrigger
22:33:45.193 (2344989605)|HEAP_ALLOCATE|[EXTERNAL]|Bytes:8
22:33:45.193 (2345054336)|HEAP_ALLOCATE|[EXTERNAL]|Bytes:4
22:33:45.193 (2345064156)|VARIABLE_SCOPE_BEGIN|[1]|this|QuoteLineTrigger|true|false
22:33:45.193 (2345084686)|VARIABLE_ASSIGNMENT|[1]|this|{}|0x52b030f5
22:33:45.193 (2345106106)|HEAP_ALLOCATE|[EXTERNAL]|Bytes:4
22:33:45.193 (2345243397)|VARIABLE_SCOPE_BEGIN|[1]|this|QuoteLineTrigger|true|false
22:33:45.193 (2345248357)|VARIABLE_ASSIGNMENT|[1]|this|{}|0x52b030f5
22:33:45.193 (2345251427)|STATEMENT_EXECUTE|[1]
22:33:45.193 (2345265037)|STATEMENT_EXECUTE|[6]
22:33:45.193 (2345269037)|STATEMENT_EXECUTE|[7]
22:33:45.193 (2345269457)|STATEMENT_EXECUTE|[9]
22:33:45.193 (2348778204)|VARIABLE_SCOPE_BEGIN|[3]|QuoteLineTriggerHandler.isFirstRun|Boolean|false|true
22:33:45.193 (2350238535)|VARIABLE_SCOPE_BEGIN|[351]|QuoteLineTriggerHandler.mockRollupMappings|List<QuoteLineTriggerHandler.RollupMapping>|true|true
22:33:45.193 (2350258635)|HEAP_ALLOCATE|[9]|Bytes:13
22:33:45.193 (2350266025)|HEAP_ALLOCATE|[9]|Bytes:22
22:33:45.193 (2350268135)|HEAP_ALLOCATE|[9]|Bytes:7
22:33:45.193 (2350289275)|METHOD_ENTRY|[1]|01phG000000VBbt|QuoteLineTriggerHandler.QuoteLineTriggerHandler()
22:33:45.193 (2350292615)|STATEMENT_EXECUTE|[1]
22:33:45.193 (2350297285)|STATEMENT_EXECUTE|[1]
22:33:45.193 (2351055151)|SYSTEM_MODE_ENTER|false
22:33:45.193 (2351067151)|HEAP_ALLOCATE|[3]|Bytes:5
22:33:45.193 (2351070881)|STATEMENT_EXECUTE|[3]
22:33:45.193 (2351078031)|HEAP_ALLOCATE|[3]|Bytes:5
22:33:45.193 (2351094821)|VARIABLE_ASSIGNMENT|[3]|QuoteLineTriggerHandler.isFirstRun|true
22:33:45.193 (2351096971)|STATEMENT_EXECUTE|[336]
22:33:45.193 (2351104431)|SYSTEM_MODE_EXIT|false
22:33:45.193 (2351113481)|METHOD_EXIT|[1]|QuoteLineTriggerHandler
22:33:45.193 (2351167652)|METHOD_ENTRY|[9]|01phG000000VBbt|QuoteLineTriggerHandler.processBackgroundFields(List<SBQQ__QuoteLine__c>, Map<Id,SBQQ__QuoteLine__c>)
22:33:45.193 (2351207102)|VARIABLE_SCOPE_BEGIN|[13]|newLines|List<SBQQ__QuoteLine__c>|true|false
22:33:45.193 (2365866381)|VARIABLE_ASSIGNMENT|[13]|newLines|[{"View_Only__c":"If you need to edit  (57 more) ...","Group_Allow_Product_Ramping__c":false,"SBQQ__Hidden__c":false,"SBQQ__NonDiscountable__c":false,"SBQQ__Markup__c":0.00,"SBQQ__CarryoverLine__c":false,"Price__c":"USD 0.00","Bill_To_Ultimate_Parent__c":"001hG00000Bgdcv","SBQQ__Existing__c":false,"Partner_Required__c":false,"SBQQ__ProductName__c":"Parent Bundle Produc (1 more) ...","Adj_Rate_not_equal_Usage_Rate__c":false,"Opportunity_Record_Type_Name__c":"Education","SBQQ__PriceEditable__c":false,"SBQQ__PackageCost__c":0.00,"SBQQ__ComponentUpliftedByPackage__c":false,"SBQQ__TotalDiscountAmount__c":0.00,"SBQQ__AllowAssetRefund__c":false,"IsDeleted":false,"SBQQ__HasConsumptionSchedule__c":false,"SBQQ__Optional__c":false,"Debug_Mode__c":false,"SBQQ__NonPartnerDiscountable__c":false,"SBQQ__Quote__c":"a2NhG000003xHKrUAM","Quote_Vertical__c":"Education","Surcharging__c":"No","CurrencyIsoCode":"USD","Requires_ARR_Fields_Completion__c":false,"Requires_Usage_Type__c":false,"SBQQ__PackageTotal__c":0.00,"Interchange_Rate__c":2.000,"SBQQ__AdditionalDiscount__c":0.00,"Status__c":"Active","SBQQ__EffectiveQuantity__c":0.00,"Duplicate_QuoteLine__c":false,"SBQQ__ConfigurationRequired__c":false,"SBQQ__CostEditable__c":false,"SBQQ__ComponentDiscountedByPackage__c":false,"SBQQ__Renewal__c":false,"Rev_Share__c":false,"QL_count_usage_field_values__c":false,"SBQQ__PackageListTotal__c":0.00,"Exception_Pricing__c":false,"Separate_Entity__c":1,"CC_Country__c":"All","MPP_Card_Usage_Included__c":"No","Invalid_Account_Edit__c":false,"Quote_Line_Type__c":"New","SBQQ__Group__c":"a1xhG000000C3RxQAK","SBQQ__SubscriptionScope__c":"Quote","SBQQ__TotalDiscountRate__c":0.000,"Is_Amex_Gateway__c":false,"One_Door__c":"No","SBQQ__Bundled__c":false,"CPQ_Migrated_Record__c":false,"Rate_Details_Changed__c":false,"Price_Change__c":false,"Tiered_Pricing__c":false,"SBQQ__Bundle__c":false,"SBQQ__Product__c":"01thG000001unGnQAI","SBQQ__PricingMethodEditable__c":false,"Quote_Line_Group_Start_Date_Match__c":false,"SBQQ__Uplift__c":0.00,"SBQQ__Taxable__c":false,"SBQQ__PricingMethod__c":"List","No_Usage_Rate_Present__c":false,"SBQQ__ProductCode__c":"PARENT-PROD","SBQQ__Incomplete__c":false}]|0x71eef075
22:33:45.193 (2365888201)|VARIABLE_SCOPE_BEGIN|[13]|oldMap|Map<Id,SBQQ__QuoteLine__c>|true|false
22:33:45.193 (2365894421)|VARIABLE_ASSIGNMENT|[13]|oldMap|null|
22:33:45.193 (2366618976)|SYSTEM_MODE_ENTER|false
22:33:45.193 (2366634366)|HEAP_ALLOCATE|[14]|Bytes:5
22:33:45.193 (2366640086)|STATEMENT_EXECUTE|[13]
22:33:45.193 (2366750387)|STATEMENT_EXECUTE|[14]
22:33:45.193 (2366751027)|STATEMENT_EXECUTE|[16]
22:33:45.193 (2366766597)|HEAP_ALLOCATE|[16]|Bytes:4
22:33:45.193 (2366797497)|VARIABLE_SCOPE_BEGIN|[16]|sourceLineIds|Set<Id>|true|false
22:33:45.193 (2366833178)|VARIABLE_ASSIGNMENT|[16]|sourceLineIds|[]|0x2b2002ff
22:33:45.193 (2366835258)|STATEMENT_EXECUTE|[17]
22:33:45.193 (2366837118)|HEAP_ALLOCATE|[17]|Bytes:4
22:33:45.193 (2366842448)|VARIABLE_SCOPE_BEGIN|[17]|subscriptionIds|Set<Id>|true|false
22:33:45.193 (2366847338)|VARIABLE_ASSIGNMENT|[17]|subscriptionIds|[]|0x2d4b32b6
22:33:45.193 (2366938598)|HEAP_ALLOCATE|[19]|Bytes:5
22:33:45.193 (2366953659)|HEAP_ALLOCATE|[19]|Bytes:4
22:33:45.193 (2366959129)|VARIABLE_SCOPE_BEGIN|[19]|ql|SBQQ__QuoteLine__c|true|false
22:33:45.193 (2368604711)|VARIABLE_ASSIGNMENT|[19]|ql|{"View_Only__c":"If you need to edit  (57 more) ...","Group_Allow_Product_Ramping__c":false,"SBQQ__Hidden__c":false,"SBQQ__NonDiscountable__c":false,"SBQQ__Markup__c":0.00,"SBQQ__CarryoverLine__c":false,"Price__c":"USD 0.00","Bill_To_Ultimate_Parent__c":"001hG00000Bgdcv","SBQQ__Existing__c":false,"Partner_Required__c":false,"SBQQ__ProductName__c":"Parent Bundle Produc (1 more) ...","Adj_Rate_not_equal_Usage_Rate__c":false,"Opportunity_Record_Type_Name__c":"Education","SBQQ__PriceEditable__c":false,"SBQQ__PackageCost__c":0.00,"SBQQ__ComponentUpliftedByPackage__c":false,"SBQQ__TotalDiscountAmount__c":0.00,"SBQQ__AllowAssetRefund__c":false,"IsDeleted":false,"SBQQ__HasConsumptionSchedule__c":false,"SBQQ__Optional__c":false,"Debug_Mode__c":false,"SBQQ__NonPartnerDiscountable__c":false,"SBQQ__Quote__c":"a2NhG000003xHKrUAM","Quote_Vertical__c":"Education","Surcharging__c":"No","CurrencyIsoCode":"USD","Requires_ARR_Fields_Completion__c":false,"Requires_Usage_Type__c":false,"SBQQ__PackageTotal__c":0.00,"Interchange_Rate__c":2.000,"SBQQ__AdditionalDiscount__c":0.00,"Status__c":"Active","SBQQ__EffectiveQuantity__c":0.00,"Duplicate_QuoteLine__c":false,"SBQQ__ConfigurationRequired__c":false,"SBQQ__CostEditable__c":false,"SBQQ__ComponentDiscountedByPackage__c":false,"SBQQ__Renewal__c":false,"Rev_Share__c":false,"QL_count_usage_field_values__c":false,"SBQQ__PackageListTotal__c":0.00,"Exception_Pricing__c":false,"Separate_Entity__c":1,"CC_Country__c":"All","MPP_Card_Usage_Included__c":"No","Invalid_Account_Edit__c":false,"Quote_Line_Type__c":"New","SBQQ__Group__c":"a1xhG000000C3RxQAK","SBQQ__SubscriptionScope__c":"Quote","SBQQ__TotalDiscountRate__c":0.000,"Is_Amex_Gateway__c":false,"One_Door__c":"No","SBQQ__Bundled__c":false,"CPQ_Migrated_Record__c":false,"Rate_Details_Changed__c":false,"Price_Change__c":false,"Tiered_Pricing__c":false,"SBQQ__Bundle__c":false,"SBQQ__Product__c":"01thG000001unGnQAI","SBQQ__PricingMethodEditable__c":false,"Quote_Line_Group_Start_Date_Match__c":false,"SBQQ__Uplift__c":0.00,"SBQQ__Taxable__c":false,"SBQQ__PricingMethod__c":"List","No_Usage_Rate_Present__c":false,"SBQQ__ProductCode__c":"PARENT-PROD","SBQQ__Incomplete__c":false}|0x55da5257
22:33:45.193 (2368619261)|STATEMENT_EXECUTE|[19]
22:33:45.193 (2368620801)|STATEMENT_EXECUTE|[20]
22:33:45.193 (2368633011)|STATEMENT_EXECUTE|[21]
22:33:45.193 (2368638021)|STATEMENT_EXECUTE|[24]
22:33:45.193 (2368642131)|STATEMENT_EXECUTE|[27]
22:33:45.193 (2368653201)|HEAP_ALLOCATE|[19]|Bytes:5
22:33:45.193 (2368661701)|VARIABLE_ASSIGNMENT|[19]|ql|null|
22:33:45.193 (2368664411)|STATEMENT_EXECUTE|[33]
22:33:45.193 (2368674411)|HEAP_ALLOCATE|[33]|Bytes:4
22:33:45.193 (2368693991)|VARIABLE_SCOPE_BEGIN|[33]|sourceLineMap|Map<Id,SBQQ__QuoteLine__c>|true|false
22:33:45.193 (2368705742)|VARIABLE_ASSIGNMENT|[33]|sourceLineMap|{}|0x2173c816
22:33:45.193 (2368719252)|STATEMENT_EXECUTE|[34]
22:33:45.193 (2368719692)|STATEMENT_EXECUTE|[43]
22:33:45.193 (2368747642)|HEAP_ALLOCATE|[43]|Bytes:4
22:33:45.193 (2368754802)|VARIABLE_SCOPE_BEGIN|[43]|subMap|Map<Id,SBQQ__Subscription__c>|true|false
22:33:45.193 (2368758482)|VARIABLE_ASSIGNMENT|[43]|subMap|{}|0x629d898e
22:33:45.193 (2368764102)|STATEMENT_EXECUTE|[44]
22:33:45.193 (2368774902)|HEAP_ALLOCATE|[52]|Bytes:5
22:33:45.193 (2368781632)|HEAP_ALLOCATE|[52]|Bytes:4
22:33:45.193 (2368784722)|VARIABLE_SCOPE_BEGIN|[52]|ql|SBQQ__QuoteLine__c|true|false
22:33:45.193 (2369865570)|VARIABLE_ASSIGNMENT|[52]|ql|{"View_Only__c":"If you need to edit  (57 more) ...","Group_Allow_Product_Ramping__c":false,"SBQQ__Hidden__c":false,"SBQQ__NonDiscountable__c":false,"SBQQ__Markup__c":0.00,"SBQQ__CarryoverLine__c":false,"Price__c":"USD 0.00","Bill_To_Ultimate_Parent__c":"001hG00000Bgdcv","SBQQ__Existing__c":false,"Partner_Required__c":false,"SBQQ__ProductName__c":"Parent Bundle Produc (1 more) ...","Adj_Rate_not_equal_Usage_Rate__c":false,"Opportunity_Record_Type_Name__c":"Education","SBQQ__PriceEditable__c":false,"SBQQ__PackageCost__c":0.00,"SBQQ__ComponentUpliftedByPackage__c":false,"SBQQ__TotalDiscountAmount__c":0.00,"SBQQ__AllowAssetRefund__c":false,"IsDeleted":false,"SBQQ__HasConsumptionSchedule__c":false,"SBQQ__Optional__c":false,"Debug_Mode__c":false,"SBQQ__NonPartnerDiscountable__c":false,"SBQQ__Quote__c":"a2NhG000003xHKrUAM","Quote_Vertical__c":"Education","Surcharging__c":"No","CurrencyIsoCode":"USD","Requires_ARR_Fields_Completion__c":false,"Requires_Usage_Type__c":false,"SBQQ__PackageTotal__c":0.00,"Interchange_Rate__c":2.000,"SBQQ__AdditionalDiscount__c":0.00,"Status__c":"Active","SBQQ__EffectiveQuantity__c":0.00,"Duplicate_QuoteLine__c":false,"SBQQ__ConfigurationRequired__c":false,"SBQQ__CostEditable__c":false,"SBQQ__ComponentDiscountedByPackage__c":false,"SBQQ__Renewal__c":false,"Rev_Share__c":false,"QL_count_usage_field_values__c":false,"SBQQ__PackageListTotal__c":0.00,"Exception_Pricing__c":false,"Separate_Entity__c":1,"CC_Country__c":"All","MPP_Card_Usage_Included__c":"No","Invalid_Account_Edit__c":false,"Quote_Line_Type__c":"New","SBQQ__Group__c":"a1xhG000000C3RxQAK","SBQQ__SubscriptionScope__c":"Quote","SBQQ__TotalDiscountRate__c":0.000,"Is_Amex_Gateway__c":false,"One_Door__c":"No","SBQQ__Bundled__c":false,"CPQ_Migrated_Record__c":false,"Rate_Details_Changed__c":false,"Price_Change__c":false,"Tiered_Pricing__c":false,"SBQQ__Bundle__c":false,"SBQQ__Product__c":"01thG000001unGnQAI","SBQQ__PricingMethodEditable__c":false,"Quote_Line_Group_Start_Date_Match__c":false,"SBQQ__Uplift__c":0.00,"SBQQ__Taxable__c":false,"SBQQ__PricingMethod__c":"List","No_Usage_Rate_Present__c":false,"SBQQ__ProductCode__c":"PARENT-PROD","SBQQ__Incomplete__c":false}|0x55da5257
22:33:45.193 (2369875200)|STATEMENT_EXECUTE|[52]
22:33:45.193 (2369876760)|STATEMENT_EXECUTE|[53]
22:33:45.193 (2369877220)|STATEMENT_EXECUTE|[55]
22:33:45.193 (2369919110)|VARIABLE_SCOPE_BEGIN|[55]|currentRateDetails|String|false|false
22:33:45.193 (2369923431)|VARIABLE_ASSIGNMENT|[55]|currentRateDetails|""
22:33:45.193 (2369924791)|STATEMENT_EXECUTE|[56]
22:33:45.193 (2369932831)|VARIABLE_SCOPE_BEGIN|[56]|defaultRateDetails|String|false|false
22:33:45.193 (2369935131)|VARIABLE_ASSIGNMENT|[56]|defaultRateDetails|""
22:33:45.193 (2369942571)|STATEMENT_EXECUTE|[59]
22:33:45.193 (2369953881)|STATEMENT_EXECUTE|[60]
22:33:45.193 (2369958681)|STATEMENT_EXECUTE|[79]
22:33:45.193 (2369959591)|STATEMENT_EXECUTE|[85]
22:33:45.193 (2369960481)|VARIABLE_SCOPE_BEGIN|[85]|isBaselineMismatch|Boolean|false|false
22:33:45.193 (2369963371)|HEAP_ALLOCATE|[85]|Bytes:5
22:33:45.193 (2369965581)|VARIABLE_ASSIGNMENT|[85]|isBaselineMismatch|false
22:33:45.193 (2369975381)|STATEMENT_EXECUTE|[86]
22:33:45.193 (2369975911)|STATEMENT_EXECUTE|[93]
22:33:45.193 (2371047539)|VARIABLE_ASSIGNMENT|[93]|this.Rate_Details_Changed__c|false|0x55da5257
22:33:45.193 (2371077929)|STATEMENT_EXECUTE|[95]
22:33:45.193 (2371078699)|STATEMENT_EXECUTE|[96]
22:33:45.193 (2372193477)|VARIABLE_ASSIGNMENT|[96]|this.Quote_Line_Type_background__c|"New"|0x55da5257
22:33:45.193 (2372207597)|HEAP_ALLOCATE|[52]|Bytes:5
22:33:45.193 (2372215227)|VARIABLE_ASSIGNMENT|[52]|ql|null|
22:33:45.193 (2372225218)|SYSTEM_MODE_EXIT|false
22:33:45.193 (2372234038)|METHOD_EXIT|[9]|01phG000000VBbt|QuoteLineTriggerHandler.processBackgroundFields(List<SBQQ__QuoteLine__c>, Map<Id,SBQQ__QuoteLine__c>)
22:33:45.193 (2372237068)|STATEMENT_EXECUTE|[12]
22:33:45.193 (2372278798)|METHOD_ENTRY|[12]|01phG000000VBbt|QuoteLineTriggerHandler.handlePriceChangeOnAmendmentClones(List<SBQQ__QuoteLine__c>)
22:33:45.193 (2372291868)|VARIABLE_SCOPE_BEGIN|[109]|records|List<SBQQ__QuoteLine__c>|true|false
22:33:45.193 (2373431706)|VARIABLE_ASSIGNMENT|[109]|records|[{"View_Only__c":"If you need to edit  (57 more) ...","Group_Allow_Product_Ramping__c":false,"SBQQ__Hidden__c":false,"SBQQ__NonDiscountable__c":false,"SBQQ__Markup__c":0.00,"SBQQ__CarryoverLine__c":false,"Price__c":"USD 0.00","Bill_To_Ultimate_Parent__c":"001hG00000Bgdcv","SBQQ__Existing__c":false,"Partner_Required__c":false,"SBQQ__ProductName__c":"Parent Bundle Produc (1 more) ...","Adj_Rate_not_equal_Usage_Rate__c":false,"Opportunity_Record_Type_Name__c":"Education","SBQQ__PriceEditable__c":false,"SBQQ__PackageCost__c":0.00,"SBQQ__ComponentUpliftedByPackage__c":false,"SBQQ__TotalDiscountAmount__c":0.00,"SBQQ__AllowAssetRefund__c":false,"IsDeleted":false,"SBQQ__HasConsumptionSchedule__c":false,"SBQQ__Optional__c":false,"Debug_Mode__c":false,"SBQQ__NonPartnerDiscountable__c":false,"SBQQ__Quote__c":"a2NhG000003xHKrUAM","Quote_Vertical__c":"Education","Surcharging__c":"No","CurrencyIsoCode":"USD","Requires_ARR_Fields_Completion__c":false,"Requires_Usage_Type__c":false,"SBQQ__PackageTotal__c":0.00,"Interchange_Rate__c":2.000,"SBQQ__AdditionalDiscount__c":0.00,"Status__c":"Active","SBQQ__EffectiveQuantity__c":0.00,"Duplicate_QuoteLine__c":false,"SBQQ__ConfigurationRequired__c":false,"SBQQ__CostEditable__c":false,"SBQQ__ComponentDiscountedByPackage__c":false,"SBQQ__Renewal__c":false,"Rev_Share__c":false,"QL_count_usage_field_values__c":false,"SBQQ__PackageListTotal__c":0.00,"Exception_Pricing__c":false,"Separate_Entity__c":1,"CC_Country__c":"All","MPP_Card_Usage_Included__c":"No","Invalid_Account_Edit__c":false,"Quote_Line_Type__c":"New","SBQQ__Group__c":"a1xhG000000C3RxQAK","SBQQ__SubscriptionScope__c":"Quote","SBQQ__TotalDiscountRate__c":0.000,"Is_Amex_Gateway__c":false,"One_Door__c":"No","SBQQ__Bundled__c":false,"CPQ_Migrated_Record__c":false,"Rate_Details_Changed__c":false,"Price_Change__c":false,"Tiered_Pricing__c":false,"SBQQ__Bundle__c":false,"SBQQ__Product__c":"01thG000001unGnQAI","Quote_Line_Type_background__c":"New","SBQQ__PricingMethodEditable__c":false,"Quote_Line_Group_Start_Date_Match__c":false,"SBQQ__Uplift__c":0.00,"SBQQ__Taxable__c":false,"SBQQ__PricingMethod__c":"List","No_Usage_Rate_Present__c":false,"SBQQ__ProductCode__c":"PARENT-PROD","SBQQ__Incomplete__c":false}]|0x71eef075
22:33:45.193 (2373460627)|SYSTEM_MODE_ENTER|false
22:33:45.193 (2373464147)|HEAP_ALLOCATE|[110]|Bytes:5
22:33:45.193 (2373467457)|STATEMENT_EXECUTE|[109]
22:33:45.193 (2373481567)|STATEMENT_EXECUTE|[110]
22:33:45.193 (2373482467)|STATEMENT_EXECUTE|[112]
22:33:45.193 (2373489197)|HEAP_ALLOCATE|[112]|Bytes:4
22:33:45.193 (2373504837)|VARIABLE_SCOPE_BEGIN|[112]|quoteIds|Set<Id>|true|false
22:33:45.193 (2373522667)|VARIABLE_ASSIGNMENT|[112]|quoteIds|[]|0x4d2d76c3
22:33:45.193 (2373524447)|STATEMENT_EXECUTE|[113]
22:33:45.193 (2373525957)|HEAP_ALLOCATE|[113]|Bytes:4
22:33:45.193 (2373530307)|VARIABLE_SCOPE_BEGIN|[113]|sourceLineIds|Set<Id>|true|false
22:33:45.193 (2373534207)|VARIABLE_ASSIGNMENT|[113]|sourceLineIds|[]|0x3b2a84f1
22:33:45.193 (2373535747)|STATEMENT_EXECUTE|[114]
22:33:45.193 (2373536907)|HEAP_ALLOCATE|[114]|Bytes:4
22:33:45.193 (2373540377)|VARIABLE_SCOPE_BEGIN|[114]|requiredByParentIds|Set<Id>|true|false
22:33:45.193 (2373544097)|VARIABLE_ASSIGNMENT|[114]|requiredByParentIds|[]|0x5612593c
22:33:45.193 (2373555827)|HEAP_ALLOCATE|[116]|Bytes:5
22:33:45.193 (2373567937)|HEAP_ALLOCATE|[116]|Bytes:12
22:33:45.193 (2373571907)|VARIABLE_SCOPE_BEGIN|[116]|ql|SBQQ__QuoteLine__c|true|false
22:33:45.193 (2374532915)|VARIABLE_ASSIGNMENT|[116]|ql|{"View_Only__c":"If you need to edit  (57 more) ...","Group_Allow_Product_Ramping__c":false,"SBQQ__Hidden__c":false,"SBQQ__NonDiscountable__c":false,"SBQQ__Markup__c":0.00,"SBQQ__CarryoverLine__c":false,"Price__c":"USD 0.00","Bill_To_Ultimate_Parent__c":"001hG00000Bgdcv","SBQQ__Existing__c":false,"Partner_Required__c":false,"SBQQ__ProductName__c":"Parent Bundle Produc (1 more) ...","Adj_Rate_not_equal_Usage_Rate__c":false,"Opportunity_Record_Type_Name__c":"Education","SBQQ__PriceEditable__c":false,"SBQQ__PackageCost__c":0.00,"SBQQ__ComponentUpliftedByPackage__c":false,"SBQQ__TotalDiscountAmount__c":0.00,"SBQQ__AllowAssetRefund__c":false,"IsDeleted":false,"SBQQ__HasConsumptionSchedule__c":false,"SBQQ__Optional__c":false,"Debug_Mode__c":false,"SBQQ__NonPartnerDiscountable__c":false,"SBQQ__Quote__c":"a2NhG000003xHKrUAM","Quote_Vertical__c":"Education","Surcharging__c":"No","CurrencyIsoCode":"USD","Requires_ARR_Fields_Completion__c":false,"Requires_Usage_Type__c":false,"SBQQ__PackageTotal__c":0.00,"Interchange_Rate__c":2.000,"SBQQ__AdditionalDiscount__c":0.00,"Status__c":"Active","SBQQ__EffectiveQuantity__c":0.00,"Duplicate_QuoteLine__c":false,"SBQQ__ConfigurationRequired__c":false,"SBQQ__CostEditable__c":false,"SBQQ__ComponentDiscountedByPackage__c":false,"SBQQ__Renewal__c":false,"Rev_Share__c":false,"QL_count_usage_field_values__c":false,"SBQQ__PackageListTotal__c":0.00,"Exception_Pricing__c":false,"Separate_Entity__c":1,"CC_Country__c":"All","MPP_Card_Usage_Included__c":"No","Invalid_Account_Edit__c":false,"Quote_Line_Type__c":"New","SBQQ__Group__c":"a1xhG000000C3RxQAK","SBQQ__SubscriptionScope__c":"Quote","SBQQ__TotalDiscountRate__c":0.000,"Is_Amex_Gateway__c":false,"One_Door__c":"No","SBQQ__Bundled__c":false,"CPQ_Migrated_Record__c":false,"Rate_Details_Changed__c":false,"Price_Change__c":false,"Tiered_Pricing__c":false,"SBQQ__Bundle__c":false,"SBQQ__Product__c":"01thG000001unGnQAI","Quote_Line_Type_background__c":"New","SBQQ__PricingMethodEditable__c":false,"Quote_Line_Group_Start_Date_Match__c":false,"SBQQ__Uplift__c":0.00,"SBQQ__Taxable__c":false,"SBQQ__PricingMethod__c":"List","No_Usage_Rate_Present__c":false,"SBQQ__ProductCode__c":"PARENT-PROD","SBQQ__Incomplete__c":false}|0x55da5257
22:33:45.193 (2374543175)|STATEMENT_EXECUTE|[116]
22:33:45.193 (2374562745)|STATEMENT_EXECUTE|[117]
22:33:45.193 (2374563355)|STATEMENT_EXECUTE|[118]
22:33:45.193 (2374581405)|HEAP_ALLOCATE|[EXTERNAL]|Bytes:4
22:33:45.193 (2374589915)|STATEMENT_EXECUTE|[120]
22:33:45.193 (2374593695)|STATEMENT_EXECUTE|[123]
22:33:45.193 (2374598385)|HEAP_ALLOCATE|[116]|Bytes:5
22:33:45.193 (2374603585)|VARIABLE_ASSIGNMENT|[116]|ql|null|
22:33:45.193 (2374605875)|STATEMENT_EXECUTE|[128]
22:33:45.193 (2374619285)|HEAP_ALLOCATE|[128]|Bytes:4
22:33:45.193 (2374623725)|VARIABLE_SCOPE_BEGIN|[128]|quoteMap|Map<Id,SBQQ__Quote__c>|true|false
22:33:45.193 (2374629375)|VARIABLE_ASSIGNMENT|[128]|quoteMap|{}|0x5f4e553
22:33:45.193 (2374636455)|STATEMENT_EXECUTE|[129]
22:33:45.193 (2374636975)|STATEMENT_EXECUTE|[130]
22:33:45.193 (2374638845)|HEAP_ALLOCATE|[130]|Bytes:4
22:33:45.193 (2374641285)|HEAP_ALLOCATE|[130]|Bytes:64
22:33:45.193 (2374679796)|HEAP_ALLOCATE|[130]|Bytes:4
22:33:45.193 (2375342751)|SOQL_EXECUTE_BEGIN|[130]|Aggregations:0|SELECT Id, SBQQ__Type__c FROM SBQQ__Quote__c WHERE Id = :tmpVar1
22:33:45.193 (2379495452)|SOQL_EXECUTE_END|[130]|Rows:1
22:33:45.193 (2379520542)|HEAP_ALLOCATE|[130]|Bytes:8
22:33:45.193 (2379530382)|HEAP_ALLOCATE|[130]|Bytes:51
22:33:45.193 (2379562352)|HEAP_ALLOCATE|[130]|Bytes:8
22:33:45.193 (2379578543)|HEAP_ALLOCATE|[130]|Bytes:12
22:33:45.193 (2379591123)|HEAP_ALLOCATE|[130]|Bytes:4
22:33:45.193 (2379634483)|VARIABLE_ASSIGNMENT|[130]|quoteMap|{"a2NhG000003xHKrUAM":{"Id":"a2NhG000003xHKrUAM","SBQQ__Type__c":"Quote"}}|0x14a8cc86
22:33:45.193 (2379637453)|STATEMENT_EXECUTE|[138]
22:33:45.193 (2379642933)|HEAP_ALLOCATE|[138]|Bytes:4
22:33:45.193 (2379647623)|VARIABLE_SCOPE_BEGIN|[138]|sourceLineMap|Map<Id,SBQQ__QuoteLine__c>|true|false
22:33:45.193 (2379652163)|VARIABLE_ASSIGNMENT|[138]|sourceLineMap|{}|0x79fbe4a1
22:33:45.193 (2379668543)|STATEMENT_EXECUTE|[139]
22:33:45.193 (2379669163)|STATEMENT_EXECUTE|[148]
22:33:45.193 (2379671043)|HEAP_ALLOCATE|[148]|Bytes:4
22:33:45.193 (2379673183)|VARIABLE_SCOPE_BEGIN|[148]|parentBundleMap|Map<Id,SBQQ__QuoteLine__c>|true|false
22:33:45.193 (2379676083)|VARIABLE_ASSIGNMENT|[148]|parentBundleMap|{}|0x64cc6074
22:33:45.193 (2379682203)|STATEMENT_EXECUTE|[149]
22:33:45.193 (2379683053)|STATEMENT_EXECUTE|[158]
22:33:45.193 (2379689633)|HEAP_ALLOCATE|[158]|Bytes:4
22:33:45.193 (2379694123)|VARIABLE_SCOPE_BEGIN|[158]|activeReplacementsByQuote|Map<Id,Set<String>>|true|false
22:33:45.193 (2379697083)|VARIABLE_ASSIGNMENT|[158]|activeReplacementsByQuote|{}|0x5175745d
22:33:45.193 (2379703553)|STATEMENT_EXECUTE|[159]
22:33:45.193 (2379706903)|HEAP_ALLOCATE|[160]|Bytes:327
22:33:45.193 (2379710774)|HEAP_ALLOCATE|[160]|Bytes:4
22:33:45.193 (2380407369)|SOQL_EXECUTE_BEGIN|[160]|Aggregations:0|SELECT Id, SBQQ__Quote__c, SBQQ__Product__c, SBQQ__Quantity__c, SBQQ__UpgradedSubscription__c, SBQQ__Source__c, Ship_To_Account__c, Attribute_Code__c, Payment_Method__c, Transaction_Currency__c, SBQQ__RequiredBy__c FROM SBQQ__QuoteLine__c WHERE (SBQQ__Quote__c = :tmpVar1 AND SBQQ__Quantity__c > 0 AND SBQQ__Product__c != NULL)
22:33:45.193 (2383334401)|SOQL_EXECUTE_END|[160]|Rows:0
22:33:45.193 (2383430252)|HEAP_ALLOCATE|[160]|Bytes:28
22:33:45.193 (2383440392)|HEAP_ALLOCATE|[160]|Bytes:8
22:33:45.193 (2383441772)|HEAP_ALLOCATE|[160]|Bytes:8
22:33:45.193 (2383446822)|VARIABLE_SCOPE_BEGIN|[15]|this|Database.QueryLocatorIterator|true|false
22:33:45.193 (2383471992)|VARIABLE_ASSIGNMENT|[15]|this|{}|0x518ee831
22:33:45.193 (2383474412)|VARIABLE_SCOPE_BEGIN|[15]|values|List<SObject>|true|false
22:33:45.193 (2383477152)|VARIABLE_ASSIGNMENT|[15]|values|null|
22:33:45.193 (2383478772)|VARIABLE_SCOPE_BEGIN|[15]|ql|Database.QueryLocator|true|false
22:33:45.193 (2383491122)|VARIABLE_ASSIGNMENT|[15]|ql|{"query":"SELECT Id, SBQQ__Quo (307 more) ..."}|0x77a9070
22:33:45.193 (2383492772)|VARIABLE_SCOPE_BEGIN|[15]|totalNumRecords|Integer|false|false
22:33:45.193 (2383495892)|VARIABLE_ASSIGNMENT|[15]|totalNumRecords|0
22:33:45.193 (2383497312)|VARIABLE_SCOPE_BEGIN|[15]|queryMoreSize|Integer|false|false
22:33:45.193 (2383499442)|VARIABLE_ASSIGNMENT|[15]|queryMoreSize|49994
22:33:45.193 (2383537832)|HEAP_ALLOCATE|[160]|Bytes:28
22:33:45.193 (2383550332)|METHOD_ENTRY|[160]||Database.QueryLocatorIterator.hasNext()
22:33:45.193 (2383588943)|METHOD_EXIT|[160]||Database.QueryLocatorIterator.hasNext()
22:33:45.193 (2383593423)|VARIABLE_ASSIGNMENT|[160]|ql|null|
22:33:45.193 (2383595983)|STATEMENT_EXECUTE|[160]
22:33:45.193 (2383604583)|STATEMENT_EXECUTE|[185]
22:33:45.193 (2383612493)|HEAP_ALLOCATE|[185]|Bytes:4
22:33:45.193 (2383618473)|VARIABLE_SCOPE_BEGIN|[185]|parentCalculatedPriceChangeMap|Map<Id,Boolean>|true|false
22:33:45.193 (2383623483)|VARIABLE_ASSIGNMENT|[185]|parentCalculatedPriceChangeMap|{}|0x2568978e
22:33:45.193 (2383646863)|HEAP_ALLOCATE|[190]|Bytes:5
22:33:45.193 (2383656383)|HEAP_ALLOCATE|[190]|Bytes:12
22:33:45.193 (2383660943)|VARIABLE_SCOPE_BEGIN|[190]|ql|SBQQ__QuoteLine__c|true|false
22:33:45.193 (2385031574)|VARIABLE_ASSIGNMENT|[190]|ql|{"View_Only__c":"If you need to edit  (57 more) ...","Group_Allow_Product_Ramping__c":false,"SBQQ__Hidden__c":false,"SBQQ__NonDiscountable__c":false,"SBQQ__Markup__c":0.00,"SBQQ__CarryoverLine__c":false,"Price__c":"USD 0.00","Bill_To_Ultimate_Parent__c":"001hG00000Bgdcv","SBQQ__Existing__c":false,"Partner_Required__c":false,"SBQQ__ProductName__c":"Parent Bundle Produc (1 more) ...","Adj_Rate_not_equal_Usage_Rate__c":false,"Opportunity_Record_Type_Name__c":"Education","SBQQ__PriceEditable__c":false,"SBQQ__PackageCost__c":0.00,"SBQQ__ComponentUpliftedByPackage__c":false,"SBQQ__TotalDiscountAmount__c":0.00,"SBQQ__AllowAssetRefund__c":false,"IsDeleted":false,"SBQQ__HasConsumptionSchedule__c":false,"SBQQ__Optional__c":false,"Debug_Mode__c":false,"SBQQ__NonPartnerDiscountable__c":false,"SBQQ__Quote__c":"a2NhG000003xHKrUAM","Quote_Vertical__c":"Education","Surcharging__c":"No","CurrencyIsoCode":"USD","Requires_ARR_Fields_Completion__c":false,"Requires_Usage_Type__c":false,"SBQQ__PackageTotal__c":0.00,"Interchange_Rate__c":2.000,"SBQQ__AdditionalDiscount__c":0.00,"Status__c":"Active","SBQQ__EffectiveQuantity__c":0.00,"Duplicate_QuoteLine__c":false,"SBQQ__ConfigurationRequired__c":false,"SBQQ__CostEditable__c":false,"SBQQ__ComponentDiscountedByPackage__c":false,"SBQQ__Renewal__c":false,"Rev_Share__c":false,"QL_count_usage_field_values__c":false,"SBQQ__PackageListTotal__c":0.00,"Exception_Pricing__c":false,"Separate_Entity__c":1,"CC_Country__c":"All","MPP_Card_Usage_Included__c":"No","Invalid_Account_Edit__c":false,"Quote_Line_Type__c":"New","SBQQ__Group__c":"a1xhG000000C3RxQAK","SBQQ__SubscriptionScope__c":"Quote","SBQQ__TotalDiscountRate__c":0.000,"Is_Amex_Gateway__c":false,"One_Door__c":"No","SBQQ__Bundled__c":false,"CPQ_Migrated_Record__c":false,"Rate_Details_Changed__c":false,"Price_Change__c":false,"Tiered_Pricing__c":false,"SBQQ__Bundle__c":false,"SBQQ__Product__c":"01thG000001unGnQAI","Quote_Line_Type_background__c":"New","SBQQ__PricingMethodEditable__c":false,"Quote_Line_Group_Start_Date_Match__c":false,"SBQQ__Uplift__c":0.00,"SBQQ__Taxable__c":false,"SBQQ__PricingMethod__c":"List","No_Usage_Rate_Present__c":false,"SBQQ__ProductCode__c":"PARENT-PROD","SBQQ__Incomplete__c":false}|0x55da5257
22:33:45.193 (2385044134)|STATEMENT_EXECUTE|[190]
22:33:45.193 (2385045164)|STATEMENT_EXECUTE|[191]
22:33:45.193 (2385083144)|VARIABLE_SCOPE_BEGIN|[191]|parentQuote|SBQQ__Quote__c|true|false
22:33:45.193 (2385102174)|VARIABLE_ASSIGNMENT|[191]|parentQuote|{"Id":"a2NhG000003xHKrUAM","SBQQ__Type__c":"Quote"}|0x3dc52462
22:33:45.193 (2385104314)|STATEMENT_EXECUTE|[192]
22:33:45.193 (2385131334)|VARIABLE_SCOPE_BEGIN|[192]|isAmendmentQuote|Boolean|false|false
22:33:45.193 (2385135494)|HEAP_ALLOCATE|[192]|Bytes:5
22:33:45.193 (2385138234)|VARIABLE_ASSIGNMENT|[192]|isAmendmentQuote|false
22:33:45.193 (2385140934)|STATEMENT_EXECUTE|[194]
22:33:45.193 (2385146274)|HEAP_ALLOCATE|[190]|Bytes:5
22:33:45.193 (2385150654)|VARIABLE_ASSIGNMENT|[190]|ql|null|
22:33:45.193 (2385161925)|HEAP_ALLOCATE|[236]|Bytes:5
22:33:45.193 (2385167945)|HEAP_ALLOCATE|[236]|Bytes:12
22:33:45.193 (2385170415)|VARIABLE_SCOPE_BEGIN|[236]|ql|SBQQ__QuoteLine__c|true|false
22:33:45.193 (2386237682)|VARIABLE_ASSIGNMENT|[236]|ql|{"View_Only__c":"If you need to edit  (57 more) ...","Group_Allow_Product_Ramping__c":false,"SBQQ__Hidden__c":false,"SBQQ__NonDiscountable__c":false,"SBQQ__Markup__c":0.00,"SBQQ__CarryoverLine__c":false,"Price__c":"USD 0.00","Bill_To_Ultimate_Parent__c":"001hG00000Bgdcv","SBQQ__Existing__c":false,"Partner_Required__c":false,"SBQQ__ProductName__c":"Parent Bundle Produc (1 more) ...","Adj_Rate_not_equal_Usage_Rate__c":false,"Opportunity_Record_Type_Name__c":"Education","SBQQ__PriceEditable__c":false,"SBQQ__PackageCost__c":0.00,"SBQQ__ComponentUpliftedByPackage__c":false,"SBQQ__TotalDiscountAmount__c":0.00,"SBQQ__AllowAssetRefund__c":false,"IsDeleted":false,"SBQQ__HasConsumptionSchedule__c":false,"SBQQ__Optional__c":false,"Debug_Mode__c":false,"SBQQ__NonPartnerDiscountable__c":false,"SBQQ__Quote__c":"a2NhG000003xHKrUAM","Quote_Vertical__c":"Education","Surcharging__c":"No","CurrencyIsoCode":"USD","Requires_ARR_Fields_Completion__c":false,"Requires_Usage_Type__c":false,"SBQQ__PackageTotal__c":0.00,"Interchange_Rate__c":2.000,"SBQQ__AdditionalDiscount__c":0.00,"Status__c":"Active","SBQQ__EffectiveQuantity__c":0.00,"Duplicate_QuoteLine__c":false,"SBQQ__ConfigurationRequired__c":false,"SBQQ__CostEditable__c":false,"SBQQ__ComponentDiscountedByPackage__c":false,"SBQQ__Renewal__c":false,"Rev_Share__c":false,"QL_count_usage_field_values__c":false,"SBQQ__PackageListTotal__c":0.00,"Exception_Pricing__c":false,"Separate_Entity__c":1,"CC_Country__c":"All","MPP_Card_Usage_Included__c":"No","Invalid_Account_Edit__c":false,"Quote_Line_Type__c":"New","SBQQ__Group__c":"a1xhG000000C3RxQAK","SBQQ__SubscriptionScope__c":"Quote","SBQQ__TotalDiscountRate__c":0.000,"Is_Amex_Gateway__c":false,"One_Door__c":"No","SBQQ__Bundled__c":false,"CPQ_Migrated_Record__c":false,"Rate_Details_Changed__c":false,"Price_Change__c":false,"Tiered_Pricing__c":false,"SBQQ__Bundle__c":false,"SBQQ__Product__c":"01thG000001unGnQAI","Quote_Line_Type_background__c":"New","SBQQ__PricingMethodEditable__c":false,"Quote_Line_Group_Start_Date_Match__c":false,"SBQQ__Uplift__c":0.00,"SBQQ__Taxable__c":false,"SBQQ__PricingMethod__c":"List","No_Usage_Rate_Present__c":false,"SBQQ__ProductCode__c":"PARENT-PROD","SBQQ__Incomplete__c":false}|0x55da5257
22:33:45.193 (2386247843)|STATEMENT_EXECUTE|[236]
22:33:45.193 (2386248493)|STATEMENT_EXECUTE|[237]
22:33:45.193 (2386267553)|VARIABLE_SCOPE_BEGIN|[237]|parentQuote|SBQQ__Quote__c|true|false
22:33:45.193 (2386279893)|VARIABLE_ASSIGNMENT|[237]|parentQuote|{"Id":"a2NhG000003xHKrUAM","SBQQ__Type__c":"Quote"}|0x3dc52462
22:33:45.193 (2386281773)|STATEMENT_EXECUTE|[238]
22:33:45.193 (2386291793)|VARIABLE_SCOPE_BEGIN|[238]|isAmendmentQuote|Boolean|false|false
22:33:45.193 (2386294323)|HEAP_ALLOCATE|[238]|Bytes:5
22:33:45.193 (2386296583)|VARIABLE_ASSIGNMENT|[238]|isAmendmentQuote|false
22:33:45.193 (2386298893)|STATEMENT_EXECUTE|[240]
22:33:45.193 (2386302963)|HEAP_ALLOCATE|[236]|Bytes:5
22:33:45.193 (2386306123)|VARIABLE_ASSIGNMENT|[236]|ql|null|
22:33:45.193 (2386311063)|SYSTEM_MODE_EXIT|false
22:33:45.193 (2386316683)|METHOD_EXIT|[12]|01phG000000VBbt|QuoteLineTriggerHandler.handlePriceChangeOnAmendmentClones(List<SBQQ__QuoteLine__c>)
22:33:45.193 (2386326843)|STATEMENT_EXECUTE|[14]
22:33:45.193 (2386327263)|STATEMENT_EXECUTE|[16]
22:33:45.193 (2386353163)|METHOD_ENTRY|[16]|01phG000000VBbt|QuoteLineTriggerHandler.copyOpportunityLineIdOnRamp(List<SBQQ__QuoteLine__c>)
22:33:45.193 (2386362813)|VARIABLE_SCOPE_BEGIN|[272]|newRecords|List<SBQQ__QuoteLine__c>|true|false
22:33:45.193 (2387456161)|VARIABLE_ASSIGNMENT|[272]|newRecords|[{"View_Only__c":"If you need to edit  (57 more) ...","Group_Allow_Product_Ramping__c":false,"SBQQ__Hidden__c":false,"SBQQ__NonDiscountable__c":false,"SBQQ__Markup__c":0.00,"SBQQ__CarryoverLine__c":false,"Price__c":"USD 0.00","Bill_To_Ultimate_Parent__c":"001hG00000Bgdcv","SBQQ__Existing__c":false,"Partner_Required__c":false,"SBQQ__ProductName__c":"Parent Bundle Produc (1 more) ...","Adj_Rate_not_equal_Usage_Rate__c":false,"Opportunity_Record_Type_Name__c":"Education","SBQQ__PriceEditable__c":false,"SBQQ__PackageCost__c":0.00,"SBQQ__ComponentUpliftedByPackage__c":false,"SBQQ__TotalDiscountAmount__c":0.00,"SBQQ__AllowAssetRefund__c":false,"IsDeleted":false,"SBQQ__HasConsumptionSchedule__c":false,"SBQQ__Optional__c":false,"Debug_Mode__c":false,"SBQQ__NonPartnerDiscountable__c":false,"SBQQ__Quote__c":"a2NhG000003xHKrUAM","Quote_Vertical__c":"Education","Surcharging__c":"No","CurrencyIsoCode":"USD","Requires_ARR_Fields_Completion__c":false,"Requires_Usage_Type__c":false,"SBQQ__PackageTotal__c":0.00,"Interchange_Rate__c":2.000,"SBQQ__AdditionalDiscount__c":0.00,"Status__c":"Active","SBQQ__EffectiveQuantity__c":0.00,"Duplicate_QuoteLine__c":false,"SBQQ__ConfigurationRequired__c":false,"SBQQ__CostEditable__c":false,"SBQQ__ComponentDiscountedByPackage__c":false,"SBQQ__Renewal__c":false,"Rev_Share__c":false,"QL_count_usage_field_values__c":false,"SBQQ__PackageListTotal__c":0.00,"Exception_Pricing__c":false,"Separate_Entity__c":1,"CC_Country__c":"All","MPP_Card_Usage_Included__c":"No","Invalid_Account_Edit__c":false,"Quote_Line_Type__c":"New","SBQQ__Group__c":"a1xhG000000C3RxQAK","SBQQ__SubscriptionScope__c":"Quote","SBQQ__TotalDiscountRate__c":0.000,"Is_Amex_Gateway__c":false,"One_Door__c":"No","SBQQ__Bundled__c":false,"CPQ_Migrated_Record__c":false,"Rate_Details_Changed__c":false,"Price_Change__c":false,"Tiered_Pricing__c":false,"SBQQ__Bundle__c":false,"SBQQ__Product__c":"01thG000001unGnQAI","Quote_Line_Type_background__c":"New","SBQQ__PricingMethodEditable__c":false,"Quote_Line_Group_Start_Date_Match__c":false,"SBQQ__Uplift__c":0.00,"SBQQ__Taxable__c":false,"SBQQ__PricingMethod__c":"List","No_Usage_Rate_Present__c":false,"SBQQ__ProductCode__c":"PARENT-PROD","SBQQ__Incomplete__c":false}]|0x71eef075
22:33:45.193 (2387476322)|SYSTEM_MODE_ENTER|false
22:33:45.193 (2387483302)|HEAP_ALLOCATE|[273]|Bytes:5
22:33:45.193 (2387485562)|STATEMENT_EXECUTE|[272]
22:33:45.193 (2387496572)|STATEMENT_EXECUTE|[273]
22:33:45.193 (2387497252)|STATEMENT_EXECUTE|[275]
22:33:45.193 (2387497662)|STATEMENT_EXECUTE|[275]
22:33:45.193 (2387498182)|STATEMENT_EXECUTE|[276]
22:33:45.193 (2387504192)|HEAP_ALLOCATE|[276]|Bytes:4
22:33:45.193 (2387519862)|VARIABLE_SCOPE_BEGIN|[276]|quoteIds|Set<Id>|true|false
22:33:45.193 (2387534872)|VARIABLE_ASSIGNMENT|[276]|quoteIds|[]|0x65bd28f9
22:33:45.193 (2387543962)|HEAP_ALLOCATE|[277]|Bytes:5
22:33:45.193 (2387552872)|HEAP_ALLOCATE|[277]|Bytes:12
22:33:45.193 (2387555462)|VARIABLE_SCOPE_BEGIN|[277]|ql|SBQQ__QuoteLine__c|true|false
22:33:45.193 (2388571800)|VARIABLE_ASSIGNMENT|[277]|ql|{"View_Only__c":"If you need to edit  (57 more) ...","Group_Allow_Product_Ramping__c":false,"SBQQ__Hidden__c":false,"SBQQ__NonDiscountable__c":false,"SBQQ__Markup__c":0.00,"SBQQ__CarryoverLine__c":false,"Price__c":"USD 0.00","Bill_To_Ultimate_Parent__c":"001hG00000Bgdcv","SBQQ__Existing__c":false,"Partner_Required__c":false,"SBQQ__ProductName__c":"Parent Bundle Produc (1 more) ...","Adj_Rate_not_equal_Usage_Rate__c":false,"Opportunity_Record_Type_Name__c":"Education","SBQQ__PriceEditable__c":false,"SBQQ__PackageCost__c":0.00,"SBQQ__ComponentUpliftedByPackage__c":false,"SBQQ__TotalDiscountAmount__c":0.00,"SBQQ__AllowAssetRefund__c":false,"IsDeleted":false,"SBQQ__HasConsumptionSchedule__c":false,"SBQQ__Optional__c":false,"Debug_Mode__c":false,"SBQQ__NonPartnerDiscountable__c":false,"SBQQ__Quote__c":"a2NhG000003xHKrUAM","Quote_Vertical__c":"Education","Surcharging__c":"No","CurrencyIsoCode":"USD","Requires_ARR_Fields_Completion__c":false,"Requires_Usage_Type__c":false,"SBQQ__PackageTotal__c":0.00,"Interchange_Rate__c":2.000,"SBQQ__AdditionalDiscount__c":0.00,"Status__c":"Active","SBQQ__EffectiveQuantity__c":0.00,"Duplicate_QuoteLine__c":false,"SBQQ__ConfigurationRequired__c":false,"SBQQ__CostEditable__c":false,"SBQQ__ComponentDiscountedByPackage__c":false,"SBQQ__Renewal__c":false,"Rev_Share__c":false,"QL_count_usage_field_values__c":false,"SBQQ__PackageListTotal__c":0.00,"Exception_Pricing__c":false,"Separate_Entity__c":1,"CC_Country__c":"All","MPP_Card_Usage_Included__c":"No","Invalid_Account_Edit__c":false,"Quote_Line_Type__c":"New","SBQQ__Group__c":"a1xhG000000C3RxQAK","SBQQ__SubscriptionScope__c":"Quote","SBQQ__TotalDiscountRate__c":0.000,"Is_Amex_Gateway__c":false,"One_Door__c":"No","SBQQ__Bundled__c":false,"CPQ_Migrated_Record__c":false,"Rate_Details_Changed__c":false,"Price_Change__c":false,"Tiered_Pricing__c":false,"SBQQ__Bundle__c":false,"SBQQ__Product__c":"01thG000001unGnQAI","Quote_Line_Type_background__c":"New","SBQQ__PricingMethodEditable__c":false,"Quote_Line_Group_Start_Date_Match__c":false,"SBQQ__Uplift__c":0.00,"SBQQ__Taxable__c":false,"SBQQ__PricingMethod__c":"List","No_Usage_Rate_Present__c":false,"SBQQ__ProductCode__c":"PARENT-PROD","SBQQ__Incomplete__c":false}|0x55da5257
22:33:45.193 (2388582020)|STATEMENT_EXECUTE|[277]
22:33:45.193 (2388586590)|STATEMENT_EXECUTE|[278]
22:33:45.193 (2388587320)|STATEMENT_EXECUTE|[279]
22:33:45.193 (2388600610)|HEAP_ALLOCATE|[EXTERNAL]|Bytes:4
22:33:45.193 (2388607730)|HEAP_ALLOCATE|[277]|Bytes:5
22:33:45.193 (2388611970)|VARIABLE_ASSIGNMENT|[277]|ql|null|
22:33:45.193 (2388613870)|STATEMENT_EXECUTE|[284]
22:33:45.193 (2388620520)|HEAP_ALLOCATE|[284]|Bytes:4
22:33:45.193 (2388624390)|VARIABLE_SCOPE_BEGIN|[284]|group1OrderedIdsMap|Map<String,List<String>>|true|false
22:33:45.193 (2388628780)|VARIABLE_ASSIGNMENT|[284]|group1OrderedIdsMap|{}|0x1a2ec1d0
22:33:45.193 (2388634820)|STATEMENT_EXECUTE|[286]
22:33:45.193 (2388636620)|HEAP_ALLOCATE|[287]|Bytes:297
22:33:45.193 (2388639900)|HEAP_ALLOCATE|[287]|Bytes:4
22:33:45.193 (2389378846)|SOQL_EXECUTE_BEGIN|[287]|Aggregations:0|SELECT Id, SBQQ__Quote__c, SBQQ__Product__c, Opportunity_Line_Id__c, SBQQ__Group__r.SBQQ__Number__c FROM SBQQ__QuoteLine__c WHERE (SBQQ__Quote__c = :tmpVar1 AND Opportunity_Line_Id__c != NULL) ORDER BY SBQQ__Group__r.SBQQ__Number__c ASC NULLS FIRST, CreatedDate ASC NULLS FIRST, Id ASC NULLS FIRST
22:33:45.193 (2391239339)|SOQL_EXECUTE_END|[287]|Rows:0
22:33:45.193 (2391309880)|HEAP_ALLOCATE|[287]|Bytes:28
22:33:45.193 (2391317420)|HEAP_ALLOCATE|[287]|Bytes:8
22:33:45.193 (2391318640)|HEAP_ALLOCATE|[287]|Bytes:8
22:33:45.193 (2391322400)|VARIABLE_SCOPE_BEGIN|[15]|this|Database.QueryLocatorIterator|true|false
22:33:45.193 (2391340080)|VARIABLE_ASSIGNMENT|[15]|this|{}|0x33cc7450
22:33:45.193 (2391342250)|VARIABLE_SCOPE_BEGIN|[15]|values|List<SObject>|true|false
22:33:45.193 (2391344630)|VARIABLE_ASSIGNMENT|[15]|values|null|
22:33:45.193 (2391345900)|VARIABLE_SCOPE_BEGIN|[15]|ql|Database.QueryLocator|true|false
22:33:45.193 (2391355900)|VARIABLE_ASSIGNMENT|[15]|ql|{"query":"SELECT Id, SBQQ__Quo (277 more) ..."}|0x28737355
22:33:45.193 (2391357900)|VARIABLE_SCOPE_BEGIN|[15]|totalNumRecords|Integer|false|false
22:33:45.193 (2391360750)|VARIABLE_ASSIGNMENT|[15]|totalNumRecords|0
22:33:45.193 (2391362360)|VARIABLE_SCOPE_BEGIN|[15]|queryMoreSize|Integer|false|false
22:33:45.193 (2391364690)|VARIABLE_ASSIGNMENT|[15]|queryMoreSize|49994
22:33:45.193 (2391394201)|HEAP_ALLOCATE|[287]|Bytes:28
22:33:45.193 (2391403801)|METHOD_ENTRY|[287]||Database.QueryLocatorIterator.hasNext()
22:33:45.193 (2391420051)|METHOD_EXIT|[287]||Database.QueryLocatorIterator.hasNext()
22:33:45.193 (2391424441)|VARIABLE_ASSIGNMENT|[287]|ql|null|
22:33:45.193 (2391426521)|STATEMENT_EXECUTE|[287]
22:33:45.193 (2391433951)|STATEMENT_EXECUTE|[303]
22:33:45.193 (2391442291)|HEAP_ALLOCATE|[303]|Bytes:4
22:33:45.193 (2391448161)|VARIABLE_SCOPE_BEGIN|[303]|productOccurrenceCounter|Map<String,Integer>|true|false
22:33:45.193 (2391452831)|VARIABLE_ASSIGNMENT|[303]|productOccurrenceCounter|{}|0x5fdd8c74
22:33:45.193 (2391468561)|HEAP_ALLOCATE|[306]|Bytes:5
22:33:45.193 (2391475141)|HEAP_ALLOCATE|[306]|Bytes:12
22:33:45.193 (2391478771)|VARIABLE_SCOPE_BEGIN|[306]|ql|SBQQ__QuoteLine__c|true|false
22:33:45.193 (2392688620)|VARIABLE_ASSIGNMENT|[306]|ql|{"View_Only__c":"If you need to edit  (57 more) ...","Group_Allow_Product_Ramping__c":false,"SBQQ__Hidden__c":false,"SBQQ__NonDiscountable__c":false,"SBQQ__Markup__c":0.00,"SBQQ__CarryoverLine__c":false,"Price__c":"USD 0.00","Bill_To_Ultimate_Parent__c":"001hG00000Bgdcv","SBQQ__Existing__c":false,"Partner_Required__c":false,"SBQQ__ProductName__c":"Parent Bundle Produc (1 more) ...","Adj_Rate_not_equal_Usage_Rate__c":false,"Opportunity_Record_Type_Name__c":"Education","SBQQ__PriceEditable__c":false,"SBQQ__PackageCost__c":0.00,"SBQQ__ComponentUpliftedByPackage__c":false,"SBQQ__TotalDiscountAmount__c":0.00,"SBQQ__AllowAssetRefund__c":false,"IsDeleted":false,"SBQQ__HasConsumptionSchedule__c":false,"SBQQ__Optional__c":false,"Debug_Mode__c":false,"SBQQ__NonPartnerDiscountable__c":false,"SBQQ__Quote__c":"a2NhG000003xHKrUAM","Quote_Vertical__c":"Education","Surcharging__c":"No","CurrencyIsoCode":"USD","Requires_ARR_Fields_Completion__c":false,"Requires_Usage_Type__c":false,"SBQQ__PackageTotal__c":0.00,"Interchange_Rate__c":2.000,"SBQQ__AdditionalDiscount__c":0.00,"Status__c":"Active","SBQQ__EffectiveQuantity__c":0.00,"Duplicate_QuoteLine__c":false,"SBQQ__ConfigurationRequired__c":false,"SBQQ__CostEditable__c":false,"SBQQ__ComponentDiscountedByPackage__c":false,"SBQQ__Renewal__c":false,"Rev_Share__c":false,"QL_count_usage_field_values__c":false,"SBQQ__PackageListTotal__c":0.00,"Exception_Pricing__c":false,"Separate_Entity__c":1,"CC_Country__c":"All","MPP_Card_Usage_Included__c":"No","Invalid_Account_Edit__c":false,"Quote_Line_Type__c":"New","SBQQ__Group__c":"a1xhG000000C3RxQAK","SBQQ__SubscriptionScope__c":"Quote","SBQQ__TotalDiscountRate__c":0.000,"Is_Amex_Gateway__c":false,"One_Door__c":"No","SBQQ__Bundled__c":false,"CPQ_Migrated_Record__c":false,"Rate_Details_Changed__c":false,"Price_Change__c":false,"Tiered_Pricing__c":false,"SBQQ__Bundle__c":false,"SBQQ__Product__c":"01thG000001unGnQAI","Quote_Line_Type_background__c":"New","SBQQ__PricingMethodEditable__c":false,"Quote_Line_Group_Start_Date_Match__c":false,"SBQQ__Uplift__c":0.00,"SBQQ__Taxable__c":false,"SBQQ__PricingMethod__c":"List","No_Usage_Rate_Present__c":false,"SBQQ__ProductCode__c":"PARENT-PROD","SBQQ__Incomplete__c":false}|0x55da5257
22:33:45.193 (2392700380)|STATEMENT_EXECUTE|[306]
22:33:45.193 (2392724050)|STATEMENT_EXECUTE|[307]
22:33:45.193 (2392724690)|STATEMENT_EXECUTE|[309]
22:33:45.193 (2392750321)|HEAP_ALLOCATE|[309]|Bytes:18
22:33:45.193 (2392755491)|HEAP_ALLOCATE|[309]|Bytes:1
22:33:45.193 (2392759651)|HEAP_ALLOCATE|[309]|Bytes:18
22:33:45.193 (2392764961)|HEAP_ALLOCATE|[309]|Bytes:37
22:33:45.193 (2392767211)|VARIABLE_SCOPE_BEGIN|[309]|prodKey|String|false|false
22:33:45.193 (2392771421)|VARIABLE_ASSIGNMENT|[309]|prodKey|"a2NhG000003xHKrUAM-0 (17 more) ..."
22:33:45.193 (2392772751)|STATEMENT_EXECUTE|[310]
22:33:45.193 (2392785571)|VARIABLE_SCOPE_BEGIN|[310]|currentSlot|Integer|false|false
22:33:45.193 (2392787781)|HEAP_ALLOCATE|[310]|Bytes:4
22:33:45.193 (2392789991)|VARIABLE_ASSIGNMENT|[310]|currentSlot|0
22:33:45.193 (2392803131)|STATEMENT_EXECUTE|[315]
22:33:45.193 (2392803681)|STATEMENT_EXECUTE|[324]
22:33:45.193 (2392810141)|HEAP_ALLOCATE|[324]|Bytes:4
22:33:45.193 (2392814111)|HEAP_ALLOCATE|[EXTERNAL]|Bytes:-4
22:33:45.193 (2392821401)|HEAP_ALLOCATE|[306]|Bytes:5
22:33:45.193 (2392826031)|VARIABLE_ASSIGNMENT|[306]|ql|null|
22:33:45.193 (2392830771)|SYSTEM_MODE_EXIT|false
22:33:45.193 (2392838981)|METHOD_EXIT|[16]|01phG000000VBbt|QuoteLineTriggerHandler.copyOpportunityLineIdOnRamp(List<SBQQ__QuoteLine__c>)
22:33:45.193 (2392847071)|STATEMENT_EXECUTE|[23]
22:33:45.392 (2392855811)|CUMULATIVE_LIMIT_USAGE
22:33:45.392 (2392855811)|LIMIT_USAGE_FOR_NS|(default)|
  Number of SOQL queries: 12 out of 100
  Number of query rows: 6 out of 50000
  Number of SOSL queries: 0 out of 20
  Number of DML statements: 19 out of 150
  Number of Publish Immediate DML: 0 out of 150
  Number of DML rows: 21 out of 10000
  Maximum CPU time: 669 out of 10000
  Maximum heap size: 0 out of 10000000
  Number of callouts: 0 out of 100
  Number of Email Invocations: 0 out of 10
  Number of future calls: 0 out of 50
  Number of queueable jobs added to the queue: 0 out of 50
  Number of Mobile Apex push calls: 0 out of 10

22:33:45.392 (2392855811)|LIMIT_USAGE_FOR_NS|sbaa|
  Number of SOQL queries: 0 out of 100
  Number of query rows: 0 out of 50000
  Number of SOSL queries: 0 out of 20
  Number of DML statements: 0 out of 150
  Number of Publish Immediate DML: 0 out of 150
  Number of DML rows: 0 out of 10000
  Maximum CPU time: 0 out of 10000
  Maximum heap size: 0 out of 10000000
  Number of callouts: 0 out of 100
  Number of Email Invocations: 0 out of 10
  Number of future calls: 0 out of 50
  Number of queueable jobs added to the queue: 0 out of 50
  Number of Mobile Apex push calls: 0 out of 10

22:33:45.392 (2392855811)|LIMIT_USAGE_FOR_NS|SBQQ|
  Number of SOQL queries: 12 out of 100
  Number of query rows: 7 out of 50000
  Number of SOSL queries: 0 out of 20
  Number of DML statements: 1 out of 150
  Number of Publish Immediate DML: 0 out of 150
  Number of DML rows: 1 out of 10000
  Maximum CPU time: 0 out of 10000
  Maximum heap size: 0 out of 10000000
  Number of callouts: 0 out of 100
  Number of Email Invocations: 0 out of 10
  Number of future calls: 0 out of 50
  Number of queueable jobs added to the queue: 0 out of 50
  Number of Mobile Apex push calls: 0 out of 10

22:33:45.392 (2392855811)|CUMULATIVE_LIMIT_USAGE_END

22:33:45.193 (2393135883)|CODE_UNIT_FINISHED|QuoteLineTrigger on QuoteLine trigger event BeforeInsert|__sfdc_trigger/QuoteLineTrigger
22:33:45.193 (2394324302)|CODE_UNIT_STARTED|[EXTERNAL]|01qhG0000004OOj|QuoteLineDateSyncTrigger on QuoteLine trigger event BeforeInsert|__sfdc_trigger/QuoteLineDateSyncTrigger
22:33:45.193 (2394351352)|HEAP_ALLOCATE|[EXTERNAL]|Bytes:8
22:33:45.193 (2394417433)|HEAP_ALLOCATE|[EXTERNAL]|Bytes:12
22:33:45.193 (2394423993)|VARIABLE_SCOPE_BEGIN|[1]|this|QuoteLineDateSyncTrigger|true|false
22:33:45.193 (2394444973)|VARIABLE_ASSIGNMENT|[1]|this|{}|0x3cbd8182
22:33:45.193 (2394464123)|HEAP_ALLOCATE|[EXTERNAL]|Bytes:12
22:33:45.193 (2394563704)|VARIABLE_SCOPE_BEGIN|[1]|this|QuoteLineDateSyncTrigger|true|false
22:33:45.193 (2394569294)|VARIABLE_ASSIGNMENT|[1]|this|{}|0x3cbd8182
22:33:45.193 (2394571964)|STATEMENT_EXECUTE|[1]
22:33:45.193 (2394572524)|STATEMENT_EXECUTE|[2]
22:33:45.193 (2394578524)|HEAP_ALLOCATE|[2]|Bytes:4
22:33:45.193 (2394617024)|VARIABLE_ASSIGNMENT|[2]|this.groupIds|[]|0x3cbd8182
22:33:45.193 (2394641364)|HEAP_ALLOCATE|[4]|Bytes:5
22:33:45.193 (2394666155)|HEAP_ALLOCATE|[4]|Bytes:4
22:33:45.193 (2394670495)|VARIABLE_SCOPE_BEGIN|[4]|line|SBQQ__QuoteLine__c|true|false
22:33:45.193 (2395824733)|VARIABLE_ASSIGNMENT|[4]|line|{"View_Only__c":"If you need to edit  (57 more) ...","Group_Allow_Product_Ramping__c":false,"SBQQ__Hidden__c":false,"SBQQ__NonDiscountable__c":false,"SBQQ__Markup__c":0.00,"SBQQ__CarryoverLine__c":false,"Price__c":"USD 0.00","Bill_To_Ultimate_Parent__c":"001hG00000Bgdcv","SBQQ__Existing__c":false,"Partner_Required__c":false,"SBQQ__ProductName__c":"Parent Bundle Produc (1 more) ...","Adj_Rate_not_equal_Usage_Rate__c":false,"Opportunity_Record_Type_Name__c":"Education","SBQQ__PriceEditable__c":false,"SBQQ__PackageCost__c":0.00,"SBQQ__ComponentUpliftedByPackage__c":false,"SBQQ__TotalDiscountAmount__c":0.00,"SBQQ__AllowAssetRefund__c":false,"IsDeleted":false,"SBQQ__HasConsumptionSchedule__c":false,"SBQQ__Optional__c":false,"Debug_Mode__c":false,"SBQQ__NonPartnerDiscountable__c":false,"SBQQ__Quote__c":"a2NhG000003xHKrUAM","Quote_Vertical__c":"Education","Surcharging__c":"No","CurrencyIsoCode":"USD","Requires_ARR_Fields_Completion__c":false,"Requires_Usage_Type__c":false,"SBQQ__PackageTotal__c":0.00,"Interchange_Rate__c":2.000,"SBQQ__AdditionalDiscount__c":0.00,"Status__c":"Active","SBQQ__EffectiveQuantity__c":0.00,"Duplicate_QuoteLine__c":false,"SBQQ__ConfigurationRequired__c":false,"SBQQ__CostEditable__c":false,"SBQQ__ComponentDiscountedByPackage__c":false,"SBQQ__Renewal__c":false,"Rev_Share__c":false,"QL_count_usage_field_values__c":false,"SBQQ__PackageListTotal__c":0.00,"Exception_Pricing__c":false,"Separate_Entity__c":1,"CC_Country__c":"All","MPP_Card_Usage_Included__c":"No","Invalid_Account_Edit__c":false,"Quote_Line_Type__c":"New","SBQQ__Group__c":"a1xhG000000C3RxQAK","SBQQ__SubscriptionScope__c":"Quote","SBQQ__TotalDiscountRate__c":0.000,"Is_Amex_Gateway__c":false,"One_Door__c":"No","SBQQ__Bundled__c":false,"CPQ_Migrated_Record__c":false,"Rate_Details_Changed__c":false,"Price_Change__c":false,"Tiered_Pricing__c":false,"SBQQ__Bundle__c":false,"SBQQ__Product__c":"01thG000001unGnQAI","Quote_Line_Type_background__c":"New","SBQQ__PricingMethodEditable__c":false,"Quote_Line_Group_Start_Date_Match__c":false,"SBQQ__Uplift__c":0.00,"SBQQ__Taxable__c":false,"SBQQ__PricingMethod__c":"List","No_Usage_Rate_Present__c":false,"SBQQ__ProductCode__c":"PARENT-PROD","SBQQ__Incomplete__c":false}|0x667c8732
22:33:45.193 (2395834983)|STATEMENT_EXECUTE|[4]
22:33:45.193 (2395848563)|STATEMENT_EXECUTE|[5]
22:33:45.193 (2395849033)|STATEMENT_EXECUTE|[6]
22:33:45.193 (2395867604)|HEAP_ALLOCATE|[EXTERNAL]|Bytes:4
22:33:45.193 (2395873994)|HEAP_ALLOCATE|[4]|Bytes:5
22:33:45.193 (2395878644)|VARIABLE_ASSIGNMENT|[4]|line|null|
22:33:45.193 (2395884584)|STATEMENT_EXECUTE|[10]
22:33:45.193 (2395885104)|STATEMENT_EXECUTE|[12]
22:33:45.193 (2395890194)|HEAP_ALLOCATE|[12]|Bytes:4
22:33:45.193 (2395892294)|HEAP_ALLOCATE|[13]|Bytes:123
22:33:45.193 (2395895274)|HEAP_ALLOCATE|[13]|Bytes:4
22:33:45.193 (2396232156)|SOQL_EXECUTE_BEGIN|[13]|Aggregations:0|SELECT Id, SBQQ__StartDate__c, SBQQ__EndDate__c, SBQQ__SubscriptionTerm__c FROM SBQQ__QuoteLineGroup__c WHERE Id = :tmpVar1
22:33:45.193 (2398934706)|SOQL_EXECUTE_END|[13]|Rows:1
22:33:45.193 (2398952176)|HEAP_ALLOCATE|[13]|Bytes:8
22:33:45.193 (2398959706)|HEAP_ALLOCATE|[13]|Bytes:29
22:33:45.193 (2398985457)|HEAP_ALLOCATE|[13]|Bytes:8
22:33:45.193 (2399000307)|HEAP_ALLOCATE|[12]|Bytes:8
22:33:45.193 (2399017927)|HEAP_ALLOCATE|[12]|Bytes:4
22:33:45.193 (2399054797)|VARIABLE_ASSIGNMENT|[12]|this.groupMap|{"a1xhG000000C3RxQAK":{"Id":"a1xhG000000C3RxQAK"}}|0x3cbd8182
22:33:45.193 (2399086147)|HEAP_ALLOCATE|[16]|Bytes:5
22:33:45.193 (2399092207)|HEAP_ALLOCATE|[16]|Bytes:4
22:33:45.193 (2399096697)|VARIABLE_SCOPE_BEGIN|[16]|line|SBQQ__QuoteLine__c|true|false
22:33:45.193 (2400244966)|VARIABLE_ASSIGNMENT|[16]|line|{"View_Only__c":"If you need to edit  (57 more) ...","Group_Allow_Product_Ramping__c":false,"SBQQ__Hidden__c":false,"SBQQ__NonDiscountable__c":false,"SBQQ__Markup__c":0.00,"SBQQ__CarryoverLine__c":false,"Price__c":"USD 0.00","Bill_To_Ultimate_Parent__c":"001hG00000Bgdcv","SBQQ__Existing__c":false,"Partner_Required__c":false,"SBQQ__ProductName__c":"Parent Bundle Produc (1 more) ...","Adj_Rate_not_equal_Usage_Rate__c":false,"Opportunity_Record_Type_Name__c":"Education","SBQQ__PriceEditable__c":false,"SBQQ__PackageCost__c":0.00,"SBQQ__ComponentUpliftedByPackage__c":false,"SBQQ__TotalDiscountAmount__c":0.00,"SBQQ__AllowAssetRefund__c":false,"IsDeleted":false,"SBQQ__HasConsumptionSchedule__c":false,"SBQQ__Optional__c":false,"Debug_Mode__c":false,"SBQQ__NonPartnerDiscountable__c":false,"SBQQ__Quote__c":"a2NhG000003xHKrUAM","Quote_Vertical__c":"Education","Surcharging__c":"No","CurrencyIsoCode":"USD","Requires_ARR_Fields_Completion__c":false,"Requires_Usage_Type__c":false,"SBQQ__PackageTotal__c":0.00,"Interchange_Rate__c":2.000,"SBQQ__AdditionalDiscount__c":0.00,"Status__c":"Active","SBQQ__EffectiveQuantity__c":0.00,"Duplicate_QuoteLine__c":false,"SBQQ__ConfigurationRequired__c":false,"SBQQ__CostEditable__c":false,"SBQQ__ComponentDiscountedByPackage__c":false,"SBQQ__Renewal__c":false,"Rev_Share__c":false,"QL_count_usage_field_values__c":false,"SBQQ__PackageListTotal__c":0.00,"Exception_Pricing__c":false,"Separate_Entity__c":1,"CC_Country__c":"All","MPP_Card_Usage_Included__c":"No","Invalid_Account_Edit__c":false,"Quote_Line_Type__c":"New","SBQQ__Group__c":"a1xhG000000C3RxQAK","SBQQ__SubscriptionScope__c":"Quote","SBQQ__TotalDiscountRate__c":0.000,"Is_Amex_Gateway__c":false,"One_Door__c":"No","SBQQ__Bundled__c":false,"CPQ_Migrated_Record__c":false,"Rate_Details_Changed__c":false,"Price_Change__c":false,"Tiered_Pricing__c":false,"SBQQ__Bundle__c":false,"SBQQ__Product__c":"01thG000001unGnQAI","Quote_Line_Type_background__c":"New","SBQQ__PricingMethodEditable__c":false,"Quote_Line_Group_Start_Date_Match__c":false,"SBQQ__Uplift__c":0.00,"SBQQ__Taxable__c":false,"SBQQ__PricingMethod__c":"List","No_Usage_Rate_Present__c":false,"SBQQ__ProductCode__c":"PARENT-PROD","SBQQ__Incomplete__c":false}|0x667c8732
22:33:45.193 (2400255616)|STATEMENT_EXECUTE|[16]
22:33:45.193 (2400289106)|STATEMENT_EXECUTE|[17]
22:33:45.193 (2400289596)|STATEMENT_EXECUTE|[18]
22:33:45.193 (2400301186)|VARIABLE_SCOPE_BEGIN|[18]|parentGroup|SBQQ__QuoteLineGroup__c|true|false
22:33:45.193 (2400314266)|VARIABLE_ASSIGNMENT|[18]|parentGroup|{"Id":"a1xhG000000C3RxQAK"}|0x29ee3f2d
22:33:45.193 (2400316036)|STATEMENT_EXECUTE|[20]
22:33:45.193 (2401355784)|VARIABLE_ASSIGNMENT|[20]|this.SBQQ__StartDate__c|null|0x667c8732
22:33:45.193 (2401359604)|STATEMENT_EXECUTE|[21]
22:33:45.193 (2402320081)|VARIABLE_ASSIGNMENT|[21]|this.SBQQ__EndDate__c|null|0x667c8732
22:33:45.193 (2402323571)|STATEMENT_EXECUTE|[22]
22:33:45.193 (2403360059)|VARIABLE_ASSIGNMENT|[22]|this.SBQQ__SubscriptionTerm__c|null|0x667c8732
22:33:45.193 (2403371279)|HEAP_ALLOCATE|[16]|Bytes:5
22:33:45.193 (2403379029)|VARIABLE_ASSIGNMENT|[16]|line|null|
22:33:45.403 (2403390489)|CUMULATIVE_LIMIT_USAGE
22:33:45.403 (2403390489)|LIMIT_USAGE_FOR_NS|(default)|
  Number of SOQL queries: 13 out of 100
  Number of query rows: 7 out of 50000
  Number of SOSL queries: 0 out of 20
  Number of DML statements: 19 out of 150
  Number of Publish Immediate DML: 0 out of 150
  Number of DML rows: 21 out of 10000
  Maximum CPU time: 669 out of 10000
  Maximum heap size: 0 out of 10000000
  Number of callouts: 0 out of 100
  Number of Email Invocations: 0 out of 10
  Number of future calls: 0 out of 50
  Number of queueable jobs added to the queue: 0 out of 50
  Number of Mobile Apex push calls: 0 out of 10

22:33:45.403 (2403390489)|LIMIT_USAGE_FOR_NS|sbaa|
  Number of SOQL queries: 0 out of 100
  Number of query rows: 0 out of 50000
  Number of SOSL queries: 0 out of 20
  Number of DML statements: 0 out of 150
  Number of Publish Immediate DML: 0 out of 150
  Number of DML rows: 0 out of 10000
  Maximum CPU time: 0 out of 10000
  Maximum heap size: 0 out of 10000000
  Number of callouts: 0 out of 100
  Number of Email Invocations: 0 out of 10
  Number of future calls: 0 out of 50
  Number of queueable jobs added to the queue: 0 out of 50
  Number of Mobile Apex push calls: 0 out of 10

22:33:45.403 (2403390489)|LIMIT_USAGE_FOR_NS|SBQQ|
  Number of SOQL queries: 12 out of 100
  Number of query rows: 7 out of 50000
  Number of SOSL queries: 0 out of 20
  Number of DML statements: 1 out of 150
  Number of Publish Immediate DML: 0 out of 150
  Number of DML rows: 1 out of 10000
  Maximum CPU time: 0 out of 10000
  Maximum heap size: 0 out of 10000000
  Number of callouts: 0 out of 100
  Number of Email Invocations: 0 out of 10
  Number of future calls: 0 out of 50
  Number of queueable jobs added to the queue: 0 out of 50
  Number of Mobile Apex push calls: 0 out of 10

22:33:45.403 (2403390489)|CUMULATIVE_LIMIT_USAGE_END

22:33:45.193 (2403626881)|CODE_UNIT_FINISHED|QuoteLineDateSyncTrigger on QuoteLine trigger event BeforeInsert|__sfdc_trigger/QuoteLineDateSyncTrigger
22:33:45.193 (2420863260)|CODE_UNIT_STARTED|[EXTERNAL]|Validation:QuoteLine:new
22:33:45.193 (2420881910)|VALIDATION_RULE|03dPb000000e7Rp|RecurringChargeTypeMustHaveBillingType
22:33:45.193 (2421082721)|VALIDATION_FORMULA|AND(ISPICKVAL(SBQQ__ChargeType__c, 'Recurring'), ISPICKVAL(SBQQ__BillingType__c, ''))|SBQQ__BillingType__c=null , SBQQ__ChargeType__c=null
22:33:45.193 (2421087351)|VALIDATION_PASS
22:33:45.193 (2421088481)|VALIDATION_RULE|03dPb000000e7Rq|Validate_billing_frequency
22:33:45.193 (2421283573)|VALIDATION_FORMULA|AND(ISPICKVAL(SBQQ__ChargeType__c, 'One-Time'), NOT(ISPICKVAL(SBQQ__BillingFrequency__c, '')))|SBQQ__BillingFrequency__c=null , SBQQ__ChargeType__c=null
22:33:45.193 (2421290443)|VALIDATION_PASS
22:33:45.193 (2421291123)|VALIDATION_RULE|03dPb000000e7Rr|Validate_billing_type
22:33:45.193 (2421355703)|VALIDATION_FORMULA|OR( 
AND(ISPICKVAL(SBQQ__ChargeType__c, 'One-Time'), NOT(ISPICKVAL(SBQQ__BillingType__c, ""))), 
AND(ISPICKVAL(SBQQ__ChargeType__c, 'Usage'), NOT(ISPICKVAL(SBQQ__BillingType__c, ""))))|SBQQ__BillingType__c=null , SBQQ__ChargeType__c=null
22:33:45.193 (2421358243)|VALIDATION_PASS
22:33:45.193 (2421358933)|VALIDATION_RULE|03dPb000000e7Rm|Additional_discount_percent_or_amount
22:33:45.193 (2421408194)|VALIDATION_FORMULA|AND(NOT(ISBLANK(SBQQ__Discount__c)), NOT(ISBLANK(SBQQ__AdditionalDiscountAmount__c)),NOT(SBQQ__Incomplete__c))|SBQQ__Discount__c=null , SBQQ__AdditionalDiscountAmount__c=null , SBQQ__Incomplete__c=0
22:33:45.193 (2421410054)|VALIDATION_PASS
22:33:45.193 (2421410814)|VALIDATION_RULE|03dPb000000e7Rn|Invalid_Subscription_Term
22:33:45.193 (2421443584)|VALIDATION_FORMULA|IF( AND( NOT(ISNULL(SBQQ__SubscriptionTerm__c)), SBQQ__SubscriptionTerm__c <= 0), TRUE, null)|SBQQ__SubscriptionTerm__c=null
22:33:45.193 (2421445124)|VALIDATION_PASS
22:33:45.193 (2421445664)|VALIDATION_RULE|03dPb000000e7Ro|Markup_percent_or_amount
22:33:45.193 (2421475604)|VALIDATION_FORMULA|AND(NOT(ISBLANK(SBQQ__MarkupRate__c)), NOT(ISBLANK(SBQQ__MarkupAmount__c)),NOT(SBQQ__Incomplete__c))|SBQQ__MarkupAmount__c=null , SBQQ__MarkupRate__c=null , SBQQ__Incomplete__c=0
22:33:45.193 (2421477104)|VALIDATION_PASS
22:33:45.193 (2421482984)|CODE_UNIT_FINISHED|Validation:QuoteLine:new
22:33:45.440 (2440318515)|HEAP_ALLOCATE|[EXTERNAL]|Bytes:8
22:33:45.440 (2440493676)|HEAP_ALLOCATE|[EXTERNAL]|Bytes:36
22:33:45.440 (2440507196)|VARIABLE_SCOPE_BEGIN|[1]|this|SBQQ.QuoteLineAfter|true|false
22:33:45.440 (2440603607)|VARIABLE_ASSIGNMENT|[1]|this|{}|0x62acd359
22:33:45.440 (2440766448)|CUMULATIVE_LIMIT_USAGE
22:33:45.440 (2440766448)|LIMIT_USAGE_FOR_NS|(default)|
  Number of SOQL queries: 13 out of 100
  Number of query rows: 7 out of 50000
  Number of SOSL queries: 0 out of 20
  Number of DML statements: 19 out of 150
  Number of Publish Immediate DML: 0 out of 150
  Number of DML rows: 21 out of 10000
  Maximum CPU time: 669 out of 10000
  Maximum heap size: 0 out of 10000000
  Number of callouts: 0 out of 100
  Number of Email Invocations: 0 out of 10
  Number of future calls: 0 out of 50
  Number of queueable jobs added to the queue: 0 out of 50
  Number of Mobile Apex push calls: 0 out of 10

22:33:45.440 (2440766448)|LIMIT_USAGE_FOR_NS|sbaa|
  Number of SOQL queries: 0 out of 100
  Number of query rows: 0 out of 50000
  Number of SOSL queries: 0 out of 20
  Number of DML statements: 0 out of 150
  Number of Publish Immediate DML: 0 out of 150
  Number of DML rows: 0 out of 10000
  Maximum CPU time: 0 out of 10000
  Maximum heap size: 0 out of 10000000
  Number of callouts: 0 out of 100
  Number of Email Invocations: 0 out of 10
  Number of future calls: 0 out of 50
  Number of queueable jobs added to the queue: 0 out of 50
  Number of Mobile Apex push calls: 0 out of 10

22:33:45.440 (2440766448)|LIMIT_USAGE_FOR_NS|SBQQ|
  Number of SOQL queries: 12 out of 100
  Number of query rows: 7 out of 50000
  Number of SOSL queries: 0 out of 20
  Number of DML statements: 1 out of 150
  Number of Publish Immediate DML: 0 out of 150
  Number of DML rows: 1 out of 10000
  Maximum CPU time: 0 out of 10000
  Maximum heap size: 0 out of 10000000
  Number of callouts: 0 out of 100
  Number of Email Invocations: 0 out of 10
  Number of future calls: 0 out of 50
  Number of queueable jobs added to the queue: 0 out of 50
  Number of Mobile Apex push calls: 0 out of 10

22:33:45.440 (2440766448)|CUMULATIVE_LIMIT_USAGE_END

22:33:45.193 (2442038247)|CODE_UNIT_STARTED|[EXTERNAL]|01qhG0000003MyT|QuoteLineTrigger on QuoteLine trigger event AfterInsert|__sfdc_trigger/QuoteLineTrigger
22:33:45.193 (2442076238)|HEAP_ALLOCATE|[EXTERNAL]|Bytes:8
22:33:45.193 (2442111898)|HEAP_ALLOCATE|[EXTERNAL]|Bytes:4
22:33:45.193 (2442117688)|VARIABLE_SCOPE_BEGIN|[1]|this|QuoteLineTrigger|true|false
22:33:45.193 (2442135128)|VARIABLE_ASSIGNMENT|[1]|this|{}|0x64c385c1
22:33:45.193 (2442149538)|HEAP_ALLOCATE|[EXTERNAL]|Bytes:4
22:33:45.193 (2442153358)|VARIABLE_SCOPE_BEGIN|[1]|this|QuoteLineTrigger|true|false
22:33:45.193 (2442156558)|VARIABLE_ASSIGNMENT|[1]|this|{}|0x64c385c1
22:33:45.193 (2442160668)|STATEMENT_EXECUTE|[1]
22:33:45.193 (2442172888)|STATEMENT_EXECUTE|[6]
22:33:45.193 (2442175718)|STATEMENT_EXECUTE|[23]
22:33:45.193 (2442183428)|STATEMENT_EXECUTE|[28]
22:33:45.193 (2442188908)|STATEMENT_EXECUTE|[65]
22:33:45.193 (2442189498)|STATEMENT_EXECUTE|[66]
22:33:45.193 (2442196388)|HEAP_ALLOCATE|[66]|Bytes:5
22:33:45.193 (2442210509)|VARIABLE_ASSIGNMENT|[66]|QuoteLineTriggerHandler.isFirstRun|false
22:33:45.193 (2442215459)|STATEMENT_EXECUTE|[68]
22:33:45.193 (2442216249)|STATEMENT_EXECUTE|[69]
22:33:45.193 (2442252199)|METHOD_ENTRY|[69]|01phG000000VBbt|QuoteLineTriggerHandler.calculateAveragePrice(List<SBQQ__QuoteLine__c>, Map<Id,SBQQ__QuoteLine__c>)
22:33:45.193 (2442269889)|VARIABLE_SCOPE_BEGIN|[376]|records|List<SBQQ__QuoteLine__c>|true|false
22:33:45.193 (2445114330)|VARIABLE_ASSIGNMENT|[376]|records|[{"LastModifiedDate":"2026-09-01T17:03:45.000Z","View_Only__c":"If you need to edit  (57 more) ...","Group_Allow_Product_Ramping__c":false,"SBQQ__Hidden__c":false,"SBQQ__NonDiscountable__c":false,"SBQQ__Markup__c":0.00,"SBQQ__CarryoverLine__c":false,"Price__c":"USD 0.00","Bill_To_Ultimate_Parent__c":"001hG00000Bgdcv","Name":"QL-0381040","SBQQ__Existing__c":false,"Partner_Required__c":false,"SBQQ__ProductName__c":"Parent Bundle Produc (1 more) ...","CreatedById":"005Pb00000IYVNBIA5","Adj_Rate_not_equal_Usage_Rate__c":false,"Opportunity_Record_Type_Name__c":"Education","SBQQ__PriceEditable__c":false,"SBQQ__PackageCost__c":0.00,"SBQQ__ComponentUpliftedByPackage__c":false,"SBQQ__TotalDiscountAmount__c":0.00,"SBQQ__AllowAssetRefund__c":false,"IsDeleted":false,"SBQQ__HasConsumptionSchedule__c":false,"SBQQ__Optional__c":false,"Debug_Mode__c":false,"SBQQ__NonPartnerDiscountable__c":false,"SBQQ__Quote__c":"a2NhG000003xHKrUAM","Quote_Vertical__c":"Education","Surcharging__c":"No","CurrencyIsoCode":"USD","Requires_ARR_Fields_Completion__c":false,"Requires_Usage_Type__c":false,"SBQQ__PackageTotal__c":0.00,"Interchange_Rate__c":2.000,"CreatedDate":"2026-09-01T17:03:45.000Z","SBQQ__AdditionalDiscount__c":0.00,"Id":"a1zhG000000MyYbQAK","Status__c":"Active","QuoteLineLongID__c":"a1zhG000000MyYbQAK","SBQQ__EffectiveQuantity__c":0.00,"Duplicate_QuoteLine__c":false,"SBQQ__ConfigurationRequired__c":false,"SBQQ__CostEditable__c":false,"SBQQ__ComponentDiscountedByPackage__c":false,"SBQQ__Renewal__c":false,"Rev_Share__c":false,"QL_count_usage_field_values__c":false,"SBQQ__PackageListTotal__c":0.00,"Exception_Pricing__c":false,"Separate_Entity__c":1,"CC_Country__c":"All","MPP_Card_Usage_Included__c":"No","Invalid_Account_Edit__c":false,"Quote_Line_Type__c":"New","SBQQ__Group__c":"a1xhG000000C3RxQAK","SBQQ__SubscriptionScope__c":"Quote","SBQQ__TotalDiscountRate__c":0.000,"Is_Amex_Gateway__c":false,"One_Door__c":"No","SBQQ__Bundled__c":false,"CPQ_Migrated_Record__c":false,"Rate_Details_Changed__c":false,"Price_Change__c":false,"Tiered_Pricing__c":false,"SBQQ__Bundle__c":false,"SystemModstamp":"2026-09-01T17:03:45.000Z","SBQQ__Product__c":"01thG000001unGnQAI","Quote_Line_Type_background__c":"New","SBQQ__PricingMethodEditable__c":false,"Quote_Line_Group_Start_Date_Match__c":false,"SBQQ__Uplift__c":0.00,"SBQQ__Taxable__c":false,"SBQQ__PricingMethod__c":"List","No_Usage_Rate_Present__c":false,"SBQQ__ProductCode__c":"PARENT-PROD","LastModifiedById":"005Pb00000IYVNBIA5","SBQQ__Incomplete__c":false}]|0x7f752899
22:33:45.193 (2445133010)|VARIABLE_SCOPE_BEGIN|[376]|oldMap|Map<Id,SBQQ__QuoteLine__c>|true|false
22:33:45.193 (2445138110)|VARIABLE_ASSIGNMENT|[376]|oldMap|null|
22:33:45.193 (2445163410)|SYSTEM_MODE_ENTER|false
22:33:45.193 (2445172770)|HEAP_ALLOCATE|[377]|Bytes:5
22:33:45.193 (2445177340)|STATEMENT_EXECUTE|[376]
22:33:45.193 (2445215111)|STATEMENT_EXECUTE|[377]
22:33:45.193 (2445216031)|STATEMENT_EXECUTE|[379]
22:33:45.193 (2445216441)|STATEMENT_EXECUTE|[379]
22:33:45.193 (2445216951)|STATEMENT_EXECUTE|[380]
22:33:45.193 (2445223371)|METHOD_ENTRY|[380]|01phG000000VBbt|QuoteLineTriggerHandler.getRollupMappings()
22:33:45.193 (2445233161)|HEAP_ALLOCATE|[354]|Bytes:5
22:33:45.193 (2445234821)|STATEMENT_EXECUTE|[353]
22:33:45.193 (2445239361)|STATEMENT_EXECUTE|[354]
22:33:45.193 (2445239751)|STATEMENT_EXECUTE|[356]
22:33:45.193 (2445252091)|HEAP_ALLOCATE|[356]|Bytes:4
22:33:45.193 (2445305991)|VARIABLE_SCOPE_BEGIN|[356]|mappings|List<QuoteLineTriggerHandler.RollupMapping>|true|false
22:33:45.193 (2445328932)|HEAP_ALLOCATE|[EXTERNAL]|Bytes:4
22:33:45.193 (2445336122)|VARIABLE_ASSIGNMENT|[356]|mappings|[]|0x2450e163
22:33:45.193 (2445338702)|STATEMENT_EXECUTE|[357]
22:33:45.193 (2445341362)|VARIABLE_SCOPE_BEGIN|[357]|aliasCounter|Integer|false|false
22:33:45.193 (2445344472)|HEAP_ALLOCATE|[357]|Bytes:4
22:33:45.193 (2445347422)|VARIABLE_ASSIGNMENT|[357]|aliasCounter|0
22:33:45.193 (2452565245)|HEAP_ALLOCATE|[359]|Bytes:24
22:33:45.193 (2452646156)|HEAP_ALLOCATE|[EXTERNAL]|Bytes:24
22:33:45.193 (2452655796)|HEAP_ALLOCATE|[359]|Bytes:24
22:33:45.193 (2452758246)|HEAP_ALLOCATE|[359]|Bytes:5
22:33:45.193 (2452776497)|VARIABLE_SCOPE_BEGIN|[359]|cmdt|Quote_Line_Rollup_Field_Mapping__mdt|true|false
22:33:45.193 (2452811897)|VARIABLE_ASSIGNMENT|[359]|cmdt|{"Rollup_Field__c":"Avg_Quoted_Rate__c","IsProtected":false,"Label":"NS Usage Rate","MasterLabel":"NS Usage Rate","SystemModstamp":"2026-08-12T09:44:24.000Z","Type_of_Operation__c":"Average","Field__c":"NS_Usage_Rate__c","Language":"en_US","ManageableState":"U","QualifiedApiName":"NS_Usage_Rate","Id":"m0BhG000002IZ1N","DeveloperName":"NS_Usage_Rate"}|0x2c173c81
22:33:45.193 (2452815997)|STATEMENT_EXECUTE|[359]
22:33:45.193 (2452898337)|STATEMENT_EXECUTE|[362]
22:33:45.193 (2452898827)|STATEMENT_EXECUTE|[364]
22:33:45.193 (2452929068)|HEAP_ALLOCATE|[364]|Bytes:3
22:33:45.193 (2452947268)|HEAP_ALLOCATE|[364]|Bytes:20
22:33:45.193 (2452953198)|HEAP_ALLOCATE|[368]|Bytes:5
22:33:45.193 (2452966758)|HEAP_ALLOCATE|[368]|Bytes:1
22:33:45.193 (2452972578)|HEAP_ALLOCATE|[368]|Bytes:6
22:33:45.193 (2453018788)|CONSTRUCTOR_ENTRY|[364]|01phG000000VBbt|<init>(String,String,String,String)|QuoteLineTriggerHandler.RollupMapping
22:33:45.193 (2453034738)|VARIABLE_SCOPE_BEGIN|[342]|this|QuoteLineTriggerHandler.RollupMapping|true|false
22:33:45.193 (2453059029)|VARIABLE_ASSIGNMENT|[342]|this|{}|0x422f8863
22:33:45.193 (2453061199)|VARIABLE_SCOPE_BEGIN|[342]|baseField|String|false|false
22:33:45.193 (2453064629)|VARIABLE_ASSIGNMENT|[342]|baseField|"NS_Usage_Rate__c"
22:33:45.193 (2453065919)|VARIABLE_SCOPE_BEGIN|[342]|rollupField|String|false|false
22:33:45.193 (2453068139)|VARIABLE_ASSIGNMENT|[342]|rollupField|"Avg_Quoted_Rate__c"
22:33:45.193 (2453069389)|VARIABLE_SCOPE_BEGIN|[342]|operation|String|false|false
22:33:45.193 (2453071839)|VARIABLE_ASSIGNMENT|[342]|operation|"Average"
22:33:45.193 (2453073119)|VARIABLE_SCOPE_BEGIN|[342]|alias|String|false|false
22:33:45.193 (2453075519)|VARIABLE_ASSIGNMENT|[342]|alias|"alias0"
22:33:45.193 (2453082929)|HEAP_ALLOCATE|[343]|Bytes:5
22:33:45.193 (2453084869)|STATEMENT_EXECUTE|[336]
22:33:45.193 (2453086069)|HEAP_ALLOCATE|[343]|Bytes:5
22:33:45.193 (2453087149)|STATEMENT_EXECUTE|[337]
22:33:45.193 (2453087719)|STATEMENT_EXECUTE|[338]
22:33:45.193 (2453088219)|STATEMENT_EXECUTE|[339]
22:33:45.193 (2453088849)|STATEMENT_EXECUTE|[340]
22:33:45.193 (2453106269)|STATEMENT_EXECUTE|[342]
22:33:45.193 (2453106899)|STATEMENT_EXECUTE|[343]
22:33:45.193 (2453117779)|VARIABLE_ASSIGNMENT|[343]|this.baseField|"NS_Usage_Rate__c"|0x422f8863
22:33:45.193 (2453119699)|STATEMENT_EXECUTE|[344]
22:33:45.193 (2453122069)|VARIABLE_ASSIGNMENT|[344]|this.rollupField|"Avg_Quoted_Rate__c"|0x422f8863
22:33:45.193 (2453123539)|STATEMENT_EXECUTE|[345]
22:33:45.193 (2453125289)|VARIABLE_ASSIGNMENT|[345]|this.operation|"Average"|0x422f8863
22:33:45.193 (2453126699)|STATEMENT_EXECUTE|[346]
22:33:45.193 (2453128729)|VARIABLE_ASSIGNMENT|[346]|this.alias|"alias0"|0x422f8863
22:33:45.193 (2453141569)|CONSTRUCTOR_EXIT|[364]|01phG000000VBbt|<init>(String,String,String,String)|QuoteLineTriggerHandler.RollupMapping
22:33:45.193 (2453152369)|HEAP_ALLOCATE|[EXTERNAL]|Bytes:4
22:33:45.193 (2453155499)|STATEMENT_EXECUTE|[370]
22:33:45.193 (2453156979)|HEAP_ALLOCATE|[370]|Bytes:4
22:33:45.193 (2453160579)|VARIABLE_ASSIGNMENT|[370]|aliasCounter|1
22:33:45.193 (2453167109)|HEAP_ALLOCATE|[359]|Bytes:5
22:33:45.193 (2453175929)|VARIABLE_SCOPE_BEGIN|[359]|cmdt|Quote_Line_Rollup_Field_Mapping__mdt|true|false
22:33:45.193 (2453194670)|VARIABLE_ASSIGNMENT|[359]|cmdt|{"Rollup_Field__c":"Total_Prorate_Multip (7 more) ...","IsProtected":false,"Label":"Prorate Multiplier","MasterLabel":"Prorate Multiplier","SystemModstamp":"2026-08-14T07:08:09.000Z","Type_of_Operation__c":"Sum","Field__c":"SBQQ__ProrateMultipl (6 more) ...","Language":"en_US","ManageableState":"U","QualifiedApiName":"Prorate_Multiplier","Id":"m0BhG000002iNCi","DeveloperName":"Prorate_Multiplier"}|0x3e0fd6b1
22:33:45.193 (2453198020)|STATEMENT_EXECUTE|[359]
22:33:45.193 (2453216450)|STATEMENT_EXECUTE|[362]
22:33:45.193 (2453216920)|STATEMENT_EXECUTE|[364]
22:33:45.193 (2453219190)|HEAP_ALLOCATE|[364]|Bytes:20
22:33:45.193 (2453225410)|HEAP_ALLOCATE|[368]|Bytes:1
22:33:45.193 (2453228790)|HEAP_ALLOCATE|[368]|Bytes:6
22:33:45.193 (2453232150)|CONSTRUCTOR_ENTRY|[364]|01phG000000VBbt|<init>(String,String,String,String)|QuoteLineTriggerHandler.RollupMapping
22:33:45.193 (2453234910)|VARIABLE_SCOPE_BEGIN|[342]|this|QuoteLineTriggerHandler.RollupMapping|true|false
22:33:45.193 (2453245610)|VARIABLE_ASSIGNMENT|[342]|this|{}|0x3434abd5
22:33:45.193 (2453247210)|VARIABLE_SCOPE_BEGIN|[342]|baseField|String|false|false
22:33:45.193 (2453249870)|VARIABLE_ASSIGNMENT|[342]|baseField|"SBQQ__ProrateMultipl (6 more) ..."
22:33:45.193 (2453251090)|VARIABLE_SCOPE_BEGIN|[342]|rollupField|String|false|false
22:33:45.193 (2453253390)|VARIABLE_ASSIGNMENT|[342]|rollupField|"Total_Prorate_Multip (7 more) ..."
22:33:45.193 (2453254610)|VARIABLE_SCOPE_BEGIN|[342]|operation|String|false|false
22:33:45.193 (2453256750)|VARIABLE_ASSIGNMENT|[342]|operation|"Sum"
22:33:45.193 (2453257870)|VARIABLE_SCOPE_BEGIN|[342]|alias|String|false|false
22:33:45.193 (2453260040)|VARIABLE_ASSIGNMENT|[342]|alias|"alias1"
22:33:45.193 (2453262870)|HEAP_ALLOCATE|[343]|Bytes:5
22:33:45.193 (2453263950)|STATEMENT_EXECUTE|[336]
22:33:45.193 (2453264770)|HEAP_ALLOCATE|[343]|Bytes:5
22:33:45.193 (2453265800)|STATEMENT_EXECUTE|[337]
22:33:45.193 (2453266240)|STATEMENT_EXECUTE|[338]
22:33:45.193 (2453266660)|STATEMENT_EXECUTE|[339]
22:33:45.193 (2453267060)|STATEMENT_EXECUTE|[340]
22:33:45.193 (2453272710)|STATEMENT_EXECUTE|[342]
22:33:45.193 (2453273150)|STATEMENT_EXECUTE|[343]
22:33:45.193 (2453276890)|VARIABLE_ASSIGNMENT|[343]|this.baseField|"SBQQ__ProrateMultipl (6 more) ..."|0x3434abd5
22:33:45.193 (2453278320)|STATEMENT_EXECUTE|[344]
22:33:45.193 (2453279910)|VARIABLE_ASSIGNMENT|[344]|this.rollupField|"Total_Prorate_Multip (7 more) ..."|0x3434abd5
22:33:45.193 (2453281330)|STATEMENT_EXECUTE|[345]
22:33:45.193 (2453282690)|VARIABLE_ASSIGNMENT|[345]|this.operation|"Sum"|0x3434abd5
22:33:45.193 (2453284050)|STATEMENT_EXECUTE|[346]
22:33:45.193 (2453285450)|VARIABLE_ASSIGNMENT|[346]|this.alias|"alias1"|0x3434abd5
22:33:45.193 (2453289270)|CONSTRUCTOR_EXIT|[364]|01phG000000VBbt|<init>(String,String,String,String)|QuoteLineTriggerHandler.RollupMapping
22:33:45.193 (2453292860)|HEAP_ALLOCATE|[EXTERNAL]|Bytes:4
22:33:45.193 (2453295060)|STATEMENT_EXECUTE|[370]
22:33:45.193 (2453295870)|HEAP_ALLOCATE|[370]|Bytes:4
22:33:45.193 (2453297700)|VARIABLE_ASSIGNMENT|[370]|aliasCounter|2
22:33:45.193 (2453300770)|HEAP_ALLOCATE|[359]|Bytes:5
22:33:45.193 (2453304930)|VARIABLE_SCOPE_BEGIN|[359]|cmdt|Quote_Line_Rollup_Field_Mapping__mdt|true|false
22:33:45.193 (2453315991)|VARIABLE_ASSIGNMENT|[359]|cmdt|{"Rollup_Field__c":"Avg_Quoted_Price__c","IsProtected":false,"Label":"Quoted Price","MasterLabel":"Quoted Price","SystemModstamp":"2026-08-14T07:09:05.000Z","Type_of_Operation__c":"Average","Field__c":"Quoted_Price__c","Language":"en_US","ManageableState":"U","QualifiedApiName":"Quoted_Price","Id":"m0BhG000002KLjt","DeveloperName":"Quoted_Price"}|0xcd2e28
22:33:45.193 (2453318391)|STATEMENT_EXECUTE|[359]
22:33:45.193 (2453329461)|STATEMENT_EXECUTE|[362]
22:33:45.193 (2453329921)|STATEMENT_EXECUTE|[364]
22:33:45.193 (2453331151)|HEAP_ALLOCATE|[364]|Bytes:20
22:33:45.193 (2453335281)|HEAP_ALLOCATE|[368]|Bytes:1
22:33:45.193 (2453338441)|HEAP_ALLOCATE|[368]|Bytes:6
22:33:45.193 (2453340841)|CONSTRUCTOR_ENTRY|[364]|01phG000000VBbt|<init>(String,String,String,String)|QuoteLineTriggerHandler.RollupMapping
22:33:45.193 (2453343041)|VARIABLE_SCOPE_BEGIN|[342]|this|QuoteLineTriggerHandler.RollupMapping|true|false
22:33:45.193 (2453347621)|VARIABLE_ASSIGNMENT|[342]|this|{}|0x7ce801b7
22:33:45.193 (2453349101)|VARIABLE_SCOPE_BEGIN|[342]|baseField|String|false|false
22:33:45.193 (2453351381)|VARIABLE_ASSIGNMENT|[342]|baseField|"Quoted_Price__c"
22:33:45.193 (2453352531)|VARIABLE_SCOPE_BEGIN|[342]|rollupField|String|false|false
22:33:45.193 (2453354811)|VARIABLE_ASSIGNMENT|[342]|rollupField|"Avg_Quoted_Price__c"
22:33:45.193 (2453356021)|VARIABLE_SCOPE_BEGIN|[342]|operation|String|false|false
22:33:45.193 (2453358051)|VARIABLE_ASSIGNMENT|[342]|operation|"Average"
22:33:45.193 (2453359181)|VARIABLE_SCOPE_BEGIN|[342]|alias|String|false|false
22:33:45.193 (2453361201)|VARIABLE_ASSIGNMENT|[342]|alias|"alias2"
22:33:45.193 (2453362961)|HEAP_ALLOCATE|[343]|Bytes:5
22:33:45.193 (2453364171)|STATEMENT_EXECUTE|[336]
22:33:45.193 (2453365061)|HEAP_ALLOCATE|[343]|Bytes:5
22:33:45.193 (2453366011)|STATEMENT_EXECUTE|[337]
22:33:45.193 (2453366441)|STATEMENT_EXECUTE|[338]
22:33:45.193 (2453366831)|STATEMENT_EXECUTE|[339]
22:33:45.193 (2453367221)|STATEMENT_EXECUTE|[340]
22:33:45.193 (2453370421)|STATEMENT_EXECUTE|[342]
22:33:45.193 (2453370871)|STATEMENT_EXECUTE|[343]
22:33:45.193 (2453372731)|VARIABLE_ASSIGNMENT|[343]|this.baseField|"Quoted_Price__c"|0x7ce801b7
22:33:45.193 (2453374311)|STATEMENT_EXECUTE|[344]
22:33:45.193 (2453375771)|VARIABLE_ASSIGNMENT|[344]|this.rollupField|"Avg_Quoted_Price__c"|0x7ce801b7
22:33:45.193 (2453377181)|STATEMENT_EXECUTE|[345]
22:33:45.193 (2453378571)|VARIABLE_ASSIGNMENT|[345]|this.operation|"Average"|0x7ce801b7
22:33:45.193 (2453379961)|STATEMENT_EXECUTE|[346]
22:33:45.193 (2453381271)|VARIABLE_ASSIGNMENT|[346]|this.alias|"alias2"|0x7ce801b7
22:33:45.193 (2453384241)|CONSTRUCTOR_EXIT|[364]|01phG000000VBbt|<init>(String,String,String,String)|QuoteLineTriggerHandler.RollupMapping
22:33:45.193 (2453386831)|HEAP_ALLOCATE|[EXTERNAL]|Bytes:4
22:33:45.193 (2453388541)|STATEMENT_EXECUTE|[370]
22:33:45.193 (2453389291)|HEAP_ALLOCATE|[370]|Bytes:4
22:33:45.193 (2453390891)|VARIABLE_ASSIGNMENT|[370]|aliasCounter|3
22:33:45.193 (2453393481)|HEAP_ALLOCATE|[359]|Bytes:5
22:33:45.193 (2453396761)|VARIABLE_SCOPE_BEGIN|[359]|cmdt|Quote_Line_Rollup_Field_Mapping__mdt|true|false
22:33:45.193 (2453407471)|VARIABLE_ASSIGNMENT|[359]|cmdt|{"Rollup_Field__c":"Average_Quoted_Usage (7 more) ...","IsProtected":false,"Label":"Quoted Usage Amt","MasterLabel":"Quoted Usage Amt","SystemModstamp":"2026-08-14T06:56:35.000Z","Type_of_Operation__c":"Average","Field__c":"Quoted_Usage_Amt__c","Language":"en_US","ManageableState":"U","QualifiedApiName":"Quoted_Usage_Amt","Id":"m0BhG000002iHwu","DeveloperName":"Quoted_Usage_Amt"}|0x26b265c2
22:33:45.193 (2453409921)|STATEMENT_EXECUTE|[359]
22:33:45.193 (2453419781)|STATEMENT_EXECUTE|[362]
22:33:45.193 (2453420231)|STATEMENT_EXECUTE|[364]
22:33:45.193 (2453420921)|HEAP_ALLOCATE|[364]|Bytes:20
22:33:45.193 (2453424521)|HEAP_ALLOCATE|[368]|Bytes:1
22:33:45.193 (2453427051)|HEAP_ALLOCATE|[368]|Bytes:6
22:33:45.193 (2453429221)|CONSTRUCTOR_ENTRY|[364]|01phG000000VBbt|<init>(String,String,String,String)|QuoteLineTriggerHandler.RollupMapping
22:33:45.193 (2453430821)|VARIABLE_SCOPE_BEGIN|[342]|this|QuoteLineTriggerHandler.RollupMapping|true|false
22:33:45.193 (2453434621)|VARIABLE_ASSIGNMENT|[342]|this|{}|0x42baf2d9
22:33:45.193 (2453435961)|VARIABLE_SCOPE_BEGIN|[342]|baseField|String|false|false
22:33:45.193 (2453438231)|VARIABLE_ASSIGNMENT|[342]|baseField|"Quoted_Usage_Amt__c"
22:33:45.193 (2453439381)|VARIABLE_SCOPE_BEGIN|[342]|rollupField|String|false|false
22:33:45.193 (2453441761)|VARIABLE_ASSIGNMENT|[342]|rollupField|"Average_Quoted_Usage (7 more) ..."
22:33:45.193 (2453442931)|VARIABLE_SCOPE_BEGIN|[342]|operation|String|false|false
22:33:45.193 (2453445001)|VARIABLE_ASSIGNMENT|[342]|operation|"Average"
22:33:45.193 (2453446101)|VARIABLE_SCOPE_BEGIN|[342]|alias|String|false|false
22:33:45.193 (2453448161)|VARIABLE_ASSIGNMENT|[342]|alias|"alias3"
22:33:45.193 (2453449802)|HEAP_ALLOCATE|[343]|Bytes:5
22:33:45.193 (2453450782)|STATEMENT_EXECUTE|[336]
22:33:45.193 (2453451592)|HEAP_ALLOCATE|[343]|Bytes:5
22:33:45.193 (2453452602)|STATEMENT_EXECUTE|[337]
22:33:45.193 (2453453022)|STATEMENT_EXECUTE|[338]
22:33:45.193 (2453453412)|STATEMENT_EXECUTE|[339]
22:33:45.193 (2453453802)|STATEMENT_EXECUTE|[340]
22:33:45.193 (2453456532)|STATEMENT_EXECUTE|[342]
22:33:45.193 (2453457012)|STATEMENT_EXECUTE|[343]
22:33:45.193 (2453458562)|VARIABLE_ASSIGNMENT|[343]|this.baseField|"Quoted_Usage_Amt__c"|0x42baf2d9
22:33:45.193 (2453460032)|STATEMENT_EXECUTE|[344]
22:33:45.193 (2453461582)|VARIABLE_ASSIGNMENT|[344]|this.rollupField|"Average_Quoted_Usage (7 more) ..."|0x42baf2d9
22:33:45.193 (2453462982)|STATEMENT_EXECUTE|[345]
22:33:45.193 (2453464322)|VARIABLE_ASSIGNMENT|[345]|this.operation|"Average"|0x42baf2d9
22:33:45.193 (2453465632)|STATEMENT_EXECUTE|[346]
22:33:45.193 (2453466952)|VARIABLE_ASSIGNMENT|[346]|this.alias|"alias3"|0x42baf2d9
22:33:45.193 (2453469522)|CONSTRUCTOR_EXIT|[364]|01phG000000VBbt|<init>(String,String,String,String)|QuoteLineTriggerHandler.RollupMapping
22:33:45.193 (2453472042)|HEAP_ALLOCATE|[EXTERNAL]|Bytes:4
22:33:45.193 (2453473662)|STATEMENT_EXECUTE|[370]
22:33:45.193 (2453474182)|HEAP_ALLOCATE|[370]|Bytes:4
22:33:45.193 (2453475742)|VARIABLE_ASSIGNMENT|[370]|aliasCounter|4
22:33:45.193 (2453478182)|HEAP_ALLOCATE|[359]|Bytes:5
22:33:45.193 (2453480972)|VARIABLE_SCOPE_BEGIN|[359]|cmdt|Quote_Line_Rollup_Field_Mapping__mdt|true|false
22:33:45.193 (2453490282)|VARIABLE_ASSIGNMENT|[359]|cmdt|{"Rollup_Field__c":"Average_Quoted_Usage (11 more) ...","IsProtected":false,"Label":"Quoted Usage %","MasterLabel":"Quoted Usage %","SystemModstamp":"2026-08-14T06:56:16.000Z","Type_of_Operation__c":"Average","Field__c":"Quoted_Usage_Percent (3 more) ...","Language":"en_US","ManageableState":"U","QualifiedApiName":"Quoted_Usage_Percent","Id":"m0BhG000002i1fC","DeveloperName":"Quoted_Usage_Percent"}|0x3354b6a1
22:33:45.193 (2453492622)|STATEMENT_EXECUTE|[359]
22:33:45.193 (2453502452)|STATEMENT_EXECUTE|[362]
22:33:45.193 (2453502902)|STATEMENT_EXECUTE|[364]
22:33:45.193 (2453503522)|HEAP_ALLOCATE|[364]|Bytes:20
22:33:45.193 (2453506972)|HEAP_ALLOCATE|[368]|Bytes:1
22:33:45.193 (2453509472)|HEAP_ALLOCATE|[368]|Bytes:6
22:33:45.193 (2453511422)|CONSTRUCTOR_ENTRY|[364]|01phG000000VBbt|<init>(String,String,String,String)|QuoteLineTriggerHandler.RollupMapping
22:33:45.193 (2453513092)|VARIABLE_SCOPE_BEGIN|[342]|this|QuoteLineTriggerHandler.RollupMapping|true|false
22:33:45.193 (2453516762)|VARIABLE_ASSIGNMENT|[342]|this|{}|0x4088e7e7
22:33:45.193 (2453518092)|VARIABLE_SCOPE_BEGIN|[342]|baseField|String|false|false
22:33:45.193 (2453520412)|VARIABLE_ASSIGNMENT|[342]|baseField|"Quoted_Usage_Percent (3 more) ..."
22:33:45.193 (2453521562)|VARIABLE_SCOPE_BEGIN|[342]|rollupField|String|false|false
22:33:45.193 (2453523932)|VARIABLE_ASSIGNMENT|[342]|rollupField|"Average_Quoted_Usage (11 more) ..."
22:33:45.193 (2453525122)|VARIABLE_SCOPE_BEGIN|[342]|operation|String|false|false
22:33:45.193 (2453527162)|VARIABLE_ASSIGNMENT|[342]|operation|"Average"
22:33:45.193 (2453528262)|VARIABLE_SCOPE_BEGIN|[342]|alias|String|false|false
22:33:45.193 (2453530342)|VARIABLE_ASSIGNMENT|[342]|alias|"alias4"
22:33:45.193 (2453532042)|HEAP_ALLOCATE|[343]|Bytes:5
22:33:45.193 (2453532992)|STATEMENT_EXECUTE|[336]
22:33:45.193 (2453533822)|HEAP_ALLOCATE|[343]|Bytes:5
22:33:45.193 (2453534752)|STATEMENT_EXECUTE|[337]
22:33:45.193 (2453535182)|STATEMENT_EXECUTE|[338]
22:33:45.193 (2453535762)|STATEMENT_EXECUTE|[339]
22:33:45.193 (2453536142)|STATEMENT_EXECUTE|[340]
22:33:45.193 (2453538582)|STATEMENT_EXECUTE|[342]
22:33:45.193 (2453539002)|STATEMENT_EXECUTE|[343]
22:33:45.193 (2453540672)|VARIABLE_ASSIGNMENT|[343]|this.baseField|"Quoted_Usage_Percent (3 more) ..."|0x4088e7e7
22:33:45.193 (2453542162)|STATEMENT_EXECUTE|[344]
22:33:45.193 (2453543702)|VARIABLE_ASSIGNMENT|[344]|this.rollupField|"Average_Quoted_Usage (11 more) ..."|0x4088e7e7
22:33:45.193 (2453545082)|STATEMENT_EXECUTE|[345]
22:33:45.193 (2453546432)|VARIABLE_ASSIGNMENT|[345]|this.operation|"Average"|0x4088e7e7
22:33:45.193 (2453547782)|STATEMENT_EXECUTE|[346]
22:33:45.193 (2453549102)|VARIABLE_ASSIGNMENT|[346]|this.alias|"alias4"|0x4088e7e7
22:33:45.193 (2453551682)|CONSTRUCTOR_EXIT|[364]|01phG000000VBbt|<init>(String,String,String,String)|QuoteLineTriggerHandler.RollupMapping
22:33:45.193 (2453554182)|HEAP_ALLOCATE|[EXTERNAL]|Bytes:4
22:33:45.193 (2453555792)|STATEMENT_EXECUTE|[370]
22:33:45.193 (2453556322)|HEAP_ALLOCATE|[370]|Bytes:4
22:33:45.193 (2453557882)|VARIABLE_ASSIGNMENT|[370]|aliasCounter|5
22:33:45.193 (2453560362)|HEAP_ALLOCATE|[359]|Bytes:5
22:33:45.193 (2453563402)|VARIABLE_ASSIGNMENT|[359]|cmdt|null|
22:33:45.193 (2453565552)|STATEMENT_EXECUTE|[373]
22:33:45.193 (2453570502)|METHOD_EXIT|[380]|01phG000000VBbt|QuoteLineTriggerHandler.getRollupMappings()
22:33:45.193 (2453572982)|VARIABLE_SCOPE_BEGIN|[380]|fieldMappings|List<QuoteLineTriggerHandler.RollupMapping>|true|false
22:33:45.193 (2453594393)|VARIABLE_ASSIGNMENT|[380]|fieldMappings|[{"alias":"alias0","baseField":"NS_Usage_Rate__c","operation":"Average","rollupField":"Avg_Quoted_Rate__c"},{"alias":"alias1","baseField":"SBQQ__ProrateMultipl (6 more) ...","operation":"Sum","rollupField":"Total_Prorate_Multip (7 more) ..."},{"alias":"alias2","baseField":"Quoted_Price__c","operation":"Average","rollupField":"Avg_Quoted_Price__c"},{"alias":"alias3","baseField":"Quoted_Usage_Amt__c","operation":"Average","rollupField":"Average_Quoted_Usage (7 more) ..."},{"alias":"alias4","baseField":"Quoted_Usage_Percent (3 more) ...","operation":"Average","rollupField":"Average_Quoted_Usage (11 more) ..."}]|0x2450e163
22:33:45.193 (2453609003)|STATEMENT_EXECUTE|[381]
22:33:45.193 (2453609713)|STATEMENT_EXECUTE|[383]
22:33:45.193 (2453617943)|HEAP_ALLOCATE|[383]|Bytes:4
22:33:45.193 (2453631563)|VARIABLE_SCOPE_BEGIN|[383]|quoteIds|Set<Id>|true|false
22:33:45.193 (2453650653)|VARIABLE_ASSIGNMENT|[383]|quoteIds|[]|0x51f38620
22:33:45.193 (2453664553)|HEAP_ALLOCATE|[385]|Bytes:5
22:33:45.193 (2453670403)|VARIABLE_SCOPE_BEGIN|[385]|ql|SBQQ__QuoteLine__c|true|false
22:33:45.193 (2455185434)|VARIABLE_ASSIGNMENT|[385]|ql|{"LastModifiedDate":"2026-09-01T17:03:45.000Z","View_Only__c":"If you need to edit  (57 more) ...","Group_Allow_Product_Ramping__c":false,"SBQQ__Hidden__c":false,"SBQQ__NonDiscountable__c":false,"SBQQ__Markup__c":0.00,"SBQQ__CarryoverLine__c":false,"Price__c":"USD 0.00","Bill_To_Ultimate_Parent__c":"001hG00000Bgdcv","Name":"QL-0381040","SBQQ__Existing__c":false,"Partner_Required__c":false,"SBQQ__ProductName__c":"Parent Bundle Produc (1 more) ...","CreatedById":"005Pb00000IYVNBIA5","Adj_Rate_not_equal_Usage_Rate__c":false,"Opportunity_Record_Type_Name__c":"Education","SBQQ__PriceEditable__c":false,"SBQQ__PackageCost__c":0.00,"SBQQ__ComponentUpliftedByPackage__c":false,"SBQQ__TotalDiscountAmount__c":0.00,"SBQQ__AllowAssetRefund__c":false,"IsDeleted":false,"SBQQ__HasConsumptionSchedule__c":false,"SBQQ__Optional__c":false,"Debug_Mode__c":false,"SBQQ__NonPartnerDiscountable__c":false,"SBQQ__Quote__c":"a2NhG000003xHKrUAM","Quote_Vertical__c":"Education","Surcharging__c":"No","CurrencyIsoCode":"USD","Requires_ARR_Fields_Completion__c":false,"Requires_Usage_Type__c":false,"SBQQ__PackageTotal__c":0.00,"Interchange_Rate__c":2.000,"CreatedDate":"2026-09-01T17:03:45.000Z","SBQQ__AdditionalDiscount__c":0.00,"Id":"a1zhG000000MyYbQAK","Status__c":"Active","QuoteLineLongID__c":"a1zhG000000MyYbQAK","SBQQ__EffectiveQuantity__c":0.00,"Duplicate_QuoteLine__c":false,"SBQQ__ConfigurationRequired__c":false,"SBQQ__CostEditable__c":false,"SBQQ__ComponentDiscountedByPackage__c":false,"SBQQ__Renewal__c":false,"Rev_Share__c":false,"QL_count_usage_field_values__c":false,"SBQQ__PackageListTotal__c":0.00,"Exception_Pricing__c":false,"Separate_Entity__c":1,"CC_Country__c":"All","MPP_Card_Usage_Included__c":"No","Invalid_Account_Edit__c":false,"Quote_Line_Type__c":"New","SBQQ__Group__c":"a1xhG000000C3RxQAK","SBQQ__SubscriptionScope__c":"Quote","SBQQ__TotalDiscountRate__c":0.000,"Is_Amex_Gateway__c":false,"One_Door__c":"No","SBQQ__Bundled__c":false,"CPQ_Migrated_Record__c":false,"Rate_Details_Changed__c":false,"Price_Change__c":false,"Tiered_Pricing__c":false,"SBQQ__Bundle__c":false,"SystemModstamp":"2026-09-01T17:03:45.000Z","SBQQ__Product__c":"01thG000001unGnQAI","Quote_Line_Type_background__c":"New","SBQQ__PricingMethodEditable__c":false,"Quote_Line_Group_Start_Date_Match__c":false,"SBQQ__Uplift__c":0.00,"SBQQ__Taxable__c":false,"SBQQ__PricingMethod__c":"List","No_Usage_Rate_Present__c":false,"SBQQ__ProductCode__c":"PARENT-PROD","LastModifiedById":"005Pb00000IYVNBIA5","SBQQ__Incomplete__c":false}|0x659d0060
22:33:45.193 (2455199735)|STATEMENT_EXECUTE|[385]
22:33:45.193 (2455201065)|STATEMENT_EXECUTE|[386]
22:33:45.193 (2455201565)|STATEMENT_EXECUTE|[387]
22:33:45.193 (2455230235)|HEAP_ALLOCATE|[EXTERNAL]|Bytes:4
22:33:45.193 (2455240945)|HEAP_ALLOCATE|[385]|Bytes:5
22:33:45.193 (2455247765)|VARIABLE_ASSIGNMENT|[385]|ql|null|
22:33:45.193 (2455254765)|STATEMENT_EXECUTE|[408]
22:33:45.193 (2455255325)|STATEMENT_EXECUTE|[410]
22:33:45.193 (2455256665)|HEAP_ALLOCATE|[410]|Bytes:39
22:33:45.193 (2455259585)|VARIABLE_SCOPE_BEGIN|[410]|aggQuery|String|false|false
22:33:45.193 (2455263195)|VARIABLE_ASSIGNMENT|[410]|aggQuery|"SELECT SBQQ__Quote__ (19 more) ..."
22:33:45.193 (2455332246)|HEAP_ALLOCATE|[411]|Bytes:5
22:33:45.193 (2455337136)|HEAP_ALLOCATE|[411]|Bytes:20
22:33:45.193 (2455339846)|VARIABLE_SCOPE_BEGIN|[411]|mapping|QuoteLineTriggerHandler.RollupMapping|true|false
22:33:45.193 (2455353116)|VARIABLE_ASSIGNMENT|[411]|mapping|{"alias":"alias0","baseField":"NS_Usage_Rate__c","operation":"Average","rollupField":"Avg_Quoted_Rate__c"}|0x422f8863
22:33:45.193 (2455355246)|STATEMENT_EXECUTE|[411]
22:33:45.193 (2455355826)|STATEMENT_EXECUTE|[412]
22:33:45.193 (2455356786)|VARIABLE_SCOPE_BEGIN|[412]|soqlFunction|String|false|false
22:33:45.193 (2455359316)|VARIABLE_ASSIGNMENT|[412]|soqlFunction|null
22:33:45.193 (2455364146)|HEAP_ALLOCATE|[413]|Bytes:7
22:33:45.193 (2455378616)|STATEMENT_EXECUTE|[413]
22:33:45.193 (2455379046)|STATEMENT_EXECUTE|[414]
22:33:45.193 (2455379886)|HEAP_ALLOCATE|[414]|Bytes:3
22:33:45.193 (2455381846)|VARIABLE_ASSIGNMENT|[414]|soqlFunction|"AVG"
22:33:45.193 (2455383336)|STATEMENT_EXECUTE|[423]
22:33:45.193 (2455384166)|HEAP_ALLOCATE|[423]|Bytes:2
22:33:45.193 (2455386816)|HEAP_ALLOCATE|[423]|Bytes:2
22:33:45.193 (2455394976)|HEAP_ALLOCATE|[423]|Bytes:30
22:33:45.193 (2455396986)|HEAP_ALLOCATE|[423]|Bytes:69
22:33:45.193 (2455399156)|VARIABLE_ASSIGNMENT|[423]|aggQuery|"SELECT SBQQ__Quote__ (49 more) ..."
22:33:45.193 (2455401986)|HEAP_ALLOCATE|[411]|Bytes:5
22:33:45.193 (2455404306)|HEAP_ALLOCATE|[411]|Bytes:20
22:33:45.193 (2455406096)|VARIABLE_SCOPE_BEGIN|[411]|mapping|QuoteLineTriggerHandler.RollupMapping|true|false
22:33:45.193 (2455411586)|VARIABLE_ASSIGNMENT|[411]|mapping|{"alias":"alias1","baseField":"SBQQ__ProrateMultipl (6 more) ...","operation":"Sum","rollupField":"Total_Prorate_Multip (7 more) ..."}|0x3434abd5
22:33:45.193 (2455413356)|STATEMENT_EXECUTE|[411]
22:33:45.193 (2455413776)|STATEMENT_EXECUTE|[412]
22:33:45.193 (2455414456)|VARIABLE_SCOPE_BEGIN|[412]|soqlFunction|String|false|false
22:33:45.193 (2455416706)|VARIABLE_ASSIGNMENT|[412]|soqlFunction|null
22:33:45.193 (2455422126)|HEAP_ALLOCATE|[415]|Bytes:3
22:33:45.193 (2455427776)|STATEMENT_EXECUTE|[415]
22:33:45.193 (2455428206)|STATEMENT_EXECUTE|[416]
22:33:45.193 (2455428936)|HEAP_ALLOCATE|[416]|Bytes:3
22:33:45.193 (2455430796)|VARIABLE_ASSIGNMENT|[416]|soqlFunction|"SUM"
22:33:45.193 (2455432276)|STATEMENT_EXECUTE|[423]
22:33:45.193 (2455433986)|HEAP_ALLOCATE|[423]|Bytes:40
22:33:45.193 (2455435546)|HEAP_ALLOCATE|[423]|Bytes:109
22:33:45.193 (2455437436)|VARIABLE_ASSIGNMENT|[423]|aggQuery|"SELECT SBQQ__Quote__ (89 more) ..."
22:33:45.193 (2455439726)|HEAP_ALLOCATE|[411]|Bytes:5
22:33:45.193 (2455441846)|HEAP_ALLOCATE|[411]|Bytes:20
22:33:45.193 (2455443326)|VARIABLE_SCOPE_BEGIN|[411]|mapping|QuoteLineTriggerHandler.RollupMapping|true|false
22:33:45.193 (2455447966)|VARIABLE_ASSIGNMENT|[411]|mapping|{"alias":"alias2","baseField":"Quoted_Price__c","operation":"Average","rollupField":"Avg_Quoted_Price__c"}|0x7ce801b7
22:33:45.193 (2455449706)|STATEMENT_EXECUTE|[411]
22:33:45.193 (2455450126)|STATEMENT_EXECUTE|[412]
22:33:45.193 (2455450766)|VARIABLE_SCOPE_BEGIN|[412]|soqlFunction|String|false|false
22:33:45.193 (2455452886)|VARIABLE_ASSIGNMENT|[412]|soqlFunction|null
22:33:45.193 (2455457026)|STATEMENT_EXECUTE|[413]
22:33:45.193 (2455457436)|STATEMENT_EXECUTE|[414]
22:33:45.193 (2455458636)|VARIABLE_ASSIGNMENT|[414]|soqlFunction|"AVG"
22:33:45.193 (2455459816)|STATEMENT_EXECUTE|[423]
22:33:45.193 (2455461076)|HEAP_ALLOCATE|[423]|Bytes:29
22:33:45.193 (2455462486)|HEAP_ALLOCATE|[423]|Bytes:138
22:33:45.193 (2455464457)|VARIABLE_ASSIGNMENT|[423]|aggQuery|"SELECT SBQQ__Quote__ (118 more) ..."
22:33:45.193 (2455466717)|HEAP_ALLOCATE|[411]|Bytes:5
22:33:45.193 (2455469047)|HEAP_ALLOCATE|[411]|Bytes:20
22:33:45.193 (2455470477)|VARIABLE_SCOPE_BEGIN|[411]|mapping|QuoteLineTriggerHandler.RollupMapping|true|false
22:33:45.193 (2455475187)|VARIABLE_ASSIGNMENT|[411]|mapping|{"alias":"alias3","baseField":"Quoted_Usage_Amt__c","operation":"Average","rollupField":"Average_Quoted_Usage (7 more) ..."}|0x42baf2d9
22:33:45.193 (2455476887)|STATEMENT_EXECUTE|[411]
22:33:45.193 (2455477307)|STATEMENT_EXECUTE|[412]
22:33:45.193 (2455481847)|VARIABLE_SCOPE_BEGIN|[412]|soqlFunction|String|false|false
22:33:45.193 (2455484277)|VARIABLE_ASSIGNMENT|[412]|soqlFunction|null
22:33:45.193 (2455488267)|STATEMENT_EXECUTE|[413]
22:33:45.193 (2455488687)|STATEMENT_EXECUTE|[414]
22:33:45.193 (2455489817)|VARIABLE_ASSIGNMENT|[414]|soqlFunction|"AVG"
22:33:45.193 (2455490997)|STATEMENT_EXECUTE|[423]
22:33:45.193 (2455492227)|HEAP_ALLOCATE|[423]|Bytes:33
22:33:45.193 (2455493527)|HEAP_ALLOCATE|[423]|Bytes:171
22:33:45.193 (2455495467)|VARIABLE_ASSIGNMENT|[423]|aggQuery|"SELECT SBQQ__Quote__ (151 more) ..."
22:33:45.193 (2455497647)|HEAP_ALLOCATE|[411]|Bytes:5
22:33:45.193 (2455499957)|HEAP_ALLOCATE|[411]|Bytes:20
22:33:45.193 (2455501507)|VARIABLE_SCOPE_BEGIN|[411]|mapping|QuoteLineTriggerHandler.RollupMapping|true|false
22:33:45.193 (2455506647)|VARIABLE_ASSIGNMENT|[411]|mapping|{"alias":"alias4","baseField":"Quoted_Usage_Percent (3 more) ...","operation":"Average","rollupField":"Average_Quoted_Usage (11 more) ..."}|0x4088e7e7
22:33:45.193 (2455508307)|STATEMENT_EXECUTE|[411]
22:33:45.193 (2455508727)|STATEMENT_EXECUTE|[412]
22:33:45.193 (2455509367)|VARIABLE_SCOPE_BEGIN|[412]|soqlFunction|String|false|false
22:33:45.193 (2455511507)|VARIABLE_ASSIGNMENT|[412]|soqlFunction|null
22:33:45.193 (2455515457)|STATEMENT_EXECUTE|[413]
22:33:45.193 (2455515867)|STATEMENT_EXECUTE|[414]
22:33:45.193 (2455516997)|VARIABLE_ASSIGNMENT|[414]|soqlFunction|"AVG"
22:33:45.193 (2455518227)|STATEMENT_EXECUTE|[423]
22:33:45.193 (2455519327)|HEAP_ALLOCATE|[423]|Bytes:37
22:33:45.193 (2455520587)|HEAP_ALLOCATE|[423]|Bytes:208
22:33:45.193 (2455522487)|VARIABLE_ASSIGNMENT|[423]|aggQuery|"SELECT SBQQ__Quote__ (188 more) ..."
22:33:45.193 (2455524707)|HEAP_ALLOCATE|[411]|Bytes:5
22:33:45.193 (2455527277)|VARIABLE_ASSIGNMENT|[411]|mapping|null|
22:33:45.193 (2455529277)|STATEMENT_EXECUTE|[425]
22:33:45.193 (2455530217)|HEAP_ALLOCATE|[425]|Bytes:129
22:33:45.193 (2455531897)|HEAP_ALLOCATE|[425]|Bytes:337
22:33:45.193 (2455533747)|VARIABLE_ASSIGNMENT|[425]|aggQuery|"SELECT SBQQ__Quote__ (317 more) ..."
22:33:45.193 (2455535127)|STATEMENT_EXECUTE|[427]
22:33:45.193 (2456722706)|SOQL_EXECUTE_BEGIN|[427]|Aggregations:0|SELECT SBQQ__Quote__c, SBQQ__Product__c, AVG(NS_Usage_Rate__c) alias0, SUM(SBQQ__ProrateMultiplier__c) alias1, AVG(Quoted_Price__c) alias2, AVG(Quoted_Usage_Amt__c) alias3, AVG(Quoted_Usage_Percent__c) alias4 FROM SBQQ__QuoteLine__c WHERE SBQQ__Quote__c IN :quoteIds AND SBQQ__Product__c != null GROUP BY SBQQ__Quote__c, SBQQ__Product__c
22:33:45.193 (2469664973)|SOQL_EXECUTE_END|[427]|Rows:1
22:33:45.193 (2469703863)|HEAP_ALLOCATE|[427]|Bytes:8
22:33:45.193 (2469724413)|HEAP_ALLOCATE|[427]|Bytes:129
22:33:45.193 (2469835114)|HEAP_ALLOCATE|[427]|Bytes:8
22:33:45.193 (2469864834)|VARIABLE_SCOPE_BEGIN|[427]|aggResults|List<AggregateResult>|true|false
22:33:45.193 (2470043926)|VARIABLE_ASSIGNMENT|[427]|aggResults|[{"SBQQ__Product__c":"01thG000001unGnQAI","SBQQ__Quote__c":"a2NhG000003xHKrUAM"}]|0xd77b28f
22:33:45.193 (2470049316)|STATEMENT_EXECUTE|[429]
22:33:45.193 (2470076406)|HEAP_ALLOCATE|[429]|Bytes:4
22:33:45.193 (2470092206)|VARIABLE_SCOPE_BEGIN|[429]|rollupDataMap|Map<String,Map<String,Decimal>>|true|false
22:33:45.193 (2470112066)|VARIABLE_ASSIGNMENT|[429]|rollupDataMap|{}|0x27adb6df
22:33:45.193 (2470266177)|HEAP_ALLOCATE|[430]|Bytes:5
22:33:45.193 (2470295547)|HEAP_ALLOCATE|[430]|Bytes:32
22:33:45.193 (2470301437)|VARIABLE_SCOPE_BEGIN|[430]|ar|AggregateResult|true|false
22:33:45.193 (2470316968)|VARIABLE_ASSIGNMENT|[430]|ar|{"SBQQ__Product__c":"01thG000001unGnQAI","SBQQ__Quote__c":"a2NhG000003xHKrUAM"}|0x5790fdf4
22:33:45.193 (2470319908)|STATEMENT_EXECUTE|[430]
22:33:45.193 (2470320638)|STATEMENT_EXECUTE|[431]
22:33:45.193 (2470371008)|HEAP_ALLOCATE|[431]|Bytes:4
22:33:45.193 (2470376928)|HEAP_ALLOCATE|[431]|Bytes:4
22:33:45.193 (2470397218)|HEAP_ALLOCATE|[431]|Bytes:18
22:33:45.193 (2470404828)|HEAP_ALLOCATE|[431]|Bytes:4
22:33:45.193 (2470407648)|HEAP_ALLOCATE|[431]|Bytes:4
22:33:45.193 (2470410358)|HEAP_ALLOCATE|[431]|Bytes:18
22:33:45.193 (2470415898)|HEAP_ALLOCATE|[431]|Bytes:37
22:33:45.193 (2470417798)|VARIABLE_SCOPE_BEGIN|[431]|key|String|false|false
22:33:45.193 (2470422358)|VARIABLE_ASSIGNMENT|[431]|key|"a2NhG000003xHKrUAM-0 (17 more) ..."
22:33:45.193 (2470423908)|STATEMENT_EXECUTE|[432]
22:33:45.193 (2470428638)|HEAP_ALLOCATE|[432]|Bytes:4
22:33:45.193 (2470433798)|VARIABLE_SCOPE_BEGIN|[432]|calculatedRollups|Map<String,Decimal>|true|false
22:33:45.193 (2470438308)|VARIABLE_ASSIGNMENT|[432]|calculatedRollups|{}|0x1d41a297
22:33:45.193 (2470461989)|HEAP_ALLOCATE|[434]|Bytes:5
22:33:45.193 (2470468549)|HEAP_ALLOCATE|[434]|Bytes:20
22:33:45.193 (2470471489)|VARIABLE_SCOPE_BEGIN|[434]|mapping|QuoteLineTriggerHandler.RollupMapping|true|false
22:33:45.193 (2470497609)|VARIABLE_ASSIGNMENT|[434]|mapping|{"alias":"alias0","baseField":"NS_Usage_Rate__c","operation":"Average","rollupField":"Avg_Quoted_Rate__c"}|0x422f8863
22:33:45.193 (2470499799)|STATEMENT_EXECUTE|[434]
22:33:45.193 (2470500429)|STATEMENT_EXECUTE|[435]
22:33:45.193 (2470523269)|HEAP_ALLOCATE|[EXTERNAL]|Bytes:-4
22:33:45.193 (2470529439)|HEAP_ALLOCATE|[434]|Bytes:5
22:33:45.193 (2470532229)|HEAP_ALLOCATE|[434]|Bytes:20
22:33:45.193 (2470533939)|VARIABLE_SCOPE_BEGIN|[434]|mapping|QuoteLineTriggerHandler.RollupMapping|true|false
22:33:45.193 (2470541039)|VARIABLE_ASSIGNMENT|[434]|mapping|{"alias":"alias1","baseField":"SBQQ__ProrateMultipl (6 more) ...","operation":"Sum","rollupField":"Total_Prorate_Multip (7 more) ..."}|0x3434abd5
22:33:45.193 (2470543179)|STATEMENT_EXECUTE|[434]
22:33:45.193 (2470543609)|STATEMENT_EXECUTE|[435]
22:33:45.193 (2470549979)|HEAP_ALLOCATE|[EXTERNAL]|Bytes:-4
22:33:45.193 (2470552879)|HEAP_ALLOCATE|[434]|Bytes:5
22:33:45.193 (2470555439)|HEAP_ALLOCATE|[434]|Bytes:20
22:33:45.193 (2470556979)|VARIABLE_SCOPE_BEGIN|[434]|mapping|QuoteLineTriggerHandler.RollupMapping|true|false
22:33:45.193 (2470562479)|VARIABLE_ASSIGNMENT|[434]|mapping|{"alias":"alias2","baseField":"Quoted_Price__c","operation":"Average","rollupField":"Avg_Quoted_Price__c"}|0x7ce801b7
22:33:45.193 (2470564049)|STATEMENT_EXECUTE|[434]
22:33:45.193 (2470564479)|STATEMENT_EXECUTE|[435]
22:33:45.193 (2470569869)|HEAP_ALLOCATE|[EXTERNAL]|Bytes:-4
22:33:45.193 (2470573509)|HEAP_ALLOCATE|[434]|Bytes:5
22:33:45.193 (2470575799)|HEAP_ALLOCATE|[434]|Bytes:20
22:33:45.193 (2470577309)|VARIABLE_SCOPE_BEGIN|[434]|mapping|QuoteLineTriggerHandler.RollupMapping|true|false
22:33:45.193 (2470587870)|VARIABLE_ASSIGNMENT|[434]|mapping|{"alias":"alias3","baseField":"Quoted_Usage_Amt__c","operation":"Average","rollupField":"Average_Quoted_Usage (7 more) ..."}|0x42baf2d9
22:33:45.193 (2470589650)|STATEMENT_EXECUTE|[434]
22:33:45.193 (2470590090)|STATEMENT_EXECUTE|[435]
22:33:45.193 (2470595370)|HEAP_ALLOCATE|[EXTERNAL]|Bytes:-4
22:33:45.193 (2470597960)|HEAP_ALLOCATE|[434]|Bytes:5
22:33:45.193 (2470600290)|HEAP_ALLOCATE|[434]|Bytes:20
22:33:45.193 (2470601820)|VARIABLE_SCOPE_BEGIN|[434]|mapping|QuoteLineTriggerHandler.RollupMapping|true|false
22:33:45.193 (2470607380)|VARIABLE_ASSIGNMENT|[434]|mapping|{"alias":"alias4","baseField":"Quoted_Usage_Percent (3 more) ...","operation":"Average","rollupField":"Average_Quoted_Usage (11 more) ..."}|0x4088e7e7
22:33:45.193 (2470609090)|STATEMENT_EXECUTE|[434]
22:33:45.193 (2470609540)|STATEMENT_EXECUTE|[435]
22:33:45.193 (2470614690)|HEAP_ALLOCATE|[EXTERNAL]|Bytes:-4
22:33:45.193 (2470617290)|HEAP_ALLOCATE|[434]|Bytes:5
22:33:45.193 (2470621360)|VARIABLE_ASSIGNMENT|[434]|mapping|null|
22:33:45.193 (2470624200)|STATEMENT_EXECUTE|[437]
22:33:45.193 (2470638710)|HEAP_ALLOCATE|[EXTERNAL]|Bytes:-4
22:33:45.193 (2470643380)|HEAP_ALLOCATE|[430]|Bytes:5
22:33:45.193 (2470646590)|VARIABLE_ASSIGNMENT|[430]|ar|null|
22:33:45.193 (2470648290)|STATEMENT_EXECUTE|[440]
22:33:45.193 (2470649470)|HEAP_ALLOCATE|[440]|Bytes:63
22:33:45.193 (2470651360)|VARIABLE_SCOPE_BEGIN|[440]|sortQuery|String|false|false
22:33:45.193 (2470654650)|VARIABLE_ASSIGNMENT|[440]|sortQuery|"SELECT Id, SBQQ__Quo (43 more) ..."
22:33:45.193 (2470661870)|HEAP_ALLOCATE|[441]|Bytes:5
22:33:45.193 (2470664580)|HEAP_ALLOCATE|[441]|Bytes:20
22:33:45.193 (2470666450)|VARIABLE_SCOPE_BEGIN|[441]|mapping|QuoteLineTriggerHandler.RollupMapping|true|false
22:33:45.193 (2470682170)|VARIABLE_ASSIGNMENT|[441]|mapping|{"alias":"alias0","baseField":"NS_Usage_Rate__c","operation":"Average","rollupField":"Avg_Quoted_Rate__c"}|0x422f8863
22:33:45.193 (2470684100)|STATEMENT_EXECUTE|[441]
22:33:45.193 (2470684550)|STATEMENT_EXECUTE|[442]
22:33:45.193 (2470688730)|HEAP_ALLOCATE|[442]|Bytes:20
22:33:45.193 (2470690550)|HEAP_ALLOCATE|[442]|Bytes:83
22:33:45.193 (2470692790)|VARIABLE_ASSIGNMENT|[442]|sortQuery|"SELECT Id, SBQQ__Quo (63 more) ..."
22:33:45.193 (2470703170)|HEAP_ALLOCATE|[441]|Bytes:5
22:33:45.193 (2470710080)|HEAP_ALLOCATE|[441]|Bytes:20
22:33:45.193 (2470711860)|VARIABLE_SCOPE_BEGIN|[441]|mapping|QuoteLineTriggerHandler.RollupMapping|true|false
22:33:45.193 (2470716920)|VARIABLE_ASSIGNMENT|[441]|mapping|{"alias":"alias1","baseField":"SBQQ__ProrateMultipl (6 more) ...","operation":"Sum","rollupField":"Total_Prorate_Multip (7 more) ..."}|0x3434abd5
22:33:45.193 (2470718620)|STATEMENT_EXECUTE|[441]
22:33:45.193 (2470719070)|STATEMENT_EXECUTE|[442]
22:33:45.193 (2470720040)|HEAP_ALLOCATE|[442]|Bytes:29
22:33:45.193 (2470721501)|HEAP_ALLOCATE|[442]|Bytes:112
22:33:45.193 (2470723531)|VARIABLE_ASSIGNMENT|[442]|sortQuery|"SELECT Id, SBQQ__Quo (92 more) ..."
22:33:45.193 (2470725821)|HEAP_ALLOCATE|[441]|Bytes:5
22:33:45.193 (2470728051)|HEAP_ALLOCATE|[441]|Bytes:20
22:33:45.193 (2470729541)|VARIABLE_SCOPE_BEGIN|[441]|mapping|QuoteLineTriggerHandler.RollupMapping|true|false
22:33:45.193 (2470734041)|VARIABLE_ASSIGNMENT|[441]|mapping|{"alias":"alias2","baseField":"Quoted_Price__c","operation":"Average","rollupField":"Avg_Quoted_Price__c"}|0x7ce801b7
22:33:45.193 (2470735541)|STATEMENT_EXECUTE|[441]
22:33:45.193 (2470735981)|STATEMENT_EXECUTE|[442]
22:33:45.193 (2470736791)|HEAP_ALLOCATE|[442]|Bytes:21
22:33:45.193 (2470738201)|HEAP_ALLOCATE|[442]|Bytes:133
22:33:45.193 (2470740421)|VARIABLE_ASSIGNMENT|[442]|sortQuery|"SELECT Id, SBQQ__Quo (113 more) ..."
22:33:45.193 (2470742681)|HEAP_ALLOCATE|[441]|Bytes:5
22:33:45.193 (2470744881)|HEAP_ALLOCATE|[441]|Bytes:20
22:33:45.193 (2470746331)|VARIABLE_SCOPE_BEGIN|[441]|mapping|QuoteLineTriggerHandler.RollupMapping|true|false
22:33:45.193 (2470750681)|VARIABLE_ASSIGNMENT|[441]|mapping|{"alias":"alias3","baseField":"Quoted_Usage_Amt__c","operation":"Average","rollupField":"Average_Quoted_Usage (7 more) ..."}|0x42baf2d9
22:33:45.193 (2470752241)|STATEMENT_EXECUTE|[441]
22:33:45.193 (2470752691)|STATEMENT_EXECUTE|[442]
22:33:45.193 (2470753481)|HEAP_ALLOCATE|[442]|Bytes:29
22:33:45.193 (2470754861)|HEAP_ALLOCATE|[442]|Bytes:162
22:33:45.193 (2470756931)|VARIABLE_ASSIGNMENT|[442]|sortQuery|"SELECT Id, SBQQ__Quo (142 more) ..."
22:33:45.193 (2470759121)|HEAP_ALLOCATE|[441]|Bytes:5
22:33:45.193 (2470761411)|HEAP_ALLOCATE|[441]|Bytes:20
22:33:45.193 (2470762931)|VARIABLE_SCOPE_BEGIN|[441]|mapping|QuoteLineTriggerHandler.RollupMapping|true|false
22:33:45.193 (2470767581)|VARIABLE_ASSIGNMENT|[441]|mapping|{"alias":"alias4","baseField":"Quoted_Usage_Percent (3 more) ...","operation":"Average","rollupField":"Average_Quoted_Usage (11 more) ..."}|0x4088e7e7
22:33:45.193 (2470769241)|STATEMENT_EXECUTE|[441]
22:33:45.193 (2470769681)|STATEMENT_EXECUTE|[442]
22:33:45.193 (2470770591)|HEAP_ALLOCATE|[442]|Bytes:33
22:33:45.193 (2470771961)|HEAP_ALLOCATE|[442]|Bytes:195
22:33:45.193 (2470773981)|VARIABLE_ASSIGNMENT|[442]|sortQuery|"SELECT Id, SBQQ__Quo (175 more) ..."
22:33:45.193 (2470779881)|HEAP_ALLOCATE|[441]|Bytes:5
22:33:45.193 (2470782681)|VARIABLE_ASSIGNMENT|[441]|mapping|null|
22:33:45.193 (2470784391)|STATEMENT_EXECUTE|[444]
22:33:45.193 (2470785251)|HEAP_ALLOCATE|[444]|Bytes:164
22:33:45.193 (2470787051)|HEAP_ALLOCATE|[444]|Bytes:359
22:33:45.193 (2470788961)|VARIABLE_ASSIGNMENT|[444]|sortQuery|"SELECT Id, SBQQ__Quo (339 more) ..."
22:33:45.193 (2470790211)|STATEMENT_EXECUTE|[446]
22:33:45.193 (2471803928)|SOQL_EXECUTE_BEGIN|[446]|Aggregations:0|SELECT Id, SBQQ__Quote__c, SBQQ__Product__c, SBQQ__StartDate__c, Avg_Quoted_Rate__c, Total_Prorate_Multiplier__c, Avg_Quoted_Price__c, Average_Quoted_Usage_Amt__c, Average_Quoted_Usage_Percent__c FROM SBQQ__QuoteLine__c WHERE SBQQ__Quote__c IN :quoteIds AND SBQQ__Product__c != null ORDER BY SBQQ__Quote__c, SBQQ__Product__c, SBQQ__StartDate__c ASC NULLS LAST
22:33:45.193 (2476437463)|SOQL_EXECUTE_END|[446]|Rows:1
22:33:45.193 (2476462883)|HEAP_ALLOCATE|[446]|Bytes:8
22:33:45.193 (2476472153)|HEAP_ALLOCATE|[446]|Bytes:103
22:33:45.193 (2476510893)|HEAP_ALLOCATE|[446]|Bytes:8
22:33:45.193 (2476528013)|VARIABLE_SCOPE_BEGIN|[446]|linesToProcess|List<SBQQ__QuoteLine__c>|true|false
22:33:45.193 (2476588294)|VARIABLE_ASSIGNMENT|[446]|linesToProcess|[{"SBQQ__Product__c":"01thG000001unGnQAI","SBQQ__Quote__c":"a2NhG000003xHKrUAM","Id":"a1zhG000000MyYbQAK"}]|0x693b97cc
22:33:45.193 (2476591724)|STATEMENT_EXECUTE|[448]
22:33:45.193 (2476599784)|HEAP_ALLOCATE|[448]|Bytes:4
22:33:45.193 (2476630794)|VARIABLE_SCOPE_BEGIN|[448]|processedKeys|Set<String>|true|false
22:33:45.193 (2476646854)|VARIABLE_ASSIGNMENT|[448]|processedKeys|[]|0x3c48b52
22:33:45.193 (2476648554)|STATEMENT_EXECUTE|[449]
22:33:45.193 (2476655694)|HEAP_ALLOCATE|[449]|Bytes:4
22:33:45.193 (2476660004)|VARIABLE_SCOPE_BEGIN|[449]|recordsToUpdate|Map<Id,SBQQ__QuoteLine__c>|true|false
22:33:45.193 (2476673204)|VARIABLE_ASSIGNMENT|[449]|recordsToUpdate|{}|0x76040eed
22:33:45.193 (2476699735)|HEAP_ALLOCATE|[451]|Bytes:5
22:33:45.193 (2476709965)|HEAP_ALLOCATE|[451]|Bytes:16
22:33:45.193 (2476715295)|VARIABLE_SCOPE_BEGIN|[451]|ql|SBQQ__QuoteLine__c|true|false
22:33:45.193 (2476738305)|VARIABLE_ASSIGNMENT|[451]|ql|{"SBQQ__Product__c":"01thG000001unGnQAI","SBQQ__Quote__c":"a2NhG000003xHKrUAM","Id":"a1zhG000000MyYbQAK"}|0x1c088d43
22:33:45.193 (2476740545)|STATEMENT_EXECUTE|[451]
22:33:45.193 (2476741095)|STATEMENT_EXECUTE|[452]
22:33:45.193 (2476769625)|HEAP_ALLOCATE|[452]|Bytes:18
22:33:45.193 (2476777345)|HEAP_ALLOCATE|[452]|Bytes:18
22:33:45.193 (2476782365)|HEAP_ALLOCATE|[452]|Bytes:37
22:33:45.193 (2476783895)|VARIABLE_SCOPE_BEGIN|[452]|key|String|false|false
22:33:45.193 (2476787635)|VARIABLE_ASSIGNMENT|[452]|key|"a2NhG000003xHKrUAM-0 (17 more) ..."
22:33:45.193 (2476789115)|STATEMENT_EXECUTE|[453]
22:33:45.193 (2476804235)|HEAP_ALLOCATE|[453]|Bytes:4
22:33:45.193 (2476870966)|VARIABLE_ASSIGNMENT|[453]|this.Id|"a1zhG000000MyYbQAK"|0xe017c87
22:33:45.193 (2476894266)|VARIABLE_SCOPE_BEGIN|[453]|updateObj|SBQQ__QuoteLine__c|true|false
22:33:45.193 (2476902166)|VARIABLE_ASSIGNMENT|[453]|updateObj|{"Id":"a1zhG000000MyYbQAK"}|0xe017c87
22:33:45.193 (2476903776)|STATEMENT_EXECUTE|[454]
22:33:45.193 (2476906076)|VARIABLE_SCOPE_BEGIN|[454]|fieldChanged|Boolean|false|false
22:33:45.193 (2476909836)|HEAP_ALLOCATE|[454]|Bytes:5
22:33:45.193 (2476912716)|VARIABLE_ASSIGNMENT|[454]|fieldChanged|false
22:33:45.193 (2476929126)|STATEMENT_EXECUTE|[456]
22:33:45.193 (2476929526)|STATEMENT_EXECUTE|[457]
22:33:45.193 (2476934766)|HEAP_ALLOCATE|[EXTERNAL]|Bytes:4
22:33:45.193 (2476937546)|STATEMENT_EXECUTE|[459]
22:33:45.193 (2476953376)|VARIABLE_SCOPE_BEGIN|[459]|rollups|Map<String,Decimal>|true|false
22:33:45.193 (2476957677)|VARIABLE_ASSIGNMENT|[459]|rollups|{}|0x1d41a297
22:33:45.193 (2476960097)|STATEMENT_EXECUTE|[460]
22:33:45.193 (2476971567)|HEAP_ALLOCATE|[461]|Bytes:5
22:33:45.193 (2476976577)|HEAP_ALLOCATE|[461]|Bytes:20
22:33:45.193 (2476979297)|VARIABLE_SCOPE_BEGIN|[461]|mapping|QuoteLineTriggerHandler.RollupMapping|true|false
22:33:45.193 (2476998887)|VARIABLE_ASSIGNMENT|[461]|mapping|{"alias":"alias0","baseField":"NS_Usage_Rate__c","operation":"Average","rollupField":"Avg_Quoted_Rate__c"}|0x422f8863
22:33:45.193 (2477000787)|STATEMENT_EXECUTE|[461]
22:33:45.193 (2477001557)|STATEMENT_EXECUTE|[462]
22:33:45.193 (2477010337)|VARIABLE_SCOPE_BEGIN|[462]|calculatedValue|Decimal|false|false
22:33:45.193 (2477013597)|VARIABLE_ASSIGNMENT|[462]|calculatedValue|null
22:33:45.193 (2477038987)|STATEMENT_EXECUTE|[463]
22:33:45.193 (2477042087)|HEAP_ALLOCATE|[461]|Bytes:5
22:33:45.193 (2477045027)|HEAP_ALLOCATE|[461]|Bytes:20
22:33:45.193 (2477046867)|VARIABLE_SCOPE_BEGIN|[461]|mapping|QuoteLineTriggerHandler.RollupMapping|true|false
22:33:45.193 (2477053647)|VARIABLE_ASSIGNMENT|[461]|mapping|{"alias":"alias1","baseField":"SBQQ__ProrateMultipl (6 more) ...","operation":"Sum","rollupField":"Total_Prorate_Multip (7 more) ..."}|0x3434abd5
22:33:45.193 (2477055477)|STATEMENT_EXECUTE|[461]
22:33:45.193 (2477055957)|STATEMENT_EXECUTE|[462]
22:33:45.193 (2477058887)|VARIABLE_SCOPE_BEGIN|[462]|calculatedValue|Decimal|false|false
22:33:45.193 (2477061147)|VARIABLE_ASSIGNMENT|[462]|calculatedValue|null
22:33:45.193 (2477069677)|STATEMENT_EXECUTE|[463]
22:33:45.193 (2477071477)|HEAP_ALLOCATE|[461]|Bytes:5
22:33:45.193 (2477073857)|HEAP_ALLOCATE|[461]|Bytes:20
22:33:45.193 (2477075347)|VARIABLE_SCOPE_BEGIN|[461]|mapping|QuoteLineTriggerHandler.RollupMapping|true|false
22:33:45.193 (2477080487)|VARIABLE_ASSIGNMENT|[461]|mapping|{"alias":"alias2","baseField":"Quoted_Price__c","operation":"Average","rollupField":"Avg_Quoted_Price__c"}|0x7ce801b7
22:33:45.193 (2477081947)|STATEMENT_EXECUTE|[461]
22:33:45.193 (2477082357)|STATEMENT_EXECUTE|[462]
22:33:45.193 (2477084527)|VARIABLE_SCOPE_BEGIN|[462]|calculatedValue|Decimal|false|false
22:33:45.193 (2477086727)|VARIABLE_ASSIGNMENT|[462]|calculatedValue|null
22:33:45.193 (2477094258)|STATEMENT_EXECUTE|[463]
22:33:45.193 (2477095788)|HEAP_ALLOCATE|[461]|Bytes:5
22:33:45.193 (2477098148)|HEAP_ALLOCATE|[461]|Bytes:20
22:33:45.193 (2477099618)|VARIABLE_SCOPE_BEGIN|[461]|mapping|QuoteLineTriggerHandler.RollupMapping|true|false
22:33:45.193 (2477104778)|VARIABLE_ASSIGNMENT|[461]|mapping|{"alias":"alias3","baseField":"Quoted_Usage_Amt__c","operation":"Average","rollupField":"Average_Quoted_Usage (7 more) ..."}|0x42baf2d9
22:33:45.193 (2477106418)|STATEMENT_EXECUTE|[461]
22:33:45.193 (2477106838)|STATEMENT_EXECUTE|[462]
22:33:45.193 (2477108928)|VARIABLE_SCOPE_BEGIN|[462]|calculatedValue|Decimal|false|false
22:33:45.193 (2477111108)|VARIABLE_ASSIGNMENT|[462]|calculatedValue|null
22:33:45.193 (2477118548)|STATEMENT_EXECUTE|[463]
22:33:45.193 (2477120098)|HEAP_ALLOCATE|[461]|Bytes:5
22:33:45.193 (2477122368)|HEAP_ALLOCATE|[461]|Bytes:20
22:33:45.193 (2477123818)|VARIABLE_SCOPE_BEGIN|[461]|mapping|QuoteLineTriggerHandler.RollupMapping|true|false
22:33:45.193 (2477128828)|VARIABLE_ASSIGNMENT|[461]|mapping|{"alias":"alias4","baseField":"Quoted_Usage_Percent (3 more) ...","operation":"Average","rollupField":"Average_Quoted_Usage (11 more) ..."}|0x4088e7e7
22:33:45.193 (2477130508)|STATEMENT_EXECUTE|[461]
22:33:45.193 (2477130918)|STATEMENT_EXECUTE|[462]
22:33:45.193 (2477132988)|VARIABLE_SCOPE_BEGIN|[462]|calculatedValue|Decimal|false|false
22:33:45.193 (2477135158)|VARIABLE_ASSIGNMENT|[462]|calculatedValue|null
22:33:45.193 (2477142288)|STATEMENT_EXECUTE|[463]
22:33:45.193 (2477143808)|HEAP_ALLOCATE|[461]|Bytes:5
22:33:45.193 (2477146708)|VARIABLE_ASSIGNMENT|[461]|mapping|null|
22:33:45.193 (2477150268)|STATEMENT_EXECUTE|[478]
22:33:45.193 (2477153708)|HEAP_ALLOCATE|[451]|Bytes:5
22:33:45.193 (2477156658)|VARIABLE_ASSIGNMENT|[451]|ql|null|
22:33:45.193 (2477165668)|STATEMENT_EXECUTE|[483]
22:33:45.193 (2477170788)|SYSTEM_MODE_EXIT|false
22:33:45.193 (2477179418)|METHOD_EXIT|[69]|01phG000000VBbt|QuoteLineTriggerHandler.calculateAveragePrice(List<SBQQ__QuoteLine__c>, Map<Id,SBQQ__QuoteLine__c>)
22:33:45.193 (2477182098)|STATEMENT_EXECUTE|[79]
22:33:45.193 (2477186658)|HEAP_ALLOCATE|[79]|Bytes:5
22:33:45.193 (2477201908)|VARIABLE_ASSIGNMENT|[79]|QuoteLineTriggerHandler.isFirstRun|true
22:33:45.477 (2477212968)|CUMULATIVE_LIMIT_USAGE
22:33:45.477 (2477212968)|LIMIT_USAGE_FOR_NS|(default)|
  Number of SOQL queries: 15 out of 100
  Number of query rows: 9 out of 50000
  Number of SOSL queries: 0 out of 20
  Number of DML statements: 19 out of 150
  Number of Publish Immediate DML: 0 out of 150
  Number of DML rows: 21 out of 10000
  Maximum CPU time: 669 out of 10000
  Maximum heap size: 0 out of 10000000
  Number of callouts: 0 out of 100
  Number of Email Invocations: 0 out of 10
  Number of future calls: 0 out of 50
  Number of queueable jobs added to the queue: 0 out of 50
  Number of Mobile Apex push calls: 0 out of 10

22:33:45.477 (2477212968)|LIMIT_USAGE_FOR_NS|sbaa|
  Number of SOQL queries: 0 out of 100
  Number of query rows: 0 out of 50000
  Number of SOSL queries: 0 out of 20
  Number of DML statements: 0 out of 150
  Number of Publish Immediate DML: 0 out of 150
  Number of DML rows: 0 out of 10000
  Maximum CPU time: 0 out of 10000
  Maximum heap size: 0 out of 10000000
  Number of callouts: 0 out of 100
  Number of Email Invocations: 0 out of 10
  Number of future calls: 0 out of 50
  Number of queueable jobs added to the queue: 0 out of 50
  Number of Mobile Apex push calls: 0 out of 10

22:33:45.477 (2477212968)|LIMIT_USAGE_FOR_NS|SBQQ|
  Number of SOQL queries: 12 out of 100
  Number of query rows: 7 out of 50000
  Number of SOSL queries: 0 out of 20
  Number of DML statements: 1 out of 150
  Number of Publish Immediate DML: 0 out of 150
  Number of DML rows: 1 out of 10000
  Maximum CPU time: 0 out of 10000
  Maximum heap size: 0 out of 10000000
  Number of callouts: 0 out of 100
  Number of Email Invocations: 0 out of 10
  Number of future calls: 0 out of 50
  Number of queueable jobs added to the queue: 0 out of 50
  Number of Mobile Apex push calls: 0 out of 10

22:33:45.477 (2477212968)|CUMULATIVE_LIMIT_USAGE_END

22:33:45.193 (2477435510)|CODE_UNIT_FINISHED|QuoteLineTrigger on QuoteLine trigger event AfterInsert|__sfdc_trigger/QuoteLineTrigger
22:33:45.193 (2478787590)|CODE_UNIT_STARTED|[EXTERNAL]|Flow:01IPb000005GjIY
22:33:45.480 (2480527703)|FLOW_CREATE_INTERVIEW_BEGIN|00DhG0000000jOX|300Pb00000pY56r|301hG00000BfrsB
22:33:45.480 (2480592323)|FLOW_CREATE_INTERVIEW_END|9773e03000cd89507d5f42e3af721a05decb220-5aef|QuoteLine After Record Triggered Flow
22:33:45.481 (2481104577)|FLOW_START_INTERVIEWS_BEGIN|1
22:33:45.481 (2481144777)|FLOW_START_INTERVIEW_BEGIN|9773e03000cd89507d5f42e3af721a05decb220-5aef|QuoteLine After Record Triggered Flow
22:33:45.481 (2481310229)|FLOW_START_INTERVIEW_END|9773e03000cd89507d5f42e3af721a05decb220-5aef|QuoteLine After Record Triggered Flow
22:33:45.481 (2511249991)|VF_PAGE_MESSAGE|Please ensure that the Ship-To Account entered for each Quote Line is within the primary Account's hierarchy.
22:33:45.481 (2511682114)|FLOW_START_INTERVIEWS_END|1
22:33:45.481 (2512585491)|FLOW_INTERVIEW_FINISHED|9773e03000cd89507d5f42e3af721a05decb220-5aef|QuoteLine After Record Triggered Flow
22:33:45.193 (2513615829)|CODE_UNIT_FINISHED|Flow:01IPb000005GjIY
22:33:45.193 (2515845755)|DML_END|[92]
22:33:45.193 (2516049397)|EXCEPTION_THROWN|[92]|System.DmlException: Insert failed. First exception on row 0; first error: FIELD_CUSTOM_VALIDATION_EXCEPTION, Please ensure that the Ship-To Account entered for each Quote Line is within the primary Account's hierarchy.: []
22:33:45.193 (2517044594)|HEAP_ALLOCATE|[92]|Bytes:206
22:33:45.193 (2517093965)|STATEMENT_EXECUTE|[133]
22:33:45.193 (2517095345)|STATEMENT_EXECUTE|[134]
22:33:45.193 (2517155515)|METHOD_ENTRY|[134]|01pPb000004v1aC|SBQQ.TriggerControl.enable()
22:33:45.193 (2517349197)|METHOD_EXIT|[134]|01pPb000004v1aC|SBQQ.TriggerControl.enable()
22:33:45.193 (2521841760)|SYSTEM_MODE_EXIT|false
22:33:45.193 (2521915741)|FATAL_ERROR|System.DmlException: Insert failed. First exception on row 0; first error: FIELD_CUSTOM_VALIDATION_EXCEPTION, Please ensure that the Ship-To Account entered for each Quote Line is within the primary Account's hierarchy.: []

Class.OpportunityLineItemTriggerHandlerTest.setupTestData: line 92, column 1
22:33:45.193 (2521925451)|FATAL_ERROR|System.DmlException: Insert failed. First exception on row 0; first error: FIELD_CUSTOM_VALIDATION_EXCEPTION, Please ensure that the Ship-To Account entered for each Quote Line is within the primary Account's hierarchy.: []

Class.OpportunityLineItemTriggerHandlerTest.setupTestData: line 92, column 1
22:33:45.521 (2521966531)|CUMULATIVE_LIMIT_USAGE
22:33:45.521 (2521966531)|LIMIT_USAGE_FOR_NS|(default)|
  Number of SOQL queries: 9 out of 100
  Number of query rows: 5 out of 50000
  Number of SOSL queries: 0 out of 20
  Number of DML statements: 19 out of 150
  Number of Publish Immediate DML: 0 out of 150
  Number of DML rows: 21 out of 10000
  Maximum CPU time: 669 out of 10000
  Maximum heap size: 0 out of 10000000
  Number of callouts: 0 out of 100
  Number of Email Invocations: 0 out of 10
  Number of future calls: 0 out of 50
  Number of queueable jobs added to the queue: 0 out of 50
  Number of Mobile Apex push calls: 0 out of 10

22:33:45.521 (2521966531)|LIMIT_USAGE_FOR_NS|sbaa|
  Number of SOQL queries: 0 out of 100
  Number of query rows: 0 out of 50000
  Number of SOSL queries: 0 out of 20
  Number of DML statements: 0 out of 150
  Number of Publish Immediate DML: 0 out of 150
  Number of DML rows: 0 out of 10000
  Maximum CPU time: 0 out of 10000
  Maximum heap size: 0 out of 10000000
  Number of callouts: 0 out of 100
  Number of Email Invocations: 0 out of 10
  Number of future calls: 0 out of 50
  Number of queueable jobs added to the queue: 0 out of 50
  Number of Mobile Apex push calls: 0 out of 10

22:33:45.521 (2521966531)|LIMIT_USAGE_FOR_NS|SBQQ|
  Number of SOQL queries: 12 out of 100
  Number of query rows: 7 out of 50000
  Number of SOSL queries: 0 out of 20
  Number of DML statements: 1 out of 150
  Number of Publish Immediate DML: 0 out of 150
  Number of DML rows: 1 out of 10000
  Maximum CPU time: 0 out of 10000
  Maximum heap size: 0 out of 10000000
  Number of callouts: 0 out of 100
  Number of Email Invocations: 0 out of 10
  Number of future calls: 0 out of 50
  Number of queueable jobs added to the queue: 0 out of 50
  Number of Mobile Apex push calls: 0 out of 10

22:33:45.521 (2521966531)|CUMULATIVE_LIMIT_USAGE_END

22:33:45.193 (2522077212)|CODE_UNIT_FINISHED|OpportunityLineItemTriggerHandlerTest.setupTestData()
22:33:45.193 (2522084852)|EXECUTION_FINISHED
