Id,Location__c,Sub_Location__c,Current_Location__c,Inventory_Count_Date__c,Stock_Checked__c
a065b00000bnr5cAAA,"Tampa, FL",#N/A,TPA | FG | 105 | C1,2026-08-17,2026-08-17
a06Ro00000PnZJBIA3,"Tampa, FL",#N/A,TPA | FG | 100 | E1,2026-08-17,2026-08-17
a065b00000k0CKNAA2,"Tampa, FL",#N/A,TPA | FG | 100 | C1,2026-08-17,2026-08-17
a064O00001UbNOHQA3,"Tampa, FL",#N/A,TPA | FG | 100 | H2,2026-08-17,2026-08-17
a065b00000bnC8oAAE,"Tampa, FL",#N/A,TPA | FG | 130 | A1,2026-08-17,2026-08-17
a064O00001Ulnl4QAB,"Tampa, FL",#N/A,TPA | FG | 125 | B3,2026-08-17,2026-08-17
a06Ro000007N1x6IAC,"Tampa, FL",#N/A,TPA | FG | 130 | C1,2026-08-17,2026-08-17
a064O00001UbNPtQAN,"Tampa, FL",#N/A,TPA | FG | 130 | A2,2026-08-17,2026-08-17
a065b00000bna53AAA,"Tampa, FL",#N/A,TPA | FG | 125 | A5,2026-08-17,2026-08-17
a065b00000bnjGxAAI,"Tampa, FL",#N/A,TPA | FG | 125 | E5,2026-08-17,2026-08-17
a065b00000gSNs4AAG,"Tampa, FL",#N/A,TPA | FG | 120 | F3,2026-08-17,2026-08-17
a065b00000gSNCvAAO,"Tampa, FL",#N/A,TPA | FG | 115 | K5,2026-08-17,2026-08-17
a065b00000conoUAAQ,"Tampa, FL",#N/A,TPA | FG | 115 | H5,2026-08-17,2026-08-17
a06Ro00000dPV3nIAG,"Tampa, FL",#N/A,TPA | FG | 115 | H3,2026-08-17,2026-08-17
a065b00000gRNnHAAW,"Tampa, FL",#N/A,TPA | FG | 125 | A2,2026-08-17,2026-08-17
a065b00000bnCK6AAM,"Tampa, FL",#N/A,TPA | FG | 125 | C5,2026-08-17,2026-08-17
a065b00000bnUCuAAM,"Tampa, FL",#N/A,TPA | FG | 120 | C4,2026-08-17,2026-08-17
a065b00000conDFAAY,"Tampa, FL",#N/A,TPA | FG | 115 | J3,2026-08-17,2026-08-17
a06Ro00000EUNwpIAH,"Tampa, FL",#N/A,TPA | FG | 115 | G4,2026-08-17,2026-08-17
a06Ro00000hnUXGIA2,"Tampa, FL",#N/A,TPA | FG | 115 | G3,2026-08-17,2026-08-17
a06Ro00000JnvlRIAR,"Tampa, FL",#N/A,TPA | FG | 115 | E4,2026-08-17,2026-08-17
a06Ro00000LqDbNIAV,"Tampa, FL",#N/A,TPA | FG | 115 | E3,2026-08-17,2026-08-17
a065b00000bnVvuAAE,"Tampa, FL",#N/A,TPA | FG | 115 | B2,2026-08-17,2026-08-17
a064O00001UlNinQAF,"Tampa, FL",#N/A,TPA | FG | 115 | B1,2026-08-17,2026-08-17
a06Ro00000QtVnNIAV,"Tampa, FL",#N/A,TPA | FG | 110 | K4,2026-08-17,2026-08-17
a06Ro00000cNUAoIAO,"Tampa, FL",#N/A,TPA | FG | 110 | J1,2026-08-17,2026-08-17
a065b00000gSFPnAAO,"Tampa, FL",#N/A,TPA | FG | 110 | H3,2026-08-17,2026-08-17
a06Ro000008s2jNIAQ,"Tampa, FL",#N/A,TPA | FG | 110 | G5,2026-08-17,2026-08-17
a06Ro00000hsMNlIAM,"Tampa, FL",#N/A,TPA | FG | 110 | B3,2026-08-17,2026-08-17
a06Ro00000ENjlzIAD,"Tampa, FL",#N/A,TPA | FG | 110 | E5,2026-08-17,2026-08-17
a06Ro00000N682VIAR,"Tampa, FL",#N/A,TPA | FG | 110 | K5,2026-08-17,2026-08-17
a06Ro0000092bntIAA,"Tampa, FL",#N/A,TPA | FG | 110 | J5,2026-08-17,2026-08-17
a06Ro00000V9ZuNIAV,"Tampa, FL",#N/A,TPA | FG | 105 | K4,2026-08-17,2026-08-17
a065b00000bnjJtAAI,"Tampa, FL",#N/A,TPA | FG | 105 | J2,2026-08-17,2026-08-17
a06Ro00000fNVptIAG,"Tampa, FL",#N/A,TPA | FG | 105 | G4,2026-08-17,2026-08-17
a06Ro00000WnwI9IAJ,"Tampa, FL",#N/A,TPA | FG | 105 | F1,2026-08-17,2026-08-17
a06Ro00000I4MqnIAF,"Tampa, FL",#N/A,TPA | FG | 110 | C4,2026-08-17,2026-08-17
a064O00001UbNHMQA3,"Tampa, FL",#N/A,TPA | FG | 110 | C2,2026-08-17,2026-08-17
a06Ro00000hn9fhIAA,"Tampa, FL",#N/A,TPA | FG | 110 | B2,2026-08-17,2026-08-17
a065b00000bnr9KAAQ,"Tampa, FL",#N/A,TPA | FG | 110 | A4,2026-08-17,2026-08-17
a06Ro00000ZWqKNIA1,"Tampa, FL",#N/A,TPA | FG | 105 | G4,2026-08-17,2026-08-17
a06Ro00000fNU2bIAG,"Tampa, FL",#N/A,TPA | FG | 105 | F4,2026-08-17,2026-08-17
a065b00000cnjikAAA,"Tampa, FL",#N/A,TPA | FG | 105 | E2,2026-08-17,2026-08-17
a06Ro00000NzB2wIAF,"Tampa, FL",#N/A,TPA | FG | 105 | C1,2026-08-17,2026-08-17
a06Ro00000ZnEQiIAN,"Tampa, FL",#N/A,TPA | FG | 105 | C2,2026-08-17,2026-08-17
a064O00001WfknGQAR,"Tampa, FL",#N/A,TPA | FG | 100 | E2,2026-08-17,2026-08-17
a06Ro00000NrL98IAF,"Tampa, FL",#N/A,TPA | FG | 105 | H1,2026-08-17,2026-08-17
a06Ro00000G6neLIAR,"Tampa, FL",#N/A,TPA | FG | 105 | E1,2026-08-17,2026-08-17
a065b00000bnHdbAAE,"Tampa, FL",#N/A,TPA | FG | 100 | G2,2026-08-17,2026-08-17
a064O00001UbPRNQA3,"Tampa, FL",#N/A,TPA | FG | 100 | H1,2026-08-17,2026-08-17
a06Ro00000gW8dNIAS,"Tampa, FL",#N/A,TPA | FG | 100 | E2,2026-08-17,2026-08-17
a06Ro00000j2GTNIA2,"Tampa, FL",#N/A,TPA | FG | 100 | E4,2026-08-17,2026-08-17
a06Ro00000hPPDnIAO,"Tampa, FL",#N/A,TPA | FG | 100 | H1,2026-08-17,2026-08-17
a064O00001UUXONQA5,"Tampa, FL",#N/A,TPA | FG | 130 | C5,2026-08-17,2026-08-17
a06Ro00000Rqn0HIAR,"Tampa, FL",#N/A,TPA | FG | 130 | C2,2026-08-17,2026-08-17
a065b00000bnE3LAAU,"Tampa, FL",#N/A,TPA | FG | 125 | B5,2026-08-17,2026-08-17
a06Ro00000h6HNDIA2,"Tampa, FL",#N/A,TPA | FG | 125 | D1,2026-08-17,2026-08-17
a06Ro000006wNvGIAU,"Tampa, FL",#N/A,TPA | FG | 130 | B4,2026-08-17,2026-08-17
a06Ro00000NtNd5IAF,"Tampa, FL",#N/A,TPA | FG | 130 | C3,2026-08-17,2026-08-17
a064O00001UUNVAQA5,"Tampa, FL",#N/A,TPA | FG | 125 | A4,2026-08-17,2026-08-17
a06Ro00000iqNaIIAU,"Tampa, FL",#N/A,TPA | FG | 120 | K5,2026-08-17,2026-08-17
a06Ro00000hHnhuIAC,"Tampa, FL",#N/A,TPA | FG | 130 | K4,2026-08-17,2026-08-17
a06Ro00000IASGnIAP,"Tampa, FL",#N/A,TPA | FG | 130 | G3,2026-08-17,2026-08-17
a065b00000k03nkAAA,"Tampa, FL",#N/A,TPA | STG | 800,2026-08-17,2026-08-17
a06Ro00000dBZnCIAW,"Tampa, FL",#N/A,TPA | STG | 810,2026-08-17,2026-08-17
a06Ro00000NCTygIAH,"Tampa, FL",#N/A,TPA | FG | 130 | H2,2026-08-17,2026-08-17
a065b00000dUN8ZAAW,"Tampa, FL",#N/A,TPA | FG | 130 | G3,2026-08-17,2026-08-17
a06Ro00000cndn7IAA,"Tampa, FL",#N/A,TPA | Trophon Depot Repair,2026-08-17,2026-08-17
a06Ro00000KpnWGIAZ,"Tampa, FL",#N/A,TPA | STG | 825,2026-08-17,2026-08-17
a06Ro00000dv9cnIAA,"Tampa, FL",#N/A,TPA | STG | 815,2026-08-17,2026-08-17
a065b00000k0KNFAA2,"Tampa, FL",#N/A,TPA | RENTAL,2026-08-17,2026-08-17
a065b00000cpNGvAAM,"Tampa, FL",#N/A,TPA | RENTAL,2026-08-17,2026-08-17
a065b00000gAWNCAA4,"Tampa, FL",#N/A,TPA | NC | 230 | D1,2026-08-17,2026-08-17
a06Ro00000J4nnEIAR,"Tampa, FL",#N/A,TPA | NC | 225 | E1,2026-08-17,2026-08-17
a06Ro00000YNWmnIAH,"Tampa, FL",#N/A,TPA | NC | 215 | B2,2026-08-17,2026-08-17
a06Ro00000VWHn3IAH,"Tampa, FL",#N/A,TPA | STG | 805,2026-08-17,2026-08-17
a065b00000cnU6QAAU,"Tampa, FL",#N/A,TPA | RENTAL,2026-08-17,2026-08-17
a06Ro000009SNVxIAO,"Tampa, FL",#N/A,TPA | NC | 225 | E5,2026-08-17,2026-08-17
a065b00000gAY1nAAG,"Tampa, FL",#N/A,TPA | NC | NC Rack 1,2026-08-17,2026-08-17
a06Ro00000fCl6nIAC,"Tampa, FL",#N/A,TPA | NC | 225 | A4,2026-08-17,2026-08-17
a06Ro00000hINNBIA4,"Tampa, FL",#N/A,TPA | NC | 215 | D1,2026-08-17,2026-08-17
a06Ro00000Zx1n7IAB,"Tampa, FL",#N/A,TPA | NC | 215 | B3,2026-08-17,2026-08-17
a06Ro00000N3YslIAF,"Tampa, FL",#N/A,TPA | NC | 210 | A2,2026-08-17,2026-08-17
a06Ro00000eSNYvIAO,"Tampa, FL",#N/A,TPA | NC | 205 | D2,2026-08-17,2026-08-17
a06Ro00000UDonJIAT,"Tampa, FL",#N/A,TPA | NC | 225 | A4,2026-08-17,2026-08-17
a06Ro00000WrDsnIAF,"Tampa, FL",#N/A,TPA | NC | 225 | A3,2026-08-17,2026-08-17
a06Ro00000NKRV5IAP,"Tampa, FL",#N/A,TPA | NC | 215 | C1,2026-08-17,2026-08-17
a06Ro00000FYANiIAP,"Tampa, FL",#N/A,TPA | NC | 210 | C4,2026-08-17,2026-08-17
a06Ro00000XENplIAH,"Tampa, FL",#N/A,TPA | NC | 205 | A2,2026-08-17,2026-08-17
a065b00000bn314AAA,"Tampa, FL",#N/A,TPA | FG | 135 | H2,2026-08-17,2026-08-17
a06Ro00000NnMWoIAN,"Tampa, FL",#N/A,TPA | NC | 205 | D3,2026-08-17,2026-08-17
a06Ro00000QNkmLIAT,"Tampa, FL",#N/A,TPA | NC | 205 | A2,2026-08-17,2026-08-17
a06Ro00000Vn2hxIAB,"Tampa, FL",#N/A,TPA | FG | 160,2026-08-17,2026-08-17
a065b00000coORnAAM,"Tampa, FL",#N/A,TPA | NC | 200 | A1,2026-08-17,2026-08-17
a06Ro00000enGhJIAU,"Tampa, FL",#N/A,TPA | STG | 850,2026-08-17,2026-08-17
a06Ro00000hrn6hIAA,"Tampa, FL",#N/A,TPA | FG | 145 | H1,2026-08-17,2026-08-17
a06Ro00000afwBNIAY,"Tampa, FL",#N/A,TPA | FG | 155 | H2,2026-08-17,2026-08-17
a06Ro00000VBoHNIA1,"Tampa, FL",#N/A,TPA | FG | 135 | J3,2026-08-17,2026-08-17
a065b00000bnrkjAAA,"Tampa, FL",#N/A,TPA | FG | 135 | H2,2026-08-17,2026-08-17
a06Ro00000NxUCvIAN,"Tampa, FL",#N/A,TPA | FG | 140 | G1,2026-08-17,2026-08-17
a065b00000bnuFcAAI,"Tampa, FL",#N/A,TPA | FG | 135 | H1,2026-08-17,2026-08-17
a065b00000dUN5eAAG,"Tampa, FL",#N/A,TPA | FG | 135 | C4,2026-08-17,2026-08-17
a065b00000bnU52AAE,"Tampa, FL",#N/A,TPA | FG | 135 | C3,2026-08-17,2026-08-17
a06Ro00000SXhneIAD,"Tampa, FL",#N/A,TPA | FG | 135 | F3,2026-08-17,2026-08-17
a065b00000bniKSAAY,"Tampa, FL",#N/A,TPA | FG | 135 | J2,2026-08-17,2026-08-17
a065b00000cnjhhAAA,"Tampa, FL",#N/A,TPA | FG | 105 | E2,2026-08-17,2026-08-17
a06Ro00000g5drnIAA,"Tampa, FL",#N/A,TPA | FG | 105 | E3,2026-08-17,2026-08-17
a065b00000bnPyFAAU,"Tampa, FL",#N/A,TPA | FG | 125 | J2,2026-08-17,2026-08-17
a06Ro00000dnuc5IAA,"Tampa, FL",#N/A,TPA | FG | 120 | K2,2026-08-17,2026-08-17
a06Ro00000i3JsnIAE,"Tampa, FL",#N/A,TPA | FG | 130 | G5,2026-08-17,2026-08-17
a06Ro00000iBdCnIAK,"Tampa, FL",#N/A,TPA | FG | 100 | E1,2026-08-17,2026-08-17
a065b00000bnmHQAAY,"Tampa, FL",#N/A,TPA | FG | 110 | J3,2026-08-17,2026-08-17
a06Ro00000IQ1nhIAD,"Tampa, FL",#N/A,TPA | FG | 115 | J2,2026-08-17,2026-08-17
a06Ro00000ean4pIAA,"Tampa, FL",#N/A,TPA | FG | 120 | F2,2026-08-17,2026-08-17
a06Ro00000FjsLNIAZ,"Tampa, FL",#N/A,TPA | FG | 125 | B5,2026-08-17,2026-08-17
a06Ro00000ZnNnKIAV,"Tampa, FL",#N/A,TPA | FG | 120 | K4,2026-08-17,2026-08-17
a065b00000bnmn3AAA,"Tampa, FL",#N/A,TPA | FG | 110 | H3,2026-08-17,2026-08-17
a065b00000bnmHfAAI,"Tampa, FL",#N/A,TPA | FG | 115 | J5,2026-08-17,2026-08-17
a065b00000e0N5OAAU,"Tampa, FL",#N/A,TPA | FG | 115 | K3,2026-08-17,2026-08-17
a06Ro00000hnsJRIAY,"Tampa, FL",#N/A,TPA | FG | 115 | F4,2026-08-17,2026-08-17
a065b00000cp5dnAAA,"Tampa, FL",#N/A,TPA | FG | 120 | A3,2026-08-17,2026-08-17
a06Ro00000gHeNRIA0,"Tampa, FL",#N/A,TPA | FG | 125 | B1,2026-08-17,2026-08-17
a064O00001UlQfNQAV,"Tampa, FL",#N/A,TPA | FG | 125 | C2,2026-08-17,2026-08-17
a064O00001UlFN4QAN,"Tampa, FL",#N/A,TPA | FG | 130 | H4,2026-08-17,2026-08-17
a065b00000bnMl7AAE,"Tampa, FL",#N/A,TPA | FG | 130 | E1,2026-08-17,2026-08-17
a065b00000jq1YNAAY,"Tampa, FL",#N/A,TPA | FG | 145 | H1,2026-08-17,2026-08-17
a06Ro00000PVNbRIAX,"Tampa, FL",#N/A,TPA | FG | 120 | F2,2026-08-17,2026-08-17
a06Ro00000WkNOzIAN,"Tampa, FL",#N/A,TPA | FG | 120 | E3,2026-08-17,2026-08-17
a06Ro00000MPmnxIAD,"Tampa, FL",#N/A,TPA | FG | 120 | B2,2026-08-17,2026-08-17
a06Ro00000hnEylIAE,"Tampa, FL",#N/A,TPA | FG | 120 | H4,2026-08-17,2026-08-17
a06Ro00000i6MnhIAE,"Tampa, FL",#N/A,TPA | FG | 120 | G4,2026-08-17,2026-08-17
a06Ro00000RDnpnIAD,"Tampa, FL",#N/A,TPA | FG | 125 | F2,2026-08-17,2026-08-17
a065b00000bnoaKAAQ,"Tampa, FL",#N/A,TPA | FG | 125 | J2,2026-08-17,2026-08-17
a06Ro00000h2NZFIA2,"Tampa, FL",#N/A,TPA | FG | 125 | D1,2026-08-17,2026-08-17
a06Ro00000iaNj7IAE,"Tampa, FL",#N/A,TPA | STG | 820,2026-08-17,2026-08-17
a06Ro00000dANPtIAO,"Tampa, FL",#N/A,TPA | FG | 110 | E3,2026-08-17,2026-08-17
a06Ro00000fjKMNIA2,"Tampa, FL",#N/A,TPA | FG | 115 | F2,2026-08-17,2026-08-17
a065b00000bnImDAAU,"Tampa, FL",#N/A,TPA | FG | 115 | B1,2026-08-17,2026-08-17
a065b00000bnDtBAAU,"Tampa, FL",#N/A,TPA | FG | 125 | C3,2026-08-17,2026-08-17
a06Ro00000CQp4nIAD,"Tampa, FL",#N/A,TPA | FG | 110 | C2,2026-08-17,2026-08-17
a065b00000conTJAAY,"Tampa, FL",#N/A,TPA | FG | 115 | H4,2026-08-17,2026-08-17
a06Ro00000NegmYIAR,"Tampa, FL",#N/A,TPA | FG | 115 | C2,2026-08-17,2026-08-17
a06Ro00000g77pNIAQ,"Tampa, FL",#N/A,TPA | FG | 120 | G4,2026-08-17,2026-08-17
a06Ro00000eb5zNIAQ,"Tampa, FL",#N/A,TPA | FG | 120 | E2,2026-08-17,2026-08-17
a065b00000bnHPwAAM,"Tampa, FL",#N/A,TPA | FG | 120 | C3,2026-08-17,2026-08-17
a06Ro00000U2lnxIAB,"Tampa, FL",#N/A,TPA | FG | 130 | A2,2026-08-17,2026-08-17
a06Ro00000g75nZIAQ,"Tampa, FL",#N/A,TPA | FG | 150 | K3,2026-08-17,2026-08-17
a06Ro00000eK7CnIAK,"Tampa, FL",#N/A,TPA | NC | 210 | E3,2026-08-17,2026-08-17
a06Ro00000aNKXZIA4,"Tampa, FL",#N/A,TPA | NC | 210 | D3,2026-08-17,2026-08-17
a06Ro00000N7XjdIAF,"Tampa, FL",#N/A,TPA | STG | 830,2026-08-17,2026-08-17
a06Ro00000dygnWIAQ,"Tampa, FL",#N/A,TPA | STG | 820,2026-08-17,2026-08-17
a06Ro00000gLnwoIAC,"Tampa, FL",#N/A,TPA | NC | 225 | A3,2026-08-17,2026-08-17
a06Ro00000EHcnCIAT,"Tampa, FL",#N/A,TPA | FG | 120 | B5,2026-08-17,2026-08-17
a065b00000jzn6DAAQ,"Tampa, FL",#N/A,TPA | FG | 105 | H1,2026-08-17,2026-08-17
a06Ro000006iLenIAE,"Tampa, FL",#N/A,TPA | FG | 120 | C1,2026-08-17,2026-08-17
a06Ro00000cN8tTIAS,"Tampa, FL",#N/A,TPA | FG | 110 | J1,2026-08-17,2026-08-17
a064O00001UlNkAQAV,"Tampa, FL",#N/A,TPA | FG | 135 | H1,2026-08-17,2026-08-17
a064O00001Ul5NOQAZ,"Tampa, FL",#N/A,TPA | FG | 100 | E5,2026-08-17,2026-08-17
a06Ro00000Qg0npIAB,"Tampa, FL",#N/A,TPA | FG | 105 | K3,2026-08-17,2026-08-17
a06Ro00000dcB0nIAE,"Tampa, FL",#N/A,TPA | FG | 120 | J2,2026-08-17,2026-08-17
a064O00001UlnkpQAB,"Tampa, FL",#N/A,TPA | FG | 130 | C4,2026-08-17,2026-08-17
a06Ro00000OCNvuIAH,"Tampa, FL",#N/A,TPA | FG | 120 | J4,2026-08-17,2026-08-17
a065b00000connMAAQ,"Tampa, FL",#N/A,TPA | FG | 100 | H1,2026-08-17,2026-08-17
a06Ro000004nSYkIAM,"Tampa, FL",#N/A,TPA | NC | 210 | D3,2026-08-17,2026-08-17
a06Ro00000QtZ1NIAV,"Tampa, FL",#N/A,TPA | FG | 125 | B5,2026-08-17,2026-08-17
a06Ro00000e4EWnIAM,"Tampa, FL",#N/A,TPA | FG | 110 | C2,2026-08-17,2026-08-17
a065b00000bnr8WAAQ,"Tampa, FL",#N/A,TPA | FG | 110 | B4,2026-08-17,2026-08-17
a065b00000bnfbSAAQ,"Tampa, FL",#N/A,TPA | FG | 110 | H2,2026-08-17,2026-08-17
a064O00001UU4NbQAL,"Tampa, FL",#N/A,TPA | FG | 110 | H3,2026-08-17,2026-08-17
a06Ro00000hn9e5IAA,"Tampa, FL",#N/A,TPA | FG | 110 | B2,2026-08-17,2026-08-17
a06Ro00000j1nzGIAQ,"Tampa, FL",#N/A,TPA | FG | 110 | C1,2026-08-17,2026-08-17
a06Ro00000fNBBHIA4,"Tampa, FL",#N/A,TPA | FG | 110 | A2,2026-08-17,2026-08-17
a06Ro00000ZXJ9NIAX,"Tampa, FL",#N/A,TPA | FG | 105 | G4,2026-08-17,2026-08-17
a06Ro00000dnJ4fIAE,"Tampa, FL",#N/A,TPA | FG | 120 | H3,2026-08-17,2026-08-17
a065b00000bng55AAA,"Tampa, FL",#N/A,TPA | FG | 120 | C4,2026-08-17,2026-08-17
a065b00000bnaAPAAY,"Tampa, FL",#N/A,TPA | FG | 120 | C3,2026-08-17,2026-08-17
a06Ro00000i6NqDIAU,"Tampa, FL",#N/A,TPA | FG | 120 | G4,2026-08-17,2026-08-17
a06Ro00000Ji5InIAJ,"Tampa, FL",#N/A,TPA | FG | 120 | F3,2026-08-17,2026-08-17
a06Ro00000NmWI5IAN,"Tampa, FL",#N/A,TPA | FG | 120 | E5,2026-08-17,2026-08-17
a065b00000bna8qAAA,"Tampa, FL",#N/A,TPA | FG | 120 | C3,2026-08-17,2026-08-17
a065b00000cnwLVAAY,"Tampa, FL",#N/A,TPA | FG | 115 | K4,2026-08-17,2026-08-17
a06Ro00000hnhflIAA,"Tampa, FL",#N/A,TPA | FG | 115 | H1,2026-08-17,2026-08-17
a06Ro00000g75qnIAA,"Tampa, FL",#N/A,TPA | FG | 120 | G4,2026-08-17,2026-08-17
a06Ro00000AVknBIAT,"Tampa, FL",#N/A,TPA | FG | 115 | K2,2026-08-17,2026-08-17
a06Ro00000N68qVIAR,"Tampa, FL",#N/A,TPA | FG | 115 | J2,2026-08-17,2026-08-17
a065b00000bncPQAAY,"Tampa, FL",#N/A,TPA | FG | 135 | E2,2026-08-17,2026-08-17
a065b00000bnXK2AAM,"Tampa, FL",#N/A,TPA | FG | 135 | B3,2026-08-17,2026-08-17
a065b00000dzNXUAA2,"Tampa, FL",#N/A,TPA | FG | 130 | H1,2026-08-17,2026-08-17
a065b00000bncu3AAA,"Tampa, FL",#N/A,TPA | FG | 115 | A1,2026-08-17,2026-08-17
a065b00000bncJjAAI,"Tampa, FL",#N/A,TPA | FG | 135 | C1,2026-08-17,2026-08-17
a06Ro00000f8uINIAY,"Tampa, FL",#N/A,TPA | FG | 130 | J4,2026-08-17,2026-08-17
a06Ro00000f5GnhIAE,"Tampa, FL",#N/A,TPA | FG | 130 | K5,2026-08-17,2026-08-17
a065b00000bnNDfAAM,"Tampa, FL",#N/A,TPA | FG | 130 | G4,2026-08-17,2026-08-17
a06Ro00000PhFn0IAF,"Tampa, FL",#N/A,TPA | FG | 130 | E3,2026-08-17,2026-08-17
a06Ro00000NtIOrIAN,"Tampa, FL",#N/A,TPA | FG | 130 | A5,2026-08-17,2026-08-17
a065b00000bnc9RAAQ,"Tampa, FL",#N/A,TPA | FG | 130 | H3,2026-08-17,2026-08-17
a06Ro00000D4UknIAF,"Tampa, FL",#N/A,TPA | FG | 130 | B1,2026-08-17,2026-08-17
a06Ro00000WBTInIAP,"Tampa, FL",#N/A,TPA | FG | 125 | H2,2026-08-17,2026-08-17
a065b00000bnaK1AAI,"Tampa, FL",#N/A,TPA | FG | 125 | E1,2026-08-17,2026-08-17
a065b00000bnU5qAAE,"Tampa, FL",#N/A,TPA | FG | 125 | A5,2026-08-17,2026-08-17
a06Ro00000ZnVrJIAV,"Tampa, FL",#N/A,TPA | FG | 120 | K4,2026-08-17,2026-08-17
a06Ro00000bHSQnIAO,"Tampa, FL",#N/A,TPA | NC | 215 | D1,2026-08-17,2026-08-17
a06Ro00000O0NQDIA3,"Tampa, FL",#N/A,TPA | NC | 215 | A3,2026-08-17,2026-08-17
a06Ro00000cXnk1IAC,"Tampa, FL",#N/A,TPA | NC | 205 | E3,2026-08-17,2026-08-17
a06Ro00000fbY6NIAU,"Tampa, FL",#N/A,TPA | NC | 205 | A4,2026-08-17,2026-08-17
a065b00000bnjGyAAI,"Tampa, FL",#N/A,TPA | FG | 125 | E5,2026-08-17,2026-08-17
a06Ro00000gBnd7IAC,"Tampa, FL",#N/A,TPA | FG | 125 | D1,2026-08-17,2026-08-17
a06Ro00000DudonIAB,"Tampa, FL",#N/A,TPA | FG | 125 | A4,2026-08-17,2026-08-17
a06Ro00000fvDnJIAU,"Tampa, FL",#N/A,TPA | FG | 120 | K3,2026-08-17,2026-08-17
a06Ro00000IDN1LIAX,"Tampa, FL",#N/A,TPA | NC | 215 | D2,2026-08-17,2026-08-17
a065b00000ji4NvAAI,"Tampa, FL",#N/A,TPA | NC | 225 | A3,2026-08-17,2026-08-17
a06Ro00000bxtnxIAA,"Tampa, FL",#N/A,TPA | NC | 210 | E3,2026-08-17,2026-08-17
a06Ro00000dAnlmIAC,"Tampa, FL",#N/A,TPA | NC | 205 | E1,2026-08-17,2026-08-17
a06Ro00000eSKnyIAG,"Tampa, FL",#N/A,TPA | NC | 205 | D2,2026-08-17,2026-08-17
a06Ro00000iAnHSIA0,"Tampa, FL",#N/A,TPA | NC | 205 | E4,2026-08-17,2026-08-17
a06Ro00000idgndIAA,"Tampa, FL",#N/A,TPA | FG | 155,2026-08-17,2026-08-17
a06Ro00000NClxYIAT,"Tampa, FL",#N/A,TPA | FG | 155 | E1,2026-08-17,2026-08-17
a064O00001Wfn0tQAB,"Tampa, FL",#N/A,TPA | FG | 135 | K2,2026-08-17,2026-08-17
a06Ro00000fc5GnIAI,"Tampa, FL",#N/A,TPA | FG | 140 | C1,2026-08-17,2026-08-17
a06Ro00000SNSujIAH,"Tampa, FL",#N/A,TPA | FG | 145 | D1,2026-08-17,2026-08-17
a06Ro00000NxU85IAF,"Tampa, FL",#N/A,TPA | FG | 140 | G1,2026-08-17,2026-08-17
a06Ro00000NUOqrIAH,"Tampa, FL",#N/A,TPA | TRIP | 700 | Barb Sheriff,2026-08-17,2026-08-17
a06Ro000009Lh4nIAC,"Tampa, FL",#N/A,TPA | RENTAL,2026-08-17,2026-08-17
a065b00000gAh9NAAS,"Tampa, FL",#N/A,TPA | Trophon Depot Repair,2026-08-17,2026-08-17
a06Ro00000cneT3IAI,"Tampa, FL",#N/A,TPA | Trophon Depot Repair,2026-08-17,2026-08-17
a06Ro00000A3xnXIAR,"Tampa, FL",#N/A,TPA | TRIP | 700 | Barb Sheriff,2026-08-17,2026-08-17
a065b00000cpNHUAA2,"Tampa, FL",#N/A,TPA | TRIP | 700 | Greg Chadwick,2026-08-17,2026-08-17
a06Ro00000ENPgnIAH,"Tampa, FL",#N/A,TPA | STG | 800,2026-08-17,2026-08-17
a06Ro00000WWhnQIAT,"Tampa, FL",#N/A,TPA | NC | 225 | B3,2026-08-17,2026-08-17
a06Ro00000fq4CnIAI,"Tampa, FL",#N/A,TPA | STG | 810,2026-08-17,2026-08-17
a065b00000bnp0tAAA,"Tampa, FL",#N/A,TPA | RENTAL,2026-08-17,2026-08-17
a06Ro00000W1f6nIAB,"Tampa, FL",#N/A,TPA | NC | 225 | B4,2026-08-17,2026-08-17
a06Ro000006knDaIAI,"Tampa, FL",#N/A,TPA | NC | 225 | B5,2026-08-17,2026-08-17
a06Ro00000W1XNhIAN,"Tampa, FL",#N/A,TPA | NC | 225 | B4,2026-08-17,2026-08-17
a06Ro00000NyvMNIAZ,"Tampa, FL",#N/A,TPA | FG | 105 | C1,2026-08-17,2026-08-17
a06Ro00000WndFWIAZ,"Tampa, FL",#N/A,TPA | FG | 105 | F1,2026-08-17,2026-08-17
a06Ro00000VTnjRIAT,"Tampa, FL",#N/A,TPA | FG | 105 | F1,2026-08-17,2026-08-17
a06Ro00000gf2NRIAY,"Tampa, FL",#N/A,TPA | FG | 105 | E5,2026-08-17,2026-08-17
a06Ro00000fNRCoIAO,"Tampa, FL",#N/A,TPA | FG | 105 | E3,2026-08-17,2026-08-17
a065b00000boVnZAAU,"Tampa, FL",#N/A,TPA | FG | 105 | C1,2026-08-17,2026-08-17
a06Ro00000h6dNiIAI,"Tampa, FL",#N/A,TPA | FG | 105 | C3,2026-08-17,2026-08-17
a06Ro00000f6qNjIAI,"Tampa, FL",#N/A,TPA | FG | 100 | C5,2026-08-17,2026-08-17
a064O00001UTvynQAD,"Tampa, FL",#N/A,TPA | FG | 100 | K2,2026-08-17,2026-08-17
a064O00001WfknQQAR,"Tampa, FL",#N/A,TPA | FG | 100 | E2,2026-08-17,2026-08-17
a065b00000bnNo3AAE,"Tampa, FL",#N/A,TPA | FG | 100 | E4,2026-08-17,2026-08-17
a06Ro00000ZnE2UIAV,"Tampa, FL",#N/A,TPA | FG | 105 | C2,2026-08-17,2026-08-17
a065b00000bnVzoAAE,"Tampa, FL",#N/A,TPA | FG | 100 | J2,2026-08-17,2026-08-17
a065b00000k0MmnAAE,"Tampa, FL",#N/A,TPA | FG | 100 | J1,2026-08-17,2026-08-17
a06Ro00000VinzJIAR,"Tampa, FL",#N/A,TPA | FG | 100 | F1,2026-08-17,2026-08-17
a06Ro00000UphknIAB,"Tampa, FL",#N/A,TPA | FG | 100 | E1,2026-08-17,2026-08-17
a06Ro00000f7UUnIAM,"Tampa, FL",#N/A,TPA | FG | 100 | C5,2026-08-17,2026-08-17
a06Ro00000aMvNtIAK,"Tampa, FL",#N/A,TPA | FG | 100 | C2,2026-08-17,2026-08-17
a06Ro00000fWS4nIAG,"Tampa, FL",#N/A,TPA | FG | 100 | E4,2026-08-17,2026-08-17
a06Ro00000iBQnTIAW,"Tampa, FL",#N/A,TPA | FG | 100 | E2,2026-08-17,2026-08-17
a06Ro00000ivXynIAE,"Tampa, FL",#N/A,TPA | Trophon Depot Repair,2026-08-17,2026-08-17
a06Ro00000UuLDNIA3,"Tampa, FL",#N/A,TPA | Trophon Depot Repair,2026-08-17,2026-08-17
a06Ro00000arFQnIAM,"Tampa, FL",#N/A,TPA | TRIP | 700 | Graham Luquette,2026-08-17,2026-08-17
a06Ro00000N7q7tIAB,"Tampa, FL",#N/A,TPA | STG | 835,2026-08-17,2026-08-17
a06Ro00000KS0PnIAL,"Tampa, FL",#N/A,TPA | STG | 830,2026-08-17,2026-08-17
a065b00000e0XCNAA2,"Tampa, FL",#N/A,TPA | TRIP | 700 | Barb Sheriff,2026-08-17,2026-08-17
a06Ro00000QEnjRIAT,"Tampa, FL",#N/A,TPA | NC | 225 | B2,2026-08-17,2026-08-17
a06Ro00000WqknVIAR,"Tampa, FL",#N/A,TPA | NC | 225 | A5,2026-08-17,2026-08-17
a06Ro00000NUNl7IAH,"Tampa, FL",#N/A,TPA | NC | 215 | C1,2026-08-17,2026-08-17
a06Ro00000Y9EUnIAN,"Tampa, FL",#N/A,TPA | NC | 215 | B2,2026-08-17,2026-08-17
a06Ro00000HNvwhIAD,"Tampa, FL",#N/A,TPA | TRIP | 700 | Barb Sheriff,2026-08-17,2026-08-17
a06Ro00000iBBLNIA4,"Tampa, FL",#N/A,TPA | NC | 225 | E2,2026-08-17,2026-08-17
a065b00000gQn3dAAC,"Tampa, FL",#N/A,TPA | NC | 225 | A4,2026-08-17,2026-08-17
a06Ro00000NKaF2IAL,"Tampa, FL",#N/A,TPA | NC | 225 | B2,2026-08-17,2026-08-17
a06Ro00000NqhWfIAJ,"Tampa, FL",#N/A,TPA | NC | 210 | C4,2026-08-17,2026-08-17
a06Ro00000F3n1xIAB,"Tampa, FL",#N/A,TPA | NC | 210 | C3,2026-08-17,2026-08-17
a06Ro00000WAnwJIAT,"Tampa, FL",#N/A,TPA | FG | 105 | E2,2026-08-17,2026-08-17
a065b00000bnoKgAAI,"Tampa, FL",#N/A,TPA | FG | 105 | E2,2026-08-17,2026-08-17
a065b00000jznzeAAA,"Tampa, FL",#N/A,TPA | FG | 125 | A5,2026-08-17,2026-08-17
a065b00000bnpTXAAY,"Tampa, FL",#N/A,TPA | FG | 130 | A2,2026-08-17,2026-08-17
a06Ro00000Nx9gPIAR,"Tampa, FL",#N/A,TPA | FG | 140 | G1,2026-08-17,2026-08-17
a064O00001Wfkn6QAB,"Tampa, FL",#N/A,TPA | FG | 100 | E2,2026-08-17,2026-08-17
a065b00000gSG2nAAG,"Tampa, FL",#N/A,TPA | FG | 100 | E2,2026-08-17,2026-08-17
a06Ro00000GansDIAR,"Tampa, FL",#N/A,TPA | FG | 100 | C2,2026-08-17,2026-08-17
a065b00000k0QenAAE,"Tampa, FL",#N/A,TPA | FG | 105 | E1,2026-08-17,2026-08-17
a065b00000cnAKkAAM,"Tampa, FL",#N/A,TPA | FG | 130 | G4,2026-08-17,2026-08-17
a06Ro00000dshCnIAI,"Tampa, FL",#N/A,TPA | FG | 110 | C1,2026-08-17,2026-08-17
a06Ro00000WWInNIAX,"Tampa, FL",#N/A,TPA | FG | 115 | F4,2026-08-17,2026-08-17
a06Ro00000NxO13IAF,"Tampa, FL",#N/A,TPA | FG | 140 | A1,2026-08-17,2026-08-17
a065b00000bnB3FAAU,"Tampa, FL",#N/A,TPA | FG | 130 | A2,2026-08-17,2026-08-17
a065b00000cnapkAAA,"Tampa, FL",#N/A,TPA | FG | 135 | K2,2026-08-17,2026-08-17
a06Ro00000fJPnuIAG,"Tampa, FL",#N/A,TPA | NC | 200 | D4,2026-08-17,2026-08-17
a06Ro00000ipNKbIAM,"Tampa, FL",#N/A,TPA | TRIP | 700 | Greg Chadwick,2026-08-17,2026-08-17
a06Ro00000dgs2NIAQ,"Tampa, FL",#N/A,TPA | FG | 135 | E4,2026-08-17,2026-08-17
a06Ro00000NwZEfIAN,"Tampa, FL",#N/A,TPA | TRIP | 700 | Jaime Rodriguez,2026-08-17,2026-08-17
a06Ro00000N7mNdIAJ,"Tampa, FL",#N/A,TPA | STG | 835,2026-08-17,2026-08-17
a06Ro00000hn9xRIAQ,"Tampa, FL",#N/A,TPA | FG | 110 | C2,2026-08-17,2026-08-17
a06Ro00000fNbTtIAK,"Tampa, FL",#N/A,TPA | FG | 120 | C3,2026-08-17,2026-08-17
a065b00000bnaIKAAY,"Tampa, FL",#N/A,TPA | FG | 130 | H2,2026-08-17,2026-08-17
a065b00000cnAKaAAM,"Tampa, FL",#N/A,TPA | FG | 130 | G4,2026-08-17,2026-08-17
a065b00000dzNO1AAM,"Tampa, FL",#N/A,TPA | FG | 125 | H2,2026-08-17,2026-08-17
a064O00001UUNKlQAP,"Tampa, FL",#N/A,TPA | FG | 135 | J2,2026-08-17,2026-08-17
a06Ro00000cPN1xIAG,"Tampa, FL",#N/A,TPA | FG | 110 | C3,2026-08-17,2026-08-17
a06Ro00000VFzanIAD,"Tampa, FL",#N/A,TPA | FG | 110 | A5,2026-08-17,2026-08-17
a06Ro00000JfGfNIAV,"Tampa, FL",#N/A,TPA | FG | 100 | J2,2026-08-17,2026-08-17
a06Ro00000LvwRNIAZ,"Tampa, FL",#N/A,TPA | FG | 110 | F2,2026-08-17,2026-08-17
a064O00001UbTN0QAN,"Tampa, FL",#N/A,TPA | FG | 110 | K5,2026-08-17,2026-08-17
a065b00000bn4QKAAY,"Tampa, FL",#N/A,TPA | FG | 110 | H4,2026-08-17,2026-08-17
a064O00001UUfnGQAT,"Tampa, FL",#N/A,TPA | FG | 115 | A3,2026-08-17,2026-08-17
a06Ro00000NJbuhIAD,"Tampa, FL",#N/A,TPA | FG | PENDING | STG COILS,2026-08-17,2026-08-17
a06Ro00000VWFN3IAP,"Tampa, FL",#N/A,TPA | STG | 805,2026-08-17,2026-08-17
a06Ro00000T3nwPIAR,"Tampa, FL",#N/A,TPA | FG | 115 | H2,2026-08-17,2026-08-17
a06Ro00000azCynIAE,"Tampa, FL",#N/A,TPA | FG | 120 | H1,2026-08-17,2026-08-17
a06Ro00000aUVknIAG,"Tampa, FL",#N/A,TPA | FG | 130 | F1,2026-08-17,2026-08-17
a06Ro00000JPcNLIA1,"Tampa, FL",#N/A,TPA | FG | 135 | C4,2026-08-17,2026-08-17
a065b00000bnVzpAAE,"Tampa, FL",#N/A,TPA | FG | 100 | H2,2026-08-17,2026-08-17
a065b00000bnpULAAY,"Tampa, FL",#N/A,TPA | FG | 100 | H2,2026-08-17,2026-08-17
a06Ro00000JnrMrIAJ,"Tampa, FL",#N/A,TPA | FG | 105 | G2,2026-08-17,2026-08-17
a06Ro00000agxtNIAQ,"Tampa, FL",#N/A,TPA | FG | 110 | G1,2026-08-17,2026-08-17
a06Ro00000cXPrNIAW,"Tampa, FL",#N/A,TPA | NC | 210 | E1,2026-08-17,2026-08-17
a06Ro00000XKLDNIA5,"Tampa, FL",#N/A,TPA | NC | 205 | A2,2026-08-17,2026-08-17
a06Ro00000en8NLIAY,"Tampa, FL",#N/A,TPA | STG | 850,2026-08-17,2026-08-17
a06Ro00000BOCzNIAX,"Tampa, FL",#N/A,TPA | NC | 205 | C1,2026-08-17,2026-08-17
a06Ro00000eax7NIAQ,"Tampa, FL",#N/A,TPA | FG | 120 | F3,2026-08-17,2026-08-17
a06Ro00000ZnKkgIAF,"Tampa, FL",#N/A,TPA | FG | 120 | K4,2026-08-17,2026-08-17
a064O00001UUON1QAP,"Tampa, FL",#N/A,TPA | FG | 125 | E2,2026-08-17,2026-08-17
a065b00000bnpK2AAI,"Tampa, FL",#N/A,TPA | FG | 125 | A5,2026-08-17,2026-08-17
a065b00000cpdLnAAI,"Tampa, FL",#N/A,TPA | FG | 125 | G4,2026-08-17,2026-08-17
a065b00000bnaAoAAI,"Tampa, FL",#N/A,TPA | FG | 120 | C3,2026-08-17,2026-08-17
a065b00000bnCFHAA2,"Tampa, FL",#N/A,TPA | FG | 135 | K2,2026-08-17,2026-08-17
a06Ro00000ZWu7nIAD,"Tampa, FL",#N/A,TPA | FG | 100 | K5,2026-08-17,2026-08-17
a065b00000jzr9NAAQ,"Tampa, FL",#N/A,TPA | FG | 105 | F1,2026-08-17,2026-08-17
a065b00000bnrl3AAA,"Tampa, FL",#N/A,TPA | FG | 135 | H2,2026-08-17,2026-08-17
a06Ro000009s2cNIAQ,"Tampa, FL",#N/A,TPA | STG | 800,2026-08-17,2026-08-17
a065b00000bno0vAAA,"Tampa, FL",#N/A,TPA | RENTAL,2026-08-17,2026-08-17
a065b00000bnMo2AAE,"Tampa, FL",#N/A,TPA | STG | 820,2026-08-17,2026-08-17
a065b00000cnLyaAAE,"Tampa, FL",#N/A,TPA | RENTAL,2026-08-17,2026-08-17
a06Ro00000baunxIAA,"Tampa, FL",#N/A,TPA | STG | 815,2026-08-17,2026-08-17
a06Ro00000cnHMoIAM,"Tampa, FL",#N/A,TPA | STG | 815,2026-08-17,2026-08-17
a06Ro00000dnIgTIAU,"Tampa, FL",#N/A,TPA | FG | 120 | H3,2026-08-17,2026-08-17
a06Ro00000eb4NNIAY,"Tampa, FL",#N/A,TPA | FG | 120 | E2,2026-08-17,2026-08-17
a06Ro00000fmECNIA2,"Tampa, FL",#N/A,TPA | FG | 120 | F4,2026-08-17,2026-08-17
a065b00000dVDNLAA4,"Tampa, FL",#N/A,TPA | FG | 105 | F2,2026-08-17,2026-08-17
a06Ro00000SUNdNIAX,"Tampa, FL",#N/A,TPA | FG | 115 | A1,2026-08-17,2026-08-17
a06Ro00000NcAqjIAF,"Tampa, FL",#N/A,TPA | FG | 130 | J1,2026-08-17,2026-08-17
a06Ro00000G6nWHIAZ,"Tampa, FL",#N/A,TPA | FG | 105 | E1,2026-08-17,2026-08-17
a06Ro00000i6RNZIA2,"Tampa, FL",#N/A,TPA | FG | 110 | E1,2026-08-17,2026-08-17
a06Ro00000fRsnwIAC,"Tampa, FL",#N/A,TPA | FG | 155 | F2,2026-08-17,2026-08-17
a06Ro00000HOTdNIAX,"Tampa, FL",#N/A,TPA | FG | 115 | D1,2026-08-17,2026-08-17
a06Ro00000dzGnnIAE,"Tampa, FL",#N/A,TPA | FG | 125 | C2,2026-08-17,2026-08-17
a065b00000bmxONAAY,"Tampa, FL",#N/A,TPA | FG | 105 | C1,2026-08-17,2026-08-17
a06Ro000004nIXmIAM,"Tampa, FL",#N/A,TPA | FG | 115 | C2,2026-08-17,2026-08-17
a06Ro00000N66GtIAJ,"Tampa, FL",#N/A,TPA | FG | 135 | H1,2026-08-17,2026-08-17
a065b00000bnjZRAAY,"Tampa, FL",#N/A,TPA | FG | 125 | E5,2026-08-17,2026-08-17
a06Ro00000ZnWc9IAF,"Tampa, FL",#N/A,TPA | FG | 120 | K4,2026-08-17,2026-08-17
a06Ro00000BiN2bIAF,"Tampa, FL",#N/A,TPA | FG | 140 | C3,2026-08-17,2026-08-17
a06Ro00000eQnndIAC,"Tampa, FL",#N/A,TPA | FG | 135 | J1,2026-08-17,2026-08-17
a06Ro00000beNwfIAE,"Tampa, FL",#N/A,TPA | FG | PENDING | STG COILS,2026-08-17,2026-08-17
a065b00000bnoKlAAI,"Tampa, FL",#N/A,TPA | FG | 105 | E2,2026-08-17,2026-08-17
a064O00001UUhnWQAT,"Tampa, FL",#N/A,TPA | NC | 215 | D3,2026-08-17,2026-08-17
a065b00000bnpJoAAI,"Tampa, FL",#N/A,TPA | FG | 125 | J2,2026-08-17,2026-08-17
a06Ro00000fwBbNIAU,"Tampa, FL",#N/A,TPA | NC | 210 | A2,2026-08-17,2026-08-17
a065b00000bnmmjAAA,"Tampa, FL",#N/A,TPA | FG | 110 | E4,2026-08-17,2026-08-17
a06Ro00000NxGzdIAF,"Tampa, FL",#N/A,TPA | FG | 140 | G1,2026-08-17,2026-08-17
a06Ro00000gizNlIAI,"Tampa, FL",#N/A,TPA | NC | 215 | A3,2026-08-17,2026-08-17
a065b00000bnmIUAAY,"Tampa, FL",#N/A,TPA | FG | 115 | H1,2026-08-17,2026-08-17
a06Ro00000bPxqnIAC,"Tampa, FL",#N/A,TPA | FG | 130 | K3,2026-08-17,2026-08-17
a06Ro00000BeFmnIAF,"Tampa, FL",#N/A,TPA | FG | 130 | J3,2026-08-17,2026-08-17
a065b00000bncdRAAQ,"Tampa, FL",#N/A,TPA | FG | 135 | B3,2026-08-17,2026-08-17
a06Ro00000QOUNmIAP,"Tampa, FL",#N/A,TPA | FG | 160,2026-08-17,2026-08-17
a06Ro00000e1F2nIAE,"Tampa, FL",#N/A,TPA | NC | 205 | B4,2026-08-17,2026-08-17
a06Ro00000ejVNCIA2,"Tampa, FL",#N/A,TPA | FG | 140 | A1,2026-08-17,2026-08-17
a06Ro00000VdZnGIAV,"Tampa, FL",#N/A,TPA | NC | 225 | E1,2026-08-17,2026-08-17
a06Ro00000NUPdFIAX,"Tampa, FL",#N/A,TPA | TRIP | 700 | Barb Sheriff,2026-08-17,2026-08-17
a06Ro00000gO9TNIA0,"Tampa, FL",#N/A,TPA | FG | 125 | D1,2026-08-17,2026-08-17
a065b00000bnFLlAAM,"Tampa, FL",#N/A,TPA | FG | 130 | G3,2026-08-17,2026-08-17
a065b00000bnp4MAAQ,"Tampa, FL",#N/A,TPA | FG | 130 | G1,2026-08-17,2026-08-17
a065b00000bnjDwAAI,"Tampa, FL",#N/A,TPA | FG | 125 | E5,2026-08-17,2026-08-17
a06Ro00000G6nT3IAJ,"Tampa, FL",#N/A,TPA | FG | 105 | E1,2026-08-17,2026-08-17
a06Ro00000iCwN3IAK,"Tampa, FL",#N/A,TPA | FG | 105 | H3,2026-08-17,2026-08-17
a065b00000bnjbdAAA,"Tampa, FL",#N/A,TPA | FG | 110 | A1,2026-08-17,2026-08-17
a06Ro00000NzAjaIAF,"Tampa, FL",#N/A,TPA | FG | 130 | H1,2026-08-17,2026-08-17
a06Ro00000YHnNMIA1,"Tampa, FL",#N/A,TPA | FG | 135 | G4,2026-08-17,2026-08-17
a06Ro00000cnKKfIAM,"Tampa, FL",#N/A,TPA | NC | 205 | E3,2026-08-17,2026-08-17
a06Ro00000Dwn7UIAR,"Tampa, FL",#N/A,TPA | NC | 215 | A2,2026-08-17,2026-08-17
a06Ro00000cOaFnIAK,"Tampa, FL",#N/A,TPA | NC | 210 | E3,2026-08-17,2026-08-17
a06Ro00000QtgNpIAJ,"Tampa, FL",#N/A,TPA | NC | 210 | C4,2026-08-17,2026-08-17
a06Ro00000KIJGnIAP,"Tampa, FL",#N/A,TPA | NC | 210 | C3,2026-08-17,2026-08-17
a06Ro00000hnPfdIAE,"Tampa, FL",#N/A,TPA | RST | 300 | Cart 1,2026-08-17,2026-08-17
a06Ro00000Jnz93IAB,"Tampa, FL",#N/A,TPA | FG | 115 | E4,2026-08-17,2026-08-17
a065b00000bnjdPAAQ,"Tampa, FL",#N/A,TPA | FG | 115 | K2,2026-08-17,2026-08-17
a06Ro00000h6m2nIAA,"Tampa, FL",#N/A,TPA | FG | 115 | J5,2026-08-17,2026-08-17
a06Ro00000K4qNuIAJ,"Tampa, FL",#N/A,TPA | FG | 115 | K2,2026-08-17,2026-08-17
a06Ro00000WNOvFIAX,"Tampa, FL",#N/A,TPA | FG | 120 | E2,2026-08-17,2026-08-17
a06Ro00000fNarBIAS,"Tampa, FL",#N/A,TPA | FG | 120 | C3,2026-08-17,2026-08-17
a065b00000bnHkIAAU,"Tampa, FL",#N/A,TPA | FG | 100 | F3,2026-08-17,2026-08-17
a06Ro00000X3GmnIAF,"Tampa, FL",#N/A,TPA | NC | 225 | B1,2026-08-17,2026-08-17
a064O00001UUKXNQA5,"Tampa, FL",#N/A,TPA | FG | 135 | A4,2026-08-17,2026-08-17
a06Ro00000OBnR8IAL,"Tampa, FL",#N/A,TPA | FG | 110 | J2,2026-08-17,2026-08-17
a065b00000bnNETAA2,"Tampa, FL",#N/A,TPA | FG | 115 | B1,2026-08-17,2026-08-17
a065b00000bnMxSAAU,"Tampa, FL",#N/A,TPA | FG | 100 | J2,2026-08-17,2026-08-17
a06Ro00000JfBNxIAN,"Tampa, FL",#N/A,TPA | FG | 105 | E1,2026-08-17,2026-08-17
a06Ro00000dqxn9IAA,"Tampa, FL",#N/A,TPA | FG | 110 | C3,2026-08-17,2026-08-17
a06Ro00000OpFNOIA3,"Tampa, FL",#N/A,TPA | FG | 110 | C1,2026-08-17,2026-08-17
a064O00001UlEN3QAN,"Tampa, FL",#N/A,TPA | FG | 110 | J2,2026-08-17,2026-08-17
a065b00000bnmJYAAY,"Tampa, FL",#N/A,TPA | FG | 110 | J1,2026-08-17,2026-08-17
a065b00000cnBKrAAM,"Tampa, FL",#N/A,TPA | FG | 125 | J4,2026-08-17,2026-08-17
a065b00000cnJ4SAAU,"Tampa, FL",#N/A,TPA | FG | 120 | G2,2026-08-17,2026-08-17
a06Ro00000fNTRWIA4,"Tampa, FL",#N/A,TPA | FG | 105 | F3,2026-08-17,2026-08-17
a065b00000bnU2mAAE,"Tampa, FL",#N/A,TPA | FG | 115 | B2,2026-08-17,2026-08-17
a06Ro00000fjRHNIA2,"Tampa, FL",#N/A,TPA | NC | 205 | B1,2026-08-17,2026-08-17
a06Ro00000fvDvNIAU,"Tampa, FL",#N/A,TPA | FG | 120 | K3,2026-08-17,2026-08-17
a06Ro00000fNaZSIA0,"Tampa, FL",#N/A,TPA | FG | 120 | E3,2026-08-17,2026-08-17
a065b00000bnHAyAAM,"Tampa, FL",#N/A,TPA | FG | 120 | C4,2026-08-17,2026-08-17
a065b00000bnoILAAY,"Tampa, FL",#N/A,TPA | FG | 125 | A5,2026-08-17,2026-08-17
a064O00001UbNIEQA3,"Tampa, FL",#N/A,TPA | FG | 125 | B4,2026-08-17,2026-08-17
a065b00000cnO7pAAE,"Tampa, FL",#N/A,TPA | FG | 125 | C1,2026-08-17,2026-08-17
a065b00000bnlHPAAY,"Tampa, FL",#N/A,TPA | FG | 125 | B2,2026-08-17,2026-08-17
a06Ro00000fv7unIAA,"Tampa, FL",#N/A,TPA | FG | 130 | E5,2026-08-17,2026-08-17
a065b00000dUN7gAAG,"Tampa, FL",#N/A,TPA | FG | 130 | E2,2026-08-17,2026-08-17
a06Ro00000I7LN8IAN,"Tampa, FL",#N/A,TPA | FG | 130 | B4,2026-08-17,2026-08-17
a06Ro00000cn9NfIAI,"Tampa, FL",#N/A,TPA | NC | 205 | E3,2026-08-17,2026-08-17
a064O00001UUgnbQAD,"Tampa, FL",#N/A,TPA | FG | 125 | K2,2026-08-17,2026-08-17
a065b00000gRdjnAAC,"Tampa, FL",#N/A,TPA | FG | 100 | G4,2026-08-17,2026-08-17
a064O00001UlQnvQAF,"Tampa, FL",#N/A,TPA | FG | 110 | G3,2026-08-17,2026-08-17
a065b00000gSNj4AAG,"Tampa, FL",#N/A,TPA | FG | 105 | C1,2026-08-17,2026-08-17
a06Ro00000hnOGYIA2,"Tampa, FL",#N/A,TPA | FG | 115 | H1,2026-08-17,2026-08-17
a065b00000gQrnbAAC,"Tampa, FL",#N/A,TPA | FG | 110 | K5,2026-08-17,2026-08-17
a06Ro00000DbR3NIAV,"Tampa, FL",#N/A,TPA | FG | PENDING | STG COILS,2026-08-17,2026-08-17
a065b00000bnRGaAAM,"Tampa, FL",#N/A,TPA | FG | 135 | F3,2026-08-17,2026-08-17
a06Ro00000PSsGnIAL,"Tampa, FL",#N/A,TPA | FG | 135 | G2,2026-08-17,2026-08-17
a06Ro00000ea4neIAA,"Tampa, FL",#N/A,TPA | NC | 205 | C4,2026-08-17,2026-08-17
a06Ro00000aroTNIAY,"Tampa, FL",#N/A,TPA | FG | 160,2026-08-17,2026-08-17
a06Ro00000fnfyTIAQ,"Tampa, FL",#N/A,TPA | FG | 125 | H5,2026-08-17,2026-08-17
a06Ro00000i6NDVIA2,"Tampa, FL",#N/A,TPA | FG | 120 | G4,2026-08-17,2026-08-17
a06Ro00000fSNOgIAO,"Tampa, FL",#N/A,TPA | FG | 135 | H1,2026-08-17,2026-08-17
a06Ro00000GVNtZIAX,"Tampa, FL",#N/A,TPA | FG | 135 | C2,2026-08-17,2026-08-17
a06Ro00000HKnxIIAT,"Tampa, FL",#N/A,TPA | NC | 205 | B3,2026-08-17,2026-08-17
a06Ro00000fnXw5IAE,"Tampa, FL",#N/A,TPA | FG | 125 | F5,2026-08-17,2026-08-17
a06Ro00000fnfaHIAQ,"Tampa, FL",#N/A,TPA | FG | 125 | A2,2026-08-17,2026-08-17
a065b00000bnU90AAE,"Tampa, FL",#N/A,TPA | FG | 100 | G3,2026-08-17,2026-08-17
a06Ro00000T49NNIAZ,"Tampa, FL",#N/A,TPA | FG | 115 | H2,2026-08-17,2026-08-17
a06Ro00000NUKKDIA5,"Tampa, FL",#N/A,TPA | TRIP | 700 | Barb Sheriff,2026-08-17,2026-08-17
a06Ro000006HN81IAG,"Tampa, FL",#N/A,TPA | FG | 125 | B5,2026-08-17,2026-08-17
a06Ro000007SvnMIAS,"Tampa, FL",#N/A,TPA | FG | 125 | A2,2026-08-17,2026-08-17
a06Ro00000WXDNRIA5,"Tampa, FL",#N/A,TPA | FG | 105 | C3,2026-08-17,2026-08-17
a06Ro00000hnAIPIA2,"Tampa, FL",#N/A,TPA | FG | 110 | C1,2026-08-17,2026-08-17
a065b00000bnIpBAAU,"Tampa, FL",#N/A,TPA | FG | 110 | A4,2026-08-17,2026-08-17
a06Ro00000J5BntIAF,"Tampa, FL",#N/A,TPA | FG | 115 | J1,2026-08-17,2026-08-17
a065b00000cprNNAAY,"Tampa, FL",#N/A,TPA | FG | 120 | C5,2026-08-17,2026-08-17
a065b00000bnglWAAQ,"Tampa, FL",#N/A,TPA | FG | 125 | E5,2026-08-17,2026-08-17
a06Ro00000XBlNCIA1,"Tampa, FL",#N/A,TPA | FG | 135 | A1,2026-08-17,2026-08-17
a06Ro00000hnAWvIAM,"Tampa, FL",#N/A,TPA | FG | 110 | C2,2026-08-17,2026-08-17
a06Ro00000KbTAnIAN,"Tampa, FL",#N/A,TPA | NC | 205 | A2,2026-08-17,2026-08-17
a065b00000cnx01AAA,"Tampa, FL",#N/A,TPA | FG | 125 | E4,2026-08-17,2026-08-17
a06Ro00000hhYFNIA2,"Tampa, FL",#N/A,TPA | FG | 120 | K2,2026-08-17,2026-08-17
a064O00001UlnlOQAR,"Tampa, FL",#N/A,TPA | FG | 130 | C4,2026-08-17,2026-08-17
a06Ro00000Yln4vIAB,"Tampa, FL",#N/A,TPA | FG | 105 | C3,2026-08-17,2026-08-17
a06Ro00000J4nGxIAJ,"Tampa, FL",#N/A,TPA | FG | 110 | G4,2026-08-17,2026-08-17
a064O00001UU5NhQAL,"Tampa, FL",#N/A,TPA | FG | 110 | G2,2026-08-17,2026-08-17
a065b00000gRNt1AAG,"Tampa, FL",#N/A,TPA | FG | 115 | F1,2026-08-17,2026-08-17
a065b00000gQnmoAAC,"Tampa, FL",#N/A,TPA | FG | 110 | K4,2026-08-17,2026-08-17
a065b00000bnN57AAE,"Tampa, FL",#N/A,TPA | FG | 115 | A2,2026-08-17,2026-08-17
a065b00000bnmGdAAI,"Tampa, FL",#N/A,TPA | FG | 110 | J1,2026-08-17,2026-08-17
a065b00000k0RNYAA2,"Tampa, FL",#N/A,TPA | FG | 110 | J3,2026-08-17,2026-08-17
a065b00000bnmnDAAQ,"Tampa, FL",#N/A,TPA | FG | 110 | K3,2026-08-17,2026-08-17
a065b00000cnkGxAAI,"Tampa, FL",#N/A,TPA | FG | 110 | H5,2026-08-17,2026-08-17
a06Ro00000QNglzIAD,"Tampa, FL",#N/A,TPA | FG | 110 | J1,2026-08-17,2026-08-17
a065b00000bncvuAAA,"Tampa, FL",#N/A,TPA | FG | 120 | B2,2026-08-17,2026-08-17
a06Ro00000j21nhIAA,"Tampa, FL",#N/A,TPA | FG | 115 | J4,2026-08-17,2026-08-17
a06Ro00000YjWpnIAF,"Tampa, FL",#N/A,TPA | FG | 120 | J4,2026-08-17,2026-08-17
a06Ro00000QLqKnIAL,"Tampa, FL",#N/A,TPA | FG | 135 | E2,2026-08-17,2026-08-17
a065b00000bncI2AAI,"Tampa, FL",#N/A,TPA | FG | 130 | C4,2026-08-17,2026-08-17
a06Ro00000dnrzCIAQ,"Tampa, FL",#N/A,TPA | FG | 135 | F4,2026-08-17,2026-08-17
a064O00001UlnthQAB,"Tampa, FL",#N/A,TPA | FG | 135 | G2,2026-08-17,2026-08-17
a065b00000gAakNAAS,"Tampa, FL",#N/A,TPA | FG | 135 | A3,2026-08-17,2026-08-17
a06Ro00000JnwnvIAB,"Tampa, FL",#N/A,TPA | FG | 110 | E5,2026-08-17,2026-08-17
a06Ro00000fNAIRIA4,"Tampa, FL",#N/A,TPA | FG | 105 | E4,2026-08-17,2026-08-17
a065b00000bnYxOAAU,"Tampa, FL",#N/A,TPA | FG | 105 | H2,2026-08-17,2026-08-17
a06Ro00000ZnCtWIAV,"Tampa, FL",#N/A,TPA | FG | 105 | H2,2026-08-17,2026-08-17
a06Ro00000cPNDFIA4,"Tampa, FL",#N/A,TPA | FG | 110 | C3,2026-08-17,2026-08-17
a065b00000bnWkrAAE,"Tampa, FL",#N/A,TPA | FG | 115 | B3,2026-08-17,2026-08-17
a065b00000bnlN3AAI,"Tampa, FL",#N/A,TPA | FG | 110 | E3,2026-08-17,2026-08-17
a06Ro00000fnaNhIAI,"Tampa, FL",#N/A,TPA | FG | 115 | K3,2026-08-17,2026-08-17
a06Ro00000FqpnOIAR,"Tampa, FL",#N/A,TPA | FG | 115 | C1,2026-08-17,2026-08-17
a065b00000gSNqmAAG,"Tampa, FL",#N/A,TPA | FG | 120 | E3,2026-08-17,2026-08-17
a064O00001UTtEnQAL,"Tampa, FL",#N/A,TPA | FG | 130 | B5,2026-08-17,2026-08-17
a06Ro00000Btno9IAB,"Tampa, FL",#N/A,TPA | FG | 115 | C2,2026-08-17,2026-08-17
a06Ro00000CjFNNIA3,"Tampa, FL",#N/A,TPA | FG | 135 | J1,2026-08-17,2026-08-17
a065b00000cne5cAAA,"Tampa, FL",#N/A,TPA | STG | 810,2026-08-17,2026-08-17
a064O00001UlDNCQA3,"Tampa, FL",#N/A,TPA | FG | 115 | F5,2026-08-17,2026-08-17
a06Ro00000c3zNdIAI,"Tampa, FL",#N/A,TPA | FG | 120 | H5,2026-08-17,2026-08-17
a065b00000cnuTLAAY,"Tampa, FL",#N/A,TPA | FG | 110 | G2,2026-08-17,2026-08-17
a06Ro00000Uep5nIAB,"Tampa, FL",#N/A,TPA | FG | 115 | A2,2026-08-17,2026-08-17
a06Ro00000NtN1yIAF,"Tampa, FL",#N/A,TPA | FG | 120 | G4,2026-08-17,2026-08-17
a06Ro00000i6NbhIAE,"Tampa, FL",#N/A,TPA | FG | 120 | G5,2026-08-17,2026-08-17
a06Ro00000fnfonIAA,"Tampa, FL",#N/A,TPA | FG | 120 | H1,2026-08-17,2026-08-17
a06Ro00000dnOnXIAU,"Tampa, FL",#N/A,TPA | FG | 120 | E2,2026-08-17,2026-08-17
a065b00000bnBhIAAU,"Tampa, FL",#N/A,TPA | FG | 130 | A2,2026-08-17,2026-08-17
a06Ro00000GJNFqIAP,"Tampa, FL",#N/A,TPA | FG | 110 | C2,2026-08-17,2026-08-17
a065b00000bnchRAAQ,"Tampa, FL",#N/A,TPA | FG | 105 | H2,2026-08-17,2026-08-17
a06Ro00000biX1NIAU,"Tampa, FL",#N/A,TPA | NC | 210 | A3,2026-08-17,2026-08-17
a065b00000bnHiqAAE,"Tampa, FL",#N/A,TPA | FG | 135 | B1,2026-08-17,2026-08-17
a06Ro00000OjZOnIAN,"Tampa, FL",#N/A,TPA | NC | 225 | B2,2026-08-17,2026-08-17
a06Ro00000WmuNIIAZ,"Tampa, FL",#N/A,TPA | NC | 225 | A5,2026-08-17,2026-08-17
a06Ro000006Rj0nIAC,"Tampa, FL",#N/A,TPA | Trophon Depot Repair,2026-08-17,2026-08-17
a065b00000cnMRqAAM,"Tampa, FL",#N/A,TPA | STG | 805,2026-08-17,2026-08-17
a064O00001Ul4NsQAJ,"Tampa, FL",#N/A,TPA | FG | 110 | E2,2026-08-17,2026-08-17
a065b00000bmn4UAAQ,"Tampa, FL",#N/A,TPA | FG | 105 | C1,2026-08-17,2026-08-17
a064O00001UUSfnQAH,"Tampa, FL",#N/A,TPA | FG | 105 | J1,2026-08-17,2026-08-17
a06Ro00000ZnYPNIA3,"Tampa, FL",#N/A,TPA | FG | 120 | K4,2026-08-17,2026-08-17
a065b00000cnq6JAAQ,"Tampa, FL",#N/A,TPA | RENTAL,2026-08-17,2026-08-17
a065b00000cnJA6AAM,"Tampa, FL",#N/A,TPA | FG | 155 | E3,2026-08-17,2026-08-17
a06Ro00000OBndtIAD,"Tampa, FL",#N/A,TPA | NC | 225 | A5,2026-08-17,2026-08-17
a065b00000bncBTAAY,"Tampa, FL",#N/A,TPA | FG | 105 | F1,2026-08-17,2026-08-17
a06Ro00000g7CInIAM,"Tampa, FL",#N/A,TPA | FG | 120 | J5,2026-08-17,2026-08-17
a065b00000bncIMAAY,"Tampa, FL",#N/A,TPA | FG | 130 | C4,2026-08-17,2026-08-17
a06Ro00000LUKmnIAH,"Tampa, FL",#N/A,TPA | FG | 130 | H1,2026-08-17,2026-08-17
a065b00000bnoJ4AAI,"Tampa, FL",#N/A,TPA | FG | 105 | K2,2026-08-17,2026-08-17
a06Ro00000cENlFIAW,"Tampa, FL",#N/A,TPA | FG | 105 | K3,2026-08-17,2026-08-17
a065b00000cnwx7AAA,"Tampa, FL",#N/A,TPA | FG | 125 | B3,2026-08-17,2026-08-17
a06Ro00000fnWYbIAM,"Tampa, FL",#N/A,TPA | FG | 130 | G3,2026-08-17,2026-08-17
a06Ro00000NxDGyIAN,"Tampa, FL",#N/A,TPA | FG | 140 | G1,2026-08-17,2026-08-17
a065b00000cnuagAAA,"Tampa, FL",#N/A,TPA | FG | 110 | C4,2026-08-17,2026-08-17
a06Ro00000ADNfNIAX,"Tampa, FL",#N/A,TPA | FG | 110 | C2,2026-08-17,2026-08-17
a065b00000cnHACAA2,"Tampa, FL",#N/A,TPA | FG | 115 | B3,2026-08-17,2026-08-17
a06Ro00000A9uLNIAZ,"Tampa, FL",#N/A,TPA | FG | 100 | J3,2026-08-17,2026-08-17
a065b00000bnIoyAAE,"Tampa, FL",#N/A,TPA | FG | 110 | B2,2026-08-17,2026-08-17
a065b00000gAajnAAC,"Tampa, FL",#N/A,TPA | FG | 130 | J1,2026-08-17,2026-08-17
a06Ro00000fnX01IAE,"Tampa, FL",#N/A,TPA | FG | 135 | J5,2026-08-17,2026-08-17
a06Ro00000XwtXNIAZ,"Tampa, FL",#N/A,TPA | FG | 100 | C1,2026-08-17,2026-08-17
a06Ro00000iBJkNIAW,"Tampa, FL",#N/A,TPA | FG | 100 | E2,2026-08-17,2026-08-17
a06Ro00000aL4n3IAC,"Tampa, FL",#N/A,TPA | FG | PENDING | STG COILS,2026-08-17,2026-08-17
a06Ro00000GCN1XIAX,"Tampa, FL",#N/A,TPA | STG | 840,2026-08-17,2026-08-17
a06Ro00000MfnzNIAR,"Tampa, FL",#N/A,TPA | FG | 100 | F5,2026-08-17,2026-08-17
a06Ro00000c25YnIAI,"Tampa, FL",#N/A,TPA | FG | 100 | G3,2026-08-17,2026-08-17
a06Ro00000fnaifIAA,"Tampa, FL",#N/A,TPA | FG | 115 | J1,2026-08-17,2026-08-17
a064O00001UlNiKQAV,"Tampa, FL",#N/A,TPA | FG | 120 | C5,2026-08-17,2026-08-17
a065b00000bnoKCAAY,"Tampa, FL",#N/A,TPA | FG | 105 | E2,2026-08-17,2026-08-17
a06Ro00000fvBNJIA2,"Tampa, FL",#N/A,TPA | FG | 120 | F4,2026-08-17,2026-08-17
a06Ro00000S9DVnIAN,"Tampa, FL",#N/A,TPA | FG | 135 | A2,2026-08-17,2026-08-17
a06Ro00000OBnafIAD,"Tampa, FL",#N/A,TPA | NC | 225 | A5,2026-08-17,2026-08-17
a065b00000cnN7FAAU,"Tampa, FL",#N/A,TPA | FG | 100 | E2,2026-08-17,2026-08-17
a06Ro00000VihNeIAJ,"Tampa, FL",#N/A,TPA | FG | 105 | C1,2026-08-17,2026-08-17
a064O00001UbNQcQAN,"Tampa, FL",#N/A,TPA | FG | 105 | F4,2026-08-17,2026-08-17
a065b00000bnN1oAAE,"Tampa, FL",#N/A,TPA | FG | 100 | H2,2026-08-17,2026-08-17
a06Ro00000ZZWFNIA5,"Tampa, FL",#N/A,TPA | STG | 815,2026-08-17,2026-08-17
a065b00000bnGuvAAE,"Tampa, FL",#N/A,TPA | FG | 135 | E4,2026-08-17,2026-08-17
a06Ro00000QWDsnIAH,"Tampa, FL",#N/A,TPA | Trophon Depot Repair,2026-08-17,2026-08-17
a06Ro00000ZnXptIAF,"Tampa, FL",#N/A,TPA | FG | 120 | K4,2026-08-17,2026-08-17
a06Ro00000N7826IAB,"Tampa, FL",#N/A,TPA | STG | 835,2026-08-17,2026-08-17
a06Ro00000dfN0cIAE,"Tampa, FL",#N/A,TPA | Trophon Depot Repair,2026-08-17,2026-08-17
a06Ro00000YHnYbIAL,"Tampa, FL",#N/A,TPA | FG | 150 | B2,2026-08-17,2026-08-17
a065b00000gADnCAAW,"Tampa, FL",#N/A,TPA | RENTAL,2026-08-17,2026-08-17
a065b00000gSNlKAAW,"Tampa, FL",#N/A,TPA | RENTAL,2026-08-17,2026-08-17
a06Ro00000LvuMNIAZ,"Tampa, FL",#N/A,TPA | FG | 115 | E3,2026-08-17,2026-08-17
a065b00000bnTx3AAE,"Tampa, FL",#N/A,TPA | FG | 125 | B1,2026-08-17,2026-08-17
a06Ro00000QNkzFIAT,"Tampa, FL",#N/A,TPA | FG | 125 | J3,2026-08-17,2026-08-17
a065b00000bnynvAAA,"Tampa, FL",#N/A,TPA | FG | 110 | J5,2026-08-17,2026-08-17
a06Ro00000cNdduIAC,"Tampa, FL",#N/A,TPA | FG | 110 | H1,2026-08-17,2026-08-17
a06Ro00000PNNjtIAH,"Tampa, FL",#N/A,TPA | NC | 205 | C1,2026-08-17,2026-08-17
a064O00001UbNQIQA3,"Tampa, FL",#N/A,TPA | FG | 135 | C4,2026-08-17,2026-08-17
a06Ro00000ZWnz8IAD,"Tampa, FL",#N/A,TPA | FG | 130 | E3,2026-08-17,2026-08-17
a06Ro00000ENcvoIAD,"Tampa, FL",#N/A,TPA | FG | 110 | J4,2026-08-17,2026-08-17
a06Ro00000beNgXIAU,"Tampa, FL",#N/A,TPA | FG | 100 | K4,2026-08-17,2026-08-17
a06Ro00000fYGnVIAW,"Tampa, FL",#N/A,TPA | FG | 105 | E5,2026-08-17,2026-08-17
a064O00001WfknuQAB,"Tampa, FL",#N/A,TPA | FG | 100 | E2,2026-08-17,2026-08-17
a065b00000bnCaFAAU,"Tampa, FL",#N/A,TPA | FG | 100 | F2,2026-08-17,2026-08-17
a06Ro00000iBfzNIAS,"Tampa, FL",#N/A,TPA | FG | 105 | C2,2026-08-17,2026-08-17
a06Ro00000iANRqIAO,"Tampa, FL",#N/A,TPA | STG | 850,2026-08-17,2026-08-17
a06Ro000005NXI9IAO,"Tampa, FL",#N/A,TPA | NC | 200 |A2,2026-08-17,2026-08-17
a06Ro00000JhenGIAR,"Tampa, FL",#N/A,TPA | NC | 205 | A2,2026-08-17,2026-08-17
a06Ro00000V01GnIAJ,"Tampa, FL",#N/A,TPA | FG | 115 | C1,2026-08-17,2026-08-17
a064O00001UU40NQAT,"Tampa, FL",#N/A,TPA | FG | 110 | E2,2026-08-17,2026-08-17
a065b00000bnfLnAAI,"Tampa, FL",#N/A,TPA | FG | 110 | F3,2026-08-17,2026-08-17
a065b00000bnlM0AAI,"Tampa, FL",#N/A,TPA | FG | 100 | F2,2026-08-17,2026-08-17
a064O00001WfknzQAB,"Tampa, FL",#N/A,TPA | FG | 100 | E2,2026-08-17,2026-08-17
a06Ro00000ZfN6AIAV,"Tampa, FL",#N/A,TPA | FG | 105 | E3,2026-08-17,2026-08-17
a06Ro00000G6nPpIAJ,"Tampa, FL",#N/A,TPA | FG | 105 | E1,2026-08-17,2026-08-17
a06Ro00000b9NPtIAM,"Tampa, FL",#N/A,TPA | FG | 105 | H4,2026-08-17,2026-08-17
a06Ro00000cJ0HnIAK,"Tampa, FL",#N/A,TPA | FG | 135 | F4,2026-08-17,2026-08-17
a06Ro00000Rqn3VIAR,"Tampa, FL",#N/A,TPA | FG | 135 | G3,2026-08-17,2026-08-17
a06Ro00000NCJL1IAP,"Tampa, FL",#N/A,TPA | STG | 815,2026-08-17,2026-08-17
a06Ro00000TJadNIAT,"Tampa, FL",#N/A,TPA | FG | 105 | J3,2026-08-17,2026-08-17
a06Ro00000ZWq7NIAT,"Tampa, FL",#N/A,TPA | FG | 125 | G2,2026-08-17,2026-08-17
a06Ro000005Nb0pIAC,"Tampa, FL",#N/A,TPA | FG | 125 | C2,2026-08-17,2026-08-17
a065b00000bnrUsAAI,"Tampa, FL",#N/A,TPA | FG | 125 | B4,2026-08-17,2026-08-17
a06Ro00000ZnFL8IAN,"Tampa, FL",#N/A,TPA | FG | 120 | K4,2026-08-17,2026-08-17
a06Ro00000Nml7SIAR,"Tampa, FL",#N/A,TPA | FG | 120 | A1,2026-08-17,2026-08-17
a06Ro00000hHtNVIA0,"Tampa, FL",#N/A,TPA | FG | 120 | E3,2026-08-17,2026-08-17
a064O00001UUfmnQAD,"Tampa, FL",#N/A,TPA | FG | 120 | C1,2026-08-17,2026-08-17
a06Ro00000hfnjxIAA,"Tampa, FL",#N/A,TPA | FG | 100 | F1,2026-08-17,2026-08-17
a06Ro00000ZnMrFIAV,"Tampa, FL",#N/A,TPA | FG | 105 | C2,2026-08-17,2026-08-17
a06Ro00000fz8NdIAI,"Tampa, FL",#N/A,TPA | FG | 100 | C4,2026-08-17,2026-08-17
a06Ro00000hnkCDIAY,"Tampa, FL",#N/A,TPA | FG | 100 | C2,2026-08-17,2026-08-17
a065b00000bnr1kAAA,"Tampa, FL",#N/A,TPA | FG | 110 | K3,2026-08-17,2026-08-17
a06Ro00000Qn2T9IAJ,"Tampa, FL",#N/A,TPA | FG | 115 | A2,2026-08-17,2026-08-17
a064O00001Ulhn8QAB,"Tampa, FL",#N/A,TPA | FG | 110 | B3,2026-08-17,2026-08-17
a065b00000k0Ng2AAE,"Tampa, FL",#N/A,TPA | FG | 135 | B3,2026-08-17,2026-08-17
a06Ro00000Pw2nqIAB,"Tampa, FL",#N/A,TPA | FG | 130 | A4,2026-08-17,2026-08-17
a06Ro00000INjGcIAL,"Tampa, FL",#N/A,TPA | TRIP | 700 | Greg Chadwick,2026-08-17,2026-08-17
a065b00000gSNi0AAG,"Tampa, FL",#N/A,TPA | FG | 115 | J2,2026-08-17,2026-08-17
a06Ro00000JnzCHIAZ,"Tampa, FL",#N/A,TPA | FG | 115 | E4,2026-08-17,2026-08-17
a064O00001UUb6NQAT,"Tampa, FL",#N/A,TPA | FG | 115 | B2,2026-08-17,2026-08-17
a06Ro00000V9FkNIAV,"Tampa, FL",#N/A,TPA | FG | 115 | G5,2026-08-17,2026-08-17
a06Ro00000SxTdnIAF,"Tampa, FL",#N/A,TPA | FG | 120 | H2,2026-08-17,2026-08-17
a06Ro00000Q28NVIAZ,"Tampa, FL",#N/A,TPA | FG | 125 | B4,2026-08-17,2026-08-17
a06Ro00000F9niPIAR,"Tampa, FL",#N/A,TPA | NC | 210 | C3,2026-08-17,2026-08-17
a06Ro00000S91PnIAJ,"Tampa, FL",#N/A,TPA | NC | 200 | A3,2026-08-17,2026-08-17
a06Ro00000PbN7JIAV,"Tampa, FL",#N/A,TPA | NC | 225 | A3,2026-08-17,2026-08-17
a06Ro00000iGCNFIA4,"Tampa, FL",#N/A,TPA | NC | 210 | D4,2026-08-17,2026-08-17
a06Ro00000Nn5NuIAJ,"Tampa, FL",#N/A,TPA | NC | 215 | A3,2026-08-17,2026-08-17
a065b00000k0gNHAAY,"Tampa, FL",#N/A,TPA | STG | 800,2026-08-17,2026-08-17
a06Ro00000NTvs6IAD,"Tampa, FL",#N/A,TPA | STG | 805,2026-08-17,2026-08-17
a065b00000bno8aAAA,"Tampa, FL",#N/A,TPA | STG | 805,2026-08-17,2026-08-17
a06Ro00000W1nylIAB,"Tampa, FL",#N/A,TPA | STG | 815,2026-08-17,2026-08-17
a065b00000blO2NAAU,"Tampa, FL",#N/A,TPA | RENTAL,2026-08-17,2026-08-17
a06Ro00000beNdJIAU,"Tampa, FL",#N/A,TPA | FG | 105 | G4,2026-08-17,2026-08-17
a06Ro00000CO4KNIA1,"Tampa, FL",#N/A,TPA | FG | 115 | D1,2026-08-17,2026-08-17
a065b00000gSOn4AAG,"Tampa, FL",#N/A,TPA | FG | 105 | E2,2026-08-17,2026-08-17
a06Ro00000G6nJNIAZ,"Tampa, FL",#N/A,TPA | FG | 105 | E1,2026-08-17,2026-08-17
a065b00000bnlNiAAI,"Tampa, FL",#N/A,TPA | FG | 110 | E3,2026-08-17,2026-08-17
a06Ro00000fj1DNIAY,"Tampa, FL",#N/A,TPA | FG | 120 | G2,2026-08-17,2026-08-17
a06Ro00000PvL7nIAF,"Tampa, FL",#N/A,TPA | TRIP | 700 | Barb Sheriff,2026-08-17,2026-08-17
a064O00001UUb1NQAT,"Tampa, FL",#N/A,TPA | FG | 130 | E4,2026-08-17,2026-08-17
a065b00000cnAL4AAM,"Tampa, FL",#N/A,TPA | FG | 130 | G4,2026-08-17,2026-08-17
a06Ro00000X53NGIAZ,"Tampa, FL",#N/A,TPA | FG | 130 | K3,2026-08-17,2026-08-17
a065b00000bnaLOAAY,"Tampa, FL",#N/A,TPA | FG | 125 | F1,2026-08-17,2026-08-17
a065b00000bnldCAAQ,"Tampa, FL",#N/A,TPA | FG | 135 | C3,2026-08-17,2026-08-17
a06Ro00000NxWRdIAN,"Tampa, FL",#N/A,TPA | FG | 140 | G1,2026-08-17,2026-08-17
a064O00001Ul8nVQAR,"Tampa, FL",#N/A,TPA | FG | 100 | F5,2026-08-17,2026-08-17
a06Ro00000ZnINpIAN,"Tampa, FL",#N/A,TPA | FG | 105 | F1,2026-08-17,2026-08-17
a06Ro00000hnALdIAM,"Tampa, FL",#N/A,TPA | FG | 110 | C1,2026-08-17,2026-08-17
a06Ro00000KGlnTIAT,"Tampa, FL",#N/A,TPA | FG | 110 | F2,2026-08-17,2026-08-17
a06Ro00000UNbqPIAT,"Tampa, FL",#N/A,TPA | FG | 125 | C2,2026-08-17,2026-08-17
a065b00000bngjuAAA,"Tampa, FL",#N/A,TPA | FG | 125 | E5,2026-08-17,2026-08-17
a06Ro00000hndvWIAQ,"Tampa, FL",#N/A,TPA | FG | 115 | K4,2026-08-17,2026-08-17
a065b00000cmVnSAAU,"Tampa, FL",#N/A,TPA | FG | 125 | H2,2026-08-17,2026-08-17
a065b00000dUomNAAS,"Tampa, FL",#N/A,TPA | FG | 135 | A3,2026-08-17,2026-08-17
a064O00001Wfn0jQAB,"Tampa, FL",#N/A,TPA | FG | 135 | J2,2026-08-17,2026-08-17
a065b00000bnvtUAAQ,"Tampa, FL",#N/A,TPA | FG | 135 | K1,2026-08-17,2026-08-17
a06Ro00000dbunyIAA,"Tampa, FL",#N/A,TPA | FG | 140 | B1,2026-08-17,2026-08-17
a065b00000cnJ93AAE,"Tampa, FL",#N/A,TPA | FG | 155 | E3,2026-08-17,2026-08-17
a06Ro00000N6zTNIAZ,"Tampa, FL",#N/A,TPA | NC | 205 | A2,2026-08-17,2026-08-17
a06Ro00000cNYmIIAW,"Tampa, FL",#N/A,TPA | FG | 110 | H2,2026-08-17,2026-08-17
a065b00000gSKNTAA4,"Tampa, FL",#N/A,TPA | FG | 115 | A1,2026-08-17,2026-08-17
a06Ro00000bgF5NIAU,"Tampa, FL",#N/A,TPA | RST | 300 | Cart 1,2026-08-17,2026-08-17
a06Ro00000Cu8LnIAJ,"Tampa, FL",#N/A,TPA | FG | 130 | H4,2026-08-17,2026-08-17
a06Ro00000Nz1YEIAZ,"Tampa, FL",#N/A,TPA | FG | 160,2026-08-17,2026-08-17
a065b00000jznA0AAI,"Tampa, FL",#N/A,TPA | FG | 155 | E2,2026-08-17,2026-08-17
a065b00000bnnm5AAA,"Tampa, FL",#N/A,TPA | FG | 125 | A5,2026-08-17,2026-08-17
a06Ro00000hpNkzIAE,"Tampa, FL",#N/A,TPA | FG | 110 | E1,2026-08-17,2026-08-17
a064O00001UlG7NQAV,"Tampa, FL",#N/A,TPA | FG | 100 | D1,2026-08-17,2026-08-17
a06Ro00000NAs0KIAT,"Tampa, FL",#N/A,TPA | NC | 225 | D1,2026-08-17,2026-08-17
a06Ro00000cn1xyIAA,"Tampa, FL",#N/A,TPA | NC | 205 | A2,2026-08-17,2026-08-17
a064O00001UlfrnQAB,"Tampa, FL",#N/A,TPA | FG | 115 | A4,2026-08-17,2026-08-17
a065b00000bnU3GAAU,"Tampa, FL",#N/A,TPA | FG | 110 | E2,2026-08-17,2026-08-17
a06Ro00000GvnIzIAJ,"Tampa, FL",#N/A,TPA | TRIP | 700 | Barb Sheriff,2026-08-17,2026-08-17
a06Ro00000NtiJJIAZ,"Tampa, FL",#N/A,TPA | FG | 110 | H2,2026-08-17,2026-08-17
a065b00000gQsAnAAK,"Tampa, FL",#N/A,TPA | TRIP | 700 | Eddie Velasquez,2026-08-17,2026-08-17
a064O00001UUdnxQAD,"Tampa, FL",#N/A,TPA | FG | 100 | J1,2026-08-17,2026-08-17
a06Ro00000ienqIIAQ,"Tampa, FL",#N/A,TPA | FG | 135 | J2,2026-08-17,2026-08-17
a064O00001UUgnwQAD,"Tampa, FL",#N/A,TPA | FG | 115 | A2,2026-08-17,2026-08-17
a06Ro00000fTJinIAG,"Tampa, FL",#N/A,TPA | FG | 130 | K1,2026-08-17,2026-08-17
a06Ro00000dnvTJIAY,"Tampa, FL",#N/A,TPA | FG | 120 | J1,2026-08-17,2026-08-17
a06Ro00000cNdIwIAK,"Tampa, FL",#N/A,TPA | FG | 110 | H3,2026-08-17,2026-08-17
a064O00001WfrNmQAJ,"Tampa, FL",#N/A,TPA | FG | 135 | B4,2026-08-17,2026-08-17
a06Ro00000i6NjlIAE,"Tampa, FL",#N/A,TPA | FG | 120 | G4,2026-08-17,2026-08-17
a06Ro00000K0XDNIA3,"Tampa, FL",#N/A,TPA | NC | 215 | D1,2026-08-17,2026-08-17
a065b00000bnNmaAAE,"Tampa, FL",#N/A,TPA | FG | 115 | H3,2026-08-17,2026-08-17
a06Ro00000DWqiNIAT,"Tampa, FL",#N/A,TPA | FG | 115 | F2,2026-08-17,2026-08-17
a064O00001UlKnGQAV,"Tampa, FL",#N/A,TPA | FG | 105 | C2,2026-08-17,2026-08-17
a065b00000bnRHLAA2,"Tampa, FL",#N/A,TPA | FG | 115 | K4,2026-08-17,2026-08-17
a06Ro00000NsyA1IAJ,"Tampa, FL",#N/A,TPA | FG | 160,2026-08-17,2026-08-17
a065b00000e0knzAAA,"Tampa, FL",#N/A,TPA | RENTAL,2026-08-17,2026-08-17
a06Ro00000EHXynIAH,"Tampa, FL",#N/A,TPA | FG | 105 | J2,2026-08-17,2026-08-17
a06Ro00000cnJrdIAE,"Tampa, FL",#N/A,TPA | NC | 205 | A2,2026-08-17,2026-08-17
a065b00000bnkqFAAQ,"Tampa, FL",#N/A,TPA | FG | 125 | E4,2026-08-17,2026-08-17
a06Ro00000MLynhIAD,"Tampa, FL",#N/A,TPA | STG | 805,2026-08-17,2026-08-17
a064O00001UUNVTQA5,"Tampa, FL",#N/A,TPA | FG | 125 | C1,2026-08-17,2026-08-17
a06Ro00000H9nB0IAJ,"Tampa, FL",#N/A,TPA | FG | 130 | B3,2026-08-17,2026-08-17
a06Ro00000fNJK5IAO,"Tampa, FL",#N/A,TPA | FG | 105 | F4,2026-08-17,2026-08-17
a065b00000gA7LnAAK,"Tampa, FL",#N/A,TPA | FG | 130 | J2,2026-08-17,2026-08-17
a06Ro00000cien3IAA,"Tampa, FL",#N/A,TPA | FG | 130 | J4,2026-08-17,2026-08-17
a06Ro00000Nrqw6IAB,"Tampa, FL",#N/A,TPA | NC | 210 | C4,2026-08-17,2026-08-17
a06Ro000009rygnIAA,"Tampa, FL",#N/A,TPA | FG | 120 | E3,2026-08-17,2026-08-17
a065b00000bnmITAAY,"Tampa, FL",#N/A,TPA | FG | 110 | J1,2026-08-17,2026-08-17
a06Ro00000VZk1NIAT,"Tampa, FL",#N/A,TPA | FG | 110 | B1,2026-08-17,2026-08-17
a064O00001UUNHRQA5,"Tampa, FL",#N/A,TPA | FG | 105 | K1,2026-08-17,2026-08-17
a06Ro00000NUQvtIAH,"Tampa, FL",#N/A,TPA | STG | 830,2026-08-17,2026-08-17
a06Ro00000NUKyXIAX,"Tampa, FL",#N/A,TPA | TRIP | 700 | Barb Sheriff,2026-08-17,2026-08-17
a065b00000bnCYxAAM,"Tampa, FL",#N/A,TPA | FG | 135 | E3,2026-08-17,2026-08-17
a06Ro00000ZnGDyIAN,"Tampa, FL",#N/A,TPA | FG | 130 | F2,2026-08-17,2026-08-17
a064O00001Ulhn6QAB,"Tampa, FL",#N/A,TPA | FG | 130 | C2,2026-08-17,2026-08-17
a06Ro00000A9tnVIAR,"Tampa, FL",#N/A,TPA | NC | 210 | D1,2026-08-17,2026-08-17
a065b00000bni55AAA,"Tampa, FL",#N/A,TPA | RENTAL,2026-08-17,2026-08-17
a06Ro00000c8NeHIAU,"Tampa, FL",#N/A,TPA | NC | 225 | B1,2026-08-17,2026-08-17
a065b00000bnU6PAAU,"Tampa, FL",#N/A,TPA | FG | 105 | C3,2026-08-17,2026-08-17
a06Ro000009gnjvIAA,"Tampa, FL",#N/A,TPA | FG | 120 | E4,2026-08-17,2026-08-17
a06Ro00000b8ULNIA2,"Tampa, FL",#N/A,TPA | NC | 215 | A4,2026-08-17,2026-08-17
a065b00000k0RNOAA2,"Tampa, FL",#N/A,TPA | FG | 110 | J3,2026-08-17,2026-08-17
a06Ro00000g7AnFIAU,"Tampa, FL",#N/A,TPA | FG | 120 | G5,2026-08-17,2026-08-17
a065b00000k0RNdAAM,"Tampa, FL",#N/A,TPA | FG | 110 | H2,2026-08-17,2026-08-17
a06Ro00000XKnHhIAL,"Tampa, FL",#N/A,TPA | FG | 100 | G5,2026-08-17,2026-08-17
a065b00000bn8AQAAY,"Tampa, FL",#N/A,TPA | FG | 135 | F1,2026-08-17,2026-08-17
a06Ro00000hrtnBIAQ,"Tampa, FL",#N/A,TPA | FG | 100 | F1,2026-08-17,2026-08-17
a065b00000bnB5GAAU,"Tampa, FL",#N/A,TPA | FG | 110 | H1,2026-08-17,2026-08-17
a06Ro00000N48RlIAJ,"Tampa, FL",#N/A,TPA | NC | 215 | A3,2026-08-17,2026-08-17
a065b00000bnoXfAAI,"Tampa, FL",#N/A,TPA | FG | 105 | K2,2026-08-17,2026-08-17
a06Ro00000NwOvyIAF,"Tampa, FL",#N/A,TPA | TRIP | 700 | Jaime Rodriguez,2026-08-17,2026-08-17
a06Ro00000fnXfxIAE,"Tampa, FL",#N/A,TPA | FG | 125 | B1,2026-08-17,2026-08-17
a06Ro00000fzChNIAU,"Tampa, FL",#N/A,TPA | FG | 110 | C4,2026-08-17,2026-08-17
a065b00000bnFRmAAM,"Tampa, FL",#N/A,TPA | FG | 110 | B2,2026-08-17,2026-08-17
a065b00000k0NfiAAE,"Tampa, FL",#N/A,TPA | FG | 130 | C1,2026-08-17,2026-08-17
a064O00001WfzTnQAJ,"Tampa, FL",#N/A,TPA | FG | 125 | E1,2026-08-17,2026-08-17
a065b00000bnmmzAAA,"Tampa, FL",#N/A,TPA | FG | 110 | J3,2026-08-17,2026-08-17
a06Ro00000i7NbFIAU,"Tampa, FL",#N/A,TPA | NC | PENDING | EXTRPR1,2026-08-17,2026-08-17
a064O00001UURonQAH,"Tampa, FL",#N/A,TPA | FG | 110 | A2,2026-08-17,2026-08-17
a064O00001Ul2ANQAZ,"Tampa, FL",#N/A,TPA | FG | 110 | C2,2026-08-17,2026-08-17
a065b00000bnIWtAAM,"Tampa, FL",#N/A,TPA | FG | 110 | E3,2026-08-17,2026-08-17
a065b00000jXDnyAAG,"Tampa, FL",#N/A,TPA | FG | 110 | E2,2026-08-17,2026-08-17
a065b00000cnPuZAAU,"Tampa, FL",#N/A,TPA | FG | 110 | E2,2026-08-17,2026-08-17
a065b00000jzzKnAAI,"Tampa, FL",#N/A,TPA | FG | 115 | A3,2026-08-17,2026-08-17
a06Ro00000Z6UaNIAV,"Tampa, FL",#N/A,TPA | FG | 100 | C1,2026-08-17,2026-08-17
a06Ro00000DWdoNIAT,"Tampa, FL",#N/A,TPA | FG | 125 | B4,2026-08-17,2026-08-17
a06Ro00000iJs3NIAS,"Tampa, FL",#N/A,TPA | FG | 130 | K5,2026-08-17,2026-08-17
a065b00000cpOynAAE,"Tampa, FL",#N/A,TPA | FG | 135 | E2,2026-08-17,2026-08-17
a065b00000bnixaAAA,"Tampa, FL",#N/A,TPA | FG | 135 | C4,2026-08-17,2026-08-17
a065b00000cnA8tAAE,"Tampa, FL",#N/A,TPA | FG | 130 | G4,2026-08-17,2026-08-17
a065b00000k03nKAAQ,"Tampa, FL",#N/A,TPA | STG | 835,2026-08-17,2026-08-17
a065b00000gSNi5AAG,"Tampa, FL",#N/A,TPA | FG | 115 | J2,2026-08-17,2026-08-17
a064O00001UlKnzQAF,"Tampa, FL",#N/A,TPA | FG | 115 | J3,2026-08-17,2026-08-17
a064O00001UTuFNQA1,"Tampa, FL",#N/A,TPA | FG | 115 | F3,2026-08-17,2026-08-17
a06Ro00000fjQTNIA2,"Tampa, FL",#N/A,TPA | FG | 120 | J3,2026-08-17,2026-08-17
a06Ro00000dnSKsIAM,"Tampa, FL",#N/A,TPA | FG | 120 | E2,2026-08-17,2026-08-17
a064O00001UUcknQAD,"Tampa, FL",#N/A,TPA | FG | 115 | A3,2026-08-17,2026-08-17
a065b00000blnkmAAA,"Tampa, FL",#N/A,TPA | FG | 115 | B1,2026-08-17,2026-08-17
a065b00000bnmIiAAI,"Tampa, FL",#N/A,TPA | FG | 110 | K3,2026-08-17,2026-08-17
a06Ro00000OUn5VIAT,"Tampa, FL",#N/A,TPA | FG | 110 | K5,2026-08-17,2026-08-17
a06Ro00000i6N8fIAE,"Tampa, FL",#N/A,TPA | FG | 120 | G4,2026-08-17,2026-08-17
a065b00000bnaKGAAY,"Tampa, FL",#N/A,TPA | FG | 120 | C4,2026-08-17,2026-08-17
a065b00000bnaIoAAI,"Tampa, FL",#N/A,TPA | FG | 125 | G2,2026-08-17,2026-08-17
a065b00000bWYenAAG,"Tampa, FL",#N/A,TPA | FG | 125 | C4,2026-08-17,2026-08-17
a06Ro00000QNc5eIAD,"Tampa, FL",#N/A,TPA | FG | 125 | C2,2026-08-17,2026-08-17
a065b00000bn8DZAAY,"Tampa, FL",#N/A,TPA | FG | 125 | B4,2026-08-17,2026-08-17
a06Ro00000ZnXzZIAV,"Tampa, FL",#N/A,TPA | FG | 120 | K4,2026-08-17,2026-08-17
a065b00000bnr4jAAA,"Tampa, FL",#N/A,TPA | FG | 105 | C1,2026-08-17,2026-08-17
a065b00000k0EKnAAM,"Tampa, FL",#N/A,TPA | FG | 100 | E2,2026-08-17,2026-08-17
a06Ro00000YKNHqIAP,"Tampa, FL",#N/A,TPA | FG | 100 | C2,2026-08-17,2026-08-17
a06Ro00000fNUCHIA4,"Tampa, FL",#N/A,TPA | FG | 105 | F4,2026-08-17,2026-08-17
a06Ro00000gBnA6IAK,"Tampa, FL",#N/A,TPA | FG | 105 | E5,2026-08-17,2026-08-17
a065b00000bnr4kAAA,"Tampa, FL",#N/A,TPA | FG | 105 | C1,2026-08-17,2026-08-17
a064O00001UlnukQAB,"Tampa, FL",#N/A,TPA | FG | 105 | C2,2026-08-17,2026-08-17
a064O00001Ul7lNQAR,"Tampa, FL",#N/A,TPA | FG | 105 | F2,2026-08-17,2026-08-17
a06Ro00000hgMUnIAM,"Tampa, FL",#N/A,TPA | FG | 140 | C1,2026-08-17,2026-08-17
a06Ro00000iK4nhIAC,"Tampa, FL",#N/A,TPA | FG | 130 | J5,2026-08-17,2026-08-17
a06Ro00000WRzpnIAD,"Tampa, FL",#N/A,TPA | FG | 140 | D1,2026-08-17,2026-08-17
a06Ro00000cnPCHIA2,"Tampa, FL",#N/A,TPA | NC | 205 | A2,2026-08-17,2026-08-17
a06Ro00000be7n3IAA,"Tampa, FL",#N/A,TPA | NC | 205 | A3,2026-08-17,2026-08-17
a06Ro000007dWonIAE,"Tampa, FL",#N/A,TPA | NC | 205 | C1,2026-08-17,2026-08-17
a06Ro00000X5iNBIAZ,"Tampa, FL",#N/A,TPA | NC | 225 | A4,2026-08-17,2026-08-17
a06Ro00000bZfnnIAC,"Tampa, FL",#N/A,TPA | NC | 225 | B2,2026-08-17,2026-08-17
a065b00000gRNM4AAO,"Tampa, FL",#N/A,TPA | NC | 225 | B1,2026-08-17,2026-08-17
a06Ro00000enrCDIAY,"Tampa, FL",#N/A,TPA | NC | 215 | D2,2026-08-17,2026-08-17
a06Ro00000XnCpqIAF,"Tampa, FL",#N/A,TPA | NC | 215 | B2,2026-08-17,2026-08-17
a06Ro00000NEQ8fIAH,"Tampa, FL",#N/A,TPA | NC | 210 | D1,2026-08-17,2026-08-17
a06Ro00000Z7Nv0IAF,"Tampa, FL",#N/A,TPA | NC | 210 | C3,2026-08-17,2026-08-17
a06Ro00000bqn4AIAQ,"Tampa, FL",#N/A,TPA | NC | 205 | E2,2026-08-17,2026-08-17
a064O00001Ul4PnQAJ,"Tampa, FL",#N/A,TPA | FG | 135 | G2,2026-08-17,2026-08-17
a065b00000blvNUAAY,"Tampa, FL",#N/A,TPA | FG | 135 | F5,2026-08-17,2026-08-17
a06Ro00000GlxjNIAR,"Tampa, FL",#N/A,TPA | NC | 215 | A2,2026-08-17,2026-08-17
a06Ro00000NnN1SIAV,"Tampa, FL",#N/A,TPA | NC | 210 | C4,2026-08-17,2026-08-17
a065b00000cnU5cAAE,"Tampa, FL",#N/A,TPA | FG | 130 | H3,2026-08-17,2026-08-17
a065b00000cnO9vAAE,"Tampa, FL",#N/A,TPA | FG | 130 | H4,2026-08-17,2026-08-17
a065b00000bnp3OAAQ,"Tampa, FL",#N/A,TPA | FG | 130 | B3,2026-08-17,2026-08-17
a06Ro00000Cuen3IAB,"Tampa, FL",#N/A,TPA | FG | 130 | C2,2026-08-17,2026-08-17
a065b00000k03nwAAA,"Tampa, FL",#N/A,TPA | STG | 840,2026-08-17,2026-08-17
a06Ro00000NUCEfIAP,"Tampa, FL",#N/A,TPA | TRIP | 700 | Barb Sheriff,2026-08-17,2026-08-17
a06Ro00000eaWwnIAE,"Tampa, FL",#N/A,TPA | FG | 120 | J2,2026-08-17,2026-08-17
a064O00001UlKonQAF,"Tampa, FL",#N/A,TPA | FG | 120 | A4,2026-08-17,2026-08-17
a065b00000bnRHaAAM,"Tampa, FL",#N/A,TPA | FG | 115 | K4,2026-08-17,2026-08-17
a065b00000jzmnQAAQ,"Tampa, FL",#N/A,TPA | FG | 135 | B3,2026-08-17,2026-08-17
a06Ro00000RKmnJIAT,"Tampa, FL",#N/A,TPA | FG | 130 | B4,2026-08-17,2026-08-17
a06Ro00000ga8BnIAI,"Tampa, FL",#N/A,TPA | FG | 140 | F2,2026-08-17,2026-08-17
a06Ro00000QONxTIAX,"Tampa, FL",#N/A,TPA | NC | 215 | A1,2026-08-17,2026-08-17
a06Ro000008onyeIAA,"Tampa, FL",#N/A,TPA | NC | 215 | C2,2026-08-17,2026-08-17
a064O00001UlnkuQAB,"Tampa, FL",#N/A,TPA | FG | 120 | B2,2026-08-17,2026-08-17
a065b00000bnX1RAAU,"Tampa, FL",#N/A,TPA | FG | 115 | K4,2026-08-17,2026-08-17
a06Ro00000iFQFNIA4,"Tampa, FL",#N/A,TPA | FG | 120 | H4,2026-08-17,2026-08-17
a06Ro00000fAqtnIAC,"Tampa, FL",#N/A,TPA | FG | 120 | G3,2026-08-17,2026-08-17
a06Ro000009ryFNIAY,"Tampa, FL",#N/A,TPA | FG | 120 | E3,2026-08-17,2026-08-17
a06Ro00000cXND1IAO,"Tampa, FL",#N/A,TPA | FG | 120 | K3,2026-08-17,2026-08-17
a064O00001UlnlEQAR,"Tampa, FL",#N/A,TPA | FG | 125 | B1,2026-08-17,2026-08-17
a06Ro00000cENTVIA4,"Tampa, FL",#N/A,TPA | TRIP | 700 | Juan Conception,2026-08-17,2026-08-17
a06Ro00000NAIjBIAX,"Tampa, FL",#N/A,TPA | RENTAL,2026-08-17,2026-08-17
a064O00001WfZNxQAN,"Tampa, FL",#N/A,TPA | FG | 135 | E2,2026-08-17,2026-08-17
a064O00001UUgnQQAT,"Tampa, FL",#N/A,TPA | FG | 135 | A4,2026-08-17,2026-08-17
a065b00000bnoZvAAI,"Tampa, FL",#N/A,TPA | FG | 130 | J3,2026-08-17,2026-08-17
a06Ro00000cnIp7IAE,"Tampa, FL",#N/A,TPA | FG | 160,2026-08-17,2026-08-17
a06Ro00000hnULxIAM,"Tampa, FL",#N/A,TPA | FG | 140 | G1,2026-08-17,2026-08-17
a06Ro00000TrZtNIAV,"Tampa, FL",#N/A,TPA | FG | 145 | H1,2026-08-17,2026-08-17
a06Ro00000WnsclIAB,"Tampa, FL",#N/A,TPA | FG | 135 | E4,2026-08-17,2026-08-17
a06Ro00000B2YFNIA3,"Tampa, FL",#N/A,TPA | FG | 110 | D1,2026-08-17,2026-08-17
a065b00000bnmJZAAY,"Tampa, FL",#N/A,TPA | FG | 110 | K3,2026-08-17,2026-08-17
a06Ro00000hneYDIAY,"Tampa, FL",#N/A,TPA | FG | 110 | K2,2026-08-17,2026-08-17
a065b00000cp9nWAAQ,"Tampa, FL",#N/A,TPA | FG | 110 | C2,2026-08-17,2026-08-17
a06Ro00000geyDNIAY,"Tampa, FL",#N/A,TPA | FG | 110 | B3,2026-08-17,2026-08-17
a06Ro00000g9nsXIAQ,"Tampa, FL",#N/A,TPA | FG | 115 | C4,2026-08-17,2026-08-17
a06Ro00000IWWnBIAX,"Tampa, FL",#N/A,TPA | FG | 100 | C5,2026-08-17,2026-08-17
a065b00000gQWqnAAG,"Tampa, FL",#N/A,TPA | TRIP | 700 | Greg Chadwick,2026-08-17,2026-08-17
a06Ro00000fN1AIIA0,"Tampa, FL",#N/A,TPA | FG | 115 | C3,2026-08-17,2026-08-17
a06Ro00000fnLGcIAM,"Tampa, FL",#N/A,TPA | FG | 130 | G3,2026-08-17,2026-08-17
a065b00000jznzyAAA,"Tampa, FL",#N/A,TPA | FG | 130 | C1,2026-08-17,2026-08-17
a065b00000bn3WyAAI,"Tampa, FL",#N/A,TPA | FG | 125 | A5,2026-08-17,2026-08-17
a06Ro00000ZnYUDIA3,"Tampa, FL",#N/A,TPA | FG | 120 | K4,2026-08-17,2026-08-17
a06Ro00000i6NNBIA2,"Tampa, FL",#N/A,TPA | FG | 120 | G4,2026-08-17,2026-08-17
a06Ro00000LocnZIAR,"Tampa, FL",#N/A,TPA | FG | 125 | C4,2026-08-17,2026-08-17
a065b00000bnf5wAAA,"Tampa, FL",#N/A,TPA | FG | 125 | B1,2026-08-17,2026-08-17
a06Ro00000ZnC2JIAV,"Tampa, FL",#N/A,TPA | FG | 120 | K4,2026-08-17,2026-08-17
a06Ro00000DnMzBIAV,"Tampa, FL",#N/A,TPA | FG | 120 | G4,2026-08-17,2026-08-17
a06Ro000006iLN3IAM,"Tampa, FL",#N/A,TPA | FG | 120 | B5,2026-08-17,2026-08-17
a06Ro00000Jnyw9IAB,"Tampa, FL",#N/A,TPA | FG | 115 | E4,2026-08-17,2026-08-17
a065b00000g9scnAAA,"Tampa, FL",#N/A,TPA | FG | 115 | B4,2026-08-17,2026-08-17
a065b00000gAAjnAAG,"Tampa, FL",#N/A,TPA | FG | 115 | J3,2026-08-17,2026-08-17
a065b00000gQninAAC,"Tampa, FL",#N/A,TPA | FG | 115 | H4,2026-08-17,2026-08-17
a065b00000bnpJ7AAI,"Tampa, FL",#N/A,TPA | FG | 115 | F3,2026-08-17,2026-08-17
a064O00001UUgnyQAD,"Tampa, FL",#N/A,TPA | FG | 115 | B3,2026-08-17,2026-08-17
a065b00000bnU5HAAU,"Tampa, FL",#N/A,TPA | FG | 115 | B5,2026-08-17,2026-08-17
a064O00001UUKWnQAP,"Tampa, FL",#N/A,TPA | FG | 115 | A3,2026-08-17,2026-08-17
a065b00000cpD5NAAU,"Tampa, FL",#N/A,TPA | FG | 110 | H5,2026-08-17,2026-08-17
a06Ro00000C5N9yIAF,"Tampa, FL",#N/A,TPA | FG | 115 | C5,2026-08-17,2026-08-17
a06Ro00000i6RQnIAM,"Tampa, FL",#N/A,TPA | FG | 115 | C1,2026-08-17,2026-08-17
a064O00001UUgnvQAD,"Tampa, FL",#N/A,TPA | FG | 115 | A2,2026-08-17,2026-08-17
a06Ro00000hsMnZIAU,"Tampa, FL",#N/A,TPA | FG | 110 | E2,2026-08-17,2026-08-17
a065b00000jznzfAAA,"Tampa, FL",#N/A,TPA | FG | 110 | C1,2026-08-17,2026-08-17
a06Ro00000cNh81IAC,"Tampa, FL",#N/A,TPA | FG | 105 | K4,2026-08-17,2026-08-17
a06Ro00000eNE9iIAG,"Tampa, FL",#N/A,TPA | FG | 105 | C5,2026-08-17,2026-08-17
a065b00000bnNSBAA2,"Tampa, FL",#N/A,TPA | FG | 100 | H2,2026-08-17,2026-08-17
a064O00001UlKnLQAV,"Tampa, FL",#N/A,TPA | FG | 105 | C1,2026-08-17,2026-08-17
a06Ro00000fynxWIAQ,"Tampa, FL",#N/A,TPA | FG | 100 | G5,2026-08-17,2026-08-17
a06Ro00000QtnM5IAJ,"Tampa, FL",#N/A,TPA | FG | 100 | F2,2026-08-17,2026-08-17
a06Ro00000X2YnRIAV,"Tampa, FL",#N/A,TPA | Trophon Depot Repair,2026-08-17,2026-08-17
a065b00000gQvtNAAS,"Tampa, FL",#N/A,TPA | STG | 815,2026-08-17,2026-08-17
a06Ro000007L2cNIAS,"Tampa, FL",#N/A,TPA | RENTAL,2026-08-17,2026-08-17
a06Ro00000StnETIAZ,"Tampa, FL",#N/A,TPA | NC | 225 | B4,2026-08-17,2026-08-17
a06Ro00000NU4qXIAT,"Tampa, FL",#N/A,TPA | STG | 800,2026-08-17,2026-08-17
a065b00000cnwm8AAA,"Tampa, FL",#N/A,TPA | RENTAL,2026-08-17,2026-08-17
a06Ro00000cn1EpIAI,"Tampa, FL",#N/A,TPA | NC | 205 | E3,2026-08-17,2026-08-17
a06Ro00000NgT5BIAV,"Tampa, FL",#N/A,TPA | NC | 205 | B2,2026-08-17,2026-08-17
a065b00000gSJMnAAO,"Tampa, FL",#N/A,TPA | NC | 230 | D2,2026-08-17,2026-08-17
a06Ro00000bPnuhIAC,"Tampa, FL",#N/A,TPA | NC | 215 | A4,2026-08-17,2026-08-17
a06Ro00000aT9nzIAC,"Tampa, FL",#N/A,TPA | NC | 210 | C2,2026-08-17,2026-08-17
a06Ro00000Yn5xSIAR,"Tampa, FL",#N/A,TPA | FG | PENDING | STG COILS,2026-08-17,2026-08-17
a06Ro00000cnNqPIAU,"Tampa, FL",#N/A,TPA | NC | 205 | A2,2026-08-17,2026-08-17
a06Ro00000NCRC5IAP,"Tampa, FL",#N/A,TPA | STG | 850,2026-08-17,2026-08-17
a06Ro00000GgManIAF,"Tampa, FL",#N/A,TPA | FG | 150 | K1,2026-08-17,2026-08-17
a06Ro00000WRDN0IAP,"Tampa, FL",#N/A,TPA | FG | 150 | F1,2026-08-17,2026-08-17
a06Ro00000OFwNdIAL,"Tampa, FL",#N/A,TPA | FG | 145 | A3,2026-08-17,2026-08-17
a06Ro00000g75NlIAI,"Tampa, FL",#N/A,TPA | FG | 145 | H3,2026-08-17,2026-08-17
a06Ro00000fOnCrIAK,"Tampa, FL",#N/A,TPA | FG | 130 | K1,2026-08-17,2026-08-17
a06Ro00000f7iCnIAI,"Tampa, FL",#N/A,TPA | FG | 130 | H5,2026-08-17,2026-08-17
a06Ro00000fnXmPIAU,"Tampa, FL",#N/A,TPA | FG | 125 | B2,2026-08-17,2026-08-17
a06Ro00000OiqEnIAJ,"Tampa, FL",#N/A,TPA | FG | 120 | G3,2026-08-17,2026-08-17
a065b00000gSNFpAAO,"Tampa, FL",#N/A,TPA | FG | 120 | G4,2026-08-17,2026-08-17
a065b00000cnZMQAA2,"Tampa, FL",#N/A,TPA | FG | 115 | J3,2026-08-17,2026-08-17
a065b00000bnoZgAAI,"Tampa, FL",#N/A,TPA | FG | 110 | G5,2026-08-17,2026-08-17
a06Ro00000eFCMnIAO,"Tampa, FL",#N/A,TPA | FG | 110 | F1,2026-08-17,2026-08-17
a06Ro00000BdwnRIAR,"Tampa, FL",#N/A,TPA | FG | 110 | E1,2026-08-17,2026-08-17
a065b00000bnU1zAAE,"Tampa, FL",#N/A,TPA | FG | 110 | E2,2026-08-17,2026-08-17
a064O00001UUNV9QAP,"Tampa, FL",#N/A,TPA | FG | 110 | G5,2026-08-17,2026-08-17
a06Ro00000NJ9P2IAL,"Tampa, FL",#N/A,TPA | FG | 110 | B3,2026-08-17,2026-08-17
a064O00001UTutNQAT,"Tampa, FL",#N/A,TPA | FG | 105 | C3,2026-08-17,2026-08-17
a065b00000bncDtAAI,"Tampa, FL",#N/A,TPA | FG | 105 | K2,2026-08-17,2026-08-17
a06Ro00000Va2hNIAR,"Tampa, FL",#N/A,TPA | FG | 105 | G1,2026-08-17,2026-08-17
a06Ro00000G6nBJIAZ,"Tampa, FL",#N/A,TPA | FG | 105 | E1,2026-08-17,2026-08-17
a064O00001UTygNQAT,"Tampa, FL",#N/A,TPA | FG | 100 | H3,2026-08-17,2026-08-17
a06Ro00000hfnqPIAQ,"Tampa, FL",#N/A,TPA | FG | 100 | F1,2026-08-17,2026-08-17
a06Ro00000NQVEDIA5,"Tampa, FL",#N/A,TPA | FG | 100 | E4,2026-08-17,2026-08-17
a065b00000k03njAAA,"Tampa, FL",#N/A,TPA | STG | 835,2026-08-17,2026-08-17
a06Ro00000afUNCIA2,"Tampa, FL",#N/A,TPA | NC | 225 | B2,2026-08-17,2026-08-17
a06Ro00000NVlwfIAD,"Tampa, FL",#N/A,TPA | NC | 215 | C1,2026-08-17,2026-08-17
a06Ro00000dY9NNIA0,"Tampa, FL",#N/A,TPA | NC | 210 | E1,2026-08-17,2026-08-17
a06Ro00000bCnyxIAC,"Tampa, FL",#N/A,TPA | NC | 225 | E5,2026-08-17,2026-08-17
a06Ro00000f3RgnIAE,"Tampa, FL",#N/A,TPA | NC | 215 | A3,2026-08-17,2026-08-17
a06Ro00000dnDVVIA2,"Tampa, FL",#N/A,TPA | NC | 210 | A2,2026-08-17,2026-08-17
a06Ro00000KNjtlIAD,"Tampa, FL",#N/A,TPA | NC | 205 | D1,2026-08-17,2026-08-17
a06Ro00000iyNgLIAU,"Tampa, FL",#N/A,TPA | STG | 850,2026-08-17,2026-08-17
a06Ro00000afi0NIAQ,"Tampa, FL",#N/A,TPA | FG | 155 | H3,2026-08-17,2026-08-17
a06Ro00000SNT61IAH,"Tampa, FL",#N/A,TPA | FG | 150 | H1,2026-08-17,2026-08-17
a06Ro00000hnBCtIAM,"Tampa, FL",#N/A,TPA | FG | 140 | G1,2026-08-17,2026-08-17
a064O00001UU7ncQAD,"Tampa, FL",#N/A,TPA | FG | 135 | H2,2026-08-17,2026-08-17
a064O00001UU3lnQAD,"Tampa, FL",#N/A,TPA | FG | 135 | F2,2026-08-17,2026-08-17
a06Ro00000i6aCNIAY,"Tampa, FL",#N/A,TPA | FG | 100 | E2,2026-08-17,2026-08-17
a06Ro00000UpSnRIAV,"Tampa, FL",#N/A,TPA | FG | 100 | E1,2026-08-17,2026-08-17
a064O00001UU2NFQA1,"Tampa, FL",#N/A,TPA | FG | 100 | F5,2026-08-17,2026-08-17
a065b00000e1IkNAAU,"Tampa, FL",#N/A,TPA | FG | 100 | E1,2026-08-17,2026-08-17
a06Ro00000N9BrpIAF,"Tampa, FL",#N/A,TPA | FG | 100 | C2,2026-08-17,2026-08-17
a06Ro00000QNlbyIAD,"Tampa, FL",#N/A,TPA | NC | PENDING | EXTRPR1,2026-08-17,2026-08-17
a06Ro00000MZzwnIAD,"Tampa, FL",#N/A,TPA | FG | 100 | E2,2026-08-17,2026-08-17
a06Ro00000DbaMnIAJ,"Tampa, FL",#N/A,TPA | TRIP | 700 | Kyle Whybrew,2026-08-17,2026-08-17
a06Ro00000dynHAIAY,"Tampa, FL",#N/A,TPA | STG | 815,2026-08-17,2026-08-17
a06Ro00000YGGN0IAP,"Tampa, FL",#N/A,TPA | STG | 800,2026-08-17,2026-08-17
a06Ro00000Wkq2nIAB,"Tampa, FL",#N/A,TPA | NC | 225 | A2,2026-08-17,2026-08-17
a06Ro00000UqWnNIAV,"Tampa, FL",#N/A,TPA | NC | 205 | D3,2026-08-17,2026-08-17
a065b00000jznzUAAQ,"Tampa, FL",#N/A,TPA | NC | 205 | A3,2026-08-17,2026-08-17
a06Ro00000gaN9CIAU,"Tampa, FL",#N/A,TPA | FG | 145 | J1,2026-08-17,2026-08-17
a06Ro000006SQ5nIAG,"Tampa, FL",#N/A,TPA | FG | 135 | C1,2026-08-17,2026-08-17
a065b00000bnleUAAQ,"Tampa, FL",#N/A,TPA | FG | 130 | B5,2026-08-17,2026-08-17
a06Ro00000PAJpNIAX,"Tampa, FL",#N/A,TPA | FG | 130 | A2,2026-08-17,2026-08-17
a065b00000cnAFQAA2,"Tampa, FL",#N/A,TPA | FG | 125 | K3,2026-08-17,2026-08-17
a06Ro00000hpONhIAM,"Tampa, FL",#N/A,TPA | FG | 125 | A1,2026-08-17,2026-08-17
a065b00000gR7INAA0,"Tampa, FL",#N/A,TPA | FG | 130 | J3,2026-08-17,2026-08-17
a064O00001UbNOCQA3,"Tampa, FL",#N/A,TPA | FG | 130 | C1,2026-08-17,2026-08-17
a06Ro00000C5N57IAF,"Tampa, FL",#N/A,TPA | FG | 130 | A1,2026-08-17,2026-08-17
a065b00000bnaIpAAI,"Tampa, FL",#N/A,TPA | FG | 125 | E1,2026-08-17,2026-08-17
a06Ro00000j1ognIAA,"Tampa, FL",#N/A,TPA | FG | 105 | G5,2026-08-17,2026-08-17
a065b00000bnxYGAAY,"Tampa, FL",#N/A,TPA | FG | 110 | B4,2026-08-17,2026-08-17
a06Ro000006lhnfIAA,"Tampa, FL",#N/A,TPA | FG | 110 | E1,2026-08-17,2026-08-17
a06Ro00000gxARNIA2,"Tampa, FL",#N/A,TPA | NC | Customer Coil Equipment,2026-08-17,2026-08-17
a065b00000bnVwPAAU,"Tampa, FL",#N/A,TPA | FG | 100 | H2,2026-08-17,2026-08-17
a064O00001Wg1npQAB,"Tampa, FL",#N/A,TPA | FG | 105 | F4,2026-08-17,2026-08-17
a06Ro00000ZnVOIIA3,"Tampa, FL",#N/A,TPA | FG | 120 | K4,2026-08-17,2026-08-17
a06Ro00000LNLSfIAP,"Tampa, FL",#N/A,TPA | STG | 800,2026-08-17,2026-08-17
a06Ro00000fNUc5IAG,"Tampa, FL",#N/A,TPA | FG | 115 | C2,2026-08-17,2026-08-17
a065b00000k0NbHAAU,"Tampa, FL",#N/A,TPA | FG | 100 | K3,2026-08-17,2026-08-17
a06Ro000007iNZZIA2,"Tampa, FL",#N/A,TPA | FG | 105 | C2,2026-08-17,2026-08-17
a06Ro00000fNlTFIA0,"Tampa, FL",#N/A,TPA | FG | 120 | E2,2026-08-17,2026-08-17
a065b00000cnxt5AAA,"Tampa, FL",#N/A,TPA | FG | 100 | J2,2026-08-17,2026-08-17
a06Ro00000hunJqIAI,"Tampa, FL",#N/A,TPA | FG | 155 | G2,2026-08-17,2026-08-17
a06Ro00000XsnjtIAB,"Tampa, FL",#N/A,TPA | FG | 100 | E1,2026-08-17,2026-08-17
a065b00000g9hNNAAY,"Tampa, FL",#N/A,TPA | FG | 100 | K2,2026-08-17,2026-08-17
a06Ro00000ET1GnIAL,"Tampa, FL",#N/A,TPA | NC | 225 | B1,2026-08-17,2026-08-17
a064O00001UbNO2QAN,"Tampa, FL",#N/A,TPA | FG | 100 | F3,2026-08-17,2026-08-17
a065b00000conW3AAI,"Tampa, FL",#N/A,TPA | FG | 110 | C2,2026-08-17,2026-08-17
a065b00000bmnPmAAI,"Tampa, FL",#N/A,TPA | FG | 100 | J2,2026-08-17,2026-08-17
a064O00001UURnQQAX,"Tampa, FL",#N/A,TPA | FG | 105 | G1,2026-08-17,2026-08-17
a06Ro00000hsM2nIAE,"Tampa, FL",#N/A,TPA | FG | 105 | E3,2026-08-17,2026-08-17
a06Ro00000UpMN2IAN,"Tampa, FL",#N/A,TPA | FG | 100 | E1,2026-08-17,2026-08-17
a06Ro00000NpzdiIAB,"Tampa, FL",#N/A,TPA | STG | 805,2026-08-17,2026-08-17
a064O00001UUSnDQAX,"Tampa, FL",#N/A,TPA | FG | 110 | J2,2026-08-17,2026-08-17
a06Ro00000N93O3IAJ,"Tampa, FL",#N/A,TPA | FG | 100 | C2,2026-08-17,2026-08-17
a065b00000bnlWPAAY,"Tampa, FL",#N/A,TPA | FG | 105 | J2,2026-08-17,2026-08-17
a06Ro00000hfn5dIAA,"Tampa, FL",#N/A,TPA | FG | 100 | E1,2026-08-17,2026-08-17
a06Ro00000fRkqNIAS,"Tampa, FL",#N/A,TPA | FG | 105 | E4,2026-08-17,2026-08-17
a065b00000bnr4UAAQ,"Tampa, FL",#N/A,TPA | FG | 105 | C1,2026-08-17,2026-08-17
a06Ro00000NwxwyIAB,"Tampa, FL",#N/A,TPA | FG | 105 | E1,2026-08-17,2026-08-17
a064O00001Wg1nfQAB,"Tampa, FL",#N/A,TPA | FG | 105 | F4,2026-08-17,2026-08-17
a06Ro00000JnsVlIAJ,"Tampa, FL",#N/A,TPA | FG | 105 | F2,2026-08-17,2026-08-17
a065b00000k0AnhAAE,"Tampa, FL",#N/A,TPA | FG | 115 | C1,2026-08-17,2026-08-17
a06Ro00000dPutNIAS,"Tampa, FL",#N/A,TPA | FG | 115 | F1,2026-08-17,2026-08-17
a064O00001UlhnpQAB,"Tampa, FL",#N/A,TPA | FG | 110 | H3,2026-08-17,2026-08-17
a065b00000boSnFAAU,"Tampa, FL",#N/A,TPA | FG | 110 | K2,2026-08-17,2026-08-17
a06Ro00000U445NIAR,"Tampa, FL",#N/A,TPA | FG | 115 | B1,2026-08-17,2026-08-17
a065b00000gSWbnAAG,"Tampa, FL",#N/A,TPA | FG | 115 | F4,2026-08-17,2026-08-17
a06Ro000007iunJIAQ,"Tampa, FL",#N/A,TPA | FG | 115 | H3,2026-08-17,2026-08-17
a064O00001UU82nQAD,"Tampa, FL",#N/A,TPA | FG | 115 | A2,2026-08-17,2026-08-17
a065b00000coxn7AAA,"Tampa, FL",#N/A,TPA | FG | 110 | K4,2026-08-17,2026-08-17
a06Ro00000ipxnvIAA,"Tampa, FL",#N/A,TPA | FG | 110 | K2,2026-08-17,2026-08-17
a065b00000cnuF6AAI,"Tampa, FL",#N/A,TPA | FG | 115 | A5,2026-08-17,2026-08-17
a06Ro00000ixzniIAA,"Tampa, FL",#N/A,TPA | FG | 100 | C1,2026-08-17,2026-08-17
a06Ro00000aMNdxIAG,"Tampa, FL",#N/A,TPA | NC | PENDING | EXTRPR1,2026-08-17,2026-08-17
a06Ro00000gHRDNIA4,"Tampa, FL",#N/A,TPA | NC | PENDING | EXTRPR1,2026-08-17,2026-08-17
a06Ro00000BWnSIIA1,"Tampa, FL",#N/A,TPA | FG | 100 | C1,2026-08-17,2026-08-17
a06Ro00000CjOnFIAV,"Tampa, FL",#N/A,TPA | FG | 100 | C1,2026-08-17,2026-08-17
a06Ro00000N90y2IAB,"Tampa, FL",#N/A,TPA | FG | 100 | C2,2026-08-17,2026-08-17
a06Ro00000RDe9nIAD,"Tampa, FL",#N/A,TPA | STG | 815,2026-08-17,2026-08-17
a06Ro00000bYnaTIAS,"Tampa, FL",#N/A,TPA | TRIP | 700 | Kyle Whybrew,2026-08-17,2026-08-17
a065b00000e00tNAAQ,"Tampa, FL",#N/A,TPA | RENTAL,2026-08-17,2026-08-17
a065b00000k03nQAAQ,"Tampa, FL",#N/A,TPA | TRIP | 700 | Greg Chadwick,2026-08-17,2026-08-17
a06Ro00000LcKknIAF,"Tampa, FL",#N/A,TPA | TRIP | 700 | Barb Sheriff,2026-08-17,2026-08-17
a06Ro00000NCMZ0IAP,"Tampa, FL",#N/A,TPA | STG | 815,2026-08-17,2026-08-17
a06Ro00000Le8NmIAJ,"Tampa, FL",#N/A,TPA | RENTAL,2026-08-17,2026-08-17
a06Ro00000ZNcLOIA1,"Tampa, FL",#N/A,TPA | NC | 205 | A3,2026-08-17,2026-08-17
a065b00000bmSwnAAE,"Tampa, FL",#N/A,TPA | STG | 850,2026-08-17,2026-08-17
a06Ro00000dynAkIAI,"Tampa, FL",#N/A,TPA | STG | 850,2026-08-17,2026-08-17
a06Ro00000NJrzTIAT,"Tampa, FL",#N/A,TPA | FG | PENDING | STG COILS,2026-08-17,2026-08-17
a06Ro00000TCgNlIAL,"Tampa, FL",#N/A,TPA | NC | 210 | A3,2026-08-17,2026-08-17
a06Ro00000cXo3NIAS,"Tampa, FL",#N/A,TPA | NC | 205 | E3,2026-08-17,2026-08-17
a06Ro00000Wn4XtIAJ,"Tampa, FL",#N/A,TPA | NC | 225 | A1,2026-08-17,2026-08-17
a06Ro00000dz7NtIAI,"Tampa, FL",#N/A,TPA | STG | 820,2026-08-17,2026-08-17
a06Ro00000YnbSfIAJ,"Tampa, FL",#N/A,TPA | FG | PENDING | STG COILS,2026-08-17,2026-08-17
a06Ro00000cvYdNIAU,"Tampa, FL",#N/A,TPA | NC | 205 | E4,2026-08-17,2026-08-17
a06Ro00000EpnGLIAZ,"Tampa, FL",#N/A,TPA | NC | 225 | B4,2026-08-17,2026-08-17
a065b00000bnmHBAAY,"Tampa, FL",#N/A,TPA | FG | 110 | K3,2026-08-17,2026-08-17
a064O00001UU4eNQAT,"Tampa, FL",#N/A,TPA | FG | 115 | A2,2026-08-17,2026-08-17
a064O00001UUIniQAH,"Tampa, FL",#N/A,TPA | FG | 115 | B1,2026-08-17,2026-08-17
a06Ro00000ENhCeIAL,"Tampa, FL",#N/A,TPA | FG | 110 | G5,2026-08-17,2026-08-17
a065b00000bnfQ4AAI,"Tampa, FL",#N/A,TPA | FG | 110 | G2,2026-08-17,2026-08-17
a06Ro00000Pec3NIAR,"Tampa, FL",#N/A,TPA | FG | 110 | H3,2026-08-17,2026-08-17
a065b00000k0RNTAA2,"Tampa, FL",#N/A,TPA | FG | 110 | H2,2026-08-17,2026-08-17
a06Ro000009ryNRIAY,"Tampa, FL",#N/A,TPA | FG | 120 | E3,2026-08-17,2026-08-17
a06Ro00000JnysvIAB,"Tampa, FL",#N/A,TPA | FG | 115 | E4,2026-08-17,2026-08-17
a06Ro000006J1ONIA0,"Tampa, FL",#N/A,TPA | FG | 115 | J2,2026-08-17,2026-08-17
a06Ro00000f9L0nIAE,"Tampa, FL",#N/A,TPA | FG | 130 | J4,2026-08-17,2026-08-17
a06Ro00000aCucnIAC,"Tampa, FL",#N/A,TPA | FG | 130 | G2,2026-08-17,2026-08-17
a065b00000bnN7NAAU,"Tampa, FL",#N/A,TPA | FG | 135 | A2,2026-08-17,2026-08-17
a06Ro00000Vn2LNIAZ,"Tampa, FL",#N/A,TPA | FG | 160,2026-08-17,2026-08-17
a06Ro00000QtNpqIAF,"Tampa, FL",#N/A,TPA | FG | 155 | E3,2026-08-17,2026-08-17
a06Ro00000NxWcvIAF,"Tampa, FL",#N/A,TPA | FG | 140 | H1,2026-08-17,2026-08-17
a06Ro00000efNHmIAM,"Tampa, FL",#N/A,TPA | FG | 135 | K1,2026-08-17,2026-08-17
a06Ro00000YiPTnIAN,"Tampa, FL",#N/A,TPA | FG | 135 | F4,2026-08-17,2026-08-17
a06Ro00000Nmn7dIAB,"Tampa, FL",#N/A,TPA | FG | 135 | C2,2026-08-17,2026-08-17
a06Ro00000huyTnIAI,"Tampa, FL",#N/A,TPA | FG | 155 | G2,2026-08-17,2026-08-17
a06Ro00000gaZn3IAE,"Tampa, FL",#N/A,TPA | FG | 140 | J1,2026-08-17,2026-08-17
a065b00000cnqALAAY,"Tampa, FL",#N/A,TPA | FG | 135 | K2,2026-08-17,2026-08-17
a06Ro00000cEhonIAC,"Tampa, FL",#N/A,TPA | FG | 120 | H2,2026-08-17,2026-08-17
a065b00000bngk9AAA,"Tampa, FL",#N/A,TPA | FG | 125 | E5,2026-08-17,2026-08-17
a06Ro00000h2NJ7IAM,"Tampa, FL",#N/A,TPA | FG | 125 | D1,2026-08-17,2026-08-17
a06Ro00000hni2LIAQ,"Tampa, FL",#N/A,TPA | FG | 125 | C1,2026-08-17,2026-08-17
a065b00000g9unfAAA,"Tampa, FL",#N/A,TPA | FG | 130 | C3,2026-08-17,2026-08-17
a06Ro00000SNJcwIAH,"Tampa, FL",#N/A,TPA | FG | 145 | K3,2026-08-17,2026-08-17
a06Ro00000Wk2qnIAB,"Tampa, FL",#N/A,TPA | FG | 125 | B4,2026-08-17,2026-08-17
a065b00000cmnIDAAY,"Tampa, FL",#N/A,TPA | FG | 125 | B1,2026-08-17,2026-08-17
a065b00000cnQpKAAU,"Tampa, FL",#N/A,TPA | FG | 130 | E4,2026-08-17,2026-08-17
a064O00001UlCHNQA3,"Tampa, FL",#N/A,TPA | FG | 125 | K4,2026-08-17,2026-08-17
a06Ro00000c3n38IAA,"Tampa, FL",#N/A,TPA | FG | 120 | J5,2026-08-17,2026-08-17
a06Ro00000fnb3dIAA,"Tampa, FL",#N/A,TPA | FG | 120 | J3,2026-08-17,2026-08-17
a06Ro00000JPFYnIAP,"Tampa, FL",#N/A,TPA | FG | 120 | F5,2026-08-17,2026-08-17
a06Ro00000i3AntIAE,"Tampa, FL",#N/A,TPA | FG | 120 | F2,2026-08-17,2026-08-17
a06Ro00000hvnPrIAI,"Tampa, FL",#N/A,TPA | FG | 120 | H2,2026-08-17,2026-08-17
a06Ro00000WjqknIAB,"Tampa, FL",#N/A,TPA | FG | 120 | G4,2026-08-17,2026-08-17
a06Ro00000WfnDhIAJ,"Tampa, FL",#N/A,TPA | FG | 120 | G3,2026-08-17,2026-08-17
a06Ro00000d3vcnIAA,"Tampa, FL",#N/A,TPA | FG | 110 | A1,2026-08-17,2026-08-17
a06Ro00000hhSEnIAM,"Tampa, FL",#N/A,TPA | FG | 120 | K4,2026-08-17,2026-08-17
a065b00000gSNnEAAW,"Tampa, FL",#N/A,TPA | FG | 120 | F5,2026-08-17,2026-08-17
a06Ro00000SK8xNIAT,"Tampa, FL",#N/A,TPA | FG | 120 | F2,2026-08-17,2026-08-17
a06Ro00000hngDRIAY,"Tampa, FL",#N/A,TPA | FG | 120 | H3,2026-08-17,2026-08-17
a065b00000dzOnSAAU,"Tampa, FL",#N/A,TPA | FG | 110 | A1,2026-08-17,2026-08-17
a06Ro00000cPIn3IAG,"Tampa, FL",#N/A,TPA | FG | 105 | K3,2026-08-17,2026-08-17
a065b00000bnoYiAAI,"Tampa, FL",#N/A,TPA | FG | 105 | K2,2026-08-17,2026-08-17
a06Ro00000hn9m9IAA,"Tampa, FL",#N/A,TPA | FG | 110 | B2,2026-08-17,2026-08-17
a06Ro00000bEfqnIAC,"Tampa, FL",#N/A,TPA | FG | 110 | C2,2026-08-17,2026-08-17
a06Ro00000TNj3lIAD,"Tampa, FL",#N/A,TPA | STG | 825,2026-08-17,2026-08-17
a065b00000gSNhgAAG,"Tampa, FL",#N/A,TPA | FG | 115 | J2,2026-08-17,2026-08-17
a065b00000bnkrwAAA,"Tampa, FL",#N/A,TPA | FG | 115 | J1,2026-08-17,2026-08-17
a06Ro00000T0nOFIAZ,"Tampa, FL",#N/A,TPA | FG | 120 | B2,2026-08-17,2026-08-17
a06Ro00000cENWjIAO,"Tampa, FL",#N/A,TPA | FG | 130 | J2,2026-08-17,2026-08-17
a06Ro00000dsMEnIAM,"Tampa, FL",#N/A,TPA | FG | 130 | F3,2026-08-17,2026-08-17
a065b00000jzmDnAAI,"Tampa, FL",#N/A,TPA | FG | 120 | F3,2026-08-17,2026-08-17
a065b00000k0NfsAAE,"Tampa, FL",#N/A,TPA | FG | 135 | B3,2026-08-17,2026-08-17
a06Ro00000N6HddIAF,"Tampa, FL",#N/A,TPA | FG | 135 | J3,2026-08-17,2026-08-17
a06Ro00000hng6zIAA,"Tampa, FL",#N/A,TPA | FG | 120 | H3,2026-08-17,2026-08-17
a06Ro00000fB54nIAC,"Tampa, FL",#N/A,TPA | FG | 120 | H1,2026-08-17,2026-08-17
a06Ro00000iFFNEIA4,"Tampa, FL",#N/A,TPA | FG | 120 | F4,2026-08-17,2026-08-17
a06Ro00000Zn61kIAB,"Tampa, FL",#N/A,TPA | FG | 120 | K4,2026-08-17,2026-08-17
a064O00001UUMNiQAP,"Tampa, FL",#N/A,TPA | FG | 125 | G1,2026-08-17,2026-08-17
a06Ro00000SNMz0IAH,"Tampa, FL",#N/A,TPA | FG | 150 | D1,2026-08-17,2026-08-17
a06Ro00000ZnQmoIAF,"Tampa, FL",#N/A,TPA | FG | 120 | K4,2026-08-17,2026-08-17
a06Ro00000eQsnJIAS,"Tampa, FL",#N/A,TPA | FG | 125 | B2,2026-08-17,2026-08-17
a06Ro00000QnDjVIAV,"Tampa, FL",#N/A,TPA | FG | 130 | C2,2026-08-17,2026-08-17
a064O00001UUgnBQAT,"Tampa, FL",#N/A,TPA | FG | 130 | E1,2026-08-17,2026-08-17
a065b00000bngIqAAI,"Tampa, FL",#N/A,TPA | FG | 130 | B2,2026-08-17,2026-08-17
a065b00000k0UznAAE,"Tampa, FL",#N/A,TPA | STG | 810,2026-08-17,2026-08-17
a06Ro00000h6cjNIAQ,"Tampa, FL",#N/A,TPA | Trophon Depot Repair,2026-08-17,2026-08-17
a06Ro00000XanOzIAJ,"Tampa, FL",#N/A,TPA | NC | 210 | B2,2026-08-17,2026-08-17
a06Ro00000QnEMDIA3,"Tampa, FL",#N/A,TPA | NC | 210 | A2,2026-08-17,2026-08-17
a06Ro00000ene26IAA,"Tampa, FL",#N/A,TPA | NC | 215 | D2,2026-08-17,2026-08-17
a064O00001UUTOnQAP,"Tampa, FL",#N/A,TPA | NC | 225 | B5,2026-08-17,2026-08-17
a06Ro00000R9NdlIAF,"Tampa, FL",#N/A,TPA | NC | 225 | B4,2026-08-17,2026-08-17
a06Ro00000QdoPNIAZ,"Tampa, FL",#N/A,TPA | NC | 225 | A3,2026-08-17,2026-08-17
a065b00000gANSgAAO,"Tampa, FL",#N/A,TPA | NC | 205 | B3,2026-08-17,2026-08-17
a06Ro00000OOxNlIAL,"Tampa, FL",#N/A,TPA | NC | 210 | C3,2026-08-17,2026-08-17
a06Ro00000MvCnlIAF,"Tampa, FL",#N/A,TPA | NC | 205 | D3,2026-08-17,2026-08-17
a06Ro000008On1NIAS,"Tampa, FL",#N/A,TPA | NC | 215 | C2,2026-08-17,2026-08-17
a06Ro00000NcsJvIAJ,"Tampa, FL",#N/A,TPA | NC | 215 | A2,2026-08-17,2026-08-17
a06Ro00000bz0nNIAQ,"Tampa, FL",#N/A,TPA | NC | 210 | E3,2026-08-17,2026-08-17
a06Ro00000cVmNTIA0,"Tampa, FL",#N/A,TPA | NC | 225 | D1,2026-08-17,2026-08-17
a065b00000bnXE6AAM,"Tampa, FL",#N/A,TPA | FG | 100 | C2,2026-08-17,2026-08-17
a065b00000bnpTIAAY,"Tampa, FL",#N/A,TPA | FG | 100 | G3,2026-08-17,2026-08-17
a06Ro00000hn9cTIAQ,"Tampa, FL",#N/A,TPA | FG | 100 | F2,2026-08-17,2026-08-17
a06Ro00000hn6mgIAA,"Tampa, FL",#N/A,TPA | FG | 100 | F2,2026-08-17,2026-08-17
a06Ro00000gZrNwIAK,"Tampa, FL",#N/A,TPA | FG | 105 | J3,2026-08-17,2026-08-17
a064O00001UbKNkQAN,"Tampa, FL",#N/A,TPA | FG | 105 | G1,2026-08-17,2026-08-17
a065b00000bnMVsAAM,"Tampa, FL",#N/A,TPA | FG | 110 | A1,2026-08-17,2026-08-17
a065b00000bnjLAAAY,"Tampa, FL",#N/A,TPA | FG | 105 | K3,2026-08-17,2026-08-17
a06Ro00000hLNfBIAW,"Tampa, FL",#N/A,TPA | FG | 100 | F1,2026-08-17,2026-08-17
a065b00000bnoY4AAI,"Tampa, FL",#N/A,TPA | FG | 105 | K2,2026-08-17,2026-08-17
a065b00000cnOHNAA2,"Tampa, FL",#N/A,TPA | FG | 110 | E2,2026-08-17,2026-08-17
a065b00000bnXE9AAM,"Tampa, FL",#N/A,TPA | FG | 105 | C1,2026-08-17,2026-08-17
a065b00000bnr3XAAQ,"Tampa, FL",#N/A,TPA | FG | 105 | C1,2026-08-17,2026-08-17
a065b00000bnHE7AAM,"Tampa, FL",#N/A,TPA | FG | 110 | A4,2026-08-17,2026-08-17
a06Ro00000b5XinIAE,"Tampa, FL",#N/A,TPA | NC | 215 | A4,2026-08-17,2026-08-17
a064O00001UlKnpQAF,"Tampa, FL",#N/A,TPA | TRIP | 700 | Jaime Rodriguez,2026-08-17,2026-08-17
a06Ro00000cXnyXIAS,"Tampa, FL",#N/A,TPA | NC | 205 | E3,2026-08-17,2026-08-17
a06Ro00000bpfNBIAY,"Tampa, FL",#N/A,TPA | NC | 210 | E3,2026-08-17,2026-08-17
a06Ro00000ZnRm5IAF,"Tampa, FL",#N/A,TPA | FG | 135 | K5,2026-08-17,2026-08-17
a06Ro00000g74EnIAI,"Tampa, FL",#N/A,TPA | FG | 150 | H2,2026-08-17,2026-08-17
a06Ro00000N6BmjIAF,"Tampa, FL",#N/A,TPA | FG | 135 | F3,2026-08-17,2026-08-17
a065b00000bng54AAA,"Tampa, FL",#N/A,TPA | FG | 135 | F1,2026-08-17,2026-08-17
a06Ro00000WjIHnIAN,"Tampa, FL",#N/A,TPA | FG | 140 | A3,2026-08-17,2026-08-17
a06Ro00000NK2zkIAD,"Tampa, FL",#N/A,TPA | FG | PENDING | STG COILS,2026-08-17,2026-08-17
a065b00000bnMznAAE,"Tampa, FL",#N/A,TPA | FG | 125 | G2,2026-08-17,2026-08-17
a065b00000bnQsOAAU,"Tampa, FL",#N/A,TPA | FG | 130 | G4,2026-08-17,2026-08-17
a06Ro00000VWDN9IAP,"Tampa, FL",#N/A,TPA | RENTAL,2026-08-17,2026-08-17
a06Ro00000XrNZmIAN,"Tampa, FL",#N/A,TPA | FG | 155 | E1,2026-08-17,2026-08-17
a06Ro00000f7nNmIAI,"Tampa, FL",#N/A,TPA | FG | 130 | G5,2026-08-17,2026-08-17
a065b00000cnuF7AAI,"Tampa, FL",#N/A,TPA | FG | 130 | E4,2026-08-17,2026-08-17
a06Ro00000Ul0zNIAR,"Tampa, FL",#N/A,TPA | FG | 135 | B1,2026-08-17,2026-08-17
a06Ro00000CtNWXIA3,"Tampa, FL",#N/A,TPA | FG | 135 | A3,2026-08-17,2026-08-17
a064O00001UbIpnQAF,"Tampa, FL",#N/A,TPA | RENTAL,2026-08-17,2026-08-17
a065b00000jRT6nAAG,"Tampa, FL",#N/A,TPA | NC | 225 | B1,2026-08-17,2026-08-17
a065b00000k03ndAAA,"Tampa, FL",#N/A,TPA | TRIP | 700 | Greg Chadwick,2026-08-17,2026-08-17
a06Ro00000NywK1IAJ,"Tampa, FL",#N/A,TPA | NC | 205 | D1,2026-08-17,2026-08-17
a06Ro00000PeUNaIAN,"Tampa, FL",#N/A,TPA | NC | 225 | B3,2026-08-17,2026-08-17
a06Ro00000WqsEnIAJ,"Tampa, FL",#N/A,TPA | STG | 840,2026-08-17,2026-08-17
a06Ro00000NwkbXIAR,"Tampa, FL",#N/A,TPA | STG | 825,2026-08-17,2026-08-17
a06Ro00000hnlHxIAI,"Tampa, FL",#N/A,TPA | TRIP | 700 | Jaime Rodriguez,2026-08-17,2026-08-17
a06Ro00000hx4LNIAY,"Tampa, FL",#N/A,TPA | NC | 205 | A2,2026-08-17,2026-08-17
a06Ro00000cNW9RIAW,"Tampa, FL",#N/A,TPA | NC | 205 | E1,2026-08-17,2026-08-17
a065b00000bnCZ8AAM,"Tampa, FL",#N/A,TPA | FG | 100 | K1,2026-08-17,2026-08-17
a06Ro00000G6nEXIAZ,"Tampa, FL",#N/A,TPA | FG | 105 | E1,2026-08-17,2026-08-17
a06Ro00000WB9wnIAD,"Tampa, FL",#N/A,TPA | FG | 105 | E2,2026-08-17,2026-08-17
a064O00001UUNRDQA5,"Tampa, FL",#N/A,TPA | FG | 105 | E2,2026-08-17,2026-08-17
a06Ro00000N3ZVVIA3,"Tampa, FL",#N/A,TPA | NC | 215 | A2,2026-08-17,2026-08-17
a06Ro00000VCINVIA5,"Tampa, FL",#N/A,TPA | RENTAL,2026-08-17,2026-08-17
a06Ro00000hnbgoIAA,"Tampa, FL",#N/A,TPA | FG | 120 | H5,2026-08-17,2026-08-17
a064O00001UU7pnQAD,"Tampa, FL",#N/A,TPA | FG | 110 | C5,2026-08-17,2026-08-17
a064O00001UUNJEQA5,"Tampa, FL",#N/A,TPA | FG | 110 | G5,2026-08-17,2026-08-17
a06Ro00000dTkNaIAK,"Tampa, FL",#N/A,TPA | NC | 205 | E2,2026-08-17,2026-08-17
a064O00001UUfn1QAD,"Tampa, FL",#N/A,TPA | FG | 105 | G1,2026-08-17,2026-08-17
a06Ro00000dn4gkIAA,"Tampa, FL",#N/A,TPA | FG | 120 | H3,2026-08-17,2026-08-17
a065b00000jznC1AAI,"Tampa, FL",#N/A,TPA | FG | 125 | A3,2026-08-17,2026-08-17
a06Ro00000hnV9xIAE,"Tampa, FL",#N/A,TPA | FG | 120 | J5,2026-08-17,2026-08-17
a06Ro00000dnRAIIA2,"Tampa, FL",#N/A,TPA | FG | 125 | F1,2026-08-17,2026-08-17
a06Ro00000dcACnIAM,"Tampa, FL",#N/A,TPA | FG | 120 | J2,2026-08-17,2026-08-17
a06Ro00000gaNAnIAM,"Tampa, FL",#N/A,TPA | FG | 130 | K5,2026-08-17,2026-08-17
a06Ro00000ZnR2wIAF,"Tampa, FL",#N/A,TPA | FG | 135 | K5,2026-08-17,2026-08-17
a064O00001UlN4TQAV,"Tampa, FL",#N/A,TPA | FG | 135 | K2,2026-08-17,2026-08-17
a065b00000gAQpNAAW,"Tampa, FL",#N/A,TPA | FG | 150 | K1,2026-08-17,2026-08-17
a06Ro00000GiNqwIAF,"Tampa, FL",#N/A,TPA | FG | 150 | A1,2026-08-17,2026-08-17
a06Ro00000fTHnRIAW,"Tampa, FL",#N/A,TPA | FG | 130 | K3,2026-08-17,2026-08-17
a065b00000bnQZ4AAM,"Tampa, FL",#N/A,TPA | FG | 130 | K2,2026-08-17,2026-08-17
a06Ro00000QNkj7IAD,"Tampa, FL",#N/A,TPA | NC | 215 | A3,2026-08-17,2026-08-17
a06Ro00000i8kXNIAY,"Tampa, FL",#N/A,TPA | NC | 220 | B3,2026-08-17,2026-08-17
a06Ro00000SginhIAB,"Tampa, FL",#N/A,TPA | NC | 215 | B2,2026-08-17,2026-08-17
a06Ro00000KjbnwIAB,"Tampa, FL",#N/A,TPA | NC | 200 | A3,2026-08-17,2026-08-17
a06Ro00000NmzyTIAR,"Tampa, FL",#N/A,TPA | NC | 210 | C3,2026-08-17,2026-08-17
a06Ro00000PeWPNIA3,"Tampa, FL",#N/A,TPA | NC | 210 | C1,2026-08-17,2026-08-17
a06Ro0000056entIAA,"Tampa, FL",#N/A,TPA | NC | 225 | E3,2026-08-17,2026-08-17
a065b00000gQmeNAAS,"Tampa, FL",#N/A,TPA | NC | 225 | D5,2026-08-17,2026-08-17
a06Ro00000XaXNRIA3,"Tampa, FL",#N/A,TPA | NC | 215 | B3,2026-08-17,2026-08-17
a06Ro00000YnhbJIAR,"Tampa, FL",#N/A,TPA | FG | PENDING | STG COILS,2026-08-17,2026-08-17
a06Ro00000VqAnpIAF,"Tampa, FL",#N/A,TPA | FG | 160,2026-08-17,2026-08-17
a06Ro000006nSkUIAU,"Tampa, FL",#N/A,TPA | NC | 200 |A2,2026-08-17,2026-08-17
a06Ro00000gbvVNIAY,"Tampa, FL",#N/A,TPA | NC | 205 | B1,2026-08-17,2026-08-17
a06Ro00000hfnNNIAY,"Tampa, FL",#N/A,TPA | FG | 100 | F1,2026-08-17,2026-08-17
a064O00001WfjlnQAB,"Tampa, FL",#N/A,TPA | FG | 100 | E2,2026-08-17,2026-08-17
a06Ro00000QNk9dIAD,"Tampa, FL",#N/A,TPA | FG | 105 | C1,2026-08-17,2026-08-17
a06Ro00000JnyOIIAZ,"Tampa, FL",#N/A,TPA | FG | 115 | E4,2026-08-17,2026-08-17
a064O00001UbNQNQA3,"Tampa, FL",#N/A,TPA | FG | 120 | B2,2026-08-17,2026-08-17
a064O00001Ul66nQAB,"Tampa, FL",#N/A,TPA | FG | 120 | A4,2026-08-17,2026-08-17
a06Ro00000iBDn0IAG,"Tampa, FL",#N/A,TPA | FG | 100 | E1,2026-08-17,2026-08-17
a06Ro00000ZQnP7IAL,"Tampa, FL",#N/A,TPA | FG | 105 | C2,2026-08-17,2026-08-17
a06Ro00000hnepxIAA,"Tampa, FL",#N/A,TPA | FG | 120 | H5,2026-08-17,2026-08-17
a064O00001UbRVNQA3,"Tampa, FL",#N/A,TPA | FG | 125 | A4,2026-08-17,2026-08-17
a06Ro00000hnbNSIAY,"Tampa, FL",#N/A,TPA | FG | 120 | H3,2026-08-17,2026-08-17
a065b00000bmn84AAA,"Tampa, FL",#N/A,TPA | FG | 130 | B5,2026-08-17,2026-08-17
a065b00000bnBRTAA2,"Tampa, FL",#N/A,TPA | FG | 125 | K4,2026-08-17,2026-08-17
a06Ro00000BosN5IAJ,"Tampa, FL",#N/A,TPA | FG | 110 | B2,2026-08-17,2026-08-17
a065b00000bnJoIAAU,"Tampa, FL",#N/A,TPA | FG | 110 | A1,2026-08-17,2026-08-17
a06Ro00000hnANFIA2,"Tampa, FL",#N/A,TPA | FG | 110 | C2,2026-08-17,2026-08-17
a065b00000jXDntAAG,"Tampa, FL",#N/A,TPA | FG | 105 | K2,2026-08-17,2026-08-17
a06Ro00000OPnJ3IAL,"Tampa, FL",#N/A,TPA | FG | 105 | K1,2026-08-17,2026-08-17
a065b00000bnlZZAAY,"Tampa, FL",#N/A,TPA | FG | 105 | J2,2026-08-17,2026-08-17
a065b00000colNhAAI,"Tampa, FL",#N/A,TPA | FG | 115 | K2,2026-08-17,2026-08-17
a06Ro00000dcHpNIAU,"Tampa, FL",#N/A,TPA | FG | 120 | E2,2026-08-17,2026-08-17
a06Ro00000CuGnxIAF,"Tampa, FL",#N/A,TPA | FG | 110 | G4,2026-08-17,2026-08-17
a06Ro00000hnUx3IAE,"Tampa, FL",#N/A,TPA | FG | 120 | J5,2026-08-17,2026-08-17
a06Ro00000fOmNFIA0,"Tampa, FL",#N/A,TPA | FG | 130 | K3,2026-08-17,2026-08-17
a06Ro00000bdnrbIAA,"Tampa, FL",#N/A,TPA | FG | 135 | D1,2026-08-17,2026-08-17
a06Ro00000Nsp1uIAB,"Tampa, FL",#N/A,TPA | FG | 140 | B3,2026-08-17,2026-08-17
a065b00000bncn7AAA,"Tampa, FL",#N/A,TPA | FG | 100 | G1,2026-08-17,2026-08-17
a06Ro00000fWRn3IAG,"Tampa, FL",#N/A,TPA | FG | 100 | E4,2026-08-17,2026-08-17
a065b00000bnr4ZAAQ,"Tampa, FL",#N/A,TPA | FG | 105 | C1,2026-08-17,2026-08-17
a06Ro00000OpcNBIAZ,"Tampa, FL",#N/A,TPA | FG | 105 | E1,2026-08-17,2026-08-17
a064O00001Wg7NsQAJ,"Tampa, FL",#N/A,TPA | FG | 100 | C2,2026-08-17,2026-08-17
a06Ro000007VNnVIAW,"Tampa, FL",#N/A,TPA | FG | 100 | C1,2026-08-17,2026-08-17
a06Ro00000fnXUfIAM,"Tampa, FL",#N/A,TPA | FG | 125 | B1,2026-08-17,2026-08-17
a065b00000cnEkxAAE,"Tampa, FL",#N/A,TPA | FG | 125 | C1,2026-08-17,2026-08-17
a065b00000jxHPnAAM,"Tampa, FL",#N/A,TPA | FG | 120 | J2,2026-08-17,2026-08-17
a06Ro00000hjynFIAQ,"Tampa, FL",#N/A,TPA | FG | 120 | J4,2026-08-17,2026-08-17
a06Ro00000dn6XGIAY,"Tampa, FL",#N/A,TPA | FG | 120 | H3,2026-08-17,2026-08-17
a06Ro00000hn9pNIAQ,"Tampa, FL",#N/A,TPA | FG | 100 | F2,2026-08-17,2026-08-17
a06Ro00000XsnrxIAB,"Tampa, FL",#N/A,TPA | FG | 100 | E1,2026-08-17,2026-08-17
a06Ro00000Qm8XNIAZ,"Tampa, FL",#N/A,TPA | FG | 105 | C2,2026-08-17,2026-08-17
a065b00000bnr34AAA,"Tampa, FL",#N/A,TPA | FG | 105 | C1,2026-08-17,2026-08-17
a06Ro00000e4EtNIAU,"Tampa, FL",#N/A,TPA | FG | 110 | C1,2026-08-17,2026-08-17
a065b00000con1TAAQ,"Tampa, FL",#N/A,TPA | FG | 110 | H4,2026-08-17,2026-08-17
a06Ro00000by6N2IAI,"Tampa, FL",#N/A,TPA | FG | 100 | G5,2026-08-17,2026-08-17
a06Ro00000IoNByIAN,"Tampa, FL",#N/A,TPA | FG | 105 | C4,2026-08-17,2026-08-17
a06Ro000006RINBIA4,"Tampa, FL",#N/A,TPA | FG | 105 | J3,2026-08-17,2026-08-17
a065b00000gSK0nAAG,"Tampa, FL",#N/A,TPA | FG | 105 | J1,2026-08-17,2026-08-17
a064O00001UUG4nQAH,"Tampa, FL",#N/A,TPA | FG | 110 | B4,2026-08-17,2026-08-17
a064O00001UbNO4QAN,"Tampa, FL",#N/A,TPA | FG | 110 | C2,2026-08-17,2026-08-17
a065b00000dVDNGAA4,"Tampa, FL",#N/A,TPA | FG | 125 | G2,2026-08-17,2026-08-17
a06Ro00000i6N73IAE,"Tampa, FL",#N/A,TPA | FG | 120 | G4,2026-08-17,2026-08-17
a06Ro00000iFntVIAS,"Tampa, FL",#N/A,TPA | FG | 120 | F5,2026-08-17,2026-08-17
a06Ro00000d6nPNIAY,"Tampa, FL",#N/A,TPA | FG | 120 | K1,2026-08-17,2026-08-17
a06Ro00000NCUl3IAH,"Tampa, FL",#N/A,TPA | FG | 125 | H1,2026-08-17,2026-08-17
a064O00001UlCHnQAN,"Tampa, FL",#N/A,TPA | FG | 125 | E5,2026-08-17,2026-08-17
a06Ro00000FhaqnIAB,"Tampa, FL",#N/A,TPA | FG | 125 | C1,2026-08-17,2026-08-17
a065b00000bnvtoAAA,"Tampa, FL",#N/A,TPA | FG | 125 | H1,2026-08-17,2026-08-17
a06Ro00000fnXMbIAM,"Tampa, FL",#N/A,TPA | FG | 130 | C3,2026-08-17,2026-08-17
a065b00000dzNW5AAM,"Tampa, FL",#N/A,TPA | FG | 130 | J3,2026-08-17,2026-08-17
a06Ro00000N6CAwIAN,"Tampa, FL",#N/A,TPA | RENTAL,2026-08-17,2026-08-17
a065b00000blvNZAAY,"Tampa, FL",#N/A,TPA | FG | 135 | E5,2026-08-17,2026-08-17
a06Ro00000ZsnxFIAR,"Tampa, FL",#N/A,TPA | FG | 120 | H5,2026-08-17,2026-08-17
a06Ro00000hvNghIAE,"Tampa, FL",#N/A,TPA | FG | 120 | G2,2026-08-17,2026-08-17
a064O00001UbNRuQAN,"Tampa, FL",#N/A,TPA | FG | 135 | G2,2026-08-17,2026-08-17
a06Ro000006J0NRIA0,"Tampa, FL",#N/A,TPA | NC | 205 | C2,2026-08-17,2026-08-17
a06Ro00000gOjlNIAS,"Tampa, FL",#N/A,TPA | NC | 205 | B2,2026-08-17,2026-08-17
a065b00000cnyXdAAI,"Tampa, FL",#N/A,TPA | NC | 205 | A2,2026-08-17,2026-08-17
a06Ro00000ENjZ4IAL,"Tampa, FL",#N/A,TPA | STG | 800,2026-08-17,2026-08-17
a06Ro00000RQcN4IAL,"Tampa, FL",#N/A,TPA | TRIP | 700 | Barb Sheriff,2026-08-17,2026-08-17
a06Ro00000N9B3qIAF,"Tampa, FL",#N/A,TPA | FG | 100 | C2,2026-08-17,2026-08-17
a065b00000bnCaeAAE,"Tampa, FL",#N/A,TPA | FG | 100 | F2,2026-08-17,2026-08-17
a06Ro00000RHM1NIAX,"Tampa, FL",#N/A,TPA | FG | 100 | E1,2026-08-17,2026-08-17
a065b00000bnXE7AAM,"Tampa, FL",#N/A,TPA | FG | 105 | C1,2026-08-17,2026-08-17
a06Ro00000JneiwIAB,"Tampa, FL",#N/A,TPA | FG | 105 | C1,2026-08-17,2026-08-17
a06Ro00000U8L2nIAF,"Tampa, FL",#N/A,TPA | FG | 100 | K2,2026-08-17,2026-08-17
a06Ro00000iKcnlIAC,"Tampa, FL",#N/A,TPA | FG | 105 | C2,2026-08-17,2026-08-17
a065b00000bnr5SAAQ,"Tampa, FL",#N/A,TPA | FG | 105 | C1,2026-08-17,2026-08-17
a06Ro00000JnjgzIAB,"Tampa, FL",#N/A,TPA | FG | 105 | C1,2026-08-17,2026-08-17
a06Ro00000hrNiUIAU,"Tampa, FL",#N/A,TPA | FG | 100 | C1,2026-08-17,2026-08-17
a06Ro00000YnTV7IAN,"Tampa, FL",#N/A,TPA | FG | 100 | F5,2026-08-17,2026-08-17
a06Ro00000hfnYfIAI,"Tampa, FL",#N/A,TPA | FG | 100 | F1,2026-08-17,2026-08-17
a064O00001Wfn0oQAB,"Tampa, FL",#N/A,TPA | FG | 110 | A5,2026-08-17,2026-08-17
a065b00000bnlMKAAY,"Tampa, FL",#N/A,TPA | FG | 110 | E3,2026-08-17,2026-08-17
a06Ro00000UpfnpIAB,"Tampa, FL",#N/A,TPA | FG | 125 | E1,2026-08-17,2026-08-17
a06Ro00000QNlGzIAL,"Tampa, FL",#N/A,TPA | FG | 125 | C3,2026-08-17,2026-08-17
a06Ro00000i4HvNIAU,"Tampa, FL",#N/A,TPA | FG | 115 | G5,2026-08-17,2026-08-17
a065b00000bnEhoAAE,"Tampa, FL",#N/A,TPA | FG | 120 | A3,2026-08-17,2026-08-17
a065b00000bnVvBAAU,"Tampa, FL",#N/A,TPA | FG | 120 | C1,2026-08-17,2026-08-17
a065b00000bnaNKAAY,"Tampa, FL",#N/A,TPA | FG | 125 | F1,2026-08-17,2026-08-17
a065b00000bnrHiAAI,"Tampa, FL",#N/A,TPA | FG | 130 | B2,2026-08-17,2026-08-17
a065b00000bnIjLAAU,"Tampa, FL",#N/A,TPA | FG | 135 | B3,2026-08-17,2026-08-17
a06Ro00000g9nMHIAY,"Tampa, FL",#N/A,TPA | FG | 120 | C4,2026-08-17,2026-08-17
a065b00000cnDWMAA2,"Tampa, FL",#N/A,TPA | FG | 110 | J5,2026-08-17,2026-08-17
a06Ro00000VlnoEIAR,"Tampa, FL",#N/A,TPA | FG | 110 | K3,2026-08-17,2026-08-17
a06Ro00000OCeGnIAL,"Tampa, FL",#N/A,TPA | FG | 120 | J4,2026-08-17,2026-08-17
a06Ro00000BWun8IAD,"Tampa, FL",#N/A,TPA | NC | 215 | A2,2026-08-17,2026-08-17
a06Ro00000WjdqnIAB,"Tampa, FL",#N/A,TPA | FG | 140 | J3,2026-08-17,2026-08-17
a06Ro00000WrQunIAF,"Tampa, FL",#N/A,TPA | NC | 205 | B3,2026-08-17,2026-08-17
a065b00000gQrnhAAC,"Tampa, FL",#N/A,TPA | FG | 115 | B1,2026-08-17,2026-08-17
a065b00000dznBcAAI,"Tampa, FL",#N/A,TPA | FG | 115 | E2,2026-08-17,2026-08-17
a065b00000bnXE8AAM,"Tampa, FL",#N/A,TPA | FG | 100 | C2,2026-08-17,2026-08-17
a06Ro00000bxjNCIAY,"Tampa, FL",#N/A,TPA | FG | 105 | C2,2026-08-17,2026-08-17
a065b00000bnfDXAAY,"Tampa, FL",#N/A,TPA | FG | 115 | B4,2026-08-17,2026-08-17
a065b00000bnREMAA2,"Tampa, FL",#N/A,TPA | FG | 115 | B2,2026-08-17,2026-08-17
a06Ro00000hnmifIAA,"Tampa, FL",#N/A,TPA | FG | 125 | J5,2026-08-17,2026-08-17
a06Ro00000i6N2DIAU,"Tampa, FL",#N/A,TPA | FG | 120 | G4,2026-08-17,2026-08-17
a064O00001UbNHLQA3,"Tampa, FL",#N/A,TPA | FG | 135 | B2,2026-08-17,2026-08-17
a065b00000bnU1yAAE,"Tampa, FL",#N/A,TPA | FG | 120 | A4,2026-08-17,2026-08-17
a065b00000bnB72AAE,"Tampa, FL",#N/A,TPA | FG | 120 | C3,2026-08-17,2026-08-17
a065b00000blNwtAAE,"Tampa, FL",#N/A,TPA | FG | 120 | B2,2026-08-17,2026-08-17
a065b00000cnJGEAA2,"Tampa, FL",#N/A,TPA | FG | 120 | G2,2026-08-17,2026-08-17
a06Ro00000iAlnZIAS,"Tampa, FL",#N/A,TPA | FG | 150 | C1,2026-08-17,2026-08-17
a06Ro00000G9N5qIAF,"Tampa, FL",#N/A,TPA | NC | 200 | A3,2026-08-17,2026-08-17
a065b00000bnKbmAAE,"Tampa, FL",#N/A,TPA | NC | 200 | A1,2026-08-17,2026-08-17
a06Ro00000cNKZeIAO,"Tampa, FL",#N/A,TPA | NC | 205 | E1,2026-08-17,2026-08-17
a06Ro00000G4NmPIAV,"Tampa, FL",#N/A,TPA | FG | 155 | E1,2026-08-17,2026-08-17
a06Ro00000QNiNyIAL,"Tampa, FL",#N/A,TPA | FG | 105 | C1,2026-08-17,2026-08-17
a065b00000gAeNjAAK,"Tampa, FL",#N/A,TPA | FG | 115 | G4,2026-08-17,2026-08-17
a06Ro00000fnZLCIA2,"Tampa, FL",#N/A,TPA | FG | 115 | F3,2026-08-17,2026-08-17
a06Ro000007knjGIAQ,"Tampa, FL",#N/A,TPA | FG | 120 | B4,2026-08-17,2026-08-17
a064O00001UUInhQAH,"Tampa, FL",#N/A,TPA | FG | 120 | A5,2026-08-17,2026-08-17
a06Ro00000hfiynIAA,"Tampa, FL",#N/A,TPA | FG | 115 | K2,2026-08-17,2026-08-17
a06Ro00000fNWnZIAW,"Tampa, FL",#N/A,TPA | FG | 105 | G2,2026-08-17,2026-08-17
a065b00000cpLXNAA2,"Tampa, FL",#N/A,TPA | FG | 105 | G1,2026-08-17,2026-08-17
a06Ro00000gwnL7IAI,"Tampa, FL",#N/A,TPA | NC | PENDING | EXTRPR1,2026-08-17,2026-08-17
a064O00001UUkn5QAD,"Tampa, FL",#N/A,TPA | FG | 105 | J2,2026-08-17,2026-08-17
a064O00001UlnupQAB,"Tampa, FL",#N/A,TPA | FG | 105 | J1,2026-08-17,2026-08-17
a06Ro00000iqRNlIAM,"Tampa, FL",#N/A,TPA | FG | 115 | F1,2026-08-17,2026-08-17
a06Ro00000cENRtIAO,"Tampa, FL",#N/A,TPA | FG | 115 | K1,2026-08-17,2026-08-17
a065b00000g9niaAAA,"Tampa, FL",#N/A,TPA | FG | 105 | F2,2026-08-17,2026-08-17
a065b00000k03nxAAA,"Tampa, FL",#N/A,TPA | STG | 835,2026-08-17,2026-08-17
a065b00000bnCHCAA2,"Tampa, FL",#N/A,TPA | FG | 110 | B2,2026-08-17,2026-08-17
a06Ro00000F7n6bIAB,"Tampa, FL",#N/A,TPA | FG | 110 | E1,2026-08-17,2026-08-17
a06Ro00000Yq2N9IAJ,"Tampa, FL",#N/A,TPA | FG | PENDING | STG COILS,2026-08-17,2026-08-17
a06Ro00000Pw8mnIAB,"Tampa, FL",#N/A,TPA | NC | 215 | A3,2026-08-17,2026-08-17
a06Ro00000ZnGynIAF,"Tampa, FL",#N/A,TPA | FG | 135 | K5,2026-08-17,2026-08-17
a06Ro00000iCzRNIA0,"Tampa, FL",#N/A,TPA | FG | 105 | C3,2026-08-17,2026-08-17
a06Ro00000hfnTpIAI,"Tampa, FL",#N/A,TPA | FG | 100 | F1,2026-08-17,2026-08-17
a06Ro00000hn9uDIAQ,"Tampa, FL",#N/A,TPA | FG | 100 | F2,2026-08-17,2026-08-17
a064O00001UUSYnQAP,"Tampa, FL",#N/A,TPA | FG | 100 | F3,2026-08-17,2026-08-17
a06Ro00000WfBEnIAN,"Tampa, FL",#N/A,TPA | FG | 105 | J2,2026-08-17,2026-08-17
a06Ro000005U40NIAS,"Tampa, FL",#N/A,TPA | FG | 105 | E5,2026-08-17,2026-08-17
a065b00000bnkwfAAA,"Tampa, FL",#N/A,TPA | FG | 110 | A2,2026-08-17,2026-08-17
a06Ro00000fynENIAY,"Tampa, FL",#N/A,TPA | FG | 110 | B2,2026-08-17,2026-08-17
a06Ro00000NwZeTIAV,"Tampa, FL",#N/A,TPA | FG | 115 | J2,2026-08-17,2026-08-17
a06Ro00000V0NipIAF,"Tampa, FL",#N/A,TPA | FG | 115 | J3,2026-08-17,2026-08-17
a06Ro00000TrdvNIAR,"Tampa, FL",#N/A,TPA | FG | 125 | G5,2026-08-17,2026-08-17
a06Ro00000ZnXOTIA3,"Tampa, FL",#N/A,TPA | FG | 120 | K4,2026-08-17,2026-08-17
a06Ro00000XNvAfIAL,"Tampa, FL",#N/A,TPA | NC | 210 | B2,2026-08-17,2026-08-17
a06Ro00000bbIGnIAM,"Tampa, FL",#N/A,TPA | NC | 210 | D1,2026-08-17,2026-08-17
a06Ro00000WnWvZIAV,"Tampa, FL",#N/A,TPA | NC | 225 | B1,2026-08-17,2026-08-17
a065b00000dVDNaAAO,"Tampa, FL",#N/A,TPA | FG | 125 | K3,2026-08-17,2026-08-17
a064O00001UUXNyQAP,"Tampa, FL",#N/A,TPA | FG | 125 | C4,2026-08-17,2026-08-17
a06Ro00000VwNLlIAN,"Tampa, FL",#N/A,TPA | FG | 125 | E1,2026-08-17,2026-08-17
a06Ro00000hnmvZIAQ,"Tampa, FL",#N/A,TPA | FG | 130 | F2,2026-08-17,2026-08-17
a065b00000bnmHRAAY,"Tampa, FL",#N/A,TPA | FG | 110 | K3,2026-08-17,2026-08-17
a06Ro00000gXThNIAW,"Tampa, FL",#N/A,TPA | FG | 120 | J2,2026-08-17,2026-08-17
a06Ro00000fB7rNIAS,"Tampa, FL",#N/A,TPA | FG | 120 | J3,2026-08-17,2026-08-17
a06Ro00000dnBOtIAM,"Tampa, FL",#N/A,TPA | FG | 120 | K2,2026-08-17,2026-08-17
a06Ro00000ZnYvdIAF,"Tampa, FL",#N/A,TPA | FG | 120 | K4,2026-08-17,2026-08-17
a064O00001UbTGnQAN,"Tampa, FL",#N/A,TPA | FG | 125 | B1,2026-08-17,2026-08-17
a06Ro00000hL4nqIAC,"Tampa, FL",#N/A,TPA | FG | 100 | C2,2026-08-17,2026-08-17
a06Ro00000X1xfnIAB,"Tampa, FL",#N/A,TPA | NC | 225 | A2,2026-08-17,2026-08-17
a06Ro00000cOhAnIAK,"Tampa, FL",#N/A,TPA | NC | 210 | E2,2026-08-17,2026-08-17
a06Ro00000hnjzJIAQ,"Tampa, FL",#N/A,TPA | FG | 100 | C2,2026-08-17,2026-08-17
a064O00001UbNRpQAN,"Tampa, FL",#N/A,TPA | FG | 100 | F4,2026-08-17,2026-08-17
a064O00001WfknpQAB,"Tampa, FL",#N/A,TPA | FG | 100 | E2,2026-08-17,2026-08-17
a064O00001UlnqUQAR,"Tampa, FL",#N/A,TPA | FG | 110 | H3,2026-08-17,2026-08-17
a06Ro00000bZx6NIAS,"Tampa, FL",#N/A,TPA | NC | NC Rack 2,2026-08-17,2026-08-17
a06Ro00000DOHhnIAH,"Tampa, FL",#N/A,TPA | STG | 800,2026-08-17,2026-08-17
a06Ro00000bHNXbIAO,"Tampa, FL",#N/A,TPA | RST | 300 | Cart 1,2026-08-17,2026-08-17
a065b00000k03niAAA,"Tampa, FL",#N/A,TPA | STG | 830,2026-08-17,2026-08-17
a06Ro00000barDNIAY,"Tampa, FL",#N/A,TPA | STG | 820,2026-08-17,2026-08-17
a06Ro00000JnkI5IAJ,"Tampa, FL",#N/A,TPA | FG | 105 | C1,2026-08-17,2026-08-17
a065b00000bnr3YAAQ,"Tampa, FL",#N/A,TPA | FG | 105 | C1,2026-08-17,2026-08-17
a06Ro00000bZHbnIAG,"Tampa, FL",#N/A,TPA | FG | 100 | J3,2026-08-17,2026-08-17
a065b00000cnjiQAAQ,"Tampa, FL",#N/A,TPA | FG | 105 | E2,2026-08-17,2026-08-17
a065b00000bnUERAA2,"Tampa, FL",#N/A,TPA | FG | 100 | E3,2026-08-17,2026-08-17
a065b00000dUajNAAS,"Tampa, FL",#N/A,TPA | FG | 110 | E2,2026-08-17,2026-08-17
a06Ro00000fNVebIAG,"Tampa, FL",#N/A,TPA | FG | 105 | E4,2026-08-17,2026-08-17
a065b00000bnImHAAU,"Tampa, FL",#N/A,TPA | FG | 105 | G1,2026-08-17,2026-08-17
a06Ro00000hsMqnIAE,"Tampa, FL",#N/A,TPA | FG | 105 | G3,2026-08-17,2026-08-17
a064O00001UlEZnQAN,"Tampa, FL",#N/A,TPA | FG | 115 | H3,2026-08-17,2026-08-17
a065b00000cpQrNAAU,"Tampa, FL",#N/A,TPA | FG | 115 | B2,2026-08-17,2026-08-17
a06Ro00000JnpfyIAB,"Tampa, FL",#N/A,TPA | FG | 105 | K2,2026-08-17,2026-08-17
a06Ro00000ZWu4nIAD,"Tampa, FL",#N/A,TPA | FG | 105 | K5,2026-08-17,2026-08-17
a065b00000bnMg2AAE,"Tampa, FL",#N/A,TPA | FG | 110 | A1,2026-08-17,2026-08-17
a06Ro00000eBn1ZIAS,"Tampa, FL",#N/A,TPA | FG | 115 | K1,2026-08-17,2026-08-17
a065b00000bnRHGAA2,"Tampa, FL",#N/A,TPA | FG | 115 | K2,2026-08-17,2026-08-17
a065b00000bna7EAAQ,"Tampa, FL",#N/A,TPA | FG | 115 | F5,2026-08-17,2026-08-17
a06Ro00000hpNwHIAU,"Tampa, FL",#N/A,TPA | FG | 120 | A2,2026-08-17,2026-08-17
a064O00001Ul4KnQAJ,"Tampa, FL",#N/A,TPA | FG | 120 | B2,2026-08-17,2026-08-17
a065b00000bnIUMAA2,"Tampa, FL",#N/A,TPA | FG | 130 | A2,2026-08-17,2026-08-17
a06Ro00000h2NqzIAE,"Tampa, FL",#N/A,TPA | FG | 125 | D1,2026-08-17,2026-08-17
a065b00000bnmIjAAI,"Tampa, FL",#N/A,TPA | FG | 110 | J3,2026-08-17,2026-08-17
a06Ro00000conJ0IAI,"Tampa, FL",#N/A,TPA | FG | 120 | F2,2026-08-17,2026-08-17
a06Ro00000ixkGnIAI,"Tampa, FL",#N/A,TPA | FG | 100 | C1,2026-08-17,2026-08-17
a06Ro00000j1oNRIAY,"Tampa, FL",#N/A,TPA | FG | 105 | G5,2026-08-17,2026-08-17
a06Ro00000ZNBbJIAX,"Tampa, FL",#N/A,TPA | FG | 105 | G4,2026-08-17,2026-08-17
a06Ro00000JnsAnIAJ,"Tampa, FL",#N/A,TPA | FG | 105 | J1,2026-08-17,2026-08-17
a06Ro00000L1iNuIAJ,"Tampa, FL",#N/A,TPA | NC | 205 | B2,2026-08-17,2026-08-17
a06Ro00000gLZlnIAG,"Tampa, FL",#N/A,TPA | NC | 225 | A3,2026-08-17,2026-08-17
a065b00000jzn5AAAQ,"Tampa, FL",#N/A,TPA | NC | 225 | B1,2026-08-17,2026-08-17
a065b00000bmlnLAAQ,"Tampa, FL",#N/A,TPA | FG | 100 | E2,2026-08-17,2026-08-17
a06Ro00000PSsNGIA1,"Tampa, FL",#N/A,TPA | FG | 100 | G3,2026-08-17,2026-08-17
a064O00001UbNNsQAN,"Tampa, FL",#N/A,TPA | FG | 100 | H1,2026-08-17,2026-08-17
a06Ro00000hk5n7IAA,"Tampa, FL",#N/A,TPA | FG | 110 | B4,2026-08-17,2026-08-17
a06Ro00000hn9kXIAQ,"Tampa, FL",#N/A,TPA | FG | 110 | B2,2026-08-17,2026-08-17
a06Ro00000hnVczIAE,"Tampa, FL",#N/A,TPA | FG | 120 | J4,2026-08-17,2026-08-17
a06Ro00000hnVUvIAM,"Tampa, FL",#N/A,TPA | FG | 120 | J5,2026-08-17,2026-08-17
a06Ro00000MajTNIAZ,"Tampa, FL",#N/A,TPA | FG | 120 | K2,2026-08-17,2026-08-17
a06Ro00000aoynSIAQ,"Tampa, FL",#N/A,TPA | FG | 120 | K4,2026-08-17,2026-08-17
a06Ro00000DleYnIAJ,"Tampa, FL",#N/A,TPA | FG | 125 | A4,2026-08-17,2026-08-17
a065b00000bnctAAAQ,"Tampa, FL",#N/A,TPA | FG | 135 | E2,2026-08-17,2026-08-17
a065b00000cnAK6AAM,"Tampa, FL",#N/A,TPA | FG | 135 | B1,2026-08-17,2026-08-17
a06Ro00000TpyKnIAJ,"Tampa, FL",#N/A,TPA | FG | 100 | C2,2026-08-17,2026-08-17
a06Ro00000N9C9ZIAV,"Tampa, FL",#N/A,TPA | FG | 100 | C2,2026-08-17,2026-08-17
a06Ro00000PndwHIAR,"Tampa, FL",#N/A,TPA | NC | 210 | D3,2026-08-17,2026-08-17
a06Ro00000Wc7NpIAJ,"Tampa, FL",#N/A,TPA | NC | 225 | A2,2026-08-17,2026-08-17
a06Ro00000WjNAyIAN,"Tampa, FL",#N/A,TPA | FG | 140 | F3,2026-08-17,2026-08-17
a06Ro00000Zn4fqIAB,"Tampa, FL",#N/A,TPA | FG | 135 | K5,2026-08-17,2026-08-17
a06Ro00000ZnY7dIAF,"Tampa, FL",#N/A,TPA | FG | 120 | K4,2026-08-17,2026-08-17
a06Ro00000hnVGPIA2,"Tampa, FL",#N/A,TPA | FG | 120 | H4,2026-08-17,2026-08-17
a06Ro00000VbNbhIAF,"Tampa, FL",#N/A,TPA | NC | 215 | A3,2026-08-17,2026-08-17
a06Ro00000NcMLdIAN,"Tampa, FL",#N/A,TPA | NC | 225 | B4,2026-08-17,2026-08-17
a06Ro00000eSPNpIAO,"Tampa, FL",#N/A,TPA | FG | 105 | K1,2026-08-17,2026-08-17
a06Ro00000Wt3ndIAB,"Tampa, FL",#N/A,TPA | FG | 105 | C3,2026-08-17,2026-08-17
a06Ro00000iK4NuIAK,"Tampa, FL",#N/A,TPA | FG | 125 | G1,2026-08-17,2026-08-17
a065b00000gAXrNAAW,"Tampa, FL",#N/A,TPA | FG | 125 | G1,2026-08-17,2026-08-17
a06Ro00000Fr3NJIAZ,"Tampa, FL",#N/A,TPA | FG | 125 | F4,2026-08-17,2026-08-17
a065b00000bnaMgAAI,"Tampa, FL",#N/A,TPA | FG | 125 | F1,2026-08-17,2026-08-17
a065b00000bnaKqAAI,"Tampa, FL",#N/A,TPA | FG | 125 | E1,2026-08-17,2026-08-17
a065b00000g9unaAAA,"Tampa, FL",#N/A,TPA | FG | 130 | B1,2026-08-17,2026-08-17
a065b00000bnN4xAAE,"Tampa, FL",#N/A,TPA | FG | 115 | A3,2026-08-17,2026-08-17
a06Ro00000aSw4NIAS,"Tampa, FL",#N/A,TPA | FG | 115 | G1,2026-08-17,2026-08-17
a06Ro00000RbnqGIAR,"Tampa, FL",#N/A,TPA | FG | 115 | J1,2026-08-17,2026-08-17
a065b00000dzN8VAAU,"Tampa, FL",#N/A,TPA | FG | 110 | B5,2026-08-17,2026-08-17
a06Ro00000hsLbNIAU,"Tampa, FL",#N/A,TPA | FG | 110 | B3,2026-08-17,2026-08-17
a065b00000bnmmeAAA,"Tampa, FL",#N/A,TPA | FG | 110 | K3,2026-08-17,2026-08-17
a06Ro00000NmQfhIAF,"Tampa, FL",#N/A,TPA | FG | 115 | E1,2026-08-17,2026-08-17
a06Ro00000hn9ivIAA,"Tampa, FL",#N/A,TPA | FG | 110 | B2,2026-08-17,2026-08-17
a065b00000bmnR9AAI,"Tampa, FL",#N/A,TPA | FG | 100 | J1,2026-08-17,2026-08-17
a06Ro00000KVCNxIAP,"Tampa, FL",#N/A,TPA | FG | 160,2026-08-17,2026-08-17
a065b00000bnF3WAAU,"Tampa, FL",#N/A,TPA | NC | 200 | A1,2026-08-17,2026-08-17
a06Ro00000YKe7NIAT,"Tampa, FL",#N/A,TPA | FG | 145 | F1,2026-08-17,2026-08-17
a06Ro00000dbtNGIAY,"Tampa, FL",#N/A,TPA | FG | 150 | E1,2026-08-17,2026-08-17
a065b00000bna4PAAQ,"Tampa, FL",#N/A,TPA | FG | 125 | A5,2026-08-17,2026-08-17
a065b00000k0Ng7AAE,"Tampa, FL",#N/A,TPA | FG | 135 | A3,2026-08-17,2026-08-17
a065b00000cprONAAY,"Tampa, FL",#N/A,TPA | RENTAL,2026-08-17,2026-08-17
a06Ro00000dqnZGIAY,"Tampa, FL",#N/A,TPA | RENTAL,2026-08-17,2026-08-17
a06Ro00000eSnLJIA0,"Tampa, FL",#N/A,TPA | Trophon Depot Repair,2026-08-17,2026-08-17
a06Ro00000cncRFIAY,"Tampa, FL",#N/A,TPA | Trophon Depot Repair,2026-08-17,2026-08-17
a06Ro00000g9XpNIAU,"Tampa, FL",#N/A,TPA | STG | 815,2026-08-17,2026-08-17
a06Ro00000GN4L3IAL,"Tampa, FL",#N/A,TPA | STG | 835,2026-08-17,2026-08-17
a06Ro00000NU4YnIAL,"Tampa, FL",#N/A,TPA | STG | 840,2026-08-17,2026-08-17
a065b00000cnaibAAA,"Tampa, FL",#N/A,TPA | STG | 805,2026-08-17,2026-08-17
a06Ro00000XkNEjIAN,"Tampa, FL",#N/A,TPA | STG | 810,2026-08-17,2026-08-17
a065b00000bnaMhAAI,"Tampa, FL",#N/A,TPA | FG | 125 | E1,2026-08-17,2026-08-17
a06Ro00000entxBIAQ,"Tampa, FL",#N/A,TPA | NC | 205 | A4,2026-08-17,2026-08-17
a06Ro00000NUeVpIAL,"Tampa, FL",#N/A,TPA | NC | 215 | C2,2026-08-17,2026-08-17
a06Ro00000TenaoIAB,"Tampa, FL",#N/A,TPA | NC | 225 | B4,2026-08-17,2026-08-17
a06Ro00000csn7VIAQ,"Tampa, FL",#N/A,TPA | NC | 205 | A2,2026-08-17,2026-08-17
a06Ro00000EQxqnIAD,"Tampa, FL",#N/A,TPA | NC | 205 | D2,2026-08-17,2026-08-17
a06Ro00000ESvzNIAT,"Tampa, FL",#N/A,TPA | NC | 225 | B1,2026-08-17,2026-08-17
a065b00000cn4kFAAQ,"Tampa, FL",#N/A,TPA | TRIP | 700 | Barb Sheriff,2026-08-17,2026-08-17
a065b00000gAkNwAAK,"Tampa, FL",#N/A,TPA | TRIP | 700 | Greg Chadwick,2026-08-17,2026-08-17
a065b00000jzpN1AAI,"Tampa, FL",#N/A,TPA | FG | 105 | E2,2026-08-17,2026-08-17
a06Ro00000evQ6nIAE,"Tampa, FL",#N/A,TPA | NC | 215 | D2,2026-08-17,2026-08-17
a064O00001Wg3pnQAB,"Tampa, FL",#N/A,TPA | RENTAL,2026-08-17,2026-08-17
a06Ro00000IcNxJIAV,"Tampa, FL",#N/A,TPA | NC | 230 | D3,2026-08-17,2026-08-17
a065b00000bnaN0AAI,"Tampa, FL",#N/A,TPA | FG | 125 | F1,2026-08-17,2026-08-17
a06Ro00000f6mNJIAY,"Tampa, FL",#N/A,TPA | FG | 125 | F4,2026-08-17,2026-08-17
a065b00000bnNFMAA2,"Tampa, FL",#N/A,TPA | FG | 130 | E3,2026-08-17,2026-08-17
a06Ro00000YyUinIAF,"Tampa, FL",#N/A,TPA | FG | 130 | C1,2026-08-17,2026-08-17
a065b00000bnmEjAAI,"Tampa, FL",#N/A,TPA | FG | 135 | C2,2026-08-17,2026-08-17
a064O00001UU9NbQAL,"Tampa, FL",#N/A,TPA | FG | 135 | B3,2026-08-17,2026-08-17
a065b00000bnc4XAAQ,"Tampa, FL",#N/A,TPA | FG | 135 | C4,2026-08-17,2026-08-17
a06Ro00000eF8KnIAK,"Tampa, FL",#N/A,TPA | FG | 120 | J2,2026-08-17,2026-08-17
a064O00001Ulnl9QAB,"Tampa, FL",#N/A,TPA | FG | 125 | B1,2026-08-17,2026-08-17
a06Ro00000XBgvNIAT,"Tampa, FL",#N/A,TPA | FG | 105 | F2,2026-08-17,2026-08-17
a064O00001UUNHMQA5,"Tampa, FL",#N/A,TPA | FG | 125 | C2,2026-08-17,2026-08-17
a065b00000blNz4AAE,"Tampa, FL",#N/A,TPA | FG | 125 | B4,2026-08-17,2026-08-17
a06Ro00000ihnljIAA,"Tampa, FL",#N/A,TPA | FG | 145 | E3,2026-08-17,2026-08-17
a06Ro00000iZCUnIAO,"Tampa, FL",#N/A,TPA | FG | 140 | G2,2026-08-17,2026-08-17
a065b00000cnUgaAAE,"Tampa, FL",#N/A,TPA | FG | 115 | K3,2026-08-17,2026-08-17
a06Ro00000bde8NIAQ,"Tampa, FL",#N/A,TPA | NC | 210 | D3,2026-08-17,2026-08-17
a06Ro000005A4NeIAK,"Tampa, FL",#N/A,TPA | NC | 215 | A3,2026-08-17,2026-08-17
a06Ro00000eK6NCIA0,"Tampa, FL",#N/A,TPA | FG | 135 | J4,2026-08-17,2026-08-17
a06Ro00000ZnEFPIA3,"Tampa, FL",#N/A,TPA | FG | 135 | K5,2026-08-17,2026-08-17
a06Ro00000XFH8nIAH,"Tampa, FL",#N/A,TPA | FG | 115 | H2,2026-08-17,2026-08-17
a065b00000bn5DGAAY,"Tampa, FL",#N/A,TPA | FG | 130 | B5,2026-08-17,2026-08-17
a06Ro00000TjlBnIAJ,"Tampa, FL",#N/A,TPA | FG | 120 | H2,2026-08-17,2026-08-17
a065b00000cnO97AAE,"Tampa, FL",#N/A,TPA | FG | 125 | A5,2026-08-17,2026-08-17
a06Ro00000ZnZN3IAN,"Tampa, FL",#N/A,TPA | FG | 120 | K4,2026-08-17,2026-08-17
a065b00000e0qNWAAY,"Tampa, FL",#N/A,TPA | FG | 125 | B2,2026-08-17,2026-08-17
a065b00000cny4bAAA,"Tampa, FL",#N/A,TPA | FG | 135 | K3,2026-08-17,2026-08-17
a06Ro00000eJenXIAS,"Tampa, FL",#N/A,TPA | STG | 800,2026-08-17,2026-08-17
a065b00000bnNnZAAU,"Tampa, FL",#N/A,TPA | RENTAL,2026-08-17,2026-08-17
a065b00000cp9n2AAA,"Tampa, FL",#N/A,TPA | STG | 810,2026-08-17,2026-08-17
a06Ro00000OirNlIAJ,"Tampa, FL",#N/A,TPA | FG | 120 | H3,2026-08-17,2026-08-17
a06Ro00000hned3IAA,"Tampa, FL",#N/A,TPA | FG | 120 | H5,2026-08-17,2026-08-17
a06Ro00000BYN5VIAX,"Tampa, FL",#N/A,TPA | FG | 125 | B2,2026-08-17,2026-08-17
a065b00000bnMWvAAM,"Tampa, FL",#N/A,TPA | FG | 125 | E5,2026-08-17,2026-08-17
a065b00000bnoaeAAA,"Tampa, FL",#N/A,TPA | FG | 130 | J3,2026-08-17,2026-08-17
a06Ro00000WRnOnIAL,"Tampa, FL",#N/A,TPA | FG | 130 | G2,2026-08-17,2026-08-17
a06Ro00000e3VjNIAU,"Tampa, FL",#N/A,TPA | FG | 130 | G3,2026-08-17,2026-08-17
a065b00000bnc89AAA,"Tampa, FL",#N/A,TPA | FG | 135 | B4,2026-08-17,2026-08-17
a065b00000bnkqtAAA,"Tampa, FL",#N/A,TPA | FG | 120 | C4,2026-08-17,2026-08-17
a064O00001UUZ2nQAH,"Tampa, FL",#N/A,TPA | FG | 110 | H4,2026-08-17,2026-08-17
a065b00000bnmIsAAI,"Tampa, FL",#N/A,TPA | FG | 110 | J3,2026-08-17,2026-08-17
a06Ro000007T6qnIAC,"Tampa, FL",#N/A,TPA | FG | 115 | J1,2026-08-17,2026-08-17
a064O00001UUM8nQAH,"Tampa, FL",#N/A,TPA | FG | 115 | H2,2026-08-17,2026-08-17
a064O00001UUBDnQAP,"Tampa, FL",#N/A,TPA | FG | 115 | G4,2026-08-17,2026-08-17
a065b00000k03nfAAA,"Tampa, FL",#N/A,TPA | TRIP | 700 | Barb Sheriff,2026-08-17,2026-08-17
a06Ro00000Zf6DNIAZ,"Tampa, FL",#N/A,TPA | TRIP | 700 | Greg Chadwick,2026-08-17,2026-08-17
a06Ro00000BbNx2IAF,"Tampa, FL",#N/A,TPA | FG | 135 | H2,2026-08-17,2026-08-17
a06Ro00000RHxnJIAT,"Tampa, FL",#N/A,TPA | FG | 115 | K2,2026-08-17,2026-08-17
a06Ro00000gBmynIAC,"Tampa, FL",#N/A,TPA | FG | 120 | A5,2026-08-17,2026-08-17
a06Ro00000dnn7aIAA,"Tampa, FL",#N/A,TPA | FG | 120 | G1,2026-08-17,2026-08-17
a06Ro00000hU0jNIAS,"Tampa, FL",#N/A,TPA | FG | 120 | F3,2026-08-17,2026-08-17
a065b00000bnN65AAE,"Tampa, FL",#N/A,TPA | FG | 125 | A2,2026-08-17,2026-08-17
a06Ro00000f9N7RIAU,"Tampa, FL",#N/A,TPA | FG | 120 | G5,2026-08-17,2026-08-17
a06Ro00000fnWK5IAM,"Tampa, FL",#N/A,TPA | FG | 135 | H5,2026-08-17,2026-08-17
a06Ro00000hnmynIAA,"Tampa, FL",#N/A,TPA | FG | 130 | J2,2026-08-17,2026-08-17
a065b00000cnDWRAA2,"Tampa, FL",#N/A,TPA | FG | 130 | G4,2026-08-17,2026-08-17
a06Ro00000hnU5qIAE,"Tampa, FL",#N/A,TPA | FG | 130 | H4,2026-08-17,2026-08-17
a065b00000bnXIkAAM,"Tampa, FL",#N/A,TPA | FG | 135 | B3,2026-08-17,2026-08-17
a065b00000bn8ODAAY,"Tampa, FL",#N/A,TPA | FG | 130 | B5,2026-08-17,2026-08-17
a06Ro00000hpNjOIAU,"Tampa, FL",#N/A,TPA | FG | 130 | C3,2026-08-17,2026-08-17
a06Ro00000h2NivIAE,"Tampa, FL",#N/A,TPA | FG | 130 | D1,2026-08-17,2026-08-17
a06Ro00000Y0oinIAB,"Tampa, FL",#N/A,TPA | TRIP | 700 | Jaime Rodriguez,2026-08-17,2026-08-17
a06Ro000005gNvIIAU,"Tampa, FL",#N/A,TPA | FG | 100 | C1,2026-08-17,2026-08-17
a06Ro00000ixhqnIAA,"Tampa, FL",#N/A,TPA | FG | 100 | C1,2026-08-17,2026-08-17
a06Ro00000HzknJIAR,"Tampa, FL",#N/A,TPA | FG | 100 | F2,2026-08-17,2026-08-17
a06Ro00000UpgNJIAZ,"Tampa, FL",#N/A,TPA | FG | 105 | C1,2026-08-17,2026-08-17
a064O00001UlwsnQAB,"Tampa, FL",#N/A,TPA | FG | 100 | J3,2026-08-17,2026-08-17
a065b00000cnPkoAAE,"Tampa, FL",#N/A,TPA | FG | 105 | E2,2026-08-17,2026-08-17
a065b00000bnr1fAAA,"Tampa, FL",#N/A,TPA | FG | 110 | E4,2026-08-17,2026-08-17
a064O00001UTy4nQAD,"Tampa, FL",#N/A,TPA | FG | 110 | E2,2026-08-17,2026-08-17
a064O00001Ul8nUQAR,"Tampa, FL",#N/A,TPA | FG | 135 | F2,2026-08-17,2026-08-17
a06Ro00000JnX4jIAF,"Tampa, FL",#N/A,TPA | FG | 120 | J3,2026-08-17,2026-08-17
a06Ro00000hngdFIAQ,"Tampa, FL",#N/A,TPA | FG | 120 | H5,2026-08-17,2026-08-17
a065b00000bnjYsAAI,"Tampa, FL",#N/A,TPA | FG | 100 | K1,2026-08-17,2026-08-17
a06Ro00000NKoD7IAL,"Tampa, FL",#N/A,TPA | NC | 225 | E4,2026-08-17,2026-08-17
a065b00000bnBEgAAM,"Tampa, FL",#N/A,TPA | RENTAL,2026-08-17,2026-08-17
a06Ro00000iFXwnIAG,"Tampa, FL",#N/A,TPA | FG | 120 | F4,2026-08-17,2026-08-17
a06Ro00000E2nSnIAJ,"Tampa, FL",#N/A,TPA | FG | 100 | G2,2026-08-17,2026-08-17
a06Ro00000j26nNIAQ,"Tampa, FL",#N/A,TPA | FG | 110 | C1,2026-08-17,2026-08-17
a06Ro00000hn9vpIAA,"Tampa, FL",#N/A,TPA | FG | 100 | F2,2026-08-17,2026-08-17
a06Ro00000hTnatIAC,"Tampa, FL",#N/A,TPA | FG | 100 | F1,2026-08-17,2026-08-17
a06Ro00000gBNPKIA4,"Tampa, FL",#N/A,TPA | FG | 120 | A5,2026-08-17,2026-08-17
a06Ro00000fz6nGIAQ,"Tampa, FL",#N/A,TPA | FG | 120 | B4,2026-08-17,2026-08-17
a06Ro00000fNZiDIAW,"Tampa, FL",#N/A,TPA | FG | 115 | B1,2026-08-17,2026-08-17
a065b00000bnmIEAAY,"Tampa, FL",#N/A,TPA | FG | 110 | K3,2026-08-17,2026-08-17
a06Ro00000fnYXEIA2,"Tampa, FL",#N/A,TPA | FG | 115 | F2,2026-08-17,2026-08-17
a06Ro00000CuN7xIAF,"Tampa, FL",#N/A,TPA | FG | 115 | B3,2026-08-17,2026-08-17
a065b00000bnaKpAAI,"Tampa, FL",#N/A,TPA | FG | 125 | F1,2026-08-17,2026-08-17
a06Ro00000gQENJIA4,"Tampa, FL",#N/A,TPA | FG | 125 | D1,2026-08-17,2026-08-17
a06Ro00000V9ZXnIAN,"Tampa, FL",#N/A,TPA | NC | 205 | D3,2026-08-17,2026-08-17
a06Ro00000NcyVlIAJ,"Tampa, FL",#N/A,TPA | NC | 215 | A2,2026-08-17,2026-08-17
a06Ro00000gcZ1NIAU,"Tampa, FL",#N/A,TPA | NC | 225 | D5,2026-08-17,2026-08-17
a06Ro00000anCuYIAU,"Tampa, FL",#N/A,TPA | STG | 805,2026-08-17,2026-08-17
a065b00000cn8aaAAA,"Tampa, FL",#N/A,TPA | TRIP | 700 | Engerbe Mijares,2026-08-17,2026-08-17
a06Ro00000P5Nf7IAF,"Tampa, FL",#N/A,TPA | TRIP | 700 | Greg Chadwick,2026-08-17,2026-08-17
a06Ro00000G6n9jIAB,"Tampa, FL",#N/A,TPA | FG | 105 | E1,2026-08-17,2026-08-17
a06Ro00000hs7QNIAY,"Tampa, FL",#N/A,TPA | FG | 110 | B3,2026-08-17,2026-08-17
a065b00000bnmGcAAI,"Tampa, FL",#N/A,TPA | FG | 110 | J3,2026-08-17,2026-08-17
a065b00000cnTyvAAE,"Tampa, FL",#N/A,TPA | FG | 120 | B5,2026-08-17,2026-08-17
a06Ro00000fnX6TIAU,"Tampa, FL",#N/A,TPA | FG | 130 | C2,2026-08-17,2026-08-17
a065b00000gSSWnAAO,"Tampa, FL",#N/A,TPA | FG | 115 | J4,2026-08-17,2026-08-17
a06Ro00000dntuXIAQ,"Tampa, FL",#N/A,TPA | FG | 125 | K5,2026-08-17,2026-08-17
a064O00001UlPtnQAF,"Tampa, FL",#N/A,TPA | FG | 130 | E4,2026-08-17,2026-08-17
a065b00000bnMrJAAU,"Tampa, FL",#N/A,TPA | FG | 130 | E3,2026-08-17,2026-08-17
a065b00000bnNE4AAM,"Tampa, FL",#N/A,TPA | FG | 115 | B3,2026-08-17,2026-08-17
a065b00000cnQT8AAM,"Tampa, FL",#N/A,TPA | FG | 115 | A5,2026-08-17,2026-08-17
a06Ro00000NtBLnIAN,"Tampa, FL",#N/A,TPA | FG | 115 | A1,2026-08-17,2026-08-17
a06Ro00000iK5OnIAK,"Tampa, FL",#N/A,TPA | FG | 130 | J5,2026-08-17,2026-08-17
a065b00000cnEVzAAM,"Tampa, FL",#N/A,TPA | FG | 110 | G2,2026-08-17,2026-08-17
a06Ro00000fNVQ5IAO,"Tampa, FL",#N/A,TPA | FG | 110 | F1,2026-08-17,2026-08-17
a065b00000cnuFVAAY,"Tampa, FL",#N/A,TPA | FG | 115 | A5,2026-08-17,2026-08-17
a065b00000cmZEnAAM,"Tampa, FL",#N/A,TPA | FG | 105 | K3,2026-08-17,2026-08-17
a065b00000bnjZCAAY,"Tampa, FL",#N/A,TPA | NC | 200 | A1,2026-08-17,2026-08-17
a06Ro00000iBk1NIAS,"Tampa, FL",#N/A,TPA | FG | 105 | C2,2026-08-17,2026-08-17
a06Ro00000YLUAnIAP,"Tampa, FL",#N/A,TPA | FG | 105 | J4,2026-08-17,2026-08-17
a06Ro00000hnIfnIAE,"Tampa, FL",#N/A,TPA | FG | 100 | C2,2026-08-17,2026-08-17
a064O00001WfknBQAR,"Tampa, FL",#N/A,TPA | FG | 100 | E2,2026-08-17,2026-08-17
a06Ro00000eN7PxIAK,"Tampa, FL",#N/A,TPA | FG | 100 | J3,2026-08-17,2026-08-17
a065b00000jTnC3AAK,"Tampa, FL",#N/A,TPA | FG | 110 | H3,2026-08-17,2026-08-17
a06Ro00000c4DnBIAU,"Tampa, FL",#N/A,TPA | NC | 210 | E1,2026-08-17,2026-08-17
a06Ro00000GJNEDIA5,"Tampa, FL",#N/A,TPA | FG | 100 | F1,2026-08-17,2026-08-17
a065b00000bnlZaAAI,"Tampa, FL",#N/A,TPA | FG | 125 | B2,2026-08-17,2026-08-17
a064O00001UbNRVQA3,"Tampa, FL",#N/A,TPA | FG | 130 | C5,2026-08-17,2026-08-17
a064O00001Wfq5NQAR,"Tampa, FL",#N/A,TPA | FG | 130 | C4,2026-08-17,2026-08-17
a06Ro00000WKBcnIAH,"Tampa, FL",#N/A,TPA | FG | 130 | A1,2026-08-17,2026-08-17
a065b00000bnj0PAAQ,"Tampa, FL",#N/A,TPA | FG | 130 | B2,2026-08-17,2026-08-17
a06Ro00000V9NhuIAF,"Tampa, FL",#N/A,TPA | FG | 110 | H5,2026-08-17,2026-08-17
a06Ro00000fBnKLIA0,"Tampa, FL",#N/A,TPA | FG | 130 | C1,2026-08-17,2026-08-17
a064O00001UU2NoQAL,"Tampa, FL",#N/A,TPA | FG | 110 | B4,2026-08-17,2026-08-17
a065b00000boInyAAE,"Tampa, FL",#N/A,TPA | FG | 110 | K5,2026-08-17,2026-08-17
a064O00001UlgyNQAR,"Tampa, FL",#N/A,TPA | FG | 115 | C4,2026-08-17,2026-08-17
a064O00001UUNUpQAP,"Tampa, FL",#N/A,TPA | FG | 115 | A3,2026-08-17,2026-08-17
a06Ro00000cNUcHIAW,"Tampa, FL",#N/A,TPA | FG | 120 | E2,2026-08-17,2026-08-17
a06Ro00000fB2N4IAK,"Tampa, FL",#N/A,TPA | FG | 120 | G1,2026-08-17,2026-08-17
a065b00000bnHDdAAM,"Tampa, FL",#N/A,TPA | FG | 120 | B4,2026-08-17,2026-08-17
a06Ro00000agVNdIAM,"Tampa, FL",#N/A,TPA | NC | 215 | B2,2026-08-17,2026-08-17
a06Ro00000Ng4ZqIAJ,"Tampa, FL",#N/A,TPA | NC | 210 | D3,2026-08-17,2026-08-17
a06Ro00000SXNXHIA5,"Tampa, FL",#N/A,TPA | NC | 230 | D1,2026-08-17,2026-08-17
a06Ro000006lEgnIAE,"Tampa, FL",#N/A,TPA | RENTAL,2026-08-17,2026-08-17
a06Ro00000iJw5NIAS,"Tampa, FL",#N/A,TPA | FG | 130 | K4,2026-08-17,2026-08-17
a06Ro00000cjENVIA2,"Tampa, FL",#N/A,TPA | FG | 130 | H5,2026-08-17,2026-08-17
a06Ro00000fTITNIA4,"Tampa, FL",#N/A,TPA | FG | 135 | H3,2026-08-17,2026-08-17
a064O00001UbORNQA3,"Tampa, FL",#N/A,TPA | FG | 130 | J3,2026-08-17,2026-08-17
a065b00000gSaNrAAK,"Tampa, FL",#N/A,TPA | FG | 135 | F3,2026-08-17,2026-08-17
a06Ro00000hs1nxIAA,"Tampa, FL",#N/A,TPA | FG | 140 | B1,2026-08-17,2026-08-17
a06Ro00000aox3NIAQ,"Tampa, FL",#N/A,TPA | FG | 145 | C3,2026-08-17,2026-08-17
a06Ro00000A1n90IAB,"Tampa, FL",#N/A,TPA | FG | 155 | E1,2026-08-17,2026-08-17
a065b00000bnaWMAAY,"Tampa, FL",#N/A,TPA | FG | 135 | F3,2026-08-17,2026-08-17
a064O00001UUURnQAP,"Tampa, FL",#N/A,TPA | FG | 130 | G3,2026-08-17,2026-08-17
a06Ro00000j2np7IAA,"Tampa, FL",#N/A,TPA | NC | 210 | A1,2026-08-17,2026-08-17
a06Ro00000XnIGvIAN,"Tampa, FL",#N/A,TPA | NC | 215 | B2,2026-08-17,2026-08-17
a06Ro00000VWGNxIAP,"Tampa, FL",#N/A,TPA | STG | 810,2026-08-17,2026-08-17
a06Ro00000CDniLIAT,"Tampa, FL",#N/A,TPA | TRIP | 700 | Greg Chadwick,2026-08-17,2026-08-17
a06Ro00000dn3HeIAI,"Tampa, FL",#N/A,TPA | NC | 215 | A2,2026-08-17,2026-08-17
a06Ro00000fsPjNIAU,"Tampa, FL",#N/A,TPA | FG | 120 | J2,2026-08-17,2026-08-17
a06Ro00000hLaanIAC,"Tampa, FL",#N/A,TPA | FG | 100 | C1,2026-08-17,2026-08-17
a06Ro00000XOInBIAX,"Tampa, FL",#N/A,TPA | NC | PENDING | EXTRPR1,2026-08-17,2026-08-17
a06Ro00000j1vNKIAY,"Tampa, FL",#N/A,TPA | FG | 100 | F5,2026-08-17,2026-08-17
a064O00001UlFNTQA3,"Tampa, FL",#N/A,TPA | FG | 100 | F3,2026-08-17,2026-08-17
a065b00000bnPv1AAE,"Tampa, FL",#N/A,TPA | FG | 130 | G2,2026-08-17,2026-08-17
a06Ro00000N6IoDIAV,"Tampa, FL",#N/A,TPA | FG | 110 | G4,2026-08-17,2026-08-17
a06Ro00000enqXtIAI,"Tampa, FL",#N/A,TPA | NC | 215 | D2,2026-08-17,2026-08-17
a06Ro00000iuZGNIA2,"Tampa, FL",#N/A,TPA | NC | 225 | B3,2026-08-17,2026-08-17
a06Ro00000brNduIAE,"Tampa, FL",#N/A,TPA | FG | 155,2026-08-17,2026-08-17
a064O00001UbNO3QAN,"Tampa, FL",#N/A,TPA | FG | 105 | G3,2026-08-17,2026-08-17
a06Ro00000iBi2nIAC,"Tampa, FL",#N/A,TPA | FG | 100 | E2,2026-08-17,2026-08-17
a065b00000gSTnNAAW,"Tampa, FL",#N/A,TPA | FG | 125 | E5,2026-08-17,2026-08-17
a065b00000bnlJzAAI,"Tampa, FL",#N/A,TPA | FG | 125 | H4,2026-08-17,2026-08-17
a064O00001UUNW8QAP,"Tampa, FL",#N/A,TPA | FG | 125 | E4,2026-08-17,2026-08-17
a065b00000k0RInAAM,"Tampa, FL",#N/A,TPA | FG | 110 | A4,2026-08-17,2026-08-17
a06Ro00000h9JnSIAU,"Tampa, FL",#N/A,TPA | FG | 100 | E1,2026-08-17,2026-08-17
a065b00000cnjipAAA,"Tampa, FL",#N/A,TPA | FG | 105 | E2,2026-08-17,2026-08-17
a065b00000e0EuNAAU,"Tampa, FL",#N/A,TPA | FG | 130 | C2,2026-08-17,2026-08-17
a06Ro00000RqnGPIAZ,"Tampa, FL",#N/A,TPA | FG | 135 | J3,2026-08-17,2026-08-17
a065b00000bnl5yAAA,"Tampa, FL",#N/A,TPA | FG | 100 | F2,2026-08-17,2026-08-17
a06Ro00000c6JenIAE,"Tampa, FL",#N/A,TPA | STG | 810,2026-08-17,2026-08-17
a06Ro00000hnDjKIAU,"Tampa, FL",#N/A,TPA | FG | 120 | H5,2026-08-17,2026-08-17
a06Ro00000UpfhNIAR,"Tampa, FL",#N/A,TPA | FG | 125 | G2,2026-08-17,2026-08-17
a06Ro00000enOmvIAE,"Tampa, FL",#N/A,TPA | NC | 205 | D3,2026-08-17,2026-08-17
a06Ro00000JPDn8IAH,"Tampa, FL",#N/A,TPA | FG | 150 | A1,2026-08-17,2026-08-17
a06Ro00000bu8nBIAQ,"Tampa, FL",#N/A,TPA | NC | 205 | E2,2026-08-17,2026-08-17
a065b00000e03NwAAI,"Tampa, FL",#N/A,TPA | NC | 205 | C3,2026-08-17,2026-08-17
a06Ro00000c2xanIAA,"Tampa, FL",#N/A,TPA | NC | 225 | B4,2026-08-17,2026-08-17
a065b00000jS3NoAAK,"Tampa, FL",#N/A,TPA | FG | 155 | E1,2026-08-17,2026-08-17
a06Ro00000NcthPIAR,"Tampa, FL",#N/A,TPA | NC | 200 | A3,2026-08-17,2026-08-17
a06Ro00000NlzMAIAZ,"Tampa, FL",#N/A,TPA | FG | 160,2026-08-17,2026-08-17
a065b00000k03nbAAA,"Tampa, FL",#N/A,TPA | TRIP | 700 | Barb Sheriff,2026-08-17,2026-08-17
a06Ro00000TLAN3IAP,"Tampa, FL",#N/A,TPA | NC | 225 | D2,2026-08-17,2026-08-17
a06Ro00000hnGFmIAM,"Tampa, FL",#N/A,TPA | FG | 120 | H5,2026-08-17,2026-08-17
a06Ro00000hHt7NIAS,"Tampa, FL",#N/A,TPA | FG | 120 | G3,2026-08-17,2026-08-17
a06Ro00000fBImnIAG,"Tampa, FL",#N/A,TPA | FG | 120 | F2,2026-08-17,2026-08-17
a06Ro00000ZFNhiIAH,"Tampa, FL",#N/A,TPA | NC | NC Rack 4,2026-08-17,2026-08-17
a06Ro00000WZc4nIAD,"Tampa, FL",#N/A,TPA | NC | 225 | A2,2026-08-17,2026-08-17
a06Ro00000iKDNxIAO,"Tampa, FL",#N/A,TPA | FG | 130 | E2,2026-08-17,2026-08-17
a06Ro00000DfmNlIAJ,"Tampa, FL",#N/A,TPA | FG | 140 | C1,2026-08-17,2026-08-17
a06Ro00000hgzCnIAI,"Tampa, FL",#N/A,TPA | NC | 205 | A2,2026-08-17,2026-08-17
a06Ro00000bbNZpIAM,"Tampa, FL",#N/A,TPA | FG | 125 | G2,2026-08-17,2026-08-17
a065b00000cp3hnAAA,"Tampa, FL",#N/A,TPA | FG | 135 | F1,2026-08-17,2026-08-17
a065b00000bnr5wAAA,"Tampa, FL",#N/A,TPA | FG | 105 | C1,2026-08-17,2026-08-17
a06Ro00000fvDNVIA2,"Tampa, FL",#N/A,TPA | FG | 130 | F5,2026-08-17,2026-08-17
a065b00000bnpRbAAI,"Tampa, FL",#N/A,TPA | FG | 130 | E4,2026-08-17,2026-08-17
a065b00000bnmIQAAY,"Tampa, FL",#N/A,TPA | FG | 110 | K1,2026-08-17,2026-08-17
a065b00000boSnEAAU,"Tampa, FL",#N/A,TPA | FG | 110 | J3,2026-08-17,2026-08-17
a06Ro000008vAinIAE,"Tampa, FL",#N/A,TPA | FG | 135 | K2,2026-08-17,2026-08-17
a064O00001UUKbnQAH,"Tampa, FL",#N/A,TPA | FG | 100 | F5,2026-08-17,2026-08-17
a065b00000bnr3CAAQ,"Tampa, FL",#N/A,TPA | FG | 105 | C1,2026-08-17,2026-08-17
a06Ro00000hngrlIAA,"Tampa, FL",#N/A,TPA | FG | 120 | H3,2026-08-17,2026-08-17
a065b00000bnRHVAA2,"Tampa, FL",#N/A,TPA | NC | 200 | A1,2026-08-17,2026-08-17
a06Ro00000aMN9JIAW,"Tampa, FL",#N/A,TPA | FG | 115 | C2,2026-08-17,2026-08-17
a064O00001Wfkn1QAB,"Tampa, FL",#N/A,TPA | FG | 100 | E2,2026-08-17,2026-08-17
a065b00000cnPzDAAU,"Tampa, FL",#N/A,TPA | FG | 100 | C2,2026-08-17,2026-08-17
a06Ro00000iy6nZIAQ,"Tampa, FL",#N/A,TPA | FG | 100 | C1,2026-08-17,2026-08-17
a065b00000bnffbAAA,"Tampa, FL",#N/A,TPA | FG | 120 | B1,2026-08-17,2026-08-17
a06Ro00000aeNMBIA2,"Tampa, FL",#N/A,TPA | FG | 120 | G5,2026-08-17,2026-08-17
a06Ro00000RDmnFIAT,"Tampa, FL",#N/A,TPA | NC | 225 | E3,2026-08-17,2026-08-17
a06Ro00000SN9vJIAT,"Tampa, FL",#N/A,TPA | FG | 105 | E2,2026-08-17,2026-08-17
a06Ro00000SNhtoIAD,"Tampa, FL",#N/A,TPA | NC | 210 | B3,2026-08-17,2026-08-17
a06Ro00000cr8snIAA,"Tampa, FL",#N/A,TPA | NC | 205 | A2,2026-08-17,2026-08-17
a065b00000bnr45AAA,"Tampa, FL",#N/A,TPA | FG | 110 | F3,2026-08-17,2026-08-17
a06Ro00000hpNxuIAE,"Tampa, FL",#N/A,TPA | FG | 105 | C5,2026-08-17,2026-08-17
a065b00000gABfnAAG,"Tampa, FL",#N/A,TPA | FG | 105 | C2,2026-08-17,2026-08-17
a06Ro000004mntpIAA,"Tampa, FL",#N/A,TPA | FG | 105 | C1,2026-08-17,2026-08-17
a06Ro00000NzBVxIAN,"Tampa, FL",#N/A,TPA | FG | 105 | C1,2026-08-17,2026-08-17
a065b00000dUO9NAAW,"Tampa, FL",#N/A,TPA | FG | 100 | J1,2026-08-17,2026-08-17
a065b00000cnjiuAAA,"Tampa, FL",#N/A,TPA | FG | 105 | E2,2026-08-17,2026-08-17
a06Ro00000hoTinIAE,"Tampa, FL",#N/A,TPA | FG | 105 | C5,2026-08-17,2026-08-17
a06Ro00000ZnHV0IAN,"Tampa, FL",#N/A,TPA | FG | 105 | C2,2026-08-17,2026-08-17
a06Ro00000hPn3BIAS,"Tampa, FL",#N/A,TPA | FG | 100 | J3,2026-08-17,2026-08-17
a06Ro00000hsONxIAM,"Tampa, FL",#N/A,TPA | FG | 105 | F2,2026-08-17,2026-08-17
a06Ro00000iCe0NIAS,"Tampa, FL",#N/A,TPA | FG | 105 | G4,2026-08-17,2026-08-17
a06Ro00000fuktNIAQ,"Tampa, FL",#N/A,TPA | FG | 110 | B3,2026-08-17,2026-08-17
a06Ro00000OFn2dIAD,"Tampa, FL",#N/A,TPA | FG | 150 | E1,2026-08-17,2026-08-17
a06Ro00000IMnVzIAL,"Tampa, FL",#N/A,TPA | FG | 110 | C3,2026-08-17,2026-08-17
a06Ro00000g9nkTIAQ,"Tampa, FL",#N/A,TPA | FG | 120 | C4,2026-08-17,2026-08-17
a064O00001UlnkzQAB,"Tampa, FL",#N/A,TPA | FG | 130 | F4,2026-08-17,2026-08-17
a064O00001WgCNxQAN,"Tampa, FL",#N/A,TPA | FG | 115 | J1,2026-08-17,2026-08-17
a06Ro00000LNFTkIAP,"Tampa, FL",#N/A,TPA | FG | 115 | K4,2026-08-17,2026-08-17
a065b00000bncIvAAI,"Tampa, FL",#N/A,TPA | FG | 125 | H2,2026-08-17,2026-08-17
a06Ro00000QnD1xIAF,"Tampa, FL",#N/A,TPA | FG | 135 | C2,2026-08-17,2026-08-17
a06Ro00000ez6npIAA,"Tampa, FL",#N/A,TPA | FG | 120 | K1,2026-08-17,2026-08-17
a065b00000cnBP8AAM,"Tampa, FL",#N/A,TPA | RENTAL,2026-08-17,2026-08-17
a065b00000bnmmyAAA,"Tampa, FL",#N/A,TPA | FG | 110 | K3,2026-08-17,2026-08-17
a065b00000k07jNAAQ,"Tampa, FL",#N/A,TPA | FG | 135 | A3,2026-08-17,2026-08-17
a06Ro00000C2NxhIAF,"Tampa, FL",#N/A,TPA | FG | 130 | A4,2026-08-17,2026-08-17
a064O00001UlNpZQAV,"Tampa, FL",#N/A,TPA | RENTAL,2026-08-17,2026-08-17
a065b00000bnIP5AAM,"Tampa, FL",#N/A,TPA | FG | 105 | K2,2026-08-17,2026-08-17
a06Ro00000iqN8sIAE,"Tampa, FL",#N/A,TPA | FG | 120 | K2,2026-08-17,2026-08-17
a06Ro00000Vu1nZIAR,"Tampa, FL",#N/A,TPA | FG | 130 | E5,2026-08-17,2026-08-17
a06Ro00000hXO4nIAG,"Tampa, FL",#N/A,TPA | FG | 130 | G1,2026-08-17,2026-08-17
a06Ro00000N6IgAIAV,"Tampa, FL",#N/A,TPA | FG | 130 | K1,2026-08-17,2026-08-17
a06Ro00000PGNSBIA5,"Tampa, FL",#N/A,TPA | FG | 135 | E3,2026-08-17,2026-08-17
a06Ro00000YhnoOIAR,"Tampa, FL",#N/A,TPA | FG | 120 | J4,2026-08-17,2026-08-17
a06Ro00000JnWiDIAV,"Tampa, FL",#N/A,TPA | FG | 120 | J3,2026-08-17,2026-08-17
a065b00000gANMMAA4,"Tampa, FL",#N/A,TPA | FG | 135 | A4,2026-08-17,2026-08-17
a064O00001Ul4NcQAJ,"Tampa, FL",#N/A,TPA | FG | 110 | H5,2026-08-17,2026-08-17
a06Ro00000iokRNIAY,"Tampa, FL",#N/A,TPA | FG | 100 | E2,2026-08-17,2026-08-17
a06Ro00000Spkn3IAB,"Tampa, FL",#N/A,TPA | FG | 100 | G2,2026-08-17,2026-08-17
a06Ro00000RHdlNIAT,"Tampa, FL",#N/A,TPA | FG | 125 | C1,2026-08-17,2026-08-17
a064O00001UUdn4QAD,"Tampa, FL",#N/A,TPA | FG | 115 | A4,2026-08-17,2026-08-17
a065b00000cnSwxAAE,"Tampa, FL",#N/A,TPA | FG | 130 | K2,2026-08-17,2026-08-17
a06Ro00000Qn3sEIAR,"Tampa, FL",#N/A,TPA | FG | 135 | K2,2026-08-17,2026-08-17
a06Ro00000NxRDUIA3,"Tampa, FL",#N/A,TPA | FG | 140 | G1,2026-08-17,2026-08-17
a06Ro00000Nf8fXIAR,"Tampa, FL",#N/A,TPA | NC | 225 | B4,2026-08-17,2026-08-17
a06Ro00000NQee8IAD,"Tampa, FL",#N/A,TPA | FG | 100 | F1,2026-08-17,2026-08-17
a06Ro00000UOKNhIAP,"Tampa, FL",#N/A,TPA | Trophon Depot Repair,2026-08-17,2026-08-17
a065b00000cpNoPAAU,"Tampa, FL",#N/A,TPA | FG | 120 | C5,2026-08-17,2026-08-17
a06Ro00000atNCBIA2,"Tampa, FL",#N/A,TPA | RENTAL,2026-08-17,2026-08-17
a06Ro00000AvCbNIAV,"Tampa, FL",#N/A,TPA | FG | 125 | A5,2026-08-17,2026-08-17
a065b00000k03ngAAA,"Tampa, FL",#N/A,TPA | TRIP | 700 | Barb Sheriff,2026-08-17,2026-08-17
a065b00000bnNhrAAE,"Tampa, FL",#N/A,TPA | FG | 130 | E3,2026-08-17,2026-08-17
a06Ro00000Vlbn3IAB,"Tampa, FL",#N/A,TPA | STG | 815,2026-08-17,2026-08-17
a06Ro00000ZnQrfIAF,"Tampa, FL",#N/A,TPA | FG | 120 | K4,2026-08-17,2026-08-17
a06Ro000007Jv3NIAS,"Tampa, FL",#N/A,TPA | FG | 115 | F1,2026-08-17,2026-08-17
a06Ro00000hnTphIAE,"Tampa, FL",#N/A,TPA | FG | 120 | H4,2026-08-17,2026-08-17
a06Ro00000i7AnhIAE,"Tampa, FL",#N/A,TPA | NC | 225 | E2,2026-08-17,2026-08-17
a06Ro000007nvdpIAA,"Tampa, FL",#N/A,TPA | NC | 200 |A2,2026-08-17,2026-08-17
a064O00001UbNQDQA3,"Tampa, FL",#N/A,TPA | FG | 105 | K3,2026-08-17,2026-08-17
a064O00001UUgnxQAD,"Tampa, FL",#N/A,TPA | FG | 115 | A2,2026-08-17,2026-08-17
a06Ro00000Cu99nIAB,"Tampa, FL",#N/A,TPA | FG | 110 | K4,2026-08-17,2026-08-17
a065b00000bnmFNAAY,"Tampa, FL",#N/A,TPA | FG | 110 | K1,2026-08-17,2026-08-17
a065b00000cn1fTAAQ,"Tampa, FL",#N/A,TPA | FG | 115 | B3,2026-08-17,2026-08-17
a064O00001UlgvnQAB,"Tampa, FL",#N/A,TPA | FG | 105 | J3,2026-08-17,2026-08-17
a064O00001Wg1nzQAB,"Tampa, FL",#N/A,TPA | FG | 105 | G2,2026-08-17,2026-08-17
a065b00000bnoY5AAI,"Tampa, FL",#N/A,TPA | FG | 105 | K2,2026-08-17,2026-08-17
a06Ro00000LqN9JIAV,"Tampa, FL",#N/A,TPA | FG | 105 | F2,2026-08-17,2026-08-17
a06Ro00000RwLnjIAF,"Tampa, FL",#N/A,TPA | FG | 105 | E2,2026-08-17,2026-08-17
a065b00000bncMTAAY,"Tampa, FL",#N/A,TPA | FG | 115 | A2,2026-08-17,2026-08-17
a064O00001UUjYnQAL,"Tampa, FL",#N/A,TPA | FG | 110 | C3,2026-08-17,2026-08-17
a065b00000gQwynAAC,"Tampa, FL",#N/A,TPA | FG | 105 | J1,2026-08-17,2026-08-17
a06Ro00000g5nuMIAQ,"Tampa, FL",#N/A,TPA | FG | 110 | B2,2026-08-17,2026-08-17
a064O00001UUdn9QAD,"Tampa, FL",#N/A,TPA | FG | 100 | J2,2026-08-17,2026-08-17
a06Ro00000NQer0IAD,"Tampa, FL",#N/A,TPA | FG | 100 | F1,2026-08-17,2026-08-17
a065b00000k0AnNAAU,"Tampa, FL",#N/A,TPA | FG | 100 | F5,2026-08-17,2026-08-17
a06Ro00000FhLN9IAN,"Tampa, FL",#N/A,TPA | FG | 105 | J2,2026-08-17,2026-08-17
a06Ro00000VTnwLIAT,"Tampa, FL",#N/A,TPA | FG | 105 | F1,2026-08-17,2026-08-17
a06Ro00000G6nfxIAB,"Tampa, FL",#N/A,TPA | FG | 105 | E1,2026-08-17,2026-08-17
a065b00000bnr32AAA,"Tampa, FL",#N/A,TPA | FG | 105 | C1,2026-08-17,2026-08-17
a065b00000cmnViAAI,"Tampa, FL",#N/A,TPA | FG | 100 | F2,2026-08-17,2026-08-17
a06Ro00000Wmln0IAB,"Tampa, FL",#N/A,TPA | FG | 130 | K2,2026-08-17,2026-08-17
a06Ro00000NCK7OIAX,"Tampa, FL",#N/A,TPA | FG | 130 | H3,2026-08-17,2026-08-17
a065b00000bnaWlAAI,"Tampa, FL",#N/A,TPA | FG | 130 | G4,2026-08-17,2026-08-17
a06Ro00000NtIGnIAN,"Tampa, FL",#N/A,TPA | FG | 130 | A2,2026-08-17,2026-08-17
a06Ro00000W51InIAJ,"Tampa, FL",#N/A,TPA | FG | 130 | K1,2026-08-17,2026-08-17
a065b00000dVDN6AAO,"Tampa, FL",#N/A,TPA | FG | 130 | G3,2026-08-17,2026-08-17
a06Ro00000PsinGIAR,"Tampa, FL",#N/A,TPA | FG | 130 | F4,2026-08-17,2026-08-17
a065b00000cnitVAAQ,"Tampa, FL",#N/A,TPA | FG | 125 | C5,2026-08-17,2026-08-17
a065b00000bnMbCAAU,"Tampa, FL",#N/A,TPA | FG | 125 | A5,2026-08-17,2026-08-17
a065b00000jznzZAAQ,"Tampa, FL",#N/A,TPA | FG | 125 | A4,2026-08-17,2026-08-17
a065b00000bnEihAAE,"Tampa, FL",#N/A,TPA | FG | 130 | A1,2026-08-17,2026-08-17
a064O00001UlnlTQAR,"Tampa, FL",#N/A,TPA | FG | 125 | B3,2026-08-17,2026-08-17
a06Ro00000iinZyIAI,"Tampa, FL",#N/A,TPA | FG | 120 | K5,2026-08-17,2026-08-17
a06Ro00000hnFtCIAU,"Tampa, FL",#N/A,TPA | FG | 120 | H4,2026-08-17,2026-08-17
a065b00000cnuFGAAY,"Tampa, FL",#N/A,TPA | FG | 120 | B3,2026-08-17,2026-08-17
a065b00000bncMdAAI,"Tampa, FL",#N/A,TPA | FG | 125 | E1,2026-08-17,2026-08-17
a06Ro00000JPKOnIAP,"Tampa, FL",#N/A,TPA | FG | 120 | K2,2026-08-17,2026-08-17
a06Ro00000JnW0cIAF,"Tampa, FL",#N/A,TPA | FG | 120 | J3,2026-08-17,2026-08-17
a06Ro00000hneGTIAY,"Tampa, FL",#N/A,TPA | FG | 120 | H5,2026-08-17,2026-08-17
a06Ro00000M1NsNIAV,"Tampa, FL",#N/A,TPA | FG | 120 | H4,2026-08-17,2026-08-17
a06Ro00000g9ne1IAA,"Tampa, FL",#N/A,TPA | FG | 120 | C4,2026-08-17,2026-08-17
a06Ro000009r0ZNIAY,"Tampa, FL",#N/A,TPA | FG | 120 | E4,2026-08-17,2026-08-17
a065b00000dzNCjAAM,"Tampa, FL",#N/A,TPA | FG | 115 | K5,2026-08-17,2026-08-17
a065b00000conBNAAY,"Tampa, FL",#N/A,TPA | FG | 115 | H5,2026-08-17,2026-08-17
a06Ro00000evLNFIA2,"Tampa, FL",#N/A,TPA | FG | 115 | H3,2026-08-17,2026-08-17
a06Ro00000enYZNIA2,"Tampa, FL",#N/A,TPA | FG | 120 | E5,2026-08-17,2026-08-17
a065b00000bnfiGAAQ,"Tampa, FL",#N/A,TPA | FG | 120 | B3,2026-08-17,2026-08-17
a065b00000bnU1jAAE,"Tampa, FL",#N/A,TPA | FG | 120 | A2,2026-08-17,2026-08-17
a065b00000bnZqiAAE,"Tampa, FL",#N/A,TPA | FG | 115 | K2,2026-08-17,2026-08-17
a06Ro00000AmUneIAF,"Tampa, FL",#N/A,TPA | RENTAL,2026-08-17,2026-08-17
a065b00000cn8OVAAY,"Tampa, FL",#N/A,TPA | RENTAL,2026-08-17,2026-08-17
a065b00000gQnZzAAK,"Tampa, FL",#N/A,TPA | RENTAL,2026-08-17,2026-08-17
a06Ro00000BhQYnIAN,"Tampa, FL",#N/A,TPA | NC | 225 | B4,2026-08-17,2026-08-17
a06Ro00000Vwm0nIAB,"Tampa, FL",#N/A,TPA | NC | 225 | B3,2026-08-17,2026-08-17
a064O00001UU9NMQA1,"Tampa, FL",#N/A,TPA | FG | 115 | H2,2026-08-17,2026-08-17
a06Ro00000ENPX7IAP,"Tampa, FL",#N/A,TPA | STG | 800,2026-08-17,2026-08-17
a065b00000dUN5ZAAW,"Tampa, FL",#N/A,TPA | NC | 225 | B5,2026-08-17,2026-08-17
a06Ro00000JwNHRIA3,"Tampa, FL",#N/A,TPA | NC | 225 | E5,2026-08-17,2026-08-17
a06Ro00000YmaNNIAZ,"Tampa, FL",#N/A,TPA | NC | 225 | A4,2026-08-17,2026-08-17
a06Ro00000gHdRNIA0,"Tampa, FL",#N/A,TPA | NC | 225 | A3,2026-08-17,2026-08-17
a06Ro00000R9NM1IAN,"Tampa, FL",#N/A,TPA | NC | 225 | A2,2026-08-17,2026-08-17
a06Ro00000Q3Jn7IAF,"Tampa, FL",#N/A,TPA | NC | 215 | D1,2026-08-17,2026-08-17
a06Ro00000dn6aTIAQ,"Tampa, FL",#N/A,TPA | NC | 215 | A2,2026-08-17,2026-08-17
a065b00000g9pDnAAI,"Tampa, FL",#N/A,TPA | NC | 215 | D1,2026-08-17,2026-08-17
a06Ro00000cSQcnIAG,"Tampa, FL",#N/A,TPA | NC | 210 | E1,2026-08-17,2026-08-17
a06Ro00000KXneLIAT,"Tampa, FL",#N/A,TPA | NC | 215 | A2,2026-08-17,2026-08-17
a06Ro00000eSNttIAG,"Tampa, FL",#N/A,TPA | NC | 205 | D2,2026-08-17,2026-08-17
a065b00000jTnAgAAK,"Tampa, FL",#N/A,TPA | NC | 200 | A1,2026-08-17,2026-08-17
a06Ro00000hrnoGIAQ,"Tampa, FL",#N/A,TPA | FG | 155 | K1,2026-08-17,2026-08-17
a06Ro00000iJ5nRIAS,"Tampa, FL",#N/A,TPA | STG | 850,2026-08-17,2026-08-17
a06Ro00000YHnwnIAD,"Tampa, FL",#N/A,TPA | FG | 140 | E2,2026-08-17,2026-08-17
a06Ro00000btjNNIAY,"Tampa, FL",#N/A,TPA | FG | 140 | B1,2026-08-17,2026-08-17
a06Ro00000g74bNIAQ,"Tampa, FL",#N/A,TPA | FG | 150 | J2,2026-08-17,2026-08-17
a06Ro00000GnTZ7IAN,"Tampa, FL",#N/A,TPA | NC | 200 | A3,2026-08-17,2026-08-17
a06Ro00000WNOqPIAX,"Tampa, FL",#N/A,TPA | NC | 205 | A2,2026-08-17,2026-08-17
a06Ro00000fOnO9IAK,"Tampa, FL",#N/A,TPA | FG | 135 | E5,2026-08-17,2026-08-17
a064O00001UlnlYQAR,"Tampa, FL",#N/A,TPA | FG | 135 | A3,2026-08-17,2026-08-17
a065b00000bngNkAAI,"Tampa, FL",#N/A,TPA | FG | 135 | B3,2026-08-17,2026-08-17
a06Ro00000NxOInIAN,"Tampa, FL",#N/A,TPA | FG | 140 | G1,2026-08-17,2026-08-17
a06Ro00000iJteNIAS,"Tampa, FL",#N/A,TPA | FG | 140 | C2,2026-08-17,2026-08-17
a06Ro00000DonSgIAJ,"Tampa, FL",#N/A,TPA | FG | 145 | H1,2026-08-17,2026-08-17
a06Ro00000ejWCnIAM,"Tampa, FL",#N/A,TPA | FG | 140 | A1,2026-08-17,2026-08-17
a064O00001WfsfNQAR,"Tampa, FL",#N/A,TPA | FG | 135 | H2,2026-08-17,2026-08-17
a065b00000cp7rNAAQ,"Tampa, FL",#N/A,TPA | FG | 135 | A3,2026-08-17,2026-08-17
a06Ro00000LNXFKIA5,"Tampa, FL",#N/A,TPA | TRIP | 700 | Jaime Rodriguez,2026-08-17,2026-08-17
a06Ro00000fNJgfIAG,"Tampa, FL",#N/A,TPA | TRIP | 700 | Eric Szukis,2026-08-17,2026-08-17
a065b00000dzjnVAAQ,"Tampa, FL",#N/A,TPA | STG | 840,2026-08-17,2026-08-17
a065b00000bnFM5AAM,"Tampa, FL",#N/A,TPA | FG | 115 | B1,2026-08-17,2026-08-17
a065b00000bnmIOAAY,"Tampa, FL",#N/A,TPA | FG | 110 | K3,2026-08-17,2026-08-17
a06Ro00000fKLNGIA4,"Tampa, FL",#N/A,TPA | FG | 115 | B4,2026-08-17,2026-08-17
a065b00000bnmGmAAI,"Tampa, FL",#N/A,TPA | FG | 110 | J3,2026-08-17,2026-08-17
a064O00001UUTNuQAP,"Tampa, FL",#N/A,TPA | FG | 110 | J1,2026-08-17,2026-08-17
a06Ro00000e3ENZIA2,"Tampa, FL",#N/A,TPA | FG | 110 | C2,2026-08-17,2026-08-17
a06Ro00000VooSnIAJ,"Tampa, FL",#N/A,TPA | FG | 105 | K1,2026-08-17,2026-08-17
a065b00000dUN93AAG,"Tampa, FL",#N/A,TPA | FG | 110 | C1,2026-08-17,2026-08-17
a065b00000cnjiaAAA,"Tampa, FL",#N/A,TPA | FG | 105 | E2,2026-08-17,2026-08-17
a06Ro00000YcranIAB,"Tampa, FL",#N/A,TPA | FG | 105 | C2,2026-08-17,2026-08-17
a06Ro00000ZnBZIIA3,"Tampa, FL",#N/A,TPA | FG | 105 | C2,2026-08-17,2026-08-17
a06Ro00000NzBcPIAV,"Tampa, FL",#N/A,TPA | FG | 105 | C1,2026-08-17,2026-08-17
a064O00001WfknLQAR,"Tampa, FL",#N/A,TPA | FG | 100 | E2,2026-08-17,2026-08-17
a064O00001Ul5SnQAJ,"Tampa, FL",#N/A,TPA | FG | 100 | H3,2026-08-17,2026-08-17
a06Ro00000iV3EnIAK,"Tampa, FL",#N/A,TPA | Trophon Depot Repair,2026-08-17,2026-08-17
