Id,Name,Label,Description,LicenseId,IsCustom,IsOwnedByProfile,ProfileId,Profile.Name,NamespacePrefix,Type,HasActivationRequired,PermissionSetGroupId,CreatedDate,LastModifiedDate
0PS4O000000vMZBWA2,Super_User,"""Super User""","Gives ""modify all data"" checkbox to users. Also specifically allows to change reserved and sold checkbox on asset page; as well as change picklist value sets.",,true,false,,,,Regular,false,,2021-04-12T16:00:37.000+0000,2025-05-30T21:01:41.000+0000
0PS0B0000009LQnWAM,X00e0B000000FNbZQAW,00e0B000000FNbZQAW,,100U00000000paUIAQ,true,true,00e0B000000FNbZQAW,CustomerForm Profile,,Profile,false,,2016-10-21T11:25:30.000+0000,2026-06-30T03:31:13.000+0000
0PS0B000000b4UMWAY,X00e0B000000ZybXQAS,00e0B000000ZybXQAS,,100U0000000Hb0mIAC,true,true,00e0B000000ZybXQAS,Purchasing Manager,,Profile,false,,2017-06-09T15:15:27.000+0000,2026-08-12T10:06:52.000+0000
0PS0B000000b4c1WAA,X00e0B000000ZygIQAS,00e0B000000ZygIQAS,,100U00000000paUIAQ,true,true,00e0B000000ZygIQAS,Approval Form Profile,,Profile,false,,2017-06-27T17:18:22.000+0000,2026-06-30T03:31:13.000+0000
0PS0B000000b4c6WAA,X00e0B000000ZygNQAS,00e0B000000ZygNQAS,,100U00000000paUIAQ,true,true,00e0B000000ZygNQAS,Approval Attachment Profile,,Profile,false,,2017-06-27T17:19:07.000+0000,2026-06-30T03:31:13.000+0000
0PS0B000000b4dTWAQ,X00e0B000000ZyhBQAS,00e0B000000ZyhBQAS,,1000B0000009MXxQAM,false,true,00e0B000000ZyhBQAS,Customer Community Plus User,,Profile,false,,2017-07-03T04:01:18.000+0000,2026-08-12T10:06:52.000+0000
0PS0B000000b4dnWAA,X00e0B000000ZyhQQAS,00e0B000000ZyhQQAS,,100U0000000Hb0mIAC,true,true,00e0B000000ZyhQQAS,QC Manager,,Profile,false,,2017-07-05T18:38:57.000+0000,2026-08-12T10:06:52.000+0000
0PS0B000000b4fFWAQ,X00e0B000000ZyiTQAS,00e0B000000ZyiTQAS,,100U00000000paUIAQ,true,true,00e0B000000ZyiTQAS,Conquest Profile,,Profile,false,,2017-07-11T16:38:50.000+0000,2026-06-30T03:31:13.000+0000
0PS0B000000b4wuWAA,X00e0B000000ZyrfQAC,00e0B000000ZyrfQAC,,1000B0000009MXxQAM,true,true,00e0B000000ZyrfQAC,Conquest Portal,,Profile,false,,2017-08-23T22:30:04.000+0000,2026-08-12T10:06:52.000+0000
0PS0B000000b52dWAA,X00e0B000000ZyuZQAS,00e0B000000ZyuZQAS,,100U00000000paUIAQ,true,true,00e0B000000ZyuZQAS,Inventory Profile,,Profile,false,,2017-09-01T20:44:33.000+0000,2026-06-30T03:31:13.000+0000
0PS0B000000b5LQWAY,X00e0B000000Zz4PQAS,00e0B000000Zz4PQAS,,100U00000000paUIAQ,true,true,00e0B000000Zz4PQAS,Demo Site Profile,,Profile,false,,2017-11-15T18:47:23.000+0000,2026-06-30T03:31:13.000+0000
0PS0B000000b5SRWAY,X00e0B000000Zz5SQAS,00e0B000000Zz5SQAS,,100U0000000Hb0mIAC,true,true,00e0B000000Zz5SQAS,Sales with Purchasing,,Profile,false,,2017-11-29T16:15:15.000+0000,2026-08-12T10:06:52.000+0000
0PS0B000000b5ycWAA,X00e0B000000ZzJtQAK,00e0B000000ZzJtQAK,,100U00000000paUIAQ,true,true,00e0B000000ZzJtQAK,Consensys Profile,,Profile,false,,2018-02-13T15:59:46.000+0000,2026-06-30T03:31:13.000+0000
0PS0B000000b5yhWAA,X00e0B000000ZzK3QAK,00e0B000000ZzK3QAK,,1000B0000009MXxQAM,true,true,00e0B000000ZzK3QAK,Consensys Portal,,Profile,false,,2018-02-13T18:03:49.000+0000,2026-08-12T10:06:52.000+0000
0PS0B000000b6FJWAY,X00e0B000000ZzPhQAK,00e0B000000ZzPhQAK,,1000B0000009MgqQAE,false,true,00e0B000000ZzPhQAK,B2BMA Integration User,,Profile,false,,2018-04-01T04:16:45.000+0000,2026-08-12T10:06:52.000+0000
0PS0B000000b6MAWAY,X00e0B000000ZzSWQA0,00e0B000000ZzSWQA0,,100U00000000paUIAQ,true,true,00e0B000000ZzSWQA0,Northfield Profile,,Profile,false,,2018-04-18T18:41:21.000+0000,2026-06-30T03:31:13.000+0000
0PS0B000000b6MFWAY,X00e0B000000ZzSbQAK,00e0B000000ZzSbQAK,,1000B0000009MXxQAM,true,true,00e0B000000ZzSbQAK,Northfield Portal,,Profile,false,,2018-04-18T19:06:11.000+0000,2026-08-12T10:06:52.000+0000
0PS0B000000b6NNWAY,X00e0B000000ZzTFQA0,00e0B000000ZzTFQA0,,100U0000000Hb0mIAC,true,true,00e0B000000ZzTFQA0,Read Only with Custom Objects and Reports,,Profile,false,,2018-04-20T18:59:26.000+0000,2026-08-12T10:06:52.000+0000
0PS0B000000b7CVWAY,X00e0B000000ZzvdQAC,00e0B000000ZzvdQAC,,100U00000000paUIAQ,true,true,00e0B000000ZzvdQAC,Alpha Source Profile,,Profile,false,,2018-07-20T17:04:11.000+0000,2026-06-30T03:31:13.000+0000
0PS0B000000b7CfWAI,X00e0B000000ZzviQAC,00e0B000000ZzviQAC,,1000B0000009MXxQAM,true,true,00e0B000000ZzviQAC,Alpha Source Portal,,Profile,false,,2018-07-20T17:35:04.000+0000,2026-08-12T10:06:52.000+0000
0PS0B000000b7ECWAY,X00e0B000000ZzwMQAS,00e0B000000ZzwMQAS,,1000B0000009MXxQAM,true,true,00e0B000000ZzwMQAS,Mobile Portal,,Profile,false,,2018-07-25T19:20:46.000+0000,2026-08-12T10:06:52.000+0000
0PS0B000000b7EHWAY,X00e0B000000ZzwRQAS,00e0B000000ZzwRQAS,,100U00000000paUIAQ,true,true,00e0B000000ZzwRQAS,Mobile Instrument Profile,,Profile,false,,2018-07-25T19:23:58.000+0000,2026-06-30T03:31:13.000+0000
0PS0B000000b7VoWAI,X00e0B000000a03XQAQ,00e0B000000a03XQAQ,,100U0000000Hb0mIAC,true,true,00e0B000000a03XQAQ,Accounting + Sales,,Profile,false,,2018-09-10T18:53:51.000+0000,2026-08-12T10:06:52.000+0000
0PS0B000000b7tgWAA,X00e0B000000a0CKQAY,00e0B000000a0CKQAY,,100U00000000paUIAQ,true,true,00e0B000000a0CKQAY,Catholic Health Initiatives Profile,,Profile,false,,2018-11-26T16:08:07.000+0000,2026-06-30T03:31:13.000+0000
0PS0B000000b7tlWAA,X00e0B000000a0CPQAY,00e0B000000a0CPQAY,,1000B0000009MXxQAM,true,true,00e0B000000a0CPQAY,Catholic Health Initiatives Portal,,Profile,false,,2018-11-26T16:33:37.000+0000,2026-08-12T10:06:52.000+0000
0PS0B000000ic4uWAA,X00e0B000000xXexQAE,00e0B000000xXexQAE,,100U0000000Hb0mIAC,true,true,00e0B000000xXexQAE,Repair Tech,,Profile,false,,2016-12-28T16:29:50.000+0000,2026-08-12T10:06:52.000+0000
0PS0B000000icB2WAI,X00e0B000000xXiBQAU,00e0B000000xXiBQAU,,100U0000000Hb0mIAC,true,true,00e0B000000xXiBQAU,Marketing Custom,,Profile,false,,2017-01-26T17:08:25.000+0000,2026-08-12T10:06:52.000+0000
0PS0B000000icCtWAI,X00e0B000000xXj4QAE,00e0B000000xXj4QAE,,100U0000000Hb0mIAC,true,true,00e0B000000xXj4QAE,Repair Tech Lead,,Profile,false,,2017-01-31T21:57:17.000+0000,2026-08-12T10:06:52.000+0000
0PS0B000000icD3WAI,X00e0B000000xXjEQAU,00e0B000000xXjEQAU,,100U0000000Hb0mIAC,true,true,00e0B000000xXjEQAU,Shipping,,Profile,false,,2017-02-01T13:29:57.000+0000,2026-08-12T10:06:52.000+0000
0PS0B000000icD8WAI,X00e0B000000xXjJQAU,00e0B000000xXjJQAU,,100U0000000Hb0mIAC,true,true,00e0B000000xXjJQAU,Accounting,,Profile,false,,2017-02-01T13:33:54.000+0000,2026-08-12T10:06:52.000+0000
0PS0B000000icDDWAY,X00e0B000000xXjOQAU,00e0B000000xXjOQAU,,100U0000000Hb0mIAC,true,true,00e0B000000xXjOQAU,QC/Inspection,,Profile,false,,2017-02-01T13:35:05.000+0000,2026-08-12T10:06:52.000+0000
0PS0B000000icMyWAI,X00e0B000000xXm8QAE,00e0B000000xXm8QAE,,100U0000000Hb0mIAC,true,true,00e0B000000xXm8QAE,Sales Manager,,Profile,false,,2017-02-16T20:27:00.000+0000,2026-08-12T10:06:52.000+0000
0PS4O000000OaNjWAK,X00e4O000000JQFZQA4,00e4O000000JQFZQA4,,100U0000000Hb0mIAC,true,true,00e4O000000JQFZQA4,Trisonics Sales User,,Profile,false,,2019-04-22T13:38:30.000+0000,2026-08-12T10:06:52.000+0000
0PS4O000000WtUHWA0,X00e4O000000NUBaQAO,00e4O000000NUBaQAO,,100U0000000Hb0mIAC,true,true,00e4O000000NUBaQAO,Marketing - Probo,,Profile,false,,2019-08-30T19:58:48.000+0000,2026-08-12T10:06:52.000+0000
0PS4O000000WtxEWAS,X00e4O000000NUJUQA4,00e4O000000NUJUQA4,,100U0000000Hb0mIAC,true,true,00e4O000000NUJUQA4,System Administrator Custom,,Profile,false,,2019-12-31T18:21:04.000+0000,2026-08-12T10:06:52.000+0000
0PS4O000000zpNwWAI,X00e4O000000uOjhQAE,00e4O000000uOjhQAE,,100U00000000paUIAQ,true,true,00e4O000000uOjhQAE,Payment Request Profile,,Profile,false,,2020-08-24T18:20:41.000+0000,2026-06-30T03:31:13.000+0000
0PS4O000000zpdaWAA,X00e4O000000uOsoQAE,00e4O000000uOsoQAE,,1004O000000JFthQAG,false,true,00e4O000000uOsoQAE,Identity User,,Profile,false,,2020-09-12T05:56:48.000+0000,2026-08-12T10:06:52.000+0000
0PS4O000000zpipWAA,X00e4O000000uOuQQAU,00e4O000000uOuQQAU,,100U0000000Hb0mIAC,true,true,00e4O000000uOuQQAU,Parts Sales User,,Profile,false,,2020-09-30T14:15:37.000+0000,2026-08-12T10:06:52.000+0000
0PS4O000000vLJgWAM,X00e4O000001AD42QAG,00e4O000001AD42QAG,,100U0000000Hb0mIAC,false,true,00e4O000001AD42QAG,Minimum Access - Salesforce,,Profile,false,,2020-07-18T06:00:57.000+0000,2026-08-12T10:06:52.000+0000
0PS4O000000vMZVWA2,X00e4O000001ADgLQAW,00e4O000001ADgLQAW,,100U0000000Hb0mIAC,true,true,00e4O000001ADgLQAW,Super User Admin,,Profile,false,,2021-04-12T23:05:16.000+0000,2026-08-12T10:06:52.000+0000
0PS4O000000vMbWWAU,X00e4O000001ADhdQAG,00e4O000001ADhdQAG,,100U00000000paUIAQ,true,true,00e4O000001ADhdQAG,Work Orders Profile,,Profile,false,,2021-04-20T12:12:30.000+0000,2026-06-30T03:31:14.000+0000
0PS5b000000DhJ5GAK,X00e5b000000DuUDAA0,00e5b000000DuUDAA0,,100U0000000Hb0mIAC,true,true,00e5b000000DuUDAA0,Integrations User,,Profile,false,,2022-10-17T19:55:47.000+0000,2026-08-12T10:06:52.000+0000
0PS5b000000HhLQGA0,X00e5b000000YaQ7AAK,00e5b000000YaQ7AAK,,100U00000000paUIAQ,true,true,00e5b000000YaQ7AAK,FSEReport Profile,,Profile,false,,2021-09-29T20:05:58.000+0000,2026-06-30T03:31:13.000+0000
0PS5b000000HhLVGA0,X00e5b000000YaQCAA0,00e5b000000YaQCAA0,,100U00000000paUIAQ,true,true,00e5b000000YaQCAA0,FSEReports Profile,,Profile,false,,2021-09-29T20:21:40.000+0000,2026-06-30T03:31:13.000+0000
0PS5b000000HhLaGAK,X00e5b000000YaQHAA0,00e5b000000YaQHAA0,,1000B0000009MXxQAM,true,true,00e5b000000YaQHAA0,FSE Portal,,Profile,false,,2021-09-29T20:23:59.000+0000,2026-08-12T10:06:52.000+0000
0PS5b000000HhtwGAC,X00e5b000000YaWZAA0,00e5b000000YaWZAA0,,100U00000000paUIAQ,true,true,00e5b000000YaWZAA0,InvoicePDF Profile,,Profile,false,,2021-11-04T18:52:32.000+0000,2026-06-30T03:31:13.000+0000
0PS5b000000HiifGAC,X00e5b000000YagGAAS,00e5b000000YagGAAS,,100U00000000paUIAQ,true,true,00e5b000000YagGAAS,Sodexo Portal Profile,,Profile,false,,2022-01-17T18:21:27.000+0000,2026-06-30T03:31:13.000+0000
0PS5b000000HitsGAC,X00e5b000000Yah9AAC,00e5b000000Yah9AAC,,100U00000000paUIAQ,true,true,00e5b000000Yah9AAC,Sodexo Profile,,Profile,false,,2022-01-28T18:49:36.000+0000,2026-06-30T03:31:13.000+0000
0PS5b000000HitxGAC,X00e5b000000YahEAAS,00e5b000000YahEAAS,,1000B0000009MXxQAM,true,true,00e5b000000YahEAAS,Sodexo Portal,,Profile,false,,2022-01-28T19:03:35.000+0000,2026-08-12T10:06:52.000+0000
0PS5b000000HjUyGAK,X00e5b000000YaroAAC,00e5b000000YaroAAC,,100U0000000Hb0mIAC,true,true,00e5b000000YaroAAC,Managing Director - UK,,Profile,false,,2022-02-14T09:42:45.000+0000,2026-08-12T10:06:52.000+0000
0PS5b000000HjV3GAK,X00e5b000000YartAAC,00e5b000000YartAAC,,100U0000000Hb0mIAC,true,true,00e5b000000YartAAC,Commercial Manager - UK,,Profile,false,,2022-02-14T10:00:35.000+0000,2026-08-13T08:17:26.000+0000
0PS5b000000HjV8GAK,X00e5b000000YaryAAC,00e5b000000YaryAAC,,100U0000000Hb0mIAC,true,true,00e5b000000YaryAAC,Commercial Sales - UK,,Profile,false,,2022-02-14T10:09:04.000+0000,2026-08-12T10:06:52.000+0000
0PS5b000000HjVDGA0,X00e5b000000Yas3AAC,00e5b000000Yas3AAC,,100U0000000Hb0mIAC,true,true,00e5b000000Yas3AAC,Commercial Finance - UK,,Profile,false,,2022-02-14T10:13:58.000+0000,2026-08-12T10:06:52.000+0000
0PS5b000000HjVNGA0,X00e5b000000Yas8AAC,00e5b000000Yas8AAC,,1000B0000009MXxQAM,true,true,00e5b000000Yas8AAC,Engineer UK - FSE Portal,,Profile,false,,2022-02-14T10:24:37.000+0000,2026-08-12T10:06:52.000+0000
0PS5b000000HjVSGA0,X00e5b000000YasDAAS,00e5b000000YasDAAS,,100U0000000Hb0mIAC,true,true,00e5b000000YasDAAS,Ops Coordinator - UK,,Profile,false,,2022-02-14T10:32:34.000+0000,2026-08-12T10:06:52.000+0000
0PS5b000000HjVcGAK,X00e5b000000YasIAAS,00e5b000000YasIAAS,,100U0000000Hb0mIAC,true,true,00e5b000000YasIAAS,QC/Inspection/Stores - UK,,Profile,false,,2022-02-14T10:42:33.000+0000,2026-08-12T10:06:52.000+0000
0PS5b000000HjVhGAK,X00e5b000000YasNAAS,00e5b000000YasNAAS,,100U0000000Hb0mIAC,true,true,00e5b000000YasNAAS,Logistics and Inventory Manager - UK,,Profile,false,,2022-02-14T10:59:42.000+0000,2026-08-12T10:06:52.000+0000
0PS5b000000HjYMGA0,X00e5b000000YasXAAS,00e5b000000YasXAAS,,100U00000000paUIAQ,true,true,00e5b000000YasXAAS,Michael Asmer Profile,,Profile,false,,2022-02-15T17:55:10.000+0000,2026-06-30T03:31:13.000+0000
0PS5b000000HjYRGA0,X00e5b000000YascAAC,00e5b000000YascAAC,,1000B0000009MXxQAM,true,true,00e5b000000YascAAC,Michael Asmer Portal,,Profile,false,,2022-02-15T18:02:36.000+0000,2026-08-12T10:06:52.000+0000
0PS5b000000Hk2qGAC,X00e5b000000YaxXAAS,00e5b000000YaxXAAS,,1005b000000GwZnAAK,false,true,00e5b000000YaxXAAS,Sales Insights Integration User,,Profile,false,,2022-03-15T14:13:20.000+0000,2026-08-12T10:06:52.000+0000
0PS5b000000Hk2rGAC,X00e5b000000YaxYAAS,00e5b000000YaxYAAS,,1005b000000GwZoAAK,false,true,00e5b000000YaxYAAS,SalesforceIQ Integration User,,Profile,false,,2022-03-15T14:13:22.000+0000,2026-08-12T10:06:52.000+0000
0PS5b000000Hk7RGAS,X00e5b000000YaxrAAC,00e5b000000YaxrAAC,,100U00000000paUIAQ,true,true,00e5b000000YaxrAAC,Renovo Solutions Profile,,Profile,false,,2022-03-21T21:06:48.000+0000,2026-06-30T03:31:13.000+0000
0PS5b000000Hk7WGAS,X00e5b000000YaxwAAC,00e5b000000YaxwAAC,,1000B0000009MXxQAM,true,true,00e5b000000YaxwAAC,Renovo Portal,,Profile,false,,2022-03-21T21:38:15.000+0000,2026-08-12T10:06:52.000+0000
0PS5b000000HmSJGA0,X00e5b000000Yb3VAAS,00e5b000000Yb3VAAS,,100U0000000Hb0mIAC,true,true,00e5b000000Yb3VAAS,Engineer - UK,,Profile,false,,2022-08-02T10:17:03.000+0000,2026-08-12T10:06:52.000+0000
0PS5b000001V0jhGAC,X00e5b00000132SNAAY,00e5b00000132SNAAY,,1005b000000hWDGAA2,true,true,00e5b00000132SNAAY,Salesforce API Only System Integrations,,Profile,false,,2023-03-17T05:33:48.000+0000,2026-08-12T10:06:52.000+0000
0PS5b000001QDXjGAO,X00e5b000001lrzGAAQ,00e5b000001lrzGAAQ,,100U00000000paUIAQ,true,true,00e5b000001lrzGAAQ,Block Imaging Portal Profile,,Profile,false,,2023-10-11T17:26:57.000+0000,2026-06-30T03:31:13.000+0000
0PS5b000001QDXoGAO,X00e5b000001lrzLAAQ,00e5b000001lrzLAAQ,,1000B0000009MXxQAM,true,true,00e5b000001lrzLAAQ,Block Imaging Portal,,Profile,false,,2023-10-11T18:15:36.000+0000,2026-08-12T10:06:52.000+0000
0PS5b000001QDdhGAG,X00e5b000001ls0JAAQ,00e5b000001ls0JAAQ,,1005b000001Q8ctAAC,false,true,00e5b000001ls0JAAQ,Analytics Cloud Integration User,,Profile,false,,2023-10-14T05:05:44.000+0000,2026-08-12T10:06:52.000+0000
0PS5b000001QDdiGAG,X00e5b000001ls0KAAQ,00e5b000001ls0KAAQ,,1005b000001Q8ctAAC,false,true,00e5b000001ls0KAAQ,Analytics Cloud Security User,,Profile,false,,2023-10-14T05:05:46.000+0000,2026-08-12T10:06:52.000+0000
0PSRo0000000uQPOAY,X00eRo000001v3mzIAA,00eRo000001v3mzIAA,,1005b000000hWDGAA2,false,true,00eRo000001v3mzIAA,Minimum Access - API Only Integrations,,Profile,false,,2024-02-10T06:05:08.000+0000,2026-08-12T10:06:52.000+0000
0PSRo0000003KDVOA2,X00eRo000006FoHDIA0,00eRo000006FoHDIA0,,100U0000000Hb0mIAC,true,true,00eRo000006FoHDIA0,Coordination - UK,,Profile,false,,2024-07-16T15:12:20.000+0000,2026-08-12T10:06:52.000+0000
0PSRo0000003QXROA2,X00eRo000006TgGXIA0,00eRo000006TgGXIA0,,100U00000000paUIAQ,true,true,00eRo000006TgGXIA0,Tampa General Customer Portal Profile,,Profile,false,,2024-07-23T16:25:37.000+0000,2026-06-30T03:31:13.000+0000
0PSRo0000003QijOAE,X00eRo000006Tx2uIAC,00eRo000006Tx2uIAC,,100U00000000paUIAQ,true,true,00eRo000006Tx2uIAC,Tampa General Portal Profile,,Profile,false,,2024-07-23T18:54:35.000+0000,2026-06-30T03:31:13.000+0000
0PSRo0000003QlxOAE,X00eRo000006U9dVIAS,00eRo000006U9dVIAS,,1000B0000009MXxQAM,true,true,00eRo000006U9dVIAS,Tampa General Community Portal,,Profile,false,,2024-07-23T19:04:48.000+0000,2026-08-12T10:06:52.000+0000
0PSRo0000004xEPOAY,X00eRo000009h8JjIAI,00eRo000009h8JjIAI,,100U0000000Hb0mIAC,true,true,00eRo000009h8JjIAI,Sourcing - UK,,Profile,false,,2024-11-07T10:08:38.000+0000,2026-08-12T10:06:52.000+0000
0PSRo00000052QzOAI,X00eRo000009x4SEIAY,00eRo000009x4SEIAY,,100U0000000Hb0mIAC,true,true,00eRo000009x4SEIAY,FSL US,,Profile,false,,2024-11-15T11:34:17.000+0000,2026-08-12T10:06:52.000+0000
0PSRo0000005rDNOAY,X00eRo00000CPZenIAH,00eRo00000CPZenIAH,,1004O000000JFthQAG,false,true,00eRo00000CPZenIAH,Anypoint Integration,,Profile,false,,2025-02-15T05:38:37.000+0000,2026-08-12T10:06:52.000+0000
0PSRo0000007CCXOA2,X00eRo00000EVrkjIAD,00eRo00000EVrkjIAD,,100U00000000paUIAQ,true,true,00eRo00000EVrkjIAD,Oncura Portal Profile,,Profile,false,,2025-05-04T03:36:46.000+0000,2026-06-30T03:31:13.000+0000
0PSRo0000007CE9OAM,X00eRo00000EVrmLIAT,00eRo00000EVrmLIAT,,1000B0000009MXxQAM,true,true,00eRo00000EVrmLIAT,Oncura Portal,,Profile,false,,2025-05-04T03:39:49.000+0000,2026-08-12T10:06:52.000+0000
0PSRo0000007CFlOAM,X00eRo00000EWq0DIAT,00eRo00000EWq0DIAT,,100U00000000paUIAQ,true,true,00eRo00000EWq0DIAT,Oncura Partners Profile,,Profile,false,,2025-05-05T04:21:20.000+0000,2026-06-30T03:31:13.000+0000
0PSRo0000009hTxOAI,X00eRo00000JtbyTIAR,00eRo00000JtbyTIAR,,100U0000000Hb0mIAC,true,true,00eRo00000JtbyTIAR,Quality - UK,,Profile,false,,2025-10-16T13:48:02.000+0000,2026-08-12T10:06:52.000+0000
0PSRo000000Ckn3OAC,X00eRo00000Ob6tRIAR,00eRo00000Ob6tRIAR,,100U0000000Hb0mIAC,true,true,00eRo00000Ob6tRIAR,Mechanical Services,,Profile,false,,2026-03-26T11:52:20.000+0000,2026-08-12T10:06:52.000+0000
0PSU00000009Kj9OAE,X00eU0000000FNLbIAO,00eU0000000FNLbIAO,,100U0000000Hb0mIAC,true,true,00eU0000000FNLbIAO,System Administrator Custom 2,,Profile,false,,2016-07-23T07:18:19.000+0000,2026-08-12T10:06:52.000+0000
0PSU0000000OFj0OAG,X00eU0000000JBTdIAO,00eU0000000JBTdIAO,,100U00000000paUIAQ,true,true,00eU0000000JBTdIAO,Soapbox Mailer Email Tracking Profile,,Profile,false,,2014-08-24T17:20:37.000+0000,2026-06-30T03:31:13.000+0000
0PSU0000000OJT7OAO,X00eU0000000JGWPIA4,00eU0000000JGWPIA4,,100U0000000Q6PpIAK,false,true,00eU0000000JGWPIA4,Force.com - App Subscription User,,Profile,false,,2015-01-02T22:45:34.000+0000,2026-08-12T10:06:52.000+0000
0PSU0000000OKzxOAG,X00eU0000000JHJRIA4,00eU0000000JHJRIA4,,100U0000000Hb0mIAC,true,true,00eU0000000JHJRIA4,Purchasing,,Profile,false,,2015-02-05T05:58:35.000+0000,2026-08-12T10:06:52.000+0000
0PSU0000000OMREOA4,X00eU0000000JI8fIAG,00eU0000000JI8fIAG,,100U0000000Hb0mIAC,true,true,00eU0000000JI8fIAG,Sales User,,Profile,false,,2015-03-27T18:45:39.000+0000,2026-08-12T10:06:52.000+0000
0PSU0000000ORDhOAO,X00eU0000000JMG5IAO,00eU0000000JMG5IAO,,100U0000000Hb0mIAC,true,true,00eU0000000JMG5IAO,External User,,Profile,false,,2015-08-29T09:38:07.000+0000,2026-08-12T10:06:52.000+0000
0PSU0000000WbfYOAS,X00eU0000000NHNwIAO,00eU0000000NHNwIAO,,100U00000000nGcIAI,false,true,00eU0000000NHNwIAO,Chatter Moderator User,,Profile,false,,2014-05-16T18:55:49.000+0000,2026-06-30T03:31:13.000+0000
0PSU0000000WbfZOAS,X00eU0000000NHNxIAO,00eU0000000NHNxIAO,,100U00000000nGcIAI,false,true,00eU0000000NHNxIAO,Chatter Free User,,Profile,false,,2014-05-16T18:55:50.000+0000,2026-06-30T03:31:13.000+0000
0PSU0000000WbfaOAC,X00eU0000000NHNyIAO,00eU0000000NHNyIAO,,100U00000000nGdIAI,false,true,00eU0000000NHNyIAO,Chatter External User,,Profile,false,,2014-05-16T18:55:50.000+0000,2026-06-30T03:31:13.000+0000
0PSU0000000WcpEOAS,X00eU0000000NJTXIA4,00eU0000000NJTXIA4,,100U00000000paUIAQ,false,true,00eU0000000NJTXIA4,Guest License User,,Profile,false,,2014-06-30T20:31:32.000+0000,2026-06-30T03:31:13.000+0000
0PSU0000000SUKzOAO,X00ex0000001C77I_128_06_32_31_1,00ex0000001C77I_128_06_32_31_1,,100U0000000Hb0mIAC,false,true,00eU0000000iBdrIAE,System Administrator,,Profile,false,,2014-05-16T18:55:04.000+0000,2026-08-12T10:06:52.000+0000
0PSU0000000SUL2OAO,X00ex0000001C77L_128_06_32_31_4,00ex0000001C77L_128_06_32_31_4,,100U0000000Hb0mIAC,false,true,00eU0000000iBduIAE,Standard User,,Profile,false,,2014-05-16T18:55:04.000+0000,2026-08-12T10:06:52.000+0000
0PSU0000000SUL3OAO,X00ex0000001C77M_128_06_32_31_5,00ex0000001C77M_128_06_32_31_5,,100U0000000Hb0mIAC,true,true,00eU0000000iBdvIAE,Read Only,,Profile,false,,2014-05-16T18:55:04.000+0000,2026-08-12T10:06:52.000+0000
0PSU0000000SUL4OAO,X00ex0000001C77N_128_06_32_31_6,00ex0000001C77N_128_06_32_31_6,,100U0000000Hb0mIAC,false,true,00eU0000000iBdwIAE,Solution Manager,,Profile,false,,2014-05-16T18:55:04.000+0000,2026-08-12T10:06:52.000+0000
0PSU0000000SUL5OAO,X00ex0000001C77O_128_06_32_31_7,00ex0000001C77O_128_06_32_31_7,,100U0000000Hb0mIAC,false,true,00eU0000000iBdxIAE,Marketing User,,Profile,false,,2014-05-16T18:55:04.000+0000,2026-08-12T10:06:52.000+0000
0PSU0000000SUL6OAO,X00ex0000001C77P_128_06_32_31_8,00ex0000001C77P_128_06_32_31_8,,100U0000000Hb0mIAC,false,true,00eU0000000iBdyIAE,Contract Manager,,Profile,false,,2014-05-16T18:55:04.000+0000,2026-08-12T10:06:52.000+0000
0PS5b000001V2acGAC,X1099_Rep_Permissions,1099 Rep Permissions,,100U0000000Hb0mIAC,true,false,,,,Regular,false,,2023-06-19T14:31:42.000+0000,2025-05-30T21:01:41.000+0000
0PS4O000000bAglWAE,AP_Page_Cost,AP Page - Cost,Used to specify who has access to view and edit the Cost field on the Add Product page.,,true,false,,,,Regular,false,,2020-04-28T13:12:24.000+0000,2025-05-30T21:01:41.000+0000
0PSRo0000008byTOAQ,API_Only,API Only,Used for integration accounts.  Blocks interactive login.,,true,false,,,,Regular,false,,2025-08-22T17:19:22.000+0000,2025-08-22T17:20:01.000+0000
0PSRo000000AEGDOA4,Ability_to_Edit_Enable_Manual_Cost_Assignment_on_Opportunity_Products,Ability to Edit Enable Manual Cost Assignment on Opportunity Products,,100U0000000Hb0mIAC,true,false,,,,Regular,false,,2025-11-25T16:47:50.000+0000,2025-11-25T16:48:49.000+0000
0PSRo000000AT2LOAW,Ability_to_Edit_Entity,Ability to Edit Entity,,,true,false,,,,Regular,false,,2025-12-19T01:50:18.000+0000,2025-12-19T01:50:18.000+0000
0PSRo000000APOXOA4,Ability_to_Edit_Service_Report_Fields,Ability to Edit Service Report Fields,,100U0000000Hb0mIAC,true,false,,,,Regular,false,,2025-12-15T14:16:39.000+0000,2025-12-16T13:55:20.000+0000
0PS0B000000b83lWAA,Ability_to_edit_Added_to_Work_Order_checkbox_on_Asset_Page,Ability to edit Added to Work Order checkbox on Asset Page,,,true,false,,,,Regular,false,,2018-12-20T21:11:15.000+0000,2025-05-30T21:01:41.000+0000
0PS0B000000b83qWAA,Ability_to_edit_Work_Order_Status,Ability to edit Work Order Status,,,true,false,,,,Regular,false,,2018-12-20T21:12:37.000+0000,2025-05-30T21:01:41.000+0000
0PSRo0000007CvhOAE,Able_to_Edit_Sales_Tax,Able to Edit Sales Tax,,100U0000000Hb0mIAC,true,false,,,,Regular,false,,2025-05-06T14:15:29.000+0000,2025-05-30T21:01:41.000+0000
0PSRo0000004jJWOAY,CopilotSalesforceUser,Access Agentforce Default Agent,Gives users access to the default Agentforce agent in Salesforce.,0PLRo0000003P1tOAE,false,false,,,force,Standard,false,,2024-10-18T01:45:49.000+0000,2026-08-15T06:02:59.000+0000
0PS5b000000HiQHGA0,Access_Drag_and_Drop_Content_Builder,Access Drag-and-Drop Content Builder,,100U0000000Hb0mIAC,true,false,,,,Regular,false,,2021-12-20T18:08:41.000+0000,2025-05-30T21:01:41.000+0000
0PSRo000000EcwfOAC,Scheduling_Console_User,Access Scheduling Console Phased Rollout,Give users access to Scheduling Console as part of a phased rollout.,0PLRo0000001V6dOAE,false,false,,,force,Standard,false,,2024-05-15T04:04:40.000+0000,2026-08-15T06:02:59.000+0000
0PSRo0000001ZVBOA2,Access_to_Account_Quality_fields,Access to Account Quality fields,,,true,false,,,,Regular,false,,2024-03-11T10:48:47.000+0000,2025-05-30T21:01:41.000+0000
0PS5b000000HgSQGA0,Access_to_Product_Repair_Pricing,Access to Product & Repair Pricing,,100U0000000Hb0mIAC,true,false,,,,Regular,false,,2021-08-11T19:12:47.000+0000,2025-12-22T19:59:13.000+0000
0PS5b000000HmB8GAK,Access_to_UK_Fields,Access to UK Fields,,100U0000000Hb0mIAC,true,false,,,,Regular,false,,2022-07-11T10:57:42.000+0000,2025-05-30T21:01:41.000+0000
0PS0B000000b6VCWAY,Access_to_accounting_info,Access to accounting info,,,true,false,,,,Regular,false,,2018-05-10T16:19:17.000+0000,2025-05-30T21:01:41.000+0000
0PS0B000000b6VHWAY,Access_to_all_price_fields_on_Product_Page,Access to all price fields and product notes on Product Page,,,true,false,,,,Regular,false,,2018-05-11T15:19:09.000+0000,2025-05-30T21:01:41.000+0000
0PS0B000000b8FIWAY,Access_to_harvest_work_orders,Access to harvest work orders,,,true,false,,,,Regular,false,,2019-02-19T04:30:46.000+0000,2025-05-30T21:01:41.000+0000
0PS4O000000vMqVWAU,Access_to_probe_repair_opps,Access to probe repair opps,for sales user profiles that don't already have access,,true,false,,,,Regular,false,,2021-05-26T15:53:52.000+0000,2025-05-30T21:01:41.000+0000
0PS0B000000b6U4WAI,Access_to_purchasing_fields_but_not_creating_opps,Access to purchasing fields but not creating opps,,,true,false,,,,Regular,false,,2018-05-08T15:16:49.000+0000,2025-05-30T21:01:41.000+0000
0PSRo000000ENpZOAW,Account_FLS_Edit_Payment_Terms,Account - FLS - Edit - Payment Terms,,,true,false,,,,Regular,false,,2026-05-29T15:47:57.000+0000,2026-05-29T15:48:26.000+0000
0PS0B0000009LJ4WAM,Pardot_Connector_User,Account Engagement Connector User,,100U0000000Hb0mIAC,true,false,,,pi,Regular,false,,2016-09-14T19:31:20.000+0000,2025-05-30T21:01:41.000+0000
0PS0B000000b7y7WAA,Pardot_Integration_User,Account Engagement Integration User,,,true,false,,,pi,Regular,false,,2018-12-12T02:02:11.000+0000,2025-05-30T21:01:41.000+0000
0PS0B0000009LJ3WAM,Pardot,Account Engagement Package,Grants access to Account Engagement data via the managed package.,,true,false,,,pi,Regular,false,,2016-09-14T19:31:20.000+0000,2025-05-30T21:01:41.000+0000
0PS5b000000DhLfGAK,AccountEngagementUser,Account Engagement User,Gives the user access to the Account Engagement app and related marketing features.,0PL5b000000PSkzGAG,false,false,,,force,Standard,false,,2022-10-20T02:41:06.000+0000,2026-08-15T06:02:59.000+0000
0PSRo0000009Fo3OAE,ActorCASCPermSet,ActorCASCPermSet,,1000B0000009MtsQAE,false,false,,,force,Session,true,,2018-06-18T05:10:21.000+0000,2026-08-15T06:02:55.000+0000
0PS4O000000zpzaWAA,Add_Asset_Page,Add Asset Page,Allows users to harvest parts.,,true,false,,,,Regular,false,,2020-11-03T01:10:12.000+0000,2025-05-30T21:01:41.000+0000
0PS4O0000009SmrWAE,Add_Product_Page,Add Product Page,,,true,false,,,,Regular,false,,2019-06-25T22:02:31.000+0000,2025-07-07T19:13:12.000+0000
0PSRo00000079jJOAQ,AdvancedCsvDataImport,Advanced CSV Data Import,Gives access to advanced CSV file import features.,0PLRo00000064tlOAA,false,false,,,force,Standard,false,,2025-04-28T19:41:31.000+0000,2026-08-15T06:02:59.000+0000
0PSRo0000004jJVOAY,CopilotSalesforceAdmin,Agentforce Default Admin,"Allows users to build and manage in-org copilots. Also grants org-wide access to all agents, including managing, activating, and deactivating agents, customizing subagents and actions, and monitoring agent activity.",0PLRo0000003P1tOAE,false,false,,,force,Standard,false,,2024-10-18T01:45:49.000+0000,2026-08-15T06:02:59.000+0000
0PSRo000000BmPVOA0,AncCrmIntegrationUser,Agentic Near Core CRM,Allows the integration user to use crm features,1000B0000009MtsQAE,false,false,,,force,Session,true,,2018-06-18T05:10:21.000+0000,2026-08-15T06:02:55.000+0000
0PSRo000000BmPWOA0,AncMarketingIntegrationUser,Agentic Near Core Marketing,Allows the integration user to use marketing features,1000B0000009MtsQAE,false,false,,,force,Session,true,,2018-06-18T05:10:21.000+0000,2026-08-15T06:02:55.000+0000
0PSRo000000BmPXOA0,AncPersonalizationIntegrationUser,Agentic Near Core Personalization,Allows the integration user to use personalization features,1000B0000009MtsQAE,false,false,,,force,Session,true,,2018-06-18T05:10:21.000+0000,2026-08-15T06:02:55.000+0000
0PSRo000000BmPYOA0,AncProvisioningIntegrationUser,Agentic Near Core Provisioning,Allows the integration user to manage connections between tenants,1000B0000009MtsQAE,false,false,,,force,Session,true,,2018-06-18T05:10:21.000+0000,2026-08-15T06:02:55.000+0000
0PS5b000001V1tdGAC,All_Account_Fields,All Account Fields,,100U0000000Hb0mIAC,true,false,,,,Regular,false,,2023-05-16T21:23:13.000+0000,2025-05-30T21:01:41.000+0000
0PS4O000000WtS1WAK,All_RMA_Fields,All RMA Fields,,100U0000000Hb0mIAC,true,false,,,,Regular,false,,2019-08-14T18:46:50.000+0000,2025-05-30T21:01:41.000+0000
0PS4O000000zpgPWAQ,All_Record_Types,All Record Types,Used for new sales processes.,,true,false,,,,Regular,false,,2020-09-22T17:23:47.000+0000,2025-05-30T21:01:41.000+0000
0PS4O0000009SklWAE,AnalyticsViewOnlyUser,Analytics View Only User,User permissions for View-only licensed apps.,0PL4O000000GqLdWAK,false,false,,,force,Standard,false,,2019-06-18T16:21:29.000+0000,2026-08-15T06:02:59.000+0000
0PSRo0000005KKfOAM,Approval_Access,Approval Access,,100U0000000Hb0mIAC,true,false,,,,Regular,false,,2024-12-11T20:47:41.000+0000,2025-05-30T21:01:41.000+0000
0PS4O0000009WsQWAU,Approval_Form_Guest_Access,Approval Form Guest Access,Grants access to the public guest users for the Approval Form site.,,true,false,,,,Regular,false,,2021-02-10T08:29:21.000+0000,2025-05-30T21:01:41.000+0000
0PS4O000000WtJsWAK,ApprovalForm_access,ApprovalForm access,This Permission Set grants access to be able to use the Approval Form. It is used for Public Users so be careful,,true,false,,,,Regular,false,,2019-07-29T01:00:57.000+0000,2025-05-30T21:01:41.000+0000
0PS4O0000009WoOWAU,Asset_Cost,Asset Cost,,,true,false,,,,Regular,false,,2021-01-28T16:22:41.000+0000,2026-05-18T15:55:31.000+0000
0PSRo000000FMppOAG,Asset_Read_and_View_ALL,Asset Read and View ALL,Read and view all for asset (ProductItem__c),,true,false,,,,Regular,false,,2026-06-24T15:08:46.000+0000,2026-06-24T15:09:36.000+0000
0PSRo0000008R4fOAE,Asset_Reserved_Checkbox,Asset Reserved Checkbox,,,true,false,,,,Regular,false,,2025-08-04T20:27:53.000+0000,2025-08-04T20:28:53.000+0000
0PSRo0000009ijNOAQ,Asset_Tube_Count_Edit,Asset Tube Count - Edit,,,true,false,,,,Regular,false,,2025-10-20T16:04:16.000+0000,2025-12-22T20:45:39.000+0000
0PSRo000000FMcvOAG,Asset_and_Product_Analytics_Modify_All,Asset and Product Analytics Modify All,"Only used for Ops team to be able update WOLI, OLI, Assets and Product Analytics",,true,false,,,,Regular,false,,2026-06-24T14:12:15.000+0000,2026-06-24T17:04:42.000+0000
0PSRo000000ENBFOA4,Asset2_FLS_Edit_Current_Location,Asset2 - FLS - Edit - Current Location,,,true,false,,,,Regular,false,,2026-05-28T13:52:04.000+0000,2026-05-28T14:33:02.000+0000
0PSRo000000D1XlOAK,Asset2_Field_Level_Security_Edit_Repair_Checkboxes,Asset2 - Field-Level Security - Edit - Repair Checkboxes,"Edit access for the following fields:
- Cosmetically unable to further Improve
- Functionally unable to further improve
- Approved cosmetic repais optimized
- Approved Repairs
- Approved functional repairs optimized",100U0000000Hb0mIAC,true,false,,,,Regular,false,,2026-04-07T10:42:38.000+0000,2026-04-07T10:44:29.000+0000
0PS4O000000zpzzWAA,Asset2_Review_Status,Asset2- Review Status,Access for Riley on Harvesting Systems,,true,false,,,,Regular,false,,2020-11-03T19:44:50.000+0000,2025-05-30T21:01:41.000+0000
0PSRo0000008PHNOA2,AutomatedActionsUser,Automated Actions User,Lets users access Automated Actions.,0PLRo0000006lCLOAY,false,false,,,force,Standard,false,,2025-08-01T04:08:22.000+0000,2026-08-15T06:02:59.000+0000
0PS4O000000zpShWAI,B2BMarketingAnalytics,B2B Marketing Analytics,Access to B2B Marketing Analytics,0PL4O000000TRcsWAG,false,false,,,force,Standard,false,,2020-09-08T21:01:12.000+0000,2026-08-15T06:02:59.000+0000
0PS4O000000WtT4WAK,B2B_Marketing_Automation_App,B2B Marketing Automation App,,,true,false,,,,Regular,false,,2019-08-23T13:24:55.000+0000,2025-05-30T21:01:41.000+0000
0PSRo0000008q7tOAA,Backup_Permissions,Backup Permissions,Adds permissions for Backup service account that have otherwise been excluded.,,true,false,,,,Regular,false,,2025-09-15T12:37:35.000+0000,2025-09-15T12:58:04.000+0000
0PSRo00000079jKOAQ,SimpleCsvDataImport,Basic CSV Data Import,Gives access to import a CSV File.,0PLRo00000064tmOAA,false,false,,,force,Standard,false,,2025-04-28T19:41:31.000+0000,2026-08-15T06:02:59.000+0000
0PS4O0000009WhXWAU,Big_Iron_Opportunity_Type,Big Iron Opportunity Type,,,true,false,,,,Regular,false,,2021-01-08T14:46:54.000+0000,2025-05-30T21:01:41.000+0000
0PS4O000000WtTnWAK,Branded_Tracking,Branded Tracking,,,true,false,,,zkmulti,Regular,false,,2019-08-28T21:03:15.000+0000,2025-05-30T21:01:41.000+0000
0PSRo0000008PHTOA2,EinsteinSalesBots,Buyer Assistant Admin,Lets the admin manage messaging experiences and assign users to features.,0PLRo0000006lCUOAY,false,false,,,force,Standard,false,,2025-08-01T04:08:22.000+0000,2026-08-15T06:02:59.000+0000
0PSRo000000D0lNOAS,C2CAiWorkbenchPlatformMetabolismServicePermSet,C2CAiWorkbenchPlatformMetabolismServicePermSet,,1000B0000009MtsQAE,false,false,,,force,Session,true,,2018-06-18T05:10:21.000+0000,2026-08-15T06:02:55.000+0000
0PSRo000000BmPZOA0,C2CAnalyticsStoragePermSet,C2CAnalyticsStoragePermSet,,1000B0000009MtsQAE,false,false,,,force,Session,true,,2018-06-18T05:10:21.000+0000,2026-08-15T06:02:55.000+0000
0PSRo0000009Fo4OAE,C2CCapstonePermSet,C2CCapstonePermSet,,1000B0000009MtsQAE,false,false,,,force,Session,true,,2018-06-18T05:10:21.000+0000,2026-08-15T06:02:55.000+0000
0PSRo000000GZTFOA4,C2CDataDetectMetabolismIntegrationUser,C2CDataDetectMetabolismIntegrationUser,,1000B0000009MtsQAE,false,false,,,force,Session,true,,2018-06-18T05:10:21.000+0000,2026-08-15T06:02:55.000+0000
0PSRo000000BmPaOAK,C2CE360EmailPermSet,C2CE360EmailPermSet,,1000B0000009MtsQAE,false,false,,,force,Session,true,,2018-06-18T05:10:21.000+0000,2026-08-15T06:02:55.000+0000
0PSRo000000D9ofOAC,C2CMcpServicePermSet,C2CMcpServicePermSet,,1000B0000009MtsQAE,false,false,,,force,Session,true,,2018-06-18T05:10:21.000+0000,2026-08-15T06:02:55.000+0000
0PS5b000001QDjkGAG,HighScaleFlowC2CPermSet,C360 High Scale Flow Integration User,Allows integration user to access features specific to C360 High Scale Flow.,1000B0000009MtsQAE,false,false,,,force,Session,true,,2018-06-18T05:10:21.000+0000,2026-08-15T06:02:55.000+0000
0PS5b000000HitiGAC,CMS_Content_Types,CMS Content Types,,,true,false,,,sflabs_cms_ct,Regular,false,,2022-01-28T18:06:02.000+0000,2025-05-30T21:01:41.000+0000
0PSRo0000008PHbOAM,SalesCloudUnlimitedAnalyticsAdminIncluded,CRM Analytics Template Administration Included,View and manage CRM Analytics for Sales Cloud.,0PLRo0000006lCTOAY,false,false,,,force,Standard,false,,2025-08-01T04:08:22.000+0000,2026-08-15T06:02:59.000+0000
0PS0B000000b5wlWAA,CRMUserPsl,CRM User,Denotes that the user is a Sales Cloud or Service Cloud user.,0PLU0000000Cdg4OAC,false,false,,,force,Standard,false,,2016-05-07T20:10:06.000+0000,2026-08-15T06:02:59.000+0000
0PS5b000001V2FUGA0,Calibration_Access,Calibration Access,,,true,false,,,,Regular,false,,2023-06-08T10:22:29.000+0000,2025-05-30T21:01:41.000+0000
0PSRo000000EG05OAG,Case_FLS_Edit_Case_Owner,Case - FLS - Edit - Case Owner,,,true,false,,,,Regular,false,,2026-05-18T14:17:19.000+0000,2026-05-18T14:18:18.000+0000
0PSRo0000004PZJOA2,Case_Solving_Access,Case Solving Access,,,true,false,,,,Regular,false,,2024-10-09T08:44:23.000+0000,2025-05-30T21:01:41.000+0000
0PS5b000000HlmXGAS,Certain_Asset_Fields,Certain Asset Fields,,100U0000000Hb0mIAC,true,false,,,,Regular,false,,2022-06-16T09:08:15.000+0000,2025-05-30T21:01:41.000+0000
0PS4O000000OaONWA0,Change_Account_Owner,Change Account Owner,Grants permission to change the account owner of an account that's not theirs.,100U0000000Hb0mIAC,true,false,,,,Regular,false,,2019-04-25T02:54:13.000+0000,2025-05-30T21:01:41.000+0000
0PS5b000000DgrkGAC,Change_Asset_Ownership,Change Asset Ownership,,100U0000000Hb0mIAC,true,false,,,,Regular,false,,2022-09-30T15:47:22.000+0000,2025-05-30T21:01:41.000+0000
0PS4O000000Wu5hWAC,Change_Capacitance,Change Capacitance/Sensitivity,"Permission Set for Bill, Arin and Kyle to edit capacitance and sensitivity fields on the product object.",,true,false,,,,Regular,false,,2020-01-31T18:37:48.000+0000,2025-05-30T21:01:41.000+0000
0PSRo0000007MbhOAE,Change_Functional_and_Cosmetic_Ratings_on_Ultrasound_Probe_and_System_Assets,Change Functional and Cosmetic Ratings on Ultrasound Probe and System Assets,This is to enable users to manually adjust the Functional Rating and Cosmetic Rating found on Assets. This has specifically been requested to enable the UK Ultrasound Workshop to give more accurate ratings.,,true,false,,,,Regular,false,,2025-05-29T10:33:41.000+0000,2025-05-30T21:01:41.000+0000
0PSRo00000082RFOAY,Change_Invoice_Number_on_Opp,Change Invoice Number on Opp,Controlled field.  Permission can only be granted by CFO.,,true,false,,,,Regular,false,,2025-06-20T18:15:51.000+0000,2025-06-20T18:18:00.000+0000
0PS5b000000HnRMGA0,Change_Log,Change Log,,100U0000000Hb0mIAC,true,false,,,,Regular,false,,2022-09-20T18:47:02.000+0000,2025-05-30T21:01:41.000+0000
0PSRo0000008wMzOAI,Change_Opp_Once_Synced,Change Opp Once Synced,,,true,false,,,,Regular,false,,2025-09-25T12:35:05.000+0000,2025-09-25T12:35:05.000+0000
0PS5b000000HlKOGA0,Change_Opportunity_Owner,Change Opportunity Owner,,100U0000000Hb0mIAC,true,false,,,,Regular,false,,2022-05-17T11:11:29.000+0000,2026-04-13T20:52:34.000+0000
0PS4O000000vMY8WAM,Change_RMA_action,Change RMA action,Change RMA action to get ready for approval.,,true,false,,,,Regular,false,,2021-04-09T17:53:19.000+0000,2026-01-21T19:13:04.000+0000
0PS4O000000WtRwWAK,Change_Record_Type,Change Record Type RMA,,,true,false,,,,Regular,false,,2019-08-14T18:35:57.000+0000,2025-05-30T21:01:41.000+0000
0PS4O000000vMaYWAU,Change_opportunity_record_type_field_on_Asset_page,Change opportunity record type field on Asset page,,,true,false,,,,Regular,false,,2021-04-15T19:55:37.000+0000,2025-05-30T21:01:41.000+0000
0PSRo0000006udpOAA,ChannelPartnerInventoryReadOnlyPsl,Channel Inventory Read-Only Access,Gives users read-only access to Channel Inventory features.,0PLRo0000005ptBOAQ,false,false,,,force,Standard,false,,2025-04-12T13:14:49.000+0000,2026-08-15T06:02:59.000+0000
0PS4O000000zpNhWAI,Chargent_Admin_Base,Chargent Admin (Base),,,true,false,,,ChargentBase,Regular,false,,2020-08-24T16:22:46.000+0000,2026-07-07T22:16:28.000+0000
0PS4O000000zpNmWAI,Chargent_Admin_Orders,Chargent Admin (Orders),,100U0000000Hb0mIAC,true,false,,,ChargentOrders,Regular,false,,2020-08-24T16:29:23.000+0000,2026-07-07T22:27:23.000+0000
0PSRo0000002mGiOAI,Chargent_Admin_User,Chargent Admin User,,,true,false,,,ChargentOrders,Group,false,0PGRo00000005KfOAI,2024-05-31T15:07:27.000+0000,2026-07-07T22:30:01.000+0000
0PSRo0000002mGjOAI,Chargent_Community_User,Chargent Community User,,,true,false,,,ChargentOrders,Group,false,0PGRo00000005KgOAI,2024-05-31T15:07:29.000+0000,2026-07-07T22:30:17.000+0000
0PSRo0000002mGfOAI,Chargent_Create_Orders,Chargent Create Orders,Allows users to create Chargent Order records.,,true,false,,,ChargentOrders,Regular,false,,2024-05-31T15:07:25.000+0000,2025-11-04T23:27:50.000+0000
0PSRo0000002mDROAY,Chargent_Create_Payment_Methods,Chargent Create Payment Methods,"Allows users to create Chargent Log, Chargent Payment Method, and Chargent Token records.",,true,false,,,ChargentBase,Regular,false,,2024-05-31T15:01:19.000+0000,2025-05-30T21:01:41.000+0000
0PSRo0000002mDSOAY,Chargent_Delete_Payment_Methods,Chargent Delete Payment Methods,"Allows users to delete Chargent Log, Chargent Payment Method, and Chargent Token records.",,true,false,,,ChargentBase,Regular,false,,2024-05-31T15:01:20.000+0000,2025-05-30T21:01:41.000+0000
0PSRo0000002mGgOAI,Chargent_Edit_Orders,Chargent Edit Orders,Allows users to edit Chargent Order records.,,true,false,,,ChargentOrders,Regular,false,,2024-05-31T15:07:26.000+0000,2025-11-04T23:27:51.000+0000
0PSRo0000002mDTOAY,Chargent_Edit_Payment_Methods,Chargent Edit Payment Methods,"Allows users to edit Chargent Log, Chargent Payment Method, and Chargent Token records.",,true,false,,,ChargentBase,Regular,false,,2024-05-31T15:01:20.000+0000,2025-05-30T21:01:41.000+0000
0PSRo0000002mGkOAI,Chargent_Guest_User,Chargent Guest User,,,true,false,,,ChargentOrders,Group,false,0PGRo00000005KhOAI,2024-05-31T15:07:31.000+0000,2026-07-07T22:30:08.000+0000
0PS4O0000009WqPWAU,ChargentAnyObj_Payment_Console,Chargent Payment Console,,,true,false,,,ChargentAnyObj,Regular,false,,2021-02-02T22:03:29.000+0000,2025-05-30T21:01:41.000+0000
0PSRo0000002mGhOAI,Chargent_Payment_Methods_Use_Pay_Forms,Chargent Payment Methods Use Pay Forms,Allows users to load and use Chargent payment forms.,,true,false,,,ChargentOrders,Regular,false,,2024-05-31T15:07:26.000+0000,2025-05-30T21:01:41.000+0000
0PS4O0000009WqQWAU,ChargentAnyObj_Payment_Request,Chargent Payment Request,,,true,false,,,ChargentAnyObj,Regular,false,,2021-02-02T22:03:30.000+0000,2025-05-30T21:01:41.000+0000
0PSRo0000002mDUOAY,Chargent_Read_Gateways,Chargent Read Gateways,Allows users to read Gateway records.,,true,false,,,ChargentBase,Regular,false,,2024-05-31T15:01:20.000+0000,2025-05-30T21:01:41.000+0000
0PSRo0000002mGlOAI,Chargent_Standard_User,Chargent Standard User,,,true,false,,,ChargentOrders,Group,false,0PGRo00000005KiOAI,2024-05-31T15:07:32.000+0000,2026-07-07T22:29:55.000+0000
0PS5b000000DhA3GAK,Chargent_Terminal_Admin,Chargent Terminal Admin,,,true,false,,,cterminal,Regular,false,,2022-10-13T13:36:20.000+0000,2025-05-30T21:01:41.000+0000
0PS5b000000DhA4GAK,Chargent_Terminal_Unlinked_Payments,Chargent Terminal Unlinked Payments,Adds ability for a Chargent Terminal User to reconcile unlinked Chargent Terminal Payment matching them up with the related Salesforce Objects. This is not needed for those with the Chargent Terminal Admin Profile,,true,false,,,cterminal,Regular,false,,2022-10-13T13:36:22.000+0000,2025-05-30T21:01:41.000+0000
0PS5b000000DhA5GAK,Chargent_Terminal_User,Chargent Terminal User,,,true,false,,,cterminal,Regular,false,,2022-10-13T13:36:22.000+0000,2025-05-30T21:01:41.000+0000
0PS4O000000zpNiWAI,Chargent_User_Base,Chargent User (Base),,,true,false,,,ChargentBase,Regular,false,,2020-08-24T16:22:47.000+0000,2026-07-07T22:16:29.000+0000
0PS4O000000zpNnWAI,Chargent_User_Orders,Chargent User (Orders),,100U0000000Hb0mIAC,true,false,,,ChargentOrders,Regular,false,,2020-08-24T16:29:24.000+0000,2026-07-07T22:27:24.000+0000
0PSRo000000FknJOAS,Chargent_View_All_Modify_All_Payment_Methods,Chargent View All Modify All Payment Methods,"Allows users to modify All the Chargent Log, Chargent Payment Method, and Chargent Token records.",,true,false,,,ChargentBase,Regular,false,,2026-07-07T22:16:31.000+0000,2026-07-07T22:16:31.000+0000
0PSRo0000009qx3OAA,Chargent_Waive_Surcharge,Chargent Waive Surcharge,Allows users to waive surcharge fees.,,true,false,,,ChargentOrders,Regular,false,,2025-11-04T23:27:53.000+0000,2025-11-04T23:27:53.000+0000
0PSRo000000D0obOAC,sfdc_chatbot,Chatbot,Chatbot Permission Set,1000B0000009MtsQAE,true,false,,,sfdcInternalInt,Session,true,,2026-04-06T13:08:54.000+0000,2026-04-06T13:08:54.000+0000
0PS4O000000zpmhWAA,Check_repair_information,Check repair information,Used at the asset level for product repair section,,true,false,,,,Regular,false,,2020-10-13T13:16:53.000+0000,2025-05-30T21:01:41.000+0000
0PS5b000001V1BWGA0,Checked_by_PM_checkbox,Checked by PM checkbox,,,true,false,,,,Regular,false,,2023-04-04T13:58:58.000+0000,2025-05-30T21:01:41.000+0000
0PSRo000000A1CXOA0,Clone_This_User,Clone This User,To give permission to non-admins to Clone a User,,true,false,,,ctu,Regular,false,,2025-11-20T18:02:32.000+0000,2025-11-20T18:02:32.000+0000
0PS5b000001QDjlGAG,CodeBuilderUserPsl,Code Builder User,Enables the user to create and access Code Builder environments.,0PL5b0000010x5nGAA,false,false,,,force,Standard,false,,2023-10-14T05:06:00.000+0000,2026-08-15T06:02:59.000+0000
0PSRo0000005NdVOAU,Cold_Storage_Invoicing,Cold Storage - Invoicing,,,true,false,,,,Regular,false,,2024-12-19T03:20:17.000+0000,2025-05-30T21:01:41.000+0000
0PSRo0000005NbtOAE,Cold_Storage_Warehouse_Reps,Cold Storage - Warehouse Reps,,,true,false,,,,Regular,false,,2024-12-19T03:16:54.000+0000,2025-05-30T21:01:41.000+0000
0PS5b000000HmbGGAS,Colorful_Dashboards,Colorful Dashboards,,100U0000000Hb0mIAC,true,false,,,,Regular,false,,2022-08-18T16:11:27.000+0000,2025-05-30T21:01:41.000+0000
0PSRo000000FlZhOAK,CommandCenter,Command Center,Allows access to the Command Center app and its resources.,0PLRo000000BuTVOA0,false,false,,,force,Standard,false,,2026-07-07T22:36:47.000+0000,2026-08-15T06:02:59.000+0000
0PSRo000000E8ddOAC,Configuration_Access,Configuration Access,This is to provide access to view items such as Flows and Apex Triggers.,,true,false,,,,Regular,false,,2026-05-12T07:39:16.000+0000,2026-05-12T08:28:01.000+0000
0PS5b000000HlcXGAS,Confirmation_Number,Confirmation Number,,100U0000000Hb0mIAC,true,false,,,,Regular,false,,2022-06-08T12:47:04.000+0000,2025-05-30T21:01:41.000+0000
0PSRo0000007YcrOAE,ConnectivityServiceCASCPermSet,ConnectivityServiceCASCPermSet,,1000B0000009MtsQAE,false,false,,,force,Session,true,,2018-06-18T05:10:21.000+0000,2026-08-15T06:02:55.000+0000
0PSRo000000C1oMOAS,sfdc_nc_constraints_engine_deploy,Constraint Rules Engine Licenseless permission set,Create and manage constraint types and rules in Advanced Configurator.,1000B0000009MtsQAE,true,false,,,sfdcInternalInt,Session,true,,2026-02-21T05:47:30.000+0000,2026-02-21T05:47:30.000+0000
0PSRo0000004gWxOAI,ContextServiceAdminPsl,Context Service Admin,Enables the user to perform CRUD operations on context entities/objects.,0PLRo0000003MonOAE,false,false,,,force,Standard,false,,2024-10-17T01:36:06.000+0000,2026-08-15T06:02:59.000+0000
0PSRo0000004gWyOAI,ContextServiceRuntimePsl,Context Service Runtime,Enables the user to perform read operation on context entities/objects,0PLRo0000003MorOAE,false,false,,,force,Standard,false,,2024-10-17T01:36:06.000+0000,2026-08-15T06:02:59.000+0000
0PSRo0000002WAHOA2,CallCoachingIntegrationUser,Conversation Insights Integration User,Allow an integration user to access Salesforce so third-party telephony providers can upload data to enable the use of Conversation Insights.,0PLRo0000001UyXOAU,false,false,,,force,Standard,false,,2024-05-15T02:57:26.000+0000,2026-08-15T06:02:59.000+0000
0PSRo0000002WAIOA2,CallCoachingStandardUserPsl,Conversation Insights for Sales,Lets users access Einstein Conversation Insights for Sales.,0PLRo0000001UyYOAU,false,false,,,force,Standard,false,,2024-05-15T02:57:26.000+0000,2026-08-15T06:02:59.000+0000
0PSRo0000002WAJOA2,StandardServiceECIUser,Conversation Insights for Service,Lets users access Einstein Conversation Insights for Service.,0PLRo0000001UyYOAU,false,false,,,force,Standard,false,,2024-05-15T02:57:26.000+0000,2026-08-15T06:02:59.000+0000
0PSRo0000004jJZOAY,CopilotSalesforceAdminPSG,CopilotSalesforceAdminPSG,,,true,false,,,force,Group,false,0PGRo0000000DDNOA2,2024-10-18T01:45:50.000+0000,2026-04-07T07:01:28.000+0000
0PSRo0000004jJaOAI,CopilotSalesforceUserPSG,CopilotSalesforceUserPSG,,,true,false,,,force,Group,false,0PGRo0000000DDOOA2,2024-10-18T01:45:51.000+0000,2026-04-07T07:01:33.000+0000
0PSRo0000003LZNOA2,Cost_View,Cost View,,,true,false,,,,Regular,false,,2024-07-18T18:00:04.000+0000,2025-05-30T21:01:41.000+0000
0PS5b000000HmZ0GAK,Create_Item_Receipts,Create Item Receipts,,100U0000000Hb0mIAC,true,false,,,,Regular,false,,2022-08-15T15:53:17.000+0000,2025-05-30T21:01:41.000+0000
0PS5b000000HmS4GAK,Create_Products,Create Products,,100U0000000Hb0mIAC,true,false,,,,Regular,false,,2022-08-02T08:42:49.000+0000,2025-05-30T21:01:41.000+0000
0PS4O000000WtjbWAC,Create_Purchasing_Opps,Create Purchasing Opps,Create Purchasing Opps from Vendor Sourcing,,true,false,,,,Regular,false,,2019-11-07T18:55:38.000+0000,2025-05-30T21:01:41.000+0000
0PSRo000000BY3BOAW,Create_Refurb_Tests,Create Refurb Tests,,100U0000000Hb0mIAC,true,false,,,,Regular,false,,2026-02-08T20:50:43.000+0000,2026-02-08T20:52:30.000+0000
0PS4O000000WtRcWAK,Create_Warranty_Ops,Create Warranty Ops,,,true,false,,,,Regular,false,,2019-08-12T18:32:00.000+0000,2025-05-30T21:01:41.000+0000
0PS5b000001V20AGAS,Create_Work_Orders,Create Work Orders,,100U0000000Hb0mIAC,true,false,,,,Regular,false,,2023-05-23T14:15:46.000+0000,2025-12-22T20:48:15.000+0000
0PSRo0000007CSfOAM,Create_and_Edit_Purchasing_Returns,Create and Edit Purchasing Returns,,,true,false,,,,Regular,false,,2025-05-05T16:05:01.000+0000,2025-05-30T21:01:41.000+0000
0PS5b000000HhorGAC,Create_external_repairs,Create external repairs,Ability to create external repair to add associated costs and remove previous asset from inventory,,true,false,,,,Regular,false,,2021-11-01T17:31:46.000+0000,2025-05-30T21:01:41.000+0000
0PS0B000000b6NDWAY,Create_new_assets,Create new assets,,,true,false,,,,Regular,false,,2018-04-20T14:03:07.000+0000,2025-12-18T10:10:48.000+0000
0PS0B000000b5PDWAY,Creating_New_Products,Creating New Products,,,true,false,,,,Regular,false,,2017-11-27T17:53:52.000+0000,2025-05-30T21:01:41.000+0000
0PS5b000000DkfJGAS,Creating_Price_Books,Creating Price Books,,,true,false,,,,Regular,false,,2023-02-10T08:56:37.000+0000,2025-05-30T21:01:41.000+0000
0PSRo0000005hltOAA,Credit_Memo_Line_Items,Credit Memo Line Items,,,true,false,,,,Regular,false,,2025-02-04T15:34:42.000+0000,2025-05-30T21:01:41.000+0000
0PS4O0000009WmcWAE,Credit_Memo_Permission_Set,Credit Memo Permission Set,,,true,false,,,,Regular,false,,2021-01-22T15:21:36.000+0000,2025-05-30T21:01:41.000+0000
0PS4O0000009WmhWAE,Credit_Memo_View_Access,Credit Memo- View Access,,,true,false,,,,Regular,false,,2021-01-22T15:24:37.000+0000,2025-05-30T21:01:41.000+0000
0PS4O000000WtRhWAK,Custom_List_Views,Custom List Views,,,true,false,,,,Regular,false,,2019-08-12T18:59:07.000+0000,2025-05-30T21:01:41.000+0000
0PSU0000000OKKBOA4,Custom_Object_Permission,Custom Object Permission,,100U0000000Q6PpIAK,true,false,,,,Regular,false,,2015-01-20T05:58:05.000+0000,2025-05-30T21:01:41.000+0000
0PS4O000000WtSuWAK,D_B,D&B,,,true,false,,,,Regular,false,,2019-08-22T13:07:16.000+0000,2025-05-30T21:01:41.000+0000
0PSRo000000BWXdOAO,Dashboard_Subscription,Dashboard Subscription,,,true,false,,,,Regular,false,,2026-02-06T14:13:17.000+0000,2026-02-06T14:15:43.000+0000
0PSRo00000026ZBOAY,D360HomeOrgPermSet,Data Cloud Home Org Integration User,Allows integration user to access entities specific to Remote Data Cloud.,1000B0000009MtsQAE,false,false,,,force,Session,true,,2018-06-18T05:10:21.000+0000,2026-08-15T06:02:55.000+0000
0PS4O000000WtjvWAC,Dataloader,Dataloader,,,true,false,,,,Regular,false,,2019-11-08T14:50:56.000+0000,2026-05-07T22:28:54.000+0000
0PS5b000001V11gGAC,Dealer_and_Retail_Pricing_Edit_at_Product_Level,Dealer and Retail Pricing - Edit at Product Level,,,true,false,,,,Regular,false,,2023-03-24T04:59:33.000+0000,2025-05-30T21:01:41.000+0000
0PSRo0000004gWzOAI,ExplainabilityServicePSL,Decision Explainer Service Access,Provides access to Decision Explainer Service features and objects,0PLRo0000003MosOAE,false,false,,,force,Standard,false,,2024-10-17T01:36:06.000+0000,2026-08-15T06:02:59.000+0000
0PS4O000000vMYhWAM,Default_lead_creator,Default lead creator,Must have access to modify all data and send emails.,,true,false,,,,Regular,false,,2021-04-12T00:31:32.000+0000,2025-05-30T21:01:41.000+0000
0PS5b000000HiPEGA0,Delete,Delete,Power to Delete Object entries,100U0000000Hb0mIAC,true,false,,,,Regular,false,,2021-12-17T15:48:17.000+0000,2025-05-30T21:01:41.000+0000
0PS4O0000009SkgWAE,Delete_RMAs,Delete RMAs,,100U0000000Hb0mIAC,true,false,,,,Regular,false,,2019-06-17T19:54:57.000+0000,2025-05-30T21:01:41.000+0000
0PS5b000001V13XGAS,Delete_Work_Order,Delete Work Order,,,true,false,,,,Regular,false,,2023-03-27T12:33:09.000+0000,2025-05-30T21:01:41.000+0000
0PS0B000000b6zCWAQ,Delete_sourcing_requests,Delete sourcing requests,,,true,false,,,,Regular,false,,2018-06-19T14:45:09.000+0000,2026-04-13T20:57:23.000+0000
0PS0B000000b61CWAQ,Deleting_Merging_Accounts,Deleting/Merging Accounts,,,true,false,,,,Regular,false,,2018-02-16T21:44:02.000+0000,2025-05-30T21:01:41.000+0000
0PSRo00000011jdOAA,DeliveryEstimationServicePermSet,DeliveryEstimationServicePermSet,,1000B0000009MtsQAE,false,false,,,force,Session,true,,2018-06-18T05:10:21.000+0000,2026-08-15T06:02:55.000+0000
0PS4O000000WtidWAC,Depot_Repair_Approvals,Depot Repair Approvals,Kathy Gontz to move System Deals through the approval process when they are for depot repair.,,true,false,,,,Regular,false,,2019-11-05T15:54:48.000+0000,2025-05-30T21:01:41.000+0000
0PSRo0000006udqOAA,DesignRegistrationReadOnlyPsl,Design Registration Read Only Access,Gives users read-only access to Design Registration related features.,0PLRo0000005ptAOAQ,false,false,,,force,Standard,false,,2025-04-12T13:14:49.000+0000,2026-08-15T06:02:59.000+0000
0PSRo0000004AqPOAU,Designated_For_Access,Designated For Access,,,true,false,,,,Regular,false,,2024-09-05T12:27:59.000+0000,2025-05-30T21:01:41.000+0000
0PSRo000000ANszOAG,Developer_Console,Developer Console,,,true,false,,,,Regular,false,,2025-12-10T13:18:12.000+0000,2025-12-10T13:18:51.000+0000
0PSRo000000GqU5OAK,Disaster_Recovery_Projects_Access,Disaster Recovery Projects - Access,This provides access to Disaster Recovery Projects and the related objects such as Project Charges and Project Charge Line Items.,,true,false,,,,Regular,false,,2026-07-22T12:16:11.000+0000,2026-07-22T12:18:14.000+0000
0PSRo0000004W4XOAU,E360MessagingC2CPermSet,E360 Messaging Integration User,Allows integration user to access features specific to E360 Messaging.,1000B0000009MtsQAE,false,false,,,force,Session,true,,2018-06-18T05:10:21.000+0000,2026-08-15T06:02:55.000+0000
0PSRo0000007YcsOAE,E360UEC2CPermSet,E360UEC2CPermSet,,1000B0000009MtsQAE,false,false,,,force,Session,true,,2018-06-18T05:10:21.000+0000,2026-08-15T06:02:55.000+0000
0PSRo0000008PHPOA2,ERIBasic,ERI Basic User,Lets users access ERI Basic features.,0PLRo0000006lCWOAY,false,false,,,force,Standard,false,,2025-08-01T04:08:22.000+0000,2026-08-15T06:02:59.000+0000
0PS4O000000vN2gWAE,Edit_Account_Supervisor_Field_ONLY,Edit Account Supervisor Field ONLY,On account object,,true,false,,,,Regular,false,,2021-07-07T19:06:58.000+0000,2025-05-30T21:01:41.000+0000
0PSRo000000AQndOAG,Edit_All_Contract_Line_Item_Fields,Edit All Contract Line Item Fields,,100U0000000Hb0mIAC,true,false,,,,Regular,false,,2025-12-17T09:34:32.000+0000,2025-12-17T10:34:15.000+0000
0PS5b000001V2T2GAK,Edit_All_Dashboards_Reports,Edit All Dashboards/Reports,,100U0000000Hb0mIAC,true,false,,,,Regular,false,,2023-06-13T19:01:09.000+0000,2025-05-30T21:01:41.000+0000
0PSRo000000AQm1OAG,Edit_All_Service_Appointment_Fields,Edit All Service Appointment Fields,,100U0000000Hb0mIAC,true,false,,,,Regular,false,,2025-12-17T09:29:59.000+0000,2025-12-17T09:33:42.000+0000
0PSRo0000008mXJOAY,Edit_CLI_Peripheral_Service_Network_and_Service_Hardware_and_Software_Fields,"Edit CLI Peripheral, Service Network, and Service Hardware and Software Fields","Enables users to edit fields in the ""Peripheral Info"", ""Service Network Settings"", and ""Service Hardware & Software Info"" sections on the Contract Line Item object.",,true,false,,,,Regular,false,,2025-09-08T12:21:19.000+0000,2025-09-08T12:30:52.000+0000
0PS4O0000009WifWAE,Edit_Dealer_Pricing_on_Parts,Edit Dealer Pricing on Parts,This is to edit dealer pricing field for parts products.,,true,false,,,,Regular,false,,2021-01-11T19:58:32.000+0000,2025-05-30T21:01:41.000+0000
0PS4O000000zq3SWAQ,Edit_Loaner_Fields,Edit Loaner Fields,,,true,false,,,,Regular,false,,2020-11-11T21:20:14.000+0000,2025-05-30T21:01:41.000+0000
0PS4O0000009SnBWAU,Edit_Opportunities,Edit Opportunities,"inter-company, external and purchasing",,true,false,,,,Regular,false,,2019-06-26T17:16:49.000+0000,2025-05-30T21:01:41.000+0000
0PS4O000000zq1bWAA,Edit_Part_Status_on_Ultrasound_Part_Products,Edit Part Status on Ultrasound Part Products,,,true,false,,,,Regular,false,,2020-11-05T20:57:31.000+0000,2025-05-30T21:01:41.000+0000
0PS4O0000009WyTWAU,Edit_Product_Status,Edit Product Status,,,true,false,,,,Regular,false,,2021-02-24T19:48:50.000+0000,2025-05-30T21:01:41.000+0000
0PSRo000000DUZlOAO,Edit_Product_Tax_Code,Edit Product Tax Code,04/17/2026 - Delegate - For Lori to manage avatax tax codes,100U0000000Hb0mIAC,true,false,,,,Regular,false,,2026-04-17T20:28:31.000+0000,2026-04-17T20:32:12.000+0000
0PS4O0000009SZTWA2,Edit_Product_and_Non_Serialized_Qty_in_Stock,Edit Product and Non-Serialized Qty in Stock,,,true,false,,,,Regular,false,,2019-05-15T14:01:30.000+0000,2025-05-30T21:01:41.000+0000
0PS0B000000b5m7WAA,Edit_Public_Reports,Edit Public Reports,,,true,false,,,,Regular,false,,2018-01-10T15:52:37.000+0000,2025-05-30T21:01:41.000+0000
0PS0B000000b6E6WAI,Edit_Ratings_Object,Edit Ratings Object,,,true,false,,,,Regular,false,,2018-03-26T13:39:02.000+0000,2025-05-30T21:01:41.000+0000
0PS0B000000b7EWWAY,Edit_Ratings,Edit Ratings/Notes on Asset Page,,,true,false,,,,Regular,false,,2018-07-26T13:22:32.000+0000,2025-05-30T21:01:41.000+0000
0PS5b000000DguZGAS,Edit_Record_Type_on_Asset,Edit Record Type on Asset,Allows for the editing of opportunity record type on asset,,true,false,,,,Regular,false,,2022-10-04T13:24:13.000+0000,2025-05-30T21:01:41.000+0000
0PSRo000000Anc9OAC,Edit_Review_Status_Object,Edit Review Status Object,** This is the only way the review status field on the Asset (ProductItem__c) should be changed.,,true,false,,,,Regular,false,,2026-01-06T20:10:30.000+0000,2026-01-06T20:12:21.000+0000
0PS4O000000zpiuWAA,Edit_Serial_on_Assets,Edit Serial# on Assets,For users that do sourcing requests.,,true,false,,,,Regular,false,,2020-09-30T17:25:31.000+0000,2025-05-30T21:01:41.000+0000
0PSRo000000ANplOAG,Edit_Transducer_and_Peripheral_Information_on_Service_Appointments,Edit Transducer and Peripheral Information on Service Appointments,Used to enable users to set the Transducer and Peripheral Information fields.,100U0000000Hb0mIAC,true,false,,,,Regular,false,,2025-12-10T11:12:12.000+0000,2025-12-10T11:17:50.000+0000
0PS0B000000b6HZWAY,Edit_cost_fields,Edit cost fields,,,true,false,,,,Regular,false,,2018-04-06T13:34:43.000+0000,2025-05-30T21:01:41.000+0000
0PS0B000000b6enWAA,Edit_posted_on_eBay_checkbox,Edit posted on eBay checkbox,,,true,false,,,,Regular,false,,2018-06-12T18:15:19.000+0000,2025-05-30T21:01:41.000+0000
0PS0B000000b5tSWAQ,Edit_review_status,Edit review status,,,true,false,,,,Regular,false,,2018-02-08T19:18:58.000+0000,2025-05-30T21:01:41.000+0000
0PS4O000000vMZGWA2,Edit_sales_price_field_on_asset_page,Edit sales price field on asset page,,,true,false,,,,Regular,false,,2021-04-12T17:11:31.000+0000,2025-05-30T21:01:41.000+0000
0PSRo0000008PHQOA2,EinsteinActivityCaptureIncluded,Einstein Activity Capture Included,Grants access to use Einstein Activity Capture.,0PLRo0000006lCPOAY,false,false,,,force,Standard,false,,2025-08-01T04:08:22.000+0000,2026-08-15T06:02:59.000+0000
0PS4O000000WuJPWA0,EinsteinAgent,Einstein Case Classification User,Provides access to Einstein Case Classification feature.,0PL4O00000003NBWAY,false,false,,,force,Standard,false,,2020-02-19T08:07:27.000+0000,2026-08-15T06:02:59.000+0000
0PS4O000000vMwJWAU,EinsteinAgentCWU,Einstein Case Wrap-Up User,Provides access to Einstein Case Wrap-Up feature.,0PL4O000000bnsRWAQ,false,false,,,force,Standard,false,,2021-06-18T14:03:26.000+0000,2026-08-15T06:02:59.000+0000
0PSRo0000008PHOOA2,CallCoachingIncluded,Einstein Conversation Insights Included,"Lets sales reps & managers record voice & video calls, process calls to generate ECI insights, access ECI dashboard pages within ECI app, and utilize call collections.",0PLRo0000006lCPOAY,false,false,,,force,Standard,false,,2025-08-01T04:08:22.000+0000,2026-08-15T06:02:59.000+0000
0PS5b000001QEYJGA4,EmployeeAccess,Employee Access,Provides read access to the Employee and Internal Organizational Unit objects.,0PL5b0000010xGPGAY,false,false,,,force,Standard,false,,2023-12-30T00:24:21.000+0000,2026-08-15T06:02:59.000+0000
0PS5b000001QEYKGA4,EmployeeManagement,Employee Management,"Provides create, read, update, and delete access to the Employee and Internal Organizational Unit objects.",0PL5b0000010xGOGAY,false,false,,,force,Standard,false,,2023-12-30T00:24:21.000+0000,2026-08-15T06:02:59.000+0000
0PSRo0000002N5NOAU,Endoscopy_Permission_Set,Endoscopy Test/Repair Permission Set,,,true,false,,,,Regular,false,,2024-04-30T15:24:23.000+0000,2026-04-10T04:21:49.000+0000
0PSRo0000008PHYOA2,MessagingForInAppAndWebUser,Enhanced Chat User,Lets users manage Enhanced Chat experiences.,0PLRo0000006lCNOAY,false,false,,,force,Standard,false,,2025-08-01T04:08:22.000+0000,2026-08-15T06:02:59.000+0000
0PSRo0000005UBxOAM,Exchange_Rate_API_Permission_Set,Exchange Rate API Permission Set,,100U0000000Hb0mIAC,true,false,,,,Regular,false,,2025-01-08T23:09:00.000+0000,2025-05-30T21:01:41.000+0000
0PS4O000000WuRnWAK,Executive_Power,Executive Power,Can view all,100U0000000Hb0mIAC,true,false,,,,Regular,false,,2020-02-28T18:11:54.000+0000,2025-05-30T21:01:41.000+0000
0PS4O000000WuTtWAK,Export_Reports,Export Reports,,,true,false,,,,Regular,false,,2020-03-10T18:36:36.000+0000,2025-05-30T21:01:41.000+0000
0PS4O0000009WjnWAE,External_Repair_Opportunities,External Repair Opportunities,,,true,false,,,,Regular,false,,2021-01-14T17:59:58.000+0000,2025-05-30T21:01:41.000+0000
0PSRo0000007DQLOA2,FSL_Create_Lead_Perms,FSL Create Lead Perms,,0PLRo0000001V6cOAE,true,false,,,,Regular,false,,2025-05-07T14:55:25.000+0000,2025-10-21T20:34:40.000+0000
0PS4O000000WuOFWA0,FSR_Attached,FSR Attached,FSR attached field view,,true,false,,,,Regular,false,,2020-02-21T20:04:46.000+0000,2025-05-30T21:01:41.000+0000
0PSRo0000009fqMOAQ,FSL_AIAgent_License,Field Service AI Agent License,,0PLRo0000001V6gOAE,true,false,,,,Regular,false,,2025-10-12T09:50:24.000+0000,2025-10-12T09:50:24.000+0000
0PSRo0000009fqLOAQ,FSL_AIAgent_Permissions,Field Service AI Agent Permissions,,,true,false,,,,Regular,false,,2025-10-12T09:50:24.000+0000,2025-10-12T09:50:24.000+0000
0PSRo0000003wx8OAA,FSL_Admin_License,Field Service Admin License,,0PLRo0000001V6gOAE,true,false,,,,Regular,false,,2024-08-10T15:49:41.000+0000,2025-11-05T16:00:31.000+0000
0PSRo0000003wx7OAA,FSL_Admin_Permissions,Field Service Admin Permissions,,,true,false,,,,Regular,false,,2024-08-10T15:49:41.000+0000,2025-05-30T21:01:41.000+0000
0PSRo0000003wqgOAA,FSL_Agent_License,Field Service Agent License,,0PLRo0000001V6gOAE,true,false,,,,Regular,false,,2024-08-10T15:49:38.000+0000,2025-05-30T21:01:41.000+0000
0PSRo0000003wqfOAA,FSL_Agent_Permissions,Field Service Agent Permissions,,,true,false,,,,Regular,false,,2024-08-10T15:49:38.000+0000,2025-05-30T21:01:41.000+0000
0PSRo0000003wnUOAQ,FSL_Bundle_License,Field Service Bundle for Dispatcher License,,0PLRo0000001V6dOAE,true,false,,,,Regular,false,,2024-08-10T15:49:41.000+0000,2025-05-30T21:01:41.000+0000
0PSRo0000003wnTOAQ,FSL_Bundle_Permissions,Field Service Bundle for Dispatcher Permissions,,,true,false,,,,Regular,false,,2024-08-10T15:49:41.000+0000,2025-05-30T21:01:41.000+0000
0PSRo0000003wvWOAQ,FSL_Community_Dispatcher_License,Field Service Community Dispatcher License,,0PLRo0000001V6dOAE,true,false,,,,Regular,false,,2024-08-10T15:49:41.000+0000,2025-05-30T21:01:41.000+0000
0PSRo0000003wvVOAQ,FSL_Community_Dispatcher_Permissions,Field Service Community Dispatcher Permissions,,,true,false,,,,Regular,false,,2024-08-10T15:49:40.000+0000,2025-05-30T21:01:41.000+0000
0PSRo0000003wnSOAQ,FSL_Dispatcher_License,Field Service Dispatcher License,,0PLRo0000001V6dOAE,true,false,,,,Regular,false,,2024-08-10T15:49:37.000+0000,2025-05-30T21:01:41.000+0000
0PSRo0000003wnROAQ,FSL_Dispatcher_Permissions,Field Service Dispatcher Permissions,,,true,false,,,,Regular,false,,2024-08-10T15:49:37.000+0000,2026-06-24T07:59:20.000+0000
0PSRo000000BTY9OAO,Field_Service_Document_Builder,Field Service Document Builder,,,true,false,,,,Regular,false,,2026-02-04T01:23:12.000+0000,2026-02-04T01:23:59.000+0000
0PSRo0000003wttOAA,FSL_Guest_User_Permissions,Field Service Guest User Permissions,,,true,false,,,,Regular,false,,2024-08-10T15:49:40.000+0000,2025-05-30T21:01:41.000+0000
0PSRo0000003vszOAA,sfdc_fieldservice,Field Service Integration,"Permissions to access data needed for optimization, automatic scheduling, and service appointment bundling.(Licenseless Migration)",1000B0000009MtsQAE,true,false,,,sfdcInternalInt,Session,true,,2024-08-10T00:13:00.000+0000,2025-05-30T21:01:41.000+0000
0PSRo0000003wp5OAA,FSL_Mobile_License,Field Service Mobile License,,0PLRo0000001V6cOAE,true,false,,,,Regular,false,,2024-08-10T15:49:38.000+0000,2025-05-30T21:01:41.000+0000
0PSRo0000003wp4OAA,FSL_Resource_License,Field Service Resource License,,0PLRo0000001V6eOAE,true,false,,,,Regular,false,,2024-08-10T15:49:37.000+0000,2025-05-30T21:01:41.000+0000
0PSRo0000003wp3OAA,FSL_Resource_Permissions,Field Service Resource Permissions,,,true,false,,,,Regular,false,,2024-08-10T15:49:37.000+0000,2026-08-06T07:55:56.000+0000
0PSRo0000003wsHOAQ,FSL_Community_Self_Service_Permissions,Field Service Self Service Permissions,,,true,false,,,,Regular,false,,2024-08-10T15:49:38.000+0000,2025-05-30T21:01:41.000+0000
0PSRo0000002WLZOA2,FieldServiceMobileStandardPermSet,FieldServiceMobileStandardPermSet,Give your mobile workforce access to the Field Service mobile app. Set them up with the right user license and permissions.,0PLRo0000001V6cOAE,false,false,,,force,Standard,false,,2024-05-15T04:04:40.000+0000,2026-08-15T06:02:59.000+0000
0PSRo0000008ZwfOAE,FieldServiceMobileStandardPermSetUS,FieldServiceMobileStandardPermSetUS,Give your mobile workforce access to the Field Service mobile app. Set them up with the right user license and permissions.,0PLRo0000001V6cOAE,true,false,,,,Regular,false,,2025-08-19T19:47:18.000+0000,2025-08-26T03:33:05.000+0000
0PSRo0000006cCHOAY,Flow_User,Flow User,"03/17/2025 - Kyle/Delegate - This Permission Set replaces the need to individually mark the user checkbox entitled ""Flow User"" to true to each person (App Permissions>Run Flows)",100U0000000Hb0mIAC,true,false,,,,Regular,false,,2025-03-17T15:24:20.000+0000,2025-05-30T21:01:41.000+0000
0PSRo0000006udtOAA,SalesforceForecastingUser,Forecast on Any Business Model,"Allow users to forecast revenue, units, and more, across consumption-based and other business models.",0PLRo0000005pt8OAA,false,false,,,force,Standard,false,,2025-04-12T13:14:49.000+0000,2026-08-15T06:02:59.000+0000
0PSRo00000094UDOAY,Full_Access_to_Training_Items,Full Access to Training Items,Gives users full access to the Training Items object.,100U0000000Hb0mIAC,true,false,,,,Regular,false,,2025-10-10T12:18:10.000+0000,2025-10-10T12:19:09.000+0000
0PS0B000000b7VZWAY,Full_access_to_CAPAs,Full access to CAPAs and complaints,,,true,false,,,,Regular,false,,2018-09-10T15:27:26.000+0000,2025-05-30T21:01:41.000+0000
0PS0B000000b6LHWAY,Full_access_to_HTML_email_templates,Full access to HTML email templates,,,true,false,,,,Regular,false,,2018-04-16T21:17:40.000+0000,2025-05-30T21:01:41.000+0000
0PS0B000000b7c6WAA,Full_access_to_equipment,Full access to equipment,,,true,false,,,,Regular,false,,2018-09-15T21:38:34.000+0000,2025-05-30T21:01:41.000+0000
0PS0B000000b6KdWAI,Full_access_to_evaluations,Full access to evaluations,,,true,false,,,,Regular,false,,2018-04-13T19:23:48.000+0000,2025-05-30T21:01:41.000+0000
0PS0B000000b6UnWAI,Full_access_to_repairs_TEE,Full access to repairs - TEE,,,true,false,,,,Regular,false,,2018-05-09T15:57:40.000+0000,2025-05-30T21:01:41.000+0000
0PS0B000000b6UiWAI,Full_access_to_repairs,Full access to repairs - non-TEE,,,true,false,,,,Regular,false,,2018-05-09T15:53:57.000+0000,2025-05-30T21:01:41.000+0000
0PS0B000000b6WPWAY,Full_access_to_repairs_systems,Full access to repairs - systems,,,true,false,,,,Regular,false,,2018-05-16T19:03:08.000+0000,2025-05-30T21:01:41.000+0000
0PS0B000000b5sUWAQ,Full_access_to_work_orders,Full access to work orders,This is FULL access to the work orders - including checking the inspection complete box.,,true,false,,,,Regular,false,,2018-02-01T20:25:15.000+0000,2025-05-30T21:01:41.000+0000
0PS4O000000Wta0WAC,Functional_Rating_for_Parts,Functional Rating for Parts,Derek Holley needs temporary access to edit functional rating and functional rating notes for tear down of parts.,,true,false,,,,Regular,false,,2019-10-07T15:54:24.000+0000,2025-05-30T21:01:41.000+0000
0PSRo000000Ej8gOAC,HSSMPermSet,HSSMPermSet,,1000B0000009MtsQAE,false,false,,,force,Session,true,,2018-06-18T05:10:21.000+0000,2026-08-15T06:02:55.000+0000
0PS5b000000Hlk7GAC,Handle_Assets,Handle Assets,Grants permission for users to work with assets and related files,100U0000000Hb0mIAC,true,false,,,,Regular,false,,2022-06-14T18:47:56.000+0000,2025-05-30T21:01:41.000+0000
0PSRo0000009Fo5OAE,HyperionCASCPermSet,HyperionCASCPermSet,,1000B0000009MtsQAE,false,false,,,force,Session,true,,2018-06-18T05:10:21.000+0000,2026-08-15T06:02:55.000+0000
0PS4O0000009Wf2WAE,IR_PR_PO_Bill_Permissions,IR PR PO Bill Permissions,"This is for objects opportunity (purchasing), item receipts, po bills, purchasing returns",,true,false,,,,Regular,false,,2021-01-05T01:01:07.000+0000,2025-10-08T09:39:21.000+0000
0PSRo0000008PHXOA2,InboxIncluded,Inbox Included,Grants access to use Inbox.,0PLRo0000006lCPOAY,false,false,,,force,Standard,false,,2025-08-01T04:08:22.000+0000,2026-08-15T06:02:59.000+0000
0PSRo0000004gX0OAI,IndustriesServiceExcellence,Industry Service Excellence,Gives the admin access to objects and features for Industry Service Excellence.,0PLRo0000003MoqOAE,false,false,,,force,Standard,false,,2024-10-17T01:36:06.000+0000,2026-08-15T06:02:59.000+0000
0PS4O0000009WspWAE,Intacct_Sync_Admin,Intacct Sync Admin,,,true,false,,,,Regular,false,,2021-02-11T17:08:11.000+0000,2025-05-30T21:01:41.000+0000
0PS4O0000009SYaWAM,Intercompany_Transfer_Opportunities,Intercompany Transfer Opportunities,Ability to create intercompany transfer opportunities.,100U0000000Hb0mIAC,true,false,,,,Regular,false,,2019-05-02T13:05:24.000+0000,2026-04-13T20:54:56.000+0000
0PS4O000000zpKnWAI,Intercompany_Transfers_Object,Intercompany Transfers Object,,,true,false,,,,Regular,false,,2020-08-13T20:47:41.000+0000,2025-05-30T21:01:41.000+0000
0PSRo0000002r6fOAA,Inventory_Adjustment_Full_Access,Inventory Adjustment Full Access,,100U0000000Hb0mIAC,true,false,,,,Regular,false,,2024-06-12T14:05:53.000+0000,2025-05-30T21:01:41.000+0000
0PS4O0000009SgPWAU,Inventory_Life,Inventory Life,,100U0000000Hb0mIAC,true,false,,,,Regular,false,,2019-06-11T19:17:30.000+0000,2025-05-30T21:01:41.000+0000
0PSRo0000007MztOAE,Invoice_Create,Invoice Create,,,true,false,,,,Regular,false,,2025-05-29T18:01:45.000+0000,2025-05-30T21:01:41.000+0000
0PS4O000000zpRyWAI,Invoice_Permissions,Invoice Permissions,For invoice/chargent access,,true,false,,,,Regular,false,,2020-09-02T17:11:57.000+0000,2025-05-30T21:01:41.000+0000
0PSRo000000HGTNOA4,Item_Receipt_Change_Item_Receipt_Once_Synced,Item Receipt - Change Item Receipt Once Synced,Allows team members to edit Item Receipts once they have synced to Intacct.,,true,false,,,,Regular,false,,2026-08-07T10:59:50.000+0000,2026-08-07T10:59:50.000+0000
0PSRo0000007DN7OAM,Lead_Access_FSL_Tech_Can_Create_Leads,Lead Access - FSL Tech (Can Create Leads),,100U0000000Hb0mIAC,true,false,,,,Regular,false,,2025-05-07T12:55:51.000+0000,2025-05-30T21:01:41.000+0000
0PS5b000000DoMkGAK,Lead_Owner_Change,Lead Owner Change,,,true,false,,,,Regular,false,,2023-07-10T14:17:31.000+0000,2025-05-30T21:01:41.000+0000
0PS0B000000b5CxWAI,Live_Chat,Live Chat,,100U0000000Hb0mIAC,true,false,,,,Regular,false,,2017-10-04T20:59:55.000+0000,2025-05-30T21:01:41.000+0000
0PS4O0000009WjOWAU,Loaner_Assets_Object,Loaner Assets Object,,,true,false,,,,Regular,false,,2021-01-13T17:02:34.000+0000,2025-05-30T21:01:41.000+0000
0PS4O000000zpgZWAQ,Loaner_Object,Loaner Object,,,true,false,,,,Regular,false,,2020-09-22T19:57:33.000+0000,2025-05-30T21:01:41.000+0000
0PSRo000000Ea8TOAS,Loaner_Turned_Exchange,Loaner Turned Exchange,,,true,false,,,,Regular,false,,2026-06-10T16:36:04.000+0000,2026-06-10T16:36:04.000+0000
0PS4O000000WuOKWA0,Location_Unlocked,Location Unlocked,,100U0000000Hb0mIAC,true,false,,,,Regular,false,,2020-02-21T20:56:06.000+0000,2025-05-30T21:01:41.000+0000
0PSRo0000008W2jOAE,Locations_Object,Locations Object,For Sandbox Testing,100U0000000Hb0mIAC,true,false,,,,Regular,false,,2025-08-13T20:27:59.000+0000,2025-08-13T20:28:01.000+0000
0PS4O000000zq0nWAA,LookupRollupSummariesFull,Lookup Rollup Summaries - Configure Rollups,Provides full configuration access to the rollup summaries. This enabled Author Apex and API access to enable it to deploy the necessary Triggers via the Manage Child Trigger button.,,true,false,,,dlrs,Regular,false,,2020-11-04T23:40:57.000+0000,2026-06-01T17:11:29.000+0000
0PS4O000000zq0oWAA,LookupRollupSummariesReadOnly,Lookup Rollup Summaries - Process Rollups,"Grant this permission set to end users that indirectly cause the rollup summaries to be executed. Such users can only read the rollup summary definitions, logs and scheduled entires.",,true,false,,,dlrs,Regular,false,,2020-11-04T23:40:59.000+0000,2025-05-30T21:01:41.000+0000
0PS5b000001QEQUGA4,MFA_Exemption,MFA Exemption,For shared user profiles that is not possible for MFA,,true,false,,,,Regular,false,,2023-11-16T11:19:38.000+0000,2025-05-30T21:01:41.000+0000
0PS5b000000HkDvGAK,Magic_Mover_Attachments_to_Files_User,Magic Mover Attachments to Files User,,100U0000000Hb0mIAC,true,false,,,,Regular,false,,2022-03-25T12:47:03.000+0000,2025-05-30T21:01:41.000+0000
0PS0B000000zmzOWAQ,Manage_Assets,Manage Assets,Access to edit Sold and Reserved checkbox,,true,false,,,,Regular,false,,2019-03-29T14:10:32.000+0000,2025-05-30T21:01:41.000+0000
0PSRo0000008ZF7OAM,Manage_Billing_Address_on_Intacct_Synced_Account,Manage Billing Address on Intacct Synced Account,,,true,false,,,,Regular,false,,2025-08-19T14:30:36.000+0000,2025-08-27T13:52:13.000+0000
0PS4O0000009Wn6WAE,Manage_Commissions,Manage Commissions,"Users with this permission set are able to create, edit, and view commission records",,true,false,,,,Regular,false,,2021-01-25T19:14:23.000+0000,2025-05-30T21:01:41.000+0000
0PSRo0000007LhFOAU,Manage_Intacct_Synced_Records,Manage Intacct Synced Records,,,true,false,,,,Regular,false,,2025-05-27T14:30:39.000+0000,2025-05-30T21:01:41.000+0000
0PSRo0000008avxOAA,Manage_Payment_Terms_Credit_Limit_on_Intacct_Synced_Account,"Manage Payment Terms, Credit Limit on Intacct Synced Account",,,true,false,,,,Regular,false,,2025-08-20T21:44:30.000+0000,2025-08-20T22:22:27.000+0000
0PS5b000000HjPtGAK,SubscriptionManagementPsl,Manage Subscriptions in Your Account: Identity User,Provides access to the Your Account app for Identity users to manage Salesforce subscriptions and purchase licenses without using a Salesforce license.,0PL5b0000004ONwGAM,false,false,,,force,Standard,false,,2022-02-12T06:03:06.000+0000,2026-08-15T06:02:59.000+0000
0PSRo0000005smAOAQ,ManageSubscriptionsYourAccount,Manage Subscriptions in Your Account: Salesforce User,Provides access to the Your Account app for CRM users to manage Salesforce subscriptions and purchase licenses.,100U0000000Hb0mIAC,false,false,,,force,Standard,false,,2014-05-16T18:55:04.000+0000,2026-08-15T06:02:55.000+0000
0PS5b000000HkLLGA0,Marketing_Lead_Assignment,Marketing - Lead Assignment,,100U0000000Hb0mIAC,true,false,,,,Regular,false,,2022-04-07T08:21:37.000+0000,2025-05-30T21:01:41.000+0000
0PSRo0000004W4YOAU,MarketingCloudAdmin,Marketing Cloud Admin,"Allows access to Marketing Cloud Setup. Gives full control of campaigns, segments, and flows.",0PLRo0000003E4rOAE,false,false,,,force,Standard,false,,2024-10-12T05:15:58.000+0000,2026-08-15T06:02:59.000+0000
0PSRo0000004W4ZOAU,MarketingCloudManager,Marketing Cloud Manager,"Import data and create, edit, and delete campaigns, segments, and non-Setup flows.",0PLRo0000003E4rOAE,false,false,,,force,Standard,false,,2024-10-12T05:15:58.000+0000,2026-08-15T06:02:59.000+0000
0PSRo0000002vQPOAY,MarketingCloudReportingC2CPermSet,Marketing Cloud Reporting C2C Perm,Allows MCR app to access data from core,1000B0000009MtsQAE,false,false,,,force,Session,true,,2018-06-18T05:10:21.000+0000,2026-08-15T06:02:55.000+0000
0PSRo0000007YctOAE,MarketingCloudPublishingC2CPermSet,MarketingCloudPublishingC2CPermSet,,1000B0000009MtsQAE,false,false,,,force,Session,true,,2018-06-18T05:10:21.000+0000,2026-08-15T06:02:55.000+0000
0PS4O000000vMVnWAM,Mass_Delete_OLIs_from_Opp,Mass Delete OLIs from Opp,,,true,false,,,,Regular,false,,2021-04-05T18:31:44.000+0000,2025-05-30T21:01:41.000+0000
0PSRo000000E9mbOAC,Mass_File_Download_Permissions_Account_Engagement,Mass File Download Permissions (Account Engagement),,,true,false,,,DownloadFiles,Regular,false,,2026-05-13T06:23:18.000+0000,2026-07-08T08:44:55.000+0000
0PS5b000000DpT8GAK,Mass_File_Download_Permissions_Admin,Mass File Download Permissions (Admin),,,true,false,,,DownloadFiles,Regular,false,,2023-08-04T18:58:57.000+0000,2026-07-30T19:53:05.000+0000
0PS5b000000DpTAGA0,Mass_File_Download_Permissions_Super_Admin,Mass File Download Permissions (Deprecated),(Deprecated),,true,false,,,DownloadFiles,Regular,false,,2023-08-04T18:58:59.000+0000,2025-05-30T21:01:41.000+0000
0PS5b000000DpT9GAK,Mass_File_Download_Permissions_Non_admin,Mass File Download Permissions (Non-admin),,,true,false,,,DownloadFiles,Regular,false,,2023-08-04T18:58:59.000+0000,2026-07-30T19:53:05.000+0000
0PSRo0000004jMjOAI,MetadataStudioUser,Metadata Studio User,View Metadata Studio tab.,0PLRo0000003P1uOAE,false,false,,,force,Standard,false,,2024-10-18T01:45:49.000+0000,2026-08-15T06:02:59.000+0000
0PSRo000000FMzVOAW,Modify_All_Assets,Modify All - Assets,,,true,false,,,,Regular,false,,2026-06-24T15:44:13.000+0000,2026-06-24T15:48:13.000+0000
0PS5b000000Dq3uGAC,Modify_All_Opportunities,Modify All - Opportunities,,,true,false,,,,Regular,false,,2023-09-04T15:18:29.000+0000,2025-05-30T21:01:41.000+0000
0PSRo0000001NSPOA2,Modify_All_Products,Modify All - Products,,,true,false,,,,Regular,false,,2024-02-23T14:04:10.000+0000,2025-05-30T21:01:41.000+0000
0PS5b000001QEVKGA4,Modify_Task_Owners,Modify Task Owners,Used to allow individuals who can not modify task ownership to modify task ownership,,true,false,,,,Regular,false,,2023-12-07T17:53:43.000+0000,2025-05-30T21:01:41.000+0000
0PS0B000000b5PIWAY,Move_Location_Enabled,Move Location Enabled,Move location object but also sublocation on asset page.,,true,false,,,,Regular,false,,2017-11-27T17:58:04.000+0000,2025-05-30T21:01:41.000+0000
0PSRo000000D0lOOAS,MuleSoftEinsteinPermSet,MuleSoftEinsteinPermSet,,1000B0000009MtsQAE,false,false,,,force,Session,true,,2018-06-18T05:10:21.000+0000,2026-08-15T06:02:55.000+0000
0PSRo0000002vQQOAY,MuleSoftPublishInvocableActionsC2CPermSet,MuleSoftPublishInvocableActionsC2CPermSet,,1000B0000009MtsQAE,false,false,,,force,Session,true,,2018-06-18T05:10:21.000+0000,2026-08-15T06:02:55.000+0000
0PSRo0000009Fo6OAE,MuleSoftSeamlessLoginC2CPermSet,MuleSoftSeamlessLoginC2CPermSet,,1000B0000009MtsQAE,false,false,,,force,Session,true,,2018-06-18T05:10:21.000+0000,2026-08-15T06:02:55.000+0000
0PSRo000000CUrxOAG,MuleSoftXAPIAIPermSet,MuleSoftXAPIAIPermSet,,1000B0000009MtsQAE,false,false,,,force,Session,true,,2018-06-18T05:10:21.000+0000,2026-08-15T06:02:55.000+0000
0PS5b000001V0erGAC,Non_Conforming_Record_Access,Non-Conforming Record Access,,100U0000000Hb0mIAC,true,false,,,,Regular,false,,2023-03-13T13:54:04.000+0000,2025-05-30T21:01:41.000+0000
0PSRo000000DTDtOAO,Opportunity_Delete_Records,Opportunity - Delete Records,,,true,false,,,,Regular,false,,2026-04-16T19:51:07.000+0000,2026-04-16T19:51:45.000+0000
0PSRo0000004W4aOAE,OrchestrationProcessManagerPermissionSet,Orchestration Process Manager,Manage orchestration process-related information in the Automation app.,100U0000000Hb0mIAC,false,false,,,force,Standard,false,,2014-05-16T18:55:04.000+0000,2026-08-15T06:02:55.000+0000
0PS4O000000vN2lWAE,Outright_Only_Checkbox_for_Parts,Outright Only Checkbox for Parts,On product object,,true,false,,,,Regular,false,,2021-07-07T20:03:27.000+0000,2025-05-30T21:01:41.000+0000
0PSRo0000007PMfOAM,Override_to_Vet_Deal,Override to Vet Deal,Gives edit permissions to the Opportunity > Override to Vet Deal checkbox.,,true,false,,,,Regular,false,,2025-06-02T13:13:26.000+0000,2025-06-02T13:14:42.000+0000
0PS5b000000HnJwGAK,PMT_Global_Admin,PMT Global Admin,It opens up access to all PMT related metadata just like as system administrator,,true,false,,,inov8,Regular,false,,2022-09-14T13:33:06.000+0000,2025-05-30T21:01:41.000+0000
0PS5b000000HnJxGAK,PMT_Resource_Planner,PMT Resource Planner,Additional permission set to PMT App user for opening up edit access on resource allocations,,true,false,,,inov8,Regular,false,,2022-09-14T13:33:09.000+0000,2025-05-30T21:01:41.000+0000
0PS5b000000HnJyGAK,PMT_User,PMT User,Opens up the access to the PMT objects except for resource planning,,true,false,,,inov8,Regular,false,,2022-09-14T13:33:11.000+0000,2025-05-30T21:01:41.000+0000
0PS5b000000Hh0cGAC,PandaDoc_Access,PandaDoc Access,,100U0000000Hb0mIAC,true,false,,,,Regular,false,,2021-08-31T14:23:23.000+0000,2025-05-30T21:01:41.000+0000
0PS5b000001QEQAGA4,Pandadoc_Object_Permissions,Pandadoc Object Permissions,,,true,false,,,,Regular,false,,2023-11-14T17:16:58.000+0000,2026-04-13T20:53:59.000+0000
0PS4O000000vMnbWAE,Part_Tests_and_Repairs,Part Tests and Repairs,,,true,false,,,,Regular,false,,2021-05-14T12:08:01.000+0000,2025-05-30T21:01:41.000+0000
0PSRo0000004W4bOAE,PartnerConnectPartnerAdminSetup,Partner Connect Partner Admin Setup,Set up Partner Connect from a partner org. Partner Connect is a Partner Relationship Management (PRM) feature that lets vendors and partners integrate records between their orgs.,100U0000000Hb0mIAC,false,false,,,force,Standard,false,,2014-05-16T18:55:04.000+0000,2026-08-15T06:02:55.000+0000
0PS4O000000zpwbWAA,Parts_Operations,Parts Operations,Used for parts operations employees in Tampa.,,true,false,,,,Regular,false,,2020-10-28T12:08:48.000+0000,2025-05-30T21:01:41.000+0000
0PS4O0000009WgjWAE,Parts_Product_Name_Field,Parts Product Name Field,,,true,false,,,,Regular,false,,2021-01-06T18:36:43.000+0000,2025-05-30T21:01:41.000+0000
0PS4O000000zpgUWAQ,Parts_Record_Type,Parts Record Type,,,true,false,,,,Regular,false,,2020-09-22T17:27:16.000+0000,2025-05-30T21:01:41.000+0000
0PS4O000000zphcWAA,Parts_Sales_Record_Type,Parts Sales Record Type,,,true,false,,,,Regular,false,,2020-09-25T13:12:26.000+0000,2025-05-30T21:01:41.000+0000
0PS4O000000Wu74WAC,Password_Never_Expires,Password Never Expires,For Arctic Wolf password never expires settings. Added to specific user and standard system admin profile to prevent a password reset that causes disruption to Arctic Wolf service. Do not remove.,,true,false,,,,Regular,false,,2020-02-06T15:34:48.000+0000,2025-05-30T21:01:41.000+0000
0PS5b000000HnSKGA0,Password_never_expires_for_use_with_connected_apps,Password never expires - for use with connected apps,,,true,false,,,,Regular,false,,2022-09-21T22:12:46.000+0000,2025-05-30T21:01:41.000+0000
0PS4O000000WtmBWAS,Payment_Terms_Field_Access,Payment Terms Field Access,Needed to restrict the payment terms field at the account object so only accounting can edit the field.,,true,false,,,,Regular,false,,2019-11-18T18:52:59.000+0000,2025-05-30T21:01:41.000+0000
0PS4O000000zpNjWAI,Permission_Set_for_Payment_Request_Base,Permission Set for Payment Request (Base),,,true,false,,,ChargentBase,Regular,false,,2020-08-24T16:22:48.000+0000,2026-07-07T22:16:31.000+0000
0PS4O000000zpNoWAI,Permission_Set_for_Payment_Request_Chargent_Orders,Permission Set for Payment Request (Chargent Orders),,,true,false,,,ChargentOrders,Regular,false,,2020-08-24T16:29:25.000+0000,2026-07-07T22:27:25.000+0000
0PS4O0000009WrcWAE,Physical_Location_on_Invoice_Object,Physical Location on Invoice Object,,,true,false,,,,Regular,false,,2021-02-06T17:28:31.000+0000,2025-05-30T21:01:41.000+0000
0PSRo0000008PHZOA2,PipelineInspectionIncluded,Pipeline Inspection Included,Grants sales users access to use Pipeline Inspection.,0PLRo0000006lCPOAY,false,false,,,force,Standard,false,,2025-08-01T04:08:22.000+0000,2026-08-15T06:02:59.000+0000
0PS5b000001V0z1GAC,PipelineInspectionUser,Pipeline Inspection User,Allows sales users to access Pipeline Inspection.,0PL5b000000LW3nGAG,false,false,,,force,Standard,false,,2023-03-22T08:09:08.000+0000,2026-08-15T06:02:59.000+0000
0PSRo0000006udrOAA,PriceProtectionStandardUserPsl,Price Protection for Standard Users,Gives users standard read only access to Price Protection.,0PLRo0000005pt7OAA,false,false,,,force,Standard,false,,2025-04-12T13:14:49.000+0000,2026-08-15T06:02:59.000+0000
0PS4O0000009Sf7WAE,Print_Shipping_Checklist_Button,Print Shipping Checklist Button,,100U0000000Hb0mIAC,true,false,,,,Regular,false,,2019-06-05T12:58:38.000+0000,2025-05-30T21:01:41.000+0000
0PSRo0000007YcuOAE,PrismBackofficeUser,Prism Backoffice User,View Prism Backoffice page.,0PLRo0000003P1uOAE,false,false,,,force,Standard,false,,2024-10-18T01:45:49.000+0000,2026-08-15T06:02:59.000+0000
0PSRo0000004jMkOAI,PrismPlaygroundUser,Prism Playground User,View Prism Playground tab.,0PLRo0000003P1uOAE,false,false,,,force,Standard,false,,2024-10-18T01:45:49.000+0000,2026-08-15T06:02:59.000+0000
0PSRo000000FM3ROAW,Product_Analytics_and_Asset_Permissions,Product Analytics and Asset Permissions,,100U0000000Hb0mIAC,true,false,,,,Regular,false,,2026-06-24T08:30:43.000+0000,2026-06-24T08:44:22.000+0000
0PSRo000000CNs5OAG,ProductCatalogManagementAdministrator,Product Catalog Management Designer,Provides access to Product Catalog Management features and objects.,0PLRo0000009rQ8OAI,false,false,,,force,Standard,false,,2026-03-06T18:16:58.000+0000,2026-08-15T06:02:59.000+0000
0PSRo000000CNs7OAG,ProductCatalogManagementViewer,Product Catalog Management Viewer,Provides read access to Product Catalog Management features and objects.,0PLRo0000009rQ7OAI,false,false,,,force,Standard,false,,2026-03-06T18:16:58.000+0000,2026-08-15T06:02:59.000+0000
0PSRo0000008iyLOAQ,Product_Compatible_Parts,Product Compatible Parts,,,true,false,,,,Regular,false,,2025-09-04T14:53:12.000+0000,2025-09-04T14:55:18.000+0000
0PS4O0000009WgeWAE,Product_Dealer_Pricing,Product Dealer Pricing,,,true,false,,,,Regular,false,,2021-01-06T14:15:54.000+0000,2025-05-30T21:01:41.000+0000
0PSRo000000CNs8OAG,ProductDiscoveryAdmin,Product Discovery Admin,Gives access to customize the product browsing experience.,0PLRo0000009rQ6OAI,false,false,,,force,Standard,false,,2026-03-06T18:16:58.000+0000,2026-08-15T06:02:59.000+0000
0PSRo000000CNs9OAG,ProductDiscoveryUser,Product Discovery User,Gives access to use the product browsing experience.,0PLRo0000009rQ6OAI,false,false,,,force,Standard,false,,2026-03-06T18:16:58.000+0000,2026-08-15T06:02:59.000+0000
0PSRo0000003zuzOAA,Product_OEM_Pricing,Product OEM Pricing,,,true,false,,,,Regular,false,,2024-08-16T17:41:01.000+0000,2025-05-30T21:01:41.000+0000
0PSRo0000009lirOAA,Product_Part_Edit_Pricing,Product Part Edit Pricing,Edit permissions for the fields in the Product > Part Record Type > Pricing Section fields,,true,false,,,,Regular,false,,2025-10-27T14:21:17.000+0000,2025-10-30T18:54:52.000+0000
0PS5b000000DkIjGAK,Product_Repair_Access,Product Repair Access,,,true,false,,,,Regular,false,,2023-01-23T11:40:26.000+0000,2025-05-30T21:01:41.000+0000
0PS4O000000OaNZWA0,Product_Test,Product Test,,100U0000000Hb0mIAC,true,false,,,,Regular,false,,2019-04-18T18:12:52.000+0000,2026-03-03T13:15:01.000+0000
0PS4O000000WuT0WAK,Product_Test_Edit,Product Test Edit,Driven off Product Object for Product Test Settings Edit. *Product Test Settings have validation rule at Product Test Object level.,,true,false,,,,Regular,false,,2020-03-04T17:07:37.000+0000,2025-05-30T21:01:41.000+0000
0PSRo000000BZs5OAG,Product_Test_Page_Tab_Visibility,Product Test Page Tab Visibility,,,true,false,,,,Regular,false,,2026-02-10T19:30:42.000+0000,2026-02-10T19:30:42.000+0000
0PS5b000001QDtkGAG,Product_Test_Settings_Access_on_Product_Page,Product Test Settings Access on Product Page,Product Test Settings Access on Product Page,100U0000000Hb0mIAC,true,false,,,,Regular,false,,2023-10-17T17:34:19.000+0000,2025-05-30T21:01:41.000+0000
0PSRo000000CNs6OAG,ProductCatalogManagementC2CPermSet,ProductCatalogManagementC2CPermSet,,1000B0000009MtsQAE,false,false,,,force,Session,true,,2018-06-18T05:10:21.000+0000,2026-08-15T06:02:55.000+0000
0PS5b000000Dk6nGAC,Project_Edits_Full_Access,Project Edits - Full Access,,100U0000000Hb0mIAC,true,false,,,,Regular,false,,2023-01-12T15:43:33.000+0000,2025-05-30T21:01:41.000+0000
0PSRo0000004jJXOAY,EinsteinGPTPromptTemplateManager,Prompt Template Manager,Manage prompt templates using Prompt Builder and run them using generative AI features.,0PLRo0000003P1wOAE,false,false,,,force,Standard,false,,2024-10-18T01:45:49.000+0000,2026-08-15T06:02:59.000+0000
0PSRo0000004jJYOAY,EinsteinGPTPromptTemplateUser,Prompt Template User,Run prompt templates using generative AI features.,0PLRo0000003P1wOAE,false,false,,,force,Standard,false,,2024-10-18T01:45:49.000+0000,2026-08-15T06:02:59.000+0000
0PSRo0000007YcvOAE,PromptTemplatePermSet,PromptTemplatePermSet,,1000B0000009MtsQAE,false,false,,,force,Session,true,,2018-06-18T05:10:21.000+0000,2026-08-15T06:02:55.000+0000
0PSRo0000003YmjOAE,YukonNudgeHeadlessPublishPermSet,Publish Suggested for You Nudges: Integration User,"Access the Core Adoption Service and tenant orgs, which are used to publish Suggested for You nudges.",1000B0000009MtsQAE,false,false,,,force,Session,true,,2018-06-18T05:10:21.000+0000,2026-08-15T06:02:55.000+0000
0PS4O000000WtJEWA0,Purchase_Approval_Checkbox,Purchase Approval Checkbox,Manually check the purchasing approved checkbox on both Asset (ProductItem__c) and Opportunity Product.,100U0000000Hb0mIAC,true,false,,,,Regular,false,,2019-07-22T13:56:13.000+0000,2025-12-19T20:54:38.000+0000
0PS4O0000009Sl0WAE,Purchasing_Fields,Purchasing Fields,,100U0000000Hb0mIAC,true,false,,,,Regular,false,,2019-06-19T18:59:42.000+0000,2025-05-30T21:01:41.000+0000
0PSRo0000005hU9OAI,Purchasing_Opportunity_Item_Receipts,Purchasing Opportunity Item Receipts,,100U0000000Hb0mIAC,true,false,,,,Regular,false,,2025-02-03T19:42:46.000+0000,2025-08-15T15:45:26.000+0000
0PS4O000000vLJ7WAM,QC_Bump,QC Bump,,,true,false,,,,Regular,false,,2020-07-16T16:14:50.000+0000,2025-05-30T21:01:41.000+0000
0PSRo0000006TQjOAM,Quality_Team_Permission_Set,Quality Team Permission Set,,100U0000000Hb0mIAC,true,false,,,,Regular,false,,2025-03-05T19:52:32.000+0000,2025-05-30T21:01:41.000+0000
0PS5b000000HjoPGAS,RGC_Install_Guide,RGC Install Guide,,,true,false,,,rcsfl,Regular,false,,2022-03-02T13:41:35.000+0000,2025-05-30T21:01:41.000+0000
0PSRo000000Cyy5OAC,RMA_FLS_Edit_RMA_Item_Received,RMA - FLS - Edit - RMA Item Received,"This has been created to give users access to the ""Date RMA Item Recieved"" field.",,true,false,,,,Regular,false,,2026-04-02T07:52:38.000+0000,2026-04-02T07:54:36.000+0000
0PS4O000000vMqzWAE,RMA_Action_without_approval_permissions,RMA Action (without approval permissions),"Edit preliminary assessment, claim status, and action",,true,false,,,,Regular,false,,2021-05-28T14:51:35.000+0000,2025-05-30T21:01:41.000+0000
0PSRo0000005iejOAA,RMA_Ownership_Change,RMA Ownership Change,,,true,false,,,,Regular,false,,2025-02-05T16:47:05.000+0000,2025-05-30T21:01:41.000+0000
0PS4O0000009WiaWAE,RMA_action_and_approval_permissions,RMA action and approval permissions,,,true,false,,,,Regular,false,,2021-01-11T16:35:45.000+0000,2025-05-30T21:01:41.000+0000
0PS4O000000WtS6WAK,RMA_on_Evaluations,RMA on Evaluations,,100U0000000Hb0mIAC,true,false,,,,Regular,false,,2019-08-14T19:07:04.000+0000,2025-05-30T21:01:41.000+0000
0PSRo0000005smBOAQ,RPAC2CPermSet,RPAC2CPermSet,,1000B0000009MtsQAE,false,false,,,force,Session,true,,2018-06-18T05:10:21.000+0000,2026-08-15T06:02:55.000+0000
0PSRo000000EOk1OAG,Read_only_for_Dragonfly,Read only for Dragonfly,"Read only access to ProductItem, RMA, Invoice, Item Receipt, Customer Equipment and Work Order Asset for Project Dragonfly",,true,false,,,,Regular,false,,2026-06-01T16:15:54.000+0000,2026-06-01T16:19:56.000+0000
0PSRo0000006udsOAA,RebateManagementReadOnlyPsl,Rebate Management Read-Only Access,Gives users read-only access to Rebate Management features.,0PLRo0000005pt9OAA,false,false,,,force,Standard,false,,2025-04-12T13:14:49.000+0000,2026-08-15T06:02:59.000+0000
0PSRo000000EsBpOAK,RebateAndAccrualMgmtAdvncdReadOnlyPsl,Rebate and Accrual Management Advanced Read Only,Gives users access to view advanced rebate and accrual management features.,0PLRo000000BJDqOAO,false,false,,,force,Standard,false,,2026-06-13T04:27:40.000+0000,2026-08-15T06:02:59.000+0000
0PS4O000000WtUCWA0,Record_Types_Harrisburg_Sales,Record Types- Harrisburg Sales,,,true,false,,,,Regular,false,,2019-08-30T14:01:12.000+0000,2025-05-30T21:01:41.000+0000
0PS5b000001QEaKGAW,Refurb_Test_Refurb_Part_Request_Permissions,Refurb Test & Refurb Part Request Permissions,,100U0000000Hb0mIAC,true,false,,,,Regular,false,,2024-01-08T19:54:28.000+0000,2025-05-30T21:01:41.000+0000
0PSRo000000A1hBOAS,RegrelloC2CPermSet,RegrelloC2CPermSet,,1000B0000009MtsQAE,false,false,,,force,Session,true,,2018-06-18T05:10:21.000+0000,2026-08-15T06:02:55.000+0000
0PS0B000000b5ywWAA,Repairable_Fields,Repairable Fields,,,true,false,,,,Regular,false,,2018-02-13T19:40:22.000+0000,2025-05-30T21:01:41.000+0000
0PS0B000000b5tcWAA,Reports_and_Dashboards,Reports and Dashboards,,,true,false,,,,Regular,false,,2018-02-09T13:30:19.000+0000,2025-05-30T21:01:41.000+0000
0PS5b000000HjoyGAC,Reports_and_Dashboards_with_View_All_Data,Reports and Dashboards with View All Data,,,true,false,,,,Regular,false,,2022-03-03T18:22:56.000+0000,2025-05-30T21:01:41.000+0000
0PS4O000000WtRXWA0,Return_Opportunities,Return Opportunities,,100U0000000Hb0mIAC,true,false,,,,Regular,false,,2019-08-12T16:30:32.000+0000,2025-05-30T21:01:41.000+0000
0PS4O000000zpLlWAI,Return_from_Sale_RMA,Return from Sale RMA,,,true,false,,,,Regular,false,,2020-08-18T17:52:16.000+0000,2025-05-30T21:01:41.000+0000
0PSRo0000004gWvOAI,BREDesigner,Rule Engine Designer,Provides read and edit access to the calculate run time objects.,0PLRo0000003MooOAE,false,false,,,force,Standard,false,,2024-10-17T01:36:06.000+0000,2026-08-15T06:02:59.000+0000
0PSRo0000004gWwOAI,BRERuntime,Rule Engine Runtime,Provides read access to the calculate run time objects.,0PLRo0000003MopOAE,false,false,,,force,Standard,false,,2024-10-17T01:36:06.000+0000,2026-08-15T06:02:59.000+0000
0PSRo0000008ukzOAA,Run_Convert_Proforma,Run Convert Proforma,,,true,false,,,,Regular,false,,2025-09-22T13:59:51.000+0000,2025-09-22T13:59:51.000+0000
0PSRo0000008PHgOAM,sfdc_scrt2,SCRT2 Integration User,Give SCRT2 Integration User necessary access,1000B0000009MtsQAE,true,false,,,sfdcInternalInt,Session,true,,2025-08-01T04:08:33.000+0000,2025-08-01T04:08:34.000+0000
0PSRo000000BGELOA4,SSO_Avoid,SSO Avoid,,,true,false,,,,Regular,false,,2026-01-19T14:27:01.000+0000,2026-01-19T14:27:37.000+0000
0PS4O000000zptSWAQ,SWO_HWO,SWO/HWO,,,true,false,,,,Regular,false,,2020-10-22T16:02:07.000+0000,2025-05-30T21:01:41.000+0000
0PSRo0000006IOrOAM,SalesActionPlans,Sales Action Plans,Gives users access to Sales Action Plans.,0PLRo0000005FG9OAM,false,false,,,force,Standard,false,,2025-02-27T23:09:14.000+0000,2026-08-15T06:02:59.000+0000
0PSRo0000008PHaOAM,SalesCloudEinsteinIncluded,Sales Cloud Einstein Included,"Grants access to Einstein Opportunity score, Einstein Lead Score, Einstein Forecasting and Einstein Automated Contacts.",0PLRo0000006lCPOAY,false,false,,,force,Standard,false,,2025-08-01T04:08:22.000+0000,2026-08-15T06:02:59.000+0000
0PSRo0000008PHcOAM,SalesCloudUnlimitedIncluded,Sales Cloud Included Bundle,Grants sales users access to Sales Cloud Included features.,0PLRo0000006lCPOAY,false,false,,,force,Standard,false,,2025-08-01T04:08:22.000+0000,2026-08-15T06:02:59.000+0000
0PS0B000000b5wmWAA,SalesUserPsl,Sales Cloud User,Denotes that the user is a Sales Cloud user.,0PLU0000000GpqBOAS,false,false,,,force,Standard,false,,2016-08-17T17:12:13.000+0000,2026-08-15T06:02:59.000+0000
0PS5b000000DoxgGAC,SalesEngagementBasicUser,Sales Engagement Basic User,"Access basic sales automation and email productivity features, including Quick Cadences, automated email, email tracking, and insert availability..",0PL5b000000PTGAGA4,false,false,,,force,Standard,false,,2023-07-22T05:49:40.000+0000,2026-08-15T06:02:59.000+0000
0PSRo0000008PHUOA2,HighVelocitySalesCadenceCreatorIncluded,Sales Engagement Cadence Creator Included,"Lets sales manager users access the Sales Engagement app, and create and edit Cadences.",0PLRo0000006lCPOAY,false,false,,,force,Standard,false,,2025-08-01T04:08:22.000+0000,2026-08-15T06:02:59.000+0000
0PSRo0000008PHVOA2,HighVelocitySalesQuickCadenceCreatorIncluded,Sales Engagement Quick Cadence Creator Included,"Lets reps access the Sales Engagement app, and create and edit Quick Cadences.",0PLRo0000006lCPOAY,false,false,,,force,Standard,false,,2025-08-01T04:08:22.000+0000,2026-08-15T06:02:59.000+0000
0PSRo0000008PHWOA2,HighVelocitySalesUserIncluded,Sales Engagement User Included,"Lets users access the Sales Engagement app, add buyers to Cadences, and contact them via Work Queue.",0PLRo0000006lCPOAY,false,false,,,force,Standard,false,,2025-08-01T04:08:22.000+0000,2026-08-15T06:02:59.000+0000
0PS4O000000zpzBWAQ,Sales_Opp,Sales Opp,,,true,false,,,,Regular,false,,2020-11-02T14:52:00.000+0000,2025-05-30T21:01:41.000+0000
0PS4O0000009WesWAE,Sales_Opportunity_Access,Sales Opportunity Access,,,true,false,,,,Regular,false,,2021-01-04T15:41:38.000+0000,2025-05-30T21:01:41.000+0000
0PSRo000000AqTaOAK,SalesWorkspace,Sales Workspace User,"Access sales metrics, recommended actions, and agent activity in Sales Workspace",0PLRo0000007vKvOAI,false,false,,,force,Standard,false,,2025-10-28T03:34:17.000+0000,2026-08-15T06:02:59.000+0000
0PS4O000000WtbDWAS,Sales_and_Return_Opps,Sales and Return Opps,Added for Joanna in Harrisburg to improve Vendor Return process,,true,false,,,,Regular,false,,2019-10-09T20:12:51.000+0000,2025-05-30T21:01:41.000+0000
0PSRo000000FlZiOAK,SalesCloudCallCoachingSeller,SalesCloudCallCoachingSeller,,,true,false,,,force,Group,false,0PGRo0000001hPVOAY,2026-07-07T22:36:48.000+0000,2026-07-07T22:39:06.000+0000
0PSRo000000EsBrOAK,SalesCloudSeller,SalesCloudSeller,,,true,false,,,force,Group,false,0PGRo0000001Ot8OAE,2026-06-13T04:27:41.000+0000,2026-06-13T04:30:12.000+0000
0PSRo000000EsBqOAK,SalesCloudSellerUnlimited,SalesCloudSellerUnlimited,,,true,false,,,force,Group,false,0PGRo0000001Ot7OAE,2026-06-13T04:27:41.000+0000,2026-06-13T04:30:19.000+0000
0PSRo000000AadJOAS,SalesWorkspacePSG,SalesWorkspacePSG,,,true,false,,,force,Group,false,0PGRo0000000vxZOAQ,2025-12-20T06:34:43.000+0000,2026-01-09T08:07:13.000+0000
0PS5b000001V2HuGAK,ApexGuruStandardPermSet,Salesforce Apex Guru,Gives Apex Guru access to analyze code for anti patterns.,1000B0000009MtsQAE,false,false,,,force,Session,true,,2018-06-18T05:10:21.000+0000,2026-08-15T06:02:55.000+0000
0PS4O000000WuGkWAK,C2CHeadlessCMSAccessPermSet,Salesforce CMS Integration Admin,Gives the admin data access and the permissions to integrate Salesforce CMS with any endpoint.,1000B0000009MtsQAE,false,false,,,force,Session,true,,2018-06-18T05:10:21.000+0000,2026-08-15T06:02:55.000+0000
0PS0B000000icISWAY,SalesConsoleUser,Salesforce Console User,Enable Salesforce Console User,0PLU0000000Cdg3OAC,false,false,,,force,Standard,false,,2016-05-07T20:10:06.000+0000,2026-08-15T06:02:59.000+0000
0PS0B0000009LJ5WAM,Sales_Edge,Salesforce Engage,This Permission Set grants users access to Salesforce Engage components,,true,false,,,pi,Regular,false,,2016-09-14T19:31:20.000+0000,2025-05-30T21:01:41.000+0000
0PSRo0000008PHeOAM,SalesforceMeetings,Salesforce Meetings,Grants access to use Salesforce Meetings,0PLRo0000006lCQOAY,false,false,,,force,Standard,false,,2025-08-01T04:08:22.000+0000,2026-08-15T06:02:59.000+0000
0PSRo0000008PHdOAM,SalesMeetingsIncluded,Salesforce Meetings Included,Grants access to use Salesforce Meetings.,0PLRo0000006lCPOAY,false,false,,,force,Standard,false,,2025-08-01T04:08:22.000+0000,2026-08-15T06:02:59.000+0000
0PSRo0000008PHfOAM,ScaleCenterStandardPS,Scale Center Standard Permission Set,Gives the user access to the Scale Center standard features.,0PLRo0000006lCMOAY,false,false,,,force,Standard,false,,2025-08-01T04:08:22.000+0000,2026-08-15T06:02:59.000+0000
0PSRo0000008PFlOAM,ScaleCenterUsers,ScaleCenterUsers,,,true,false,,,force,Group,false,0PGRo0000000PUfOAM,2025-08-01T04:08:24.000+0000,2025-08-01T04:08:34.000+0000
0PS5b000000Dk3ZGAS,Scan_to_Salesforce,Scan to Salesforce,"Grant permissions to edit SSCard, and show the tab. / SSCardへの書き込み権限を付与して、タブを表示をします。",,true,false,,,sansancard,Regular,false,,2023-01-11T22:02:39.000+0000,2025-05-30T21:01:41.000+0000
0PS5b000000Dk3aGAC,Scan_to_Salesforce_Admin,Scan to Salesforce Admin,Grant Scan to Salesforce admin permission,,true,false,,,sansancard,Regular,false,,2023-01-11T22:02:40.000+0000,2025-05-30T21:01:41.000+0000
0PS5b000001V2HvGAK,SeasIndexingPermSet,SeaS Indexing C2C User Perm,Allows the user to access entities indexed by SeaS indexing pipeline.,1000B0000009MtsQAE,false,false,,,force,Session,true,,2018-06-18T05:10:21.000+0000,2026-08-15T06:02:55.000+0000
0PSRo0000004W4cOAE,SalesCloudMobileUser,Seller-Focused Sales Mobile Experience,"Use an experience that’s tailored for sellers on mobile. Easily view and update key information, contact with a swipe, and keep deals on track.",100U0000000Hb0mIAC,false,false,,,force,Standard,false,,2014-05-16T18:55:04.000+0000,2026-08-15T06:02:55.000+0000
0PS5b000000Dp2gGAC,Send_Email_Through_External_Systems,Send Email Through External Systems,,,true,false,,,,Regular,false,,2023-07-25T15:37:49.000+0000,2025-05-30T21:01:41.000+0000
0PSRo0000002vQROAY,ServiceCatalogAgent,Service Catalog Agent,Access Service Catalog and run catalog items for contacts and users.,0PL5b0000010xGQGAY,false,false,,,force,Standard,false,,2023-12-30T00:24:21.000+0000,2026-08-15T06:02:59.000+0000
0PS5b000001QEYLGA4,ServiceCatalogBuilder,Service Catalog Builder,Manage Service Catalog and update all Service Catalog requests.,0PL5b0000010xGQGAY,false,false,,,force,Standard,false,,2023-12-30T00:24:21.000+0000,2026-08-15T06:02:59.000+0000
0PS5b000001QEYMGA4,ServiceCatalogUser,Service Catalog User,Gives access to Service Catalog.,0PL5b0000010xGQGAY,false,false,,,force,Standard,false,,2023-12-30T00:24:21.000+0000,2026-08-15T06:02:59.000+0000
0PSRo0000002WLaOAM,ServiceUserPsl,Service Cloud User,Denotes that the user is a Service Cloud user.,0PLRo0000001V6fOAE,false,false,,,force,Standard,false,,2024-05-15T04:04:40.000+0000,2026-08-15T06:02:59.000+0000
0PS4O000000vMrYWAU,Service_Contract_Start_and_End_Date_Only,Service Contract - Start and End Date Only,,,true,false,,,,Regular,false,,2021-06-02T17:12:59.000+0000,2025-05-30T21:01:41.000+0000
0PS4O000000WtWmWAK,Service_Contract_Management,Service Contract Management,"This permission set gives users the ability to manipulate the service objects such as service contracts, cases, entitlements, work orders, contract line items, and contract coverages.",,true,false,,,,Regular,false,,2019-09-25T00:40:02.000+0000,2026-06-04T14:05:43.000+0000
0PSRo000000E2RlOAK,Service_Territory_Member_Create_and_Edit_Access,Service Territory Member - Create and Edit Access,,100U0000000Hb0mIAC,true,false,,,,Regular,false,,2026-05-07T09:28:09.000+0000,2026-06-26T10:38:40.000+0000
0PSRo000000Bbc9OAC,Set_Audit_Fields_Upon_Record_Creation,Set Audit Fields Upon Record Creation,,,true,false,,,,Regular,false,,2026-02-12T18:32:48.000+0000,2026-02-12T18:33:23.000+0000
0PSRo0000006uduOAA,ShipAndDebitManagementReadOnlyPsl,Ship and Debit Read-Only Access,Gives users read-only access to Ship and Debit features.,0PLRo0000005ptCOAQ,false,false,,,force,Standard,false,,2025-04-12T13:14:49.000+0000,2026-08-15T06:02:59.000+0000
0PS5b000000HiEaGAK,Ship_to_Account_Opp,Ship to Account Opp,,,true,false,,,,Regular,false,,2021-12-06T19:37:19.000+0000,2025-05-30T21:01:41.000+0000
0PSRo000000CgczOAC,Shipment_Information_Fields_Permission_Set,Shipment Information Fields Permission Set,,100U0000000Hb0mIAC,true,false,,,,Regular,false,,2026-03-25T13:20:29.000+0000,2026-06-01T13:43:02.000+0000
0PS5b000000HiSwGAK,Shipping_Account_Number_Opps,Shipping Account Number - Opps,,,true,false,,,,Regular,false,,2021-12-21T20:46:19.000+0000,2025-05-30T21:01:41.000+0000
0PS4O0000009WeiWAE,Shipping_Cost,Shipping Cost,,,true,false,,,,Regular,false,,2021-01-04T14:58:21.000+0000,2025-05-30T21:01:41.000+0000
0PS5b000000HiFEGA0,Shipping_Team,Shipping Team,"Loaners, Shipments, Work Orders",,true,false,,,,Regular,false,,2021-12-07T15:19:30.000+0000,2026-06-02T21:44:35.000+0000
0PS0B000000b6NmWAI,Shipping_Receiving,Shipping/Receiving,"Assets, Opps, RMAs",,true,false,,,,Regular,false,,2018-04-23T19:30:24.000+0000,2026-02-11T20:05:19.000+0000
0PS5b000000HkUXGA0,SlackServiceUser,Slack Service User,Lets users run the flows for swarming with Service Cloud for Slack.,0PL5b0000004OXHGA2,false,false,,,force,Standard,false,,2022-04-17T05:51:21.000+0000,2026-08-15T06:02:59.000+0000
0PSRo0000003K8fOAE,Sold,Sold,,,true,false,,,,Regular,false,,2024-07-16T13:47:51.000+0000,2025-05-30T21:01:41.000+0000
0PS4O000000vLGNWA2,Sourcing_Request,Sourcing Request,,100U0000000Hb0mIAC,true,false,,,,Regular,false,,2020-07-10T00:14:42.000+0000,2025-05-30T21:01:41.000+0000
0PSRo000000DVvdOAG,StandardEinsteinActivityCapture2Psl,Standard Einstein Activity Capture,Access to Standard Einstein Activity Capture,0PLRo000000AOXJOA4,false,false,,,force,Standard,false,,2026-04-19T03:32:01.000+0000,2026-08-15T06:02:59.000+0000
0PS0B000000b6rNWAQ,StandardEinsteinActivityCapturePsl,Standard Einstein Activity Capture,Access to Standard Einstein Activity Capture,0PL0B0000008Rr3WAE,false,false,,,force,Standard,false,,2018-06-18T05:10:23.000+0000,2026-08-15T06:02:59.000+0000
0PSRo000000BnJxOAK,StockRotationReadOnlyPsl,Stock Rotation Read-Only User,Allow read-only access to Stock Rotation.,0PLRo0000009attOAA,false,false,,,force,Standard,false,,2026-02-21T05:14:57.000+0000,2026-08-15T06:02:59.000+0000
0PS4O000000zpj9WAA,Switch_to_Lightning,Switch to Lightning,,,true,false,,,,Regular,false,,2020-10-01T17:23:50.000+0000,2025-05-30T21:01:41.000+0000
0PSRo0000004umnOAA,System_Work_Order_Scrap_Asset,System Work Order - Scrap Asset,,,true,false,,,,Regular,false,,2024-11-04T04:30:13.000+0000,2025-05-30T21:01:41.000+0000
0PS0B000000b5KSWAY,Systems_Test,Systems Test,,,true,false,,,,Regular,false,,2017-11-09T17:31:35.000+0000,2025-05-30T21:01:41.000+0000
0PSRo0000005VMYOA2,TableauIncludedAppManager,Tableau Included App Manager,Allow manage Tableau Included Apps.,0PLRo0000004m4TOAQ,false,false,,,force,Standard,false,,2025-01-10T05:06:54.000+0000,2026-08-15T06:02:59.000+0000
0PSRo0000005VMXOA2,TableauEinsteinIncludedAppBusinessUser,Tableau Next Included App Business User,Allows manage access for the pre-packaged Tableau Next analytics installed in orgs.,0PLRo0000004m4TOAQ,false,false,,,force,Standard,false,,2025-01-10T05:06:54.000+0000,2026-08-15T06:02:59.000+0000
0PS4O0000009SkvWAE,Total_Cost_of_Assets,Total Cost of Assets,,100U0000000Hb0mIAC,true,false,,,,Regular,false,,2019-06-19T17:58:54.000+0000,2025-05-30T21:01:41.000+0000
0PSRo000000BFq9OAG,Training_Class_Class_Attendance_Access,Training Class/Class Attendance Access,To use in conjunction with training opportunitys,,true,false,,,,Regular,false,,2026-01-16T17:05:08.000+0000,2026-01-16T17:39:13.000+0000
0PS4O000000zpS8WAI,Trigger_Handlers,Trigger Handlers,,,true,false,,,,Regular,false,,2020-09-03T01:06:42.000+0000,2025-05-30T21:01:41.000+0000
0PS0B000000zmzdWAA,Trisonics_User,Trisonics User,"Allows users to edit Trisonics Contacts, Accounts, and Opportunities, bypassing the validation rules currently in place on those objects",,true,false,,,,Regular,false,,2019-03-29T15:10:49.000+0000,2025-05-30T21:01:41.000+0000
0PS4O000000zpstWAA,TrustCardManagerPsl,Trust Card Manager,"Lets users create, read, edit, and delete trust measures for their location's trust card. Also lets users preview and copy the trust card code snippet for their location.",0PL4O000000TRjtWAG,false,false,,,force,Standard,false,,2020-10-19T03:20:45.000+0000,2026-08-15T06:02:59.000+0000
0PS4O000000Wu0rWAC,Two_Factor_Authentication_Required,Two Factor Authentication Required,2FA Required.,,true,false,,,,Regular,false,,2020-01-16T18:35:55.000+0000,2025-05-30T21:01:41.000+0000
0PS5b000000Hm2kGAC,UK_Admin_Permission_Set,UK Admin Permission Set,for UK Admin Permissions - Jon Kean and Jordan Reeves only,100U0000000Hb0mIAC,true,false,,,,Regular,false,,2022-07-05T14:13:06.000+0000,2026-02-02T15:29:16.000+0000
0PSRo00000052PNOAY,UK_Audit_permissions,UK Audit permissions,,,true,false,,,,Regular,false,,2024-11-15T11:29:04.000+0000,2025-05-30T21:01:41.000+0000
0PSRo000000BYkjOAG,US_FSL,US FSL,,,true,false,,,,Group,false,0PGRo00000018ErOAI,2026-02-09T21:19:12.000+0000,2026-08-06T07:56:14.000+0000
0PSRo0000008WAnOAM,US_FSL_V1_Perm,US FSL V1 Perm,"08/13/2025 - Kyle/Delegate Created to provide US FSL Users / testers the ability to see all V1 object, fields, etc",100U0000000Hb0mIAC,true,false,,,,Regular,false,,2025-08-14T00:02:39.000+0000,2026-03-12T15:11:33.000+0000
0PS5b000000DjNnGAK,USF_Flow_Screen_Component_Custom_Objects,USF Flow Screen Component - Custom Objects,,,true,false,,,,Regular,false,,2022-12-13T15:44:25.000+0000,2025-05-30T21:01:41.000+0000
0PS5b000000DjNsGAK,USF_Flow_Screen_Component_Datatable,USF Flow Screen Component - Datatable,Permission Set that gives access to the @AuraEnabled Apex Classes that are part of the Datatable Flow Screen LWC,,true,false,,,,Regular,false,,2022-12-13T15:52:30.000+0000,2025-05-30T21:01:41.000+0000
0PS0B000000b6UdWAI,Unable_to_further_improve_cosmetic,Unable to further improve - cosmetic,,,true,false,,,,Regular,false,,2018-05-09T15:51:01.000+0000,2025-05-30T21:01:41.000+0000
0PS0B000000b5NMWAY,Unable_to_further_improve,Unable to further improve - functional and cosmetic,,,true,false,,,,Regular,false,,2017-11-21T16:25:44.000+0000,2025-05-30T21:01:41.000+0000
0PS4O000000Wtb3WAC,Uncheck_reserve_box,Uncheck reserve box,,,true,false,,,,Regular,false,,2019-10-09T17:24:35.000+0000,2025-05-30T21:01:41.000+0000
0PSRo000000CNsAOAW,UnifiedCatalogAdmin,Unified Catalog Admin,Enables the user to setup unified catalog,0PLRo0000009rQ5OAI,false,false,,,force,Standard,false,,2026-03-06T18:16:58.000+0000,2026-08-15T06:02:59.000+0000
0PSRo000000CNsBOAW,UnifiedCatalogAgent,Unified Catalog Agent,Enables the agent to run service process,0PLRo0000009rQ9OAI,false,false,,,force,Standard,false,,2026-03-06T18:16:58.000+0000,2026-08-15T06:02:59.000+0000
0PSRo000000CNsCOAW,UnifiedCatalogCommunityUser,Unified Catalog Community User,Enables the Community User to run unified catalog service process,0PLRo0000009rQBOAY,false,false,,,force,Standard,false,,2026-03-06T18:16:58.000+0000,2026-08-15T06:02:59.000+0000
0PSRo000000CNorOAG,UnifiedCatalogAdminPsl,UnifiedCatalogAdminPsl,,,true,false,,,force,Group,false,0PGRo0000001DMbOAM,2026-03-06T18:17:00.000+0000,2026-06-13T07:01:47.000+0000
0PSRo000000CNosOAG,UnifiedCatalogAgentPsl,UnifiedCatalogAgentPsl,,,true,false,,,force,Group,false,0PGRo0000001DMcOAM,2026-03-06T18:17:01.000+0000,2026-06-13T07:01:45.000+0000
0PSRo000000CNotOAG,UnifiedCatalogCommunityUserPsl,UnifiedCatalogCommunityUserPsl,,,true,false,,,force,Group,false,0PGRo0000001DMdOAM,2026-03-06T18:17:02.000+0000,2026-06-13T07:01:45.000+0000
0PSRo000000CpGTOA0,ArticleRecommendationsForCasesOnDC,Use Agentforce Article Recommendations for Cases,Grants users access to Agentforce Article Recommendations for Cases.,0PLRo000000ABLZOA4,false,false,,,force,Standard,false,,2026-03-27T16:20:17.000+0000,2026-08-15T06:02:59.000+0000
0PS5b000000HiQCGA0,Use_Lightning_Content_Builder_With_CMS,Use Pardot Content Experience,Create and edit access to Pardot content experience builders and access to Salesforce CMS workspaces and channels.,100U0000000Hb0mIAC,true,false,,,,Regular,false,,2021-12-20T16:58:25.000+0000,2025-05-30T21:01:41.000+0000
0PSRo0000004PcXOAU,Profiles_to_Perm_Set_App_Access,User Access & Permissions Assistant Access,Grant access to User Access & Permissions Assistant app customizations and Connected App with this permission set. Additional user permissions like Customize Application and Manage Profiles & Permission Sets may be required.,,true,false,,,Profile2PermSet,Regular,false,,2024-10-09T09:24:22.000+0000,2025-05-30T21:01:41.000+0000
0PSRo000000D1KrOAK,VeeamDataCloudBackupAndRestoreUserEinsteinGPTPromptTemplatesPsl,Veeam Data Cloud backup and restore user EinsteinGPTPromptTemplatesPsl,"Permissions required for backup, restore and archive data",0PLRo0000003P1wOAE,true,false,,,,Regular,false,,2026-04-07T00:00:29.000+0000,2026-04-07T00:00:29.000+0000
0PSRo0000008zxZOAQ,VeeamDataCloudBackupAndRestoreUserSFDC,Veeam Data Cloud backup and restore user SFDC,"Permissions required for backup, restore and archive data",100U0000000Hb0mIAC,true,false,,,,Regular,false,,2025-10-02T15:18:23.000+0000,2026-08-18T00:00:26.000+0000
0PS4O0000009SkqWAE,Vendor_Sourcing,Vendor Sourcing,,100U0000000Hb0mIAC,true,false,,,,Regular,false,,2019-06-18T20:48:18.000+0000,2025-05-30T21:01:41.000+0000
0PS4O000000WtYYWA0,Vendor_Sourcing_Full_Access,Vendor Sourcing Full Access,,100U0000000Hb0mIAC,true,false,,,,Regular,false,,2019-10-02T20:51:06.000+0000,2025-05-30T21:01:41.000+0000
0PS4O0000009WrXWAU,Vendor_information_on_Asset_Page,Vendor information on Asset Page,,,true,false,,,,Regular,false,,2021-02-06T15:04:54.000+0000,2025-05-30T21:01:41.000+0000
0PS4O000000vL4lWAE,View_Customer_Satisfaction_Surveys,View Customer Satisfaction Surveys,,,true,false,,,,Regular,false,,2020-06-12T03:19:53.000+0000,2025-05-30T21:01:41.000+0000
0PS4O000000WtRDWA0,View_FSR_Attached_Field,View FSR Attached Field,,,true,false,,,,Regular,false,,2019-08-08T12:47:37.000+0000,2025-05-30T21:01:41.000+0000
0PSRo0000009qYrOAI,View_Flows,View Flows,,100U0000000Hb0mIAC,true,false,,,,Regular,false,,2025-11-04T11:32:47.000+0000,2025-11-04T11:47:10.000+0000
0PS0B000000b4r1WAA,View_Global_Header,View Global Header,,,true,false,,,,Regular,false,,2017-08-09T15:18:10.000+0000,2025-05-30T21:01:41.000+0000
0PSRo0000004gofOAA,View_Harvest_Work_Orders,View Harvest Work Orders,,,true,false,,,,Regular,false,,2024-10-17T09:04:01.000+0000,2025-05-30T21:01:41.000+0000
0PSRo000000BL5xOAG,View_Only_ProductTestDatas,View Only - ProductTestDatas,,,true,false,,,,Regular,false,,2026-01-26T18:41:18.000+0000,2026-01-26T18:41:52.000+0000
0PS0B000000b83gWAA,View_Only_Access_to_Evaluations,View Only Access to Evaluations,,,true,false,,,,Regular,false,,2018-12-20T19:19:16.000+0000,2025-05-30T21:01:41.000+0000
0PSRo000000C1oLOAS,UnifiedEngagementHistoryDashboardViewerUserPermSet,View Unified Engagement History Dashboards,Gives a user access to view Unified Engagement History Dashboards.,0PLRo0000009atuOAA,false,false,,,force,Standard,false,,2026-02-21T05:14:57.000+0000,2026-08-15T06:02:59.000+0000
0PSRo000000815NOAQ,Waive_MFA,Waive MFA,,,true,false,,,,Regular,false,,2025-06-19T12:44:19.000+0000,2025-06-19T12:46:09.000+0000
0PSRo0000006snJOAQ,Warehouse_FSL_Visibility_Permission_Set,Warehouse FSL Visibility Permission Set,To enable warehouse teams to view and update Service appointment records for shipping.,100U0000000Hb0mIAC,true,false,,,,Regular,false,,2025-04-09T14:48:37.000+0000,2025-05-30T21:01:41.000+0000
0PS4O000000vMvQWAU,Warranty_claims_and_products,Warranty claims and products,,,true,false,,,,Regular,false,,2021-06-16T18:22:06.000+0000,2025-05-30T21:01:41.000+0000
0PS4O000000vMMWWA2,Work_Order_Line_Items,Work Order Line Items,,,true,false,,,,Regular,false,,2021-03-08T16:43:08.000+0000,2025-05-30T21:01:41.000+0000
0PS5b000000HiCPGA0,Work_Order_Shipping_Sales_Ops,Work Order Shipping - Sales Ops,,,true,false,,,,Regular,false,,2021-12-03T20:03:47.000+0000,2025-05-30T21:01:41.000+0000
0PSRo0000007YcwOAE,YourAccountFeatureDataPermSet,YourAccountFeatureDataPermSet,,1000B0000009MtsQAE,false,false,,,force,Session,true,,2018-06-18T05:10:21.000+0000,2026-08-15T06:02:55.000+0000
0PSRo0000003nqbOAA,YourAccountNotifierPermSet,YourAccountNotifierPermSet,,1000B0000009MtsQAE,false,false,,,force,Session,true,,2018-06-18T05:10:21.000+0000,2026-08-15T06:02:55.000+0000
0PS4O000000WtTxWAK,ZenkraftAdmin,Zenkraft - Admin,Created from a profile that included only standard access setup by Zenkraft at install using Profile to Permission Set Converter. This profile includes access to all the admin functions of Zenkraft.,,true,false,,,,Regular,false,,2019-08-28T21:17:02.000+0000,2025-05-30T21:01:41.000+0000
0PS5b000000HlzvGAC,Zenkraft_Full_Access,Zenkraft - Full Access,,,true,false,,,zkmulti,Regular,false,,2022-06-30T01:13:54.000+0000,2026-02-04T03:23:12.000+0000
0PS5b000000HlzwGAC,Zenkraft_Read_Only,Zenkraft - Read Only,,,true,false,,,zkmulti,Regular,false,,2022-06-30T01:13:57.000+0000,2026-02-04T03:23:14.000+0000
0PS4O000000WtTyWAK,Zenkraft_Read_Only_User,Zenkraft - Read-Only User,Cloned from the Zenkraft admin user with removed permissions.  This permission set only includes access to read shipping information.,,true,false,,,,Regular,false,,2019-08-28T21:17:09.000+0000,2025-05-30T21:01:41.000+0000
0PS4O000000WtTzWAK,Zenkraft_Standard_User,Zenkraft - Standard User,"Cloned from the Zenkraft admin user with removed permissions.  This permission set includes access to create and edit records, but not access to the admin functions of the app.",,true,false,,,,Regular,false,,2019-08-28T21:17:13.000+0000,2025-05-30T21:01:41.000+0000
0PSRo000000BTbNOAW,Zenkraft_Tracking,Zenkraft - Tracking,,,true,false,,,zkmulti,Regular,false,,2026-02-04T03:23:14.000+0000,2026-02-04T03:23:14.000+0000
0PS5b000001QE8GGAW,ZoomInfo_Admin,ZoomInfo Admin,"Enables access to ZoomInfo related tabs, visualforce pages, custom objects, custom metadata types and edit access to managed fields.",,true,false,,,DOZISF,Regular,false,,2023-10-26T12:59:31.000+0000,2025-05-30T21:01:41.000+0000
0PS5b000001QE8HGAW,ZoomInfo_User,ZoomInfo User,"Enables user access to ZoomInfo related tabs, visualforce pages, custom objects, and edit access to managed fields.",,true,false,,,DOZISF,Regular,false,,2023-10-26T12:59:33.000+0000,2025-05-30T21:01:41.000+0000
0PS4O000000bAiDWAU,e2a_Administrator,e2a Administrator,Permission Set - e2a Administrator,,true,false,,,ortoo_e2a,Regular,false,,2020-05-05T18:52:12.000+0000,2025-05-30T21:01:41.000+0000
0PS4O000000bAiEWAU,e2a_Community_User,e2a Community User,"This will give a user permission to use email (send, read, reply, etc.) and to view and change their own email settings and any other personal settings for E2A.
Access to view unmatched emails and match them.",,true,false,,,ortoo_e2a,Regular,false,,2020-05-05T18:52:14.000+0000,2025-05-30T21:01:41.000+0000
0PS4O000000bAiFWAU,e2a_Email_Manager,e2a Email Manager,"This will give access to everything that e2a Email User permission set does, but also allow managing other email settings that are global, or not user specific, but won't give access to creating and editing email rules/mappings.",,true,false,,,ortoo_e2a,Regular,false,,2020-05-05T18:52:15.000+0000,2025-05-30T21:01:41.000+0000
0PS4O000000bAiGWAU,e2a_Email_User,e2a Email User,"This will give a user permission to use email (send, read, reply, etc.) and to view and change their own email settings and any other personal settings for E2A.
Access to view unmatched emails and match them.",,true,false,,,ortoo_e2a,Regular,false,,2020-05-05T18:52:17.000+0000,2025-05-30T21:01:41.000+0000
0PSRo000000GIYrOAO,sfdc_activityplatform,sfdc.activityplatform,Permset for the 'sfdc.activityplatform' C2C integration,1000B0000009MtsQAE,true,false,,,sfdcInternalInt,Session,true,,2026-07-16T15:25:50.000+0000,2026-07-16T15:25:51.000+0000
0PSRo000000D0mzOAC,sfdc_aiplanner_service_permset,sfdc.aiplanner.service.permset,,,true,false,,,,Session,true,,2026-04-06T13:08:53.000+0000,2026-04-06T13:08:53.000+0000
