Id,Name,NamespacePrefix,Status
01p0B000001dsmpQAA,CreateApprovedRepairsTestClass,,Active
01p0B000001dsmqQAA,ProductTestLogicTestClass,,Active
01p0B000001duJkQAI,TestNameTriggerTestClass,,Active
01p0B000001dyDRQAY,UpdateOpportunityFieldsTestClass,,Active
01p0B000001dyGzQAI,Validator_Class,,Active
01p0B000001dzRyQAI,ReviewStatusUpdateTest,,Active
01p0B000001e4dzQAA,EngagementHistoryTypesTest,pi,Active
01p0B000001e4rYQAQ,cAuthURIForEval,,Active
01p0B000001e4rZQAQ,cGoogleAppAuthenticationWithSalesforce,,Active
01p0B000001e4ucQAA,EvalUpdateFieldsTest,,Active
01p0B000001e4unQAA,EvaluationNat,,Active
01p0B000001e4uoQAA,EvaluationNatTestClass,,Active
01p0B000001e6SzQAI,CommunitiesLoginController,,Active
01p0B000001e6T0QAI,CommunitiesLoginControllerTest,,Active
01p0B000001e6T1QAI,CommunitiesLandingController,,Active
01p0B000001e6T2QAI,CommunitiesLandingControllerTest,,Active
01p0B000001e6T3QAI,CommunitiesSelfRegController,,Active
01p0B000001e6T4QAI,CommunitiesSelfRegControllerTest,,Active
01p0B000001e6T5QAI,CommunitiesSelfRegConfirmController,,Active
01p0B000001e6T6QAI,CommunitiesSelfRegConfirmControllerTest,,Active
01p0B000001e7A3QAI,NewLoanerOpp,,Active
01p0B000001e7bYQAQ,UpdateAccountBatch,,Active
01p0B000001e7bZQAQ,UpdateAccountBatchTestClass,,Active
01p0B000001e9P6QAI,PardotMergeTagsRepo,pi,Active
01p0B000001e9P7QAI,PardotMergeTagsRepoTest,pi,Active
01p0B000001eBonQAE,CustomSearchController,,Active
01p0B000001eDfBQAU,EHMailAppController,pi,Active
01p0B000001eDfCQAU,LFxHandler,pi,Active
01p0B000001eDfDQAU,LFxHandlerTest,pi,Active
01p0B000001eDiAQAU,SS_CarouselController,cloudx_cms,Active
01p0B000001eDiBQAU,SS_CarouselControllerTest,cloudx_cms,Active
01p0B000001eDiCQAU,SS_CarouselSlideDTO,cloudx_cms,Active
01p0B000001eDiFQAU,AuraDashboardController,lighten,Active
01p0B000001eDiGQAU,AuraDashboardControllerTest,lighten,Active
01p0B000001eDiHQAU,AuraSalesStats,lighten,Active
01p0B000001eDiIQAU,LUP_TaskW,lighten,Active
01p0B000001eDiJQAU,LoginHistoryW,lighten,Active
01p0B000001eDl4QAE,AddProductPortal,,Active
01p0B000001eDl5QAE,AddProductPortalTestClass,,Active
01p0B000001eDrHQAU,SoboService,pi,Active
01p0B000001eDrIQAU,SoboServiceTest,pi,Active
01p0B000001eEgoQAE,NewWarrantyOpp,,Active
01p0B000001eEgpQAE,NewWarrantyTest,,Active
01p0B000001eEkmQAE,WorkOrderTestClass,,Active
01p0B000001eEknQAE,WorkOrderUpdateTestClass,,Active
01p0B000001eEnLQAU,BeforeUpdateOpportunityTest,,Active
01p0B000001eEnMQAU,GoogleAuthTestClass,,Active
01p0B000001eKN1QAM,PersonAccountSendToPardotController,pi,Active
01p0B000001eKN2QAM,PersonAccountSendToPardotControllerTest,pi,Active
01p0B000001eM0xQAE,PardotUserRepo,pi,Active
01p0B000001eNQsQAM,AsyncRequestAlertsBPOPruning,pi,Active
01p0B000001eNQtQAM,AsyncRequestAlertsBPOPruningTest,pi,Active
01p0B000001eNQuQAM,PardotAccount,pi,Active
01p0B000001eNQvQAM,PardotAccountsRepo,pi,Active
01p0B000001eNQwQAM,PardotAccountsRepoTest,pi,Active
01p0B000001eNeBQAU,AlertsBPOPruningEndpoint,pi,Active
01p0B000001eNeCQAU,AlertsBPOPruningEndpointTest,pi,Active
01p0B000001eQKbQAM,Ratings,,Active
01p0B000001eQKcQAM,RatingsUpdateTest,,Active
01p0B000001eQUlQAM,UpdateProductFieldOtherBatch,,Active
01p0B000001eQUmQAM,UpdateProductFieldOtherBatchTestClass,,Active
01p0B000001eQixQAE,NewOppTest,,Active
01p0B000001eRdoQAE,UpdateProductFieldBatchTest,,Active
01p0B000001eSmfQAE,FilesController,pi,Active
01p0B000001eUVYQA2,PardotExceptionData,pi,Active
01p0B000001eUezQAE,SourcingRequest,,Active
01p0B000001eUpJQAU,OpportunityShippingCheckList,,Active
01p0B000001eUpnQAE,RecentEngagementActivityWrapper,pi,Active
01p0B000001eYcsQAE,Subscription,osfb,Active
01p0B000001eYctQAE,SubscriptionController,osfb,Active
01p0B000001eYcuQAE,SubscriptionController_Test,osfb,Active
01p0B000001eYkNQAU,OpportunityShippingCheckListTest,,Active
01p0B000001eYkSQAU,RatingsTest,,Active
01p0B000001eYkcQAE,TemporaryTests,,Active
01p0B000001eYmsQAE,AccountJsonBuilder,pandadoc,Active
01p0B000001eYmtQAE,AttachmentsHelper,pandadoc,Active
01p0B000001eYmuQAE,BaseController,pandadoc,Active
01p0B000001eYmvQAE,BaseControllerTest,pandadoc,Active
01p0B000001eYmwQAE,ChangeOpportunityAmountTriggerHandler,pandadoc,Active
01p0B000001eYmxQAE,ChangeOpportunityAmountTriggerTest,pandadoc,Active
01p0B000001eYmyQAE,ChangeOpportunityStatusSettingCtrl,pandadoc,Active
01p0B000001eYmzQAE,ChangeOpportunityStatusSettingCtrlTest,pandadoc,Active
01p0B000001eYn0QAE,ChangeOpportunityStatusTriggerHandler,pandadoc,Active
01p0B000001eYn1QAE,ChangeOpportunityStatusTriggerTest,pandadoc,Active
01p0B000001eYn2QAE,CheckBox,pandadoc,Active
01p0B000001eYn3QAE,CleanUpBatch,pandadoc,Active
01p0B000001eYn4QAE,CleanUpBatchTest,pandadoc,Active
01p0B000001eYn5QAE,CleanUpCtrl,pandadoc,Active
01p0B000001eYn6QAE,CleanUpCtrlTest,pandadoc,Active
01p0B000001eYn7QAE,ConfigAccountJsonBuilderController,pandadoc,Active
01p0B000001eYn8QAE,ConfigAccountJsonBuilderControllerTest,pandadoc,Active
01p0B000001eYn9QAE,ConfigurePricingItemsCtrl,pandadoc,Active
01p0B000001eYnAQAU,ConfigurePricingItemsCtrlTest,pandadoc,Active
01p0B000001eYnBQAU,ConfigureRecipientsCtrl,pandadoc,Active
01p0B000001eYnCQAU,ConfigureRecipientsCtrlTest,pandadoc,Active
01p0B000001eYnDQAU,ContactJsonBuilder,pandadoc,Active
01p0B000001eYnEQAU,CreateNewPandaDocController,pandadoc,Active
01p0B000001eYnFQAU,CreateNewPandaDocControllerTest,pandadoc,Active
01p0B000001eYnGQAU,CustomException,pandadoc,Active
01p0B000001eYnHQAU,DescribeCache,pandadoc,Active
01p0B000001eYnIQAU,DocumentWrapper,pandadoc,Active
01p0B000001eYnJQAU,DocumentWrapperTest,pandadoc,Active
01p0B000001eYnKQAU,DocumentsActivityHandler,pandadoc,Active
01p0B000001eYnLQAU,DocumentsActivityHandlerCtrl,pandadoc,Active
01p0B000001eYnMQAU,DocumentsActivityHandlerCtrlTest,pandadoc,Active
01p0B000001eYnNQAU,DocumentsActivityHandlerTest,pandadoc,Active
01p0B000001eYnOQAU,FieldWrapper,pandadoc,Active
01p0B000001eYnPQAU,Item,pandadoc,Active
01p0B000001eYnQQAU,ItemTest,pandadoc,Active
01p0B000001eYnRQAU,JsonBuilder,pandadoc,Active
01p0B000001eYnSQAU,JsonBuilderFactory,pandadoc,Active
01p0B000001eYnTQAU,JsonBuilderTest,pandadoc,Active
01p0B000001eYnUQAU,LeadJsonBuilder,pandadoc,Active
01p0B000001eYnVQAU,LogFactory,pandadoc,Active
01p0B000001eYnWQAU,LogFactoryTest,pandadoc,Active
01p0B000001eYnXQAU,LogsDownloadController,pandadoc,Active
01p0B000001eYnYQAU,LogsDownloadControllerTest,pandadoc,Active
01p0B000001eYnZQAU,MapperUtils,pandadoc,Active
01p0B000001eYnaQAE,MapperUtilsTest,pandadoc,Active
01p0B000001eYnbQAE,OpportunityJsonBuilder,pandadoc,Active
01p0B000001eYncQAE,OpportunityJsonBuilderCtrl,pandadoc,Active
01p0B000001eYndQAE,OpportunityJsonBuilderCtrlTest,pandadoc,Active
01p0B000001eYneQAE,OutputData,pandadoc,Active
01p0B000001eYnfQAE,OutputDataTest,pandadoc,Active
01p0B000001eYngQAE,PandaDocController,pandadoc,Active
01p0B000001eYnhQAE,PandaDocControllerTest,pandadoc,Active
01p0B000001eYniQAE,PandaDocDocumentService,pandadoc,Active
01p0B000001eYnjQAE,PandaDocDocumentTriggerHandler,pandadoc,Active
01p0B000001eYnkQAE,PandaDocDocumentTriggerHandlerCtrl,pandadoc,Active
01p0B000001eYnlQAE,PandaDocDocumentTriggerHandlerCtrlTest,pandadoc,Active
01p0B000001eYnmQAE,PandaDocDocumentTriggerHandlerTest,pandadoc,Active
01p0B000001eYnnQAE,PandaDocFilesTriggerHandler,pandadoc,Active
01p0B000001eYnoQAE,PandaDocFilesTriggerHandlerCtrl,pandadoc,Active
01p0B000001eYnpQAE,PandaDocFilesTriggerHandlerCtrlTest,pandadoc,Active
01p0B000001eYnqQAE,PandaDocHelper,pandadoc,Active
01p0B000001eYnrQAE,PandaDocHelperTest,pandadoc,Active
01p0B000001eYnsQAE,PandaDocWebServiceCallout,pandadoc,Active
01p0B000001eYntQAE,PandaDocWebServiceData,pandadoc,Active
01p0B000001eYnuQAE,PandaDocWebServiceDataTest,pandadoc,Active
01p0B000001eYnvQAE,PandaDocWebServiceHelper,pandadoc,Active
01p0B000001eYnwQAE,PostInstallationScript,pandadoc,Active
01p0B000001eYnxQAE,PostInstallationScriptTest,pandadoc,Active
01p0B000001eYnyQAE,Recipient,pandadoc,Active
01p0B000001eYnzQAE,RecipientTest,pandadoc,Active
01p0B000001eYo0QAE,SDKResourcesController,pandadoc,Active
01p0B000001eYo1QAE,SDKResourcesControllerTest,pandadoc,Active
01p0B000001eYo2QAE,SObjectFildSetStructureBuilder,pandadoc,Active
01p0B000001eYo3QAE,SObjectMappingCtrl,pandadoc,Active
01p0B000001eYo4QAE,SObjectMappingCtrlTest,pandadoc,Active
01p0B000001eYo5QAE,SecurityManager,pandadoc,Active
01p0B000001eYo6QAE,SecurityManagerTest,pandadoc,Active
01p0B000001eYo7QAE,SoqlBuilder,pandadoc,Active
01p0B000001eYo8QAE,StandardJsonBuilder,pandadoc,Active
01p0B000001eYo9QAE,StandardJsonBuilderController,pandadoc,Active
01p0B000001eYoAQAU,StandardJsonBuilderControllerTest,pandadoc,Active
01p0B000001eYoBQAU,StandardJsonBuilderTest,pandadoc,Active
01p0B000001eYoCQAU,TestDataUtils,pandadoc,Active
01p0B000001eYoDQAU,TriggerManager,pandadoc,Active
01p0B000001eYoEQAU,TriggerSettingController,pandadoc,Active
01p0B000001eYoFQAU,TriggerSettingControllerTest,pandadoc,Active
01p0B000001eYoGQAU,TriggerTemplate,pandadoc,Active
01p0B000001eYoHQAU,UpdateOpportunityProductsHandler,pandadoc,Active
01p0B000001eYoIQAU,UpdateOpportunityProductsHandlerTest,pandadoc,Active
01p0B000001eZagQAE,AsyncRequestCategoryScoreDeleteBatch,pi,Active
01p0B000001eZahQAE,AsyncRequestCategoryScoreDeleteBatchTest,pi,Active
01p0B000001eZaiQAE,PardotListMembershipUserAccessExtension,pi,Active
01p0B000001edbPQAQ,GraphiteMetricsRepo,pi,Active
01p0B000001edbQQAQ,GraphiteMetricsRepoHttpCalloutMock,pi,Active
01p0B000001edbRQAQ,MicroCampaignCampaignStdCtrl,pi,Active
01p0B000001edbSQAQ,MicroCampaignCampaignStdCtrlTest,pi,Active
01p0B000001edbTQAQ,PostInstallHandlerTest,pi,Active
01p0B000001edbUQAQ,UpdateGraphiteMetricsEndpoint,pi,Active
01p0B000001edbVQAQ,UpdateGraphiteMetricsEndpointTest,pi,Active
01p0B000001ee7RQAQ,CustomSearchControllerTest,,Active
01p0B000001ee7SQAQ,DatabaseService,,Active
01p0B000001ee7TQAQ,DatabaseServiceTest,,Active
01p0B000001ee7UQAQ,ProboCommonUtils,,Active
01p0B000001ee7VQAQ,ProboCommonUtilsTest,,Active
01p0B000001ee7WQAQ,ProboConstants,,Active
01p0B000001ee7XQAQ,ProboConstantsTest,,Active
01p0B000001ee7YQAQ,TestBusiness_Opps,,Active
01p0B000001ee7ZQAQ,TestDataFactory,,Active
01p0B000001ee7aQAA,TestDataFactoryTest,,Active
01p0B000001eegHQAQ,ListEsProgramsEndpoint,pi,Active
01p0B000001eegIQAQ,ListEsProgramsRepo,pi,Active
01p0B000001ef0lQAA,NewLoanerTest,,Active
01p0B000001efSVQAY,PermissionSetHelper,pi,Active
01p0B000001eg74QAA,ScoringCategoryEndpoint,pi,Active
01p0B000001egRdQAI,ScoringCategoryEndpointUtility,pi,Active
01p0B000001egkQQAQ,PermSetSanityTest,pi,Active
01p0B000001lzJSQAY,EngagementHistoryControllerV2,pi,Active
01p0B000001lzJTQAY,EngagementHistoryControllerV2Test,pi,Active
01p0B000001lzJUQAY,EngagementHistoryHydrator,pi,Active
01p0B000001lzJVQAY,EngagementHistoryHydratorFactory,pi,Active
01p0B000001lzJWQAY,EngagementHistoryHydratorFactoryTest,pi,Active
01p0B000001lzJXQAY,EngagementHistoryMetaGenerator,pi,Active
01p0B000001lzJYQAY,EngagementHistoryMetaGeneratorTest,pi,Active
01p0B000001lzJZQAY,EngagementHistoryNameGenerator,pi,Active
01p0B000001lzJaQAI,EngagementHistoryNameGeneratorTest,pi,Active
01p0B000001lzJbQAI,EngagementHistoryNames,pi,Active
01p0B000001lzJcQAI,EngagementHistoryPardotRepo,pi,Active
01p0B000001lzJdQAI,EngagementHistoryPardotRepoTest,pi,Active
01p0B000001lzJeQAI,EngagementHistoryTypeValidator,pi,Active
01p0B000001lzJfQAI,EngagementHistoryTypeValidatorTest,pi,Active
01p0B000001lzJgQAI,EngagementHistoryTypes,pi,Active
01p0B000001m4ffQAA,ChangeTaskFromPardotTaskTriggerHandler,pi,Active
01p0B000001m4fgQAA,CreateTaskFromPardotTaskBatch,pi,Active
01p0B000001m4fhQAA,CreateTaskFromPardotTaskBatchTest,pi,Active
01p0B000001m4fiQAA,MockTaskInserter,pi,Active
01p0B000001m4fjQAA,TaskInsertError,pi,Active
01p0B000001m4fkQAA,TaskInsertErrorTest,pi,Active
01p0B000001m4flQAA,TaskInserter,pi,Active
01p0B000001m4fmQAA,TaskSaveResult,pi,Active
01p0B000001m4fnQAA,TaskSaveResultTest,pi,Active
01p0B000001m570QAA,PeopleRecordsRepoTest,pi,Active
01p0B000001m7eYQAQ,AsyncApexJobEndpoint,pi,Active
01p0B000001m9BdQAI,DocTrained,,Active
01p0B000001m9BeQAI,DocTrainedTestClass,,Active
01p0B000001m9ylQAA,LogsRepoHttpCalloutMock,pi,Active
01p0B000001mARiQAM,PApiController,pi,Active
01p0B000001mAcRQAU,UpdateActionPlanStatusTest,,Active
01p0B000001mDSZQA2,PApiCommandExecutor,pi,Active
01p0B000001mDSaQAM,PApiCommandExecutorTest,pi,Active
01p0B000001mDSbQAM,PApiCommandResponse,pi,Active
01p0B000001mDScQAM,PApiCommandTypes,pi,Active
01p0B000001mDSdQAM,PApiCommandValidator,pi,Active
01p0B000001mDSeQAM,PApiCommandValidatorTest,pi,Active
01p0B000001mDSfQAM,PApiControllerTest,pi,Active
01p0B0000026muJQAQ,setCustomModifyDate,,Active
01p0B0000026muKQAQ,setCustomModifyDateTestClass,,Active
01p0B0000026nn6QAA,AdminUIController,RingCentral,Active
01p0B0000026nn7QAA,AdminUIControllerTest,RingCentral,Active
01p0B0000026nn8QAA,PhoneNumbersAccountController,RingCentral,Active
01p0B0000026nn9QAA,PhoneNumbersAccountControllerTest,RingCentral,Active
01p0B0000026nnAQAQ,PhoneNumbersContactController,RingCentral,Active
01p0B0000026nnBQAQ,PhoneNumbersContactControllerTest,RingCentral,Active
01p0B0000026nnCQAQ,PhoneNumbersLeadController,RingCentral,Active
01p0B0000026nnDQAQ,PhoneNumbersLeadControllerTest,RingCentral,Active
01p0B0000026npMQAQ,AccessPardotController,pi,Active
01p0B0000026npNQAQ,AccessPardotControllerByOrg,pi,Active
01p0B0000026npOQAQ,AccessPardotControllerByUser,pi,Active
01p0B0000026npPQAQ,AccessPardotControllerTest,pi,Active
01p0B0000026npRQAQ,AccountsEndpoint,pi,Active
01p0B0000026npSQAQ,AccountsEndpointTest,pi,Active
01p0B0000026npVQAQ,ActiveUser,pi,Active
01p0B0000026npWQAQ,ActiveUserEndpoint,pi,Active
01p0B0000026npXQAQ,ActiveUserEndpointTest,pi,Active
01p0B0000026npYQAQ,Api,pi,Active
01p0B0000026npZQAQ,ApiFactory,pi,Active
01p0B0000026npaQAA,ApiFactoryTest,pi,Active
01p0B0000026npbQAA,ApplicationConfiguration,pi,Active
01p0B0000026npcQAA,ApplicationConfigurationController,pi,Active
01p0B0000026npdQAA,ApplicationConfigurationException,pi,Active
01p0B0000026npeQAA,ApplicationConfigurationTest,pi,Active
01p0B0000026npfQAA,AssignSELicenseController,pi,Active
01p0B0000026npgQAA,AssignSELicenseControllerTest,pi,Active
01p0B0000026nphQAA,AsyncRequest,pi,Active
01p0B0000026npiQAA,AsyncRequestBatch,pi,Active
01p0B0000026npjQAA,AsyncRequestBatchProcessor,pi,Active
01p0B0000026npkQAA,AsyncRequestBatchProcessorTest,pi,Active
01p0B0000026nplQAA,AsyncRequestOCLPruningBatch,pi,Active
01p0B0000026npmQAA,AsyncRequestOCLPruningBatchTest,pi,Active
01p0B0000026npnQAA,AsyncRequestScorigory,pi,Active
01p0B0000026npoQAA,AsyncRequestScorigoryTest,pi,Active
01p0B0000026nppQAA,AsyncRequestTest,pi,Active
01p0B0000026npqQAA,AuthenticatedPardotApi,pi,Active
01p0B0000026nprQAA,AuthenticatedPardotApiTest,pi,Active
01p0B0000026npsQAA,BaseController,pi,Active
01p0B0000026nptQAA,BaseControllerTest,pi,Active
01p0B0000026npuQAA,ChangeTaskFromPardotTaskTest,pi,Active
01p0B0000026npvQAA,CheckPdAccess,pi,Active
01p0B0000026npwQAA,CheckPdAccessTest,pi,Active
01p0B0000026npxQAA,ConnectorPermAssigner,pi,Active
01p0B0000026npyQAA,Constants,pi,Active
01p0B0000026npzQAA,ContactDeleteScoresTriggerHandler,pi,Active
01p0B0000026nq0QAA,CurrentUser,pi,Active
01p0B0000026nq1QAA,CurrentUserTest,pi,Active
01p0B0000026nq2QAA,DeleteScoresTriggerHandler,pi,Active
01p0B0000026nq3QAA,DeleteScoresTriggerHandlerTest,pi,Active
01p0B0000026nq4QAA,ESAPI,pi,Active
01p0B0000026nq5QAA,EmailSearchEndpoint,pi,Active
01p0B0000026nq6QAA,EmailSearchEndpointTest,pi,Active
01p0B0000026nq7QAA,EmailSearchEndpointV2,pi,Active
01p0B0000026nq8QAA,EmailSearchEndpointV2Test,pi,Active
01p0B0000026nq9QAA,EmailSearchUtil,pi,Active
01p0B0000026nqAQAQ,EmailTemplateEndpoint,pi,Active
01p0B0000026nqBQAQ,EmailTemplateEndpointTest,pi,Active
01p0B0000026nqCQAQ,EmailTemplateEndpointV2,pi,Active
01p0B0000026nqDQAQ,EmailTemplateEndpointV2Test,pi,Active
01p0B0000026nqEQAQ,EmailTemplateMergedEndpoint,pi,Active
01p0B0000026nqFQAQ,EmailTemplateMergedEndpointTest,pi,Active
01p0B0000026nqGQAQ,EmailTemplateMergedEndpointV2,pi,Active
01p0B0000026nqHQAQ,EmailTemplateMergedEndpointV2Test,pi,Active
01p0B0000026nqIQAQ,EmailTemplateReplaceTool,pi,Active
01p0B0000026nqJQAQ,EmailTemplateReplaceToolTest,pi,Active
01p0B0000026nqKQAQ,EmailTemplateRepo,pi,Active
01p0B0000026nqLQAQ,EmailTemplateRepoTest,pi,Active
01p0B0000026nqMQAQ,EmailTrackingService,pi,Active
01p0B0000026nqNQAQ,EmailTrackingServiceTest,pi,Active
01p0B0000026nqOQAQ,FeatureFlagDefaultManager,pi,Active
01p0B0000026nqPQAQ,FeatureFlagDefaultManagerTest,pi,Active
01p0B0000026nqQQAQ,FilterController,pi,Active
01p0B0000026nqRQAQ,FilterControllerTest,pi,Active
01p0B0000026nqSQAQ,FilterEndpoint,pi,Active
01p0B0000026nqTQAQ,FilterEndpointTest,pi,Active
01p0B0000026nqUQAQ,FilterRepo,pi,Active
01p0B0000026nqVQAQ,FilterRepoException,pi,Active
01p0B0000026nqWQAQ,FilterRepoTest,pi,Active
01p0B0000026nqXQAQ,FilterUserEndpoint,pi,Active
01p0B0000026nqYQAQ,FilterUserEndpointTest,pi,Active
01p0B0000026nqZQAQ,FindPeopleMatchesProcedure,pi,Active
01p0B0000026nqaQAA,FindPeopleMatchesProcedureTest,pi,Active
01p0B0000026nqbQAA,Hash,pi,Active
01p0B0000026nqcQAA,HashTest,pi,Active
01p0B0000026nqdQAA,HttpResponseParser,pi,Active
01p0B0000026nqeQAA,InvalidInputException,pi,Active
01p0B0000026nqfQAA,LDFilter,pi,Active
01p0B0000026nqgQAA,LastScoredAtFieldTriggerHandler,pi,Active
01p0B0000026nqhQAA,LastScoredAtFieldTriggerHandlerTest,pi,Active
01p0B0000026nqiQAA,LeadDeckController,pi,Active
01p0B0000026nqjQAA,LeadDeckControllerTest,pi,Active
01p0B0000026nqkQAA,LeadDeleteScoresTriggerHandler,pi,Active
01p0B0000026nqlQAA,ListDripProgramsEndpoint,pi,Active
01p0B0000026nqmQAA,ListDripProgramsEndpointTest,pi,Active
01p0B0000026nqnQAA,ListDripProgramsRepo,pi,Active
01p0B0000026nqoQAA,ListMembershipEndpoint,pi,Active
01p0B0000026nqpQAA,ListMembershipEndpointTest,pi,Active
01p0B0000026nqqQAA,ListMembershipsRepo,pi,Active
01p0B0000026nqrQAA,ListMembershipsRepoTest,pi,Active
01p0B0000026nqsQAA,ListsController,pi,Active
01p0B0000026nqtQAA,ListsControllerTest,pi,Active
01p0B0000026nquQAA,ListsEndpoint,pi,Active
01p0B0000026nqvQAA,ListsEndpointTest,pi,Active
01p0B0000026nqwQAA,ListsRepo,pi,Active
01p0B0000026nqxQAA,LogAccountDeleteTriggerHandler,pi,Active
01p0B0000026nqyQAA,LogAccountDeleteTriggerHandlerTest,pi,Active
01p0B0000026nqzQAA,LogAccountEmailFieldTriggerHandlerTest,pi,Active
01p0B0000026nr0QAA,LogAccountObjectEmailFieldTriggerHandler,pi,Active
01p0B0000026nr1QAA,LogContactObjectEmailFieldTriggerHandler,pi,Active
01p0B0000026nr2QAA,LogLeadObjectEmailFieldTriggerHandler,pi,Active
01p0B0000026nr3QAA,LogObjectEmailFieldTriggerHandler,pi,Active
01p0B0000026nr4QAA,LogObjectEmailFieldTriggerHandlerTest,pi,Active
01p0B0000026nr5QAA,Logger,pi,Active
01p0B0000026nr6QAA,LoggerTest,pi,Active
01p0B0000026nr7QAA,LogsEndpoint,pi,Active
01p0B0000026nr8QAA,LogsEndpointTest,pi,Active
01p0B0000026nr9QAA,LogsRepo,pi,Active
01p0B0000026nrAQAQ,LogsRepoTest,pi,Active
01p0B0000026nrBQAQ,MarketingActionRepo,pi,Active
01p0B0000026nrCQAQ,MarketingActionRepoTest,pi,Active
01p0B0000026nrDQAQ,MarketingActionSummaryController,pi,Active
01p0B0000026nrEQAQ,MarketingActionSummaryControllerTest,pi,Active
01p0B0000026nrFQAQ,MarketingActionsController,pi,Active
01p0B0000026nrGQAQ,MarketingActionsControllerTest,pi,Active
01p0B0000026nrHQAQ,MarketingActionsEndpoint,pi,Active
01p0B0000026nrIQAQ,MarketingActionsEndpointTest,pi,Active
01p0B0000026nrJQAQ,MarketingActionsRequest,pi,Active
01p0B0000026nrKQAQ,MarketingActionsRequestTest,pi,Active
01p0B0000026nrLQAQ,MicroCampaign,pi,Active
01p0B0000026nrMQAQ,MicroCampaignCtrl,pi,Active
01p0B0000026nrNQAQ,MicroCampaignCtrlTest,pi,Active
01p0B0000026nrOQAQ,MicroCampaignCustomCtrl,pi,Active
01p0B0000026nrPQAQ,MicroCampaignCustomCtrlTest,pi,Active
01p0B0000026nrQQAQ,MicroCampaignRecipient,pi,Active
01p0B0000026nrRQAQ,MicroCampaignSetCtrl,pi,Active
01p0B0000026nrSQAQ,MicroCampaignSetCtrlTest,pi,Active
01p0B0000026nrTQAQ,MicroCampaignStdCtrl,pi,Active
01p0B0000026nrUQAQ,MicroCampaignStdCtrlTest,pi,Active
01p0B0000026nrVQAQ,MissingParamsException,pi,Active
01p0B0000026nrWQAQ,MockAuthenticatedPardotApi,pi,Active
01p0B0000026nrXQAQ,MockHttpResponseGenerator,pi,Active
01p0B0000026nrYQAQ,MockPardotApi,pi,Active
01p0B0000026nrZQAQ,MockPardotApiResponseGenerator,pi,Active
01p0B0000026nraQAA,NoEngageLicenseException,pi,Active
01p0B0000026nrbQAA,NullArgumentException,pi,Active
01p0B0000026nrcQAA,OutlookAuthController,pi,Active
01p0B0000026nrdQAA,OutlookComposeController,pi,Active
01p0B0000026nreQAA,OutlookComposeControllerTest,pi,Active
01p0B0000026nrfQAA,OutlookEmail,pi,Active
01p0B0000026nrgQAA,OutlookEmailTest,pi,Active
01p0B0000026nrhQAA,PardotApi,pi,Active
01p0B0000026nriQAA,PardotApiCalloutManager,pi,Active
01p0B0000026nrjQAA,PardotApiCalloutManagerTest,pi,Active
01p0B0000026nrkQAA,PardotApiException,pi,Active
01p0B0000026nrlQAA,PardotApiTest,pi,Active
01p0B0000026nrmQAA,PardotConnectorUserResponse,pi,Active
01p0B0000026nrnQAA,PardotEmailRedirect_CTRL,pi,Active
01p0B0000026nroQAA,PardotEmailTemplate,pi,Active
01p0B0000026nrpQAA,PardotEmailTemplateList,pi,Active
01p0B0000026nrqQAA,PardotEndpointHelper,pi,Active
01p0B0000026nrrQAA,PardotEndpointHelperTest,pi,Active
01p0B0000026nrsQAA,PardotFilterResponse,pi,Active
01p0B0000026nrtQAA,PardotMailbox,pi,Active
01p0B0000026nruQAA,PardotMailboxTest,pi,Active
01p0B0000026nrvQAA,PardotMultiEmailRedirect_TEST,pi,Active
01p0B0000026nrwQAA,PardotResourceBaseControllerByUser,pi,Active
01p0B0000026nrxQAA,PardotSsoManager,pi,Active
01p0B0000026nryQAA,PardotSsoManagerTest,pi,Active
01p0B0000026nrzQAA,PardotVariableTagRepo,pi,Active
01p0B0000026ns0QAA,PardotVariableTagRepoTest,pi,Active
01p0B0000026ns1QAA,PartnerSettings,pi,Active
01p0B0000026ns2QAA,PartnerSettingsTest,pi,Active
01p0B0000026ns3QAA,PeopleMatches,pi,Active
01p0B0000026ns4QAA,PeopleRecordsRepo,pi,Active
01p0B0000026ns5QAA,PermissionSetInstaller,pi,Active
01p0B0000026ns6QAA,PersonAccountController,pi,Active
01p0B0000026ns7QAA,PostInstallHandler,pi,Active
01p0B0000026ns8QAA,Prospect,pi,Active
01p0B0000026ns9QAA,ProspectEmailOptOutChecker,pi,Active
01p0B0000026nsAQAQ,ProspectEmailOptOutCheckerTest,pi,Active
01p0B0000026nsBQAQ,ProspectQueryResponse,pi,Active
01p0B0000026nsCQAQ,ProspectQueryResponseTest,pi,Active
01p0B0000026nsDQAQ,ProspectRepo,pi,Active
01p0B0000026nsEQAQ,ProspectRepoTest,pi,Active
01p0B0000026nsFQAQ,ProspectTest,pi,Active
01p0B0000026nsGQAQ,ProspectsEndpoint,pi,Active
01p0B0000026nsHQAQ,ProspectsEndpointTest,pi,Active
01p0B0000026nsIQAQ,RandomUtils,pi,Active
01p0B0000026nsJQAQ,RandomUtilsTest,pi,Active
01p0B0000026nsKQAQ,SFDCAccessControlException,pi,Active
01p0B0000026nsLQAQ,SFDCAccessControlResults,pi,Active
01p0B0000026nsMQAQ,SFDCAccessController,pi,Active
01p0B0000026nsNQAQ,SFDCPlugins,pi,Active
01p0B0000026nsOQAQ,SalesEdgeLicensedUserService,pi,Active
01p0B0000026nsPQAQ,SalesEdgeReportingController,pi,Active
01p0B0000026nsQQAQ,ScheduleHandler,pi,Active
01p0B0000026nsRQAQ,ScheduleHandlerTest,pi,Active
01p0B0000026nsSQAQ,ScheduledDispatcher,pi,Active
01p0B0000026nsTQAQ,ScoringCategories,pi,Active
01p0B0000026nsUQAQ,ScoringCategoryCallout,pi,Active
01p0B0000026nsVQAQ,ScoringCategoryCalloutTest,pi,Active
01p0B0000026nsWQAQ,ScoringCategoryScoreCallout,pi,Active
01p0B0000026nsXQAQ,ScoringCategoryScoreCalloutTest,pi,Active
01p0B0000026nsYQAQ,ScoringCategoryScores,pi,Active
01p0B0000026nsZQAQ,SendToPardotController,pi,Active
01p0B0000026nsaQAA,SendToPardotControllerTest,pi,Active
01p0B0000026nsbQAA,TestHelper,pi,Active
01p0B0000026nscQAA,TestUser,pi,Active
01p0B0000026nsdQAA,TestUserTest,pi,Active
01p0B0000026nseQAA,TrackableEmailSearchEndpoint,pi,Active
01p0B0000026nsfQAA,TrackableEmailSearchEndpointTest,pi,Active
01p0B0000026nsgQAA,TrackedEmailEndpoint,pi,Active
01p0B0000026nshQAA,TrackedEmailEndpointTest,pi,Active
01p0B0000026nsiQAA,TrackedEmailRepo,pi,Active
01p0B0000026nsjQAA,TrackedEmailRepo2,pi,Active
01p0B0000026nskQAA,TrackedEmailRepo2Test,pi,Active
01p0B0000026nslQAA,TrackedEmailRepoTest,pi,Active
01p0B0000026nsmQAA,TrackedEmailRequestBuilder,pi,Active
01p0B0000026nsnQAA,TrackedEmailRequestBuilderTest,pi,Active
01p0B0000026nsoQAA,TriggerHandler,pi,Active
01p0B0000026nspQAA,TriggerHandlerTest,pi,Active
01p0B0000026nsqQAA,UnauthenticatedPardotApi,pi,Active
01p0B0000026nsrQAA,UserAPIKeysHandler,pi,Active
01p0B0000026nssQAA,UserAPIKeysHandlerTest,pi,Active
01p0B0000026nstQAA,UserEncryptionHandler,pi,Active
01p0B0000026nsuQAA,UserEncryptionHandlerTest,pi,Active
01p0B0000026nsvQAA,Uuid,pi,Active
01p0B0000026nswQAA,UuidTest,pi,Active
01p0B0000026nsxQAA,VisitController,pi,Active
01p0B0000026nsyQAA,VisitorController,pi,Active
01p0B0000026nszQAA,VisitorControllerTest,pi,Active
01p0B0000026nt0QAA,testAccessController,pi,Active
01p0B0000026o4RQAQ,PardotResourceBaseByUserExtension,pi,Active
01p0B0000027OlUQAU,CampaignDeleteCheckTriggerHandler,pi,Active
01p0B0000027OlVQAU,CampaignDeleteCheckTriggerHandlerTest,pi,Active
01p0B0000027OlWQAU,CheckFieldLevelSecurity,pi,Active
01p0B0000027OlXQAU,CheckFieldLevelSecurityTest,pi,Active
01p0B0000027OlYQAU,EngageAlertsRepo,pi,Active
01p0B0000027OlZQAU,EngageAlertsRepoTest,pi,Active
01p0B0000027OlaQAE,EngageFilterMetadataWrapper,pi,Active
01p0B0000027OlbQAE,EngagementAlertFilterActionWrapper,pi,Active
01p0B0000027OlcQAE,LDFilterTest,pi,Active
01p0B0000027OldQAE,LocationTools,pi,Active
01p0B0000027OleQAE,LocationToolsTest,pi,Active
01p0B0000027OlfQAE,TrackingAbilityEndpoint,pi,Active
01p0B0000027OlgQAE,TrackingAbilityEndpointTest,pi,Active
01p4O000001exw2QAA,AboutController,ortoo_e2a,Active
01p4O000001exw3QAA,AddressLookupController,ortoo_e2a,Active
01p4O000001exw4QAA,AttachmentProcessor,ortoo_e2a,Active
01p4O000001exw5QAA,AutocompleteComponentController,ortoo_e2a,Active
01p4O000001exw6QAA,BusinessUnitExtension,ortoo_e2a,Active
01p4O000001exw7QAA,CentralEmailDetailExtension,ortoo_e2a,Active
01p4O000001exw8QAA,CloneEmailRuleController,ortoo_e2a,Active
01p4O000001exw9QAA,ClonePatternRule,ortoo_e2a,Active
01p4O000001exwAQAQ,Constants,ortoo_e2a,Active
01p4O000001exwBQAQ,CustomHelpTextLabelController,ortoo_e2a,Active
01p4O000001exwCQAQ,CustomLookupPopupController,ortoo_e2a,Active
01p4O000001exwDQAQ,DraftSelectorController,ortoo_e2a,Active
01p4O000001exwEQAQ,E2ATests,ortoo_e2a,Active
01p4O000001exwFQAQ,E2ATransactionLog,ortoo_e2a,Active
01p4O000001exwGQAQ,E2AUpgrade,ortoo_e2a,Active
01p4O000001exwHQAQ,EmailClientController,ortoo_e2a,Active
01p4O000001exwIQAQ,EmailClientInitController,ortoo_e2a,Active
01p4O000001exwJQAQ,EmailClientMobileController,ortoo_e2a,Active
01p4O000001exwKQAQ,EmailClientMobileController_1,ortoo_e2a,Active
01p4O000001exwLQAQ,EmailDistributionListContacts,ortoo_e2a,Active
01p4O000001exwMQAQ,EmailDistributionListExtension,ortoo_e2a,Active
01p4O000001exwNQAQ,EmailDistributionListUsers,ortoo_e2a,Active
01p4O000001exwOQAQ,EmailGateway,ortoo_e2a,Active
01p4O000001exwPQAQ,EmailGatewayTests,ortoo_e2a,Active
01p4O000001exwQQAQ,EmailHTMLBodyController,ortoo_e2a,Active
01p4O000001exwRQAQ,EmailInboxComponentController,ortoo_e2a,Active
01p4O000001exwSQAQ,EmailMessageTriggerHandler,ortoo_e2a,Active
01p4O000001exwTQAQ,EmailObject,ortoo_e2a,Active
01p4O000001exwUQAQ,EmailProcessExtensionController,ortoo_e2a,Active
01p4O000001exwVQAQ,EmailServicesFunctionExtension,ortoo_e2a,Active
01p4O000001exwWQAQ,EmailServicesFunctionListController,ortoo_e2a,Active
01p4O000001exwXQAQ,EmailStorageDetailPageLiteEditController,ortoo_e2a,Active
01p4O000001exwYQAQ,EmailTemplateUtility,ortoo_e2a,Active
01p4O000001exwZQAQ,EmailToAnything,ortoo_e2a,Active
01p4O000001exwaQAA,EmailToAnythingAuthorInitController,ortoo_e2a,Active
01p4O000001exwbQAA,EmailToAnything_01,ortoo_e2a,Active
01p4O000001exwcQAA,EmailToAnything_02,ortoo_e2a,Active
01p4O000001exwdQAA,EmailToAnything_03,ortoo_e2a,Active
01p4O000001exweQAA,EmailToAnything_04,ortoo_e2a,Active
01p4O000001exwfQAA,EmailToAnything_05,ortoo_e2a,Active
01p4O000001exwgQAA,EmailToAnything_Basic,ortoo_e2a,Active
01p4O000001exwhQAA,FieldAssignmentExtension,ortoo_e2a,Active
01p4O000001exwiQAA,GlobalSettingsController,ortoo_e2a,Active
01p4O000001exwjQAA,LeadTriggerHandler,ortoo_e2a,Active
01p4O000001exwkQAA,MailgunGateway,ortoo_e2a,Active
01p4O000001exwlQAA,MassDeleteExtension,ortoo_e2a,Active
01p4O000001exwmQAA,MatchSelected,ortoo_e2a,Active
01p4O000001exwnQAA,NewEmailMessageInitController,ortoo_e2a,Active
01p4O000001exwoQAA,ObjectAndFieldAccess,ortoo_e2a,Active
01p4O000001exwpQAA,ObjectAndFieldAccessException,ortoo_e2a,Active
01p4O000001exwqQAA,OwnerAssignmentExtension,ortoo_e2a,Active
01p4O000001exwrQAA,OwnerObjectChangeController,ortoo_e2a,Active
01p4O000001exwsQAA,PageControllerTestMethods,ortoo_e2a,Active
01p4O000001exwtQAA,PageControllerTestMethods_2,ortoo_e2a,Active
01p4O000001exwuQAA,QueuedEmailMatchExtension,ortoo_e2a,Active
01p4O000001exwvQAA,RedirectCentralEmailDetailExtension,ortoo_e2a,Active
01p4O000001exwwQAA,Regex,ortoo_e2a,Active
01p4O000001exwxQAA,RegexGeneratorController,ortoo_e2a,Active
01p4O000001exwyQAA,RelatedRecordSearch,ortoo_e2a,Active
01p4O000001exwzQAA,RemoteTKController,ortoo_e2a,Active
01p4O000001exx0QAA,Scheduler,ortoo_e2a,Active
01p4O000001exx1QAA,SendAnEmail,ortoo_e2a,Active
01p4O000001exx2QAA,SfUtilities,ortoo_e2a,Active
01p4O000001exx3QAA,TagSettingExtension,ortoo_e2a,Active
01p4O000001exx4QAA,TemplateSelectorController,ortoo_e2a,Active
01p4O000001exx5QAA,TemporaryAttachmentController,ortoo_e2a,Active
01p4O000001exx6QAA,UnmatchedEmailDetail,ortoo_e2a,Active
01p4O000001exx7QAA,UnmatchedEmailList,ortoo_e2a,Active
01p4O000001exx8QAA,UserSettingsController,ortoo_e2a,Active
01p4O000001exx9QAA,Utilities,ortoo_e2a,Active
01p4O000001exxAQAQ,Utils,ortoo_e2a,Active
01p4O000001exxBQAQ,domainFromJSON,ortoo_e2a,Active
01p4O000001exxCQAQ,viewsourcecontroller,ortoo_e2a,Active
01p4O000001rKkaQAE,EngageCampaignRecipientBatchDelete,pi,Active
01p4O000001rKkbQAE,EngageCampaignRecipientBatchDeleteTest,pi,Active
01p4O000001rLMtQAM,CustomSettingUtils,pi,Active
01p4O000001rLMuQAM,CustomSettingUtilsTest,pi,Active
01p4O000001rLMvQAM,OCLTriggerSettingsEndpoint,pi,Active
01p4O000001rLMwQAM,OCLTriggerSettingsEndpointTest,pi,Active
01p4O000001rLMxQAM,ScoringCategoriesFeature,pi,Active
01p4O000001rLMyQAM,ScoringCategoriesFeatureTest,pi,Active
01p4O000001rLh0QAE,CustomCarrierShipmentValidator,zkmulti,Active
01p4O000001rLh1QAE,DeliverItStaticData,zkmulti,Active
01p4O000001rLh2QAE,ECourierWebService,zkmulti,Active
01p4O000001rLh3QAE,InboundDailyScheduler,zkmulti,Active
01p4O000001rLh4QAE,SpeeDeeFtpUploadBatch,zkmulti,Active
01p4O000001rLh5QAE,SpeeDeeStaticData,zkmulti,Active
01p4O000001rLh6QAE,TrackShipmentDHL,zkmulti,Active
01p4O000001rLh7QAE,WebServiceCDL,zkmulti,Active
01p4O000001rLh8QAE,WebServiceDHL,zkmulti,Active
01p4O000001rLh9QAE,WebServiceGSO,zkmulti,Active
01p4O000001rLhAQAU,WebServiceResponse,zkmulti,Active
01p4O000001rLhBQAU,WebServiceRoyalMail,zkmulti,Active
01p4O000001rLhCQAU,WebServiceSpeeDee,zkmulti,Active
01p4O000001rLhDQAU,WebServiceUnity,zkmulti,Active
01p4O000001rLhFQAU,BatchableGenerateDocument,zkmulti,Active
01p4O000001rLhGQAU,BatchableRemoveCheckpoints,zkmulti,Active
01p4O000001rLhHQAU,BatchableShipmentCreate,zkmulti,Active
01p4O000001rLhIQAU,BillOfLadingController,zkmulti,Active
01p4O000001rLhJQAU,BulkPickupService,zkmulti,Active
01p4O000001rLhKQAU,BulkProcessPickup,zkmulti,Active
01p4O000001rLhLQAU,BulkService,zkmulti,Active
01p4O000001rLhMQAU,DocumentService,zkmulti,Active
01p4O000001rLhNQAU,GlobalTrackingEmailController,zkmulti,Active
01p4O000001rLhOQAU,InvocableGenerateDocument,zkmulti,Active
01p4O000001rLhPQAU,InvocableUploadETD,zkmulti,Active
01p4O000001rLhQQAU,LicenseSecurityException,zkmulti,Active
01p4O000001rLhRQAU,PackingSlipController,zkmulti,Active
01p4O000001rLhSQAU,QueueableInvocableShipmentCreate,zkmulti,Active
01p4O000001rLhTQAU,ScheduleService,zkmulti,Active
01p4O000001rLhUQAU,TrackBulkifyShipmentEndicia,zkmulti,Active
01p4O000001rLhVQAU,TrackBulkifyShipmentFedEx,zkmulti,Active
01p4O000001rLhWQAU,TrackBulkifyShipmentUPS,zkmulti,Active
01p4O000001rLhXQAU,TrackBulkifyShipmentUSPSWebApi,zkmulti,Active
01p4O000001rLhYQAU,UPSHazMatPDFTemplateController,zkmulti,Active
01p4O000001rLhZQAU,UploadService,zkmulti,Active
01p4O000001rLhaQAE,WCBundle,zkmulti,Active
01p4O000001rLhbQAE,WCTrackingAPI,zkmulti,Active
01p4O000001rLhcQAE,WebServiceEndiciaAddressValidation,zkmulti,Active
01p4O000001rLhdQAE,WebServiceUPSPaperlessCore,zkmulti,Active
01p4O000001rLheQAE,WebServiceUSPSBulkifyResponseTracking,zkmulti,Active
01p4O000001rLhfQAE,WebServiceUSPSBulkifyTrackingCore,zkmulti,Active
01p4O000001rUHsQAM,dlrs_ProductItemTest,,Active
01p4O000001rUboQAE,CreditMemoOppProducts,,Active
01p4O000001rUbpQAE,InvoicePdfGenerator,,Active
01p4O000001rUbqQAE,SendInvoicePDF,,Active
01p4O000001rUbrQAE,SendInvoicePDFTestClass,,Active
01p4O000001rUg0QAE,MassDeleteOLITest,,Active
01p4O000001rUg1QAE,OLIController,,Active
01p4O000001rWAYQA2,P_OppLineItemDeleteHandler,,Active
01p4O000001rWAZQA2,P_ProductItemDeleteHandler,,Active
01p4O000001rWAaQAM,P_RMADeleteHandler,,Active
01p4O000001rWAbQAM,P_TestDeleteHandler,,Active
01p4O000001rXTEQA2,Delegate_ObjUntils,,Active
01p4O000001rXTFQA2,PB_Asset_Tests,,Active
01p4O000001rXTGQA2,PB_OpportunityItemTests,,Active
01p4O000001rXTHQA2,PB_OpportunityTests,,Active
01p4O000001rXqDQAU,WorkOrderHelper,,Active
01p4O000001rXqIQAU,WorkOrderGenerationExtensionV2,,Active
01p4O000001rXqJQAU,WorkOrderGenerationExtensionV2Test,,Active
01p4O000001rXsJQAU,WorkOrderEntryMerge,,Active
01p4O000001rXsKQAU,WorkOrderEntryMergeTest,,Active
01p4O000001rXsTQAU,WorkOrderPDFGenerator,,Active
01p4O000001rZvHQAU,OppCreateProcessTest,,Active
01p4O000001rZvIQAU,P_OpportunityTriggerHandler2,,Active
01p4O000001rZvJQAU,P_ProductRepairTrigger2Handler,,Active
01p4O000001rZvKQAU,P_ProductRepairTrigger2HandlerTest,,Active
01p4O000001rZvLQAU,P_RMATriggerHandlerTest2,,Active
01p4O000001rZvMQAU,RMAHelper,,Active
01p4O000001rZvNQAU,UserUtilities,,Active
01p4O000001ra40QAA,Validator_ClassTest,,Active
01p4O0000020PdWQAU,AstropayResponseController,ChargentBase,Active
01p4O0000020PdXQAU,AstropayResponseController_Tests,ChargentBase,Active
01p4O0000020PdYQAU,CalloutTestResponse,ChargentBase,Active
01p4O0000020PdZQAU,ChargentAutomatedCollectionsController,ChargentBase,Active
01p4O0000020PdaQAE,ChargentAutomatedCollectionsCtrlTest,ChargentBase,Active
01p4O0000020PdbQAE,ChargentConfigurationController,ChargentBase,Active
01p4O0000020PdcQAE,ChargentConfigurationControllerTest,ChargentBase,Active
01p4O0000020PddQAE,ChargentSetupWizardController,ChargentBase,Active
01p4O0000020PdeQAE,ChargentSetupWizardControllerTest,ChargentBase,Active
01p4O0000020PdfQAE,ChargentWebService,ChargentBase,Active
01p4O0000020PdgQAE,Chargent_Currencies,ChargentBase,Active
01p4O0000020PdhQAE,Chargent_Future_Dates,ChargentBase,Active
01p4O0000020PdiQAE,Chargent_Future_Dates_Tests,ChargentBase,Active
01p4O0000020PdjQAE,Chargent_Metadata_Utilities,ChargentBase,Active
01p4O0000020PdkQAE,Chargent_Metadata_Utilities_Tests,ChargentBase,Active
01p4O0000020PdlQAE,Chargent_OOC_Summary,ChargentBase,Active
01p4O0000020PdmQAE,Chargent_OOC_Summary_Tests,ChargentBase,Active
01p4O0000020PdnQAE,Chargent_Payment_Console_Controller,ChargentBase,Active
01p4O0000020PdoQAE,Chargent_Payment_Console_Tests,ChargentBase,Active
01p4O0000020PdpQAE,Chargent_Payment_Data,ChargentBase,Active
01p4O0000020PdqQAE,Chargent_Payment_Data_Tests,ChargentBase,Active
01p4O0000020PdtQAE,Chargent_Test_Utilities,ChargentBase,Active
01p4O0000020PduQAE,CurrencyPicklistController,ChargentBase,Active
01p4O0000020PdvQAE,CurrencyPicklistControllerTest,ChargentBase,Active
01p4O0000020PdwQAE,CustomMetadataProcessor,ChargentBase,Active
01p4O0000020PdxQAE,CustomMetadataProcessor_Tests,ChargentBase,Active
01p4O0000020PdyQAE,EchoHttpMock,ChargentBase,Active
01p4O0000020PdzQAE,GatewayCredentialsHandler,ChargentBase,Active
01p4O0000020Pe0QAE,GatewayValidator,ChargentBase,Active
01p4O0000020Pe1QAE,GatewayValidator_Test,ChargentBase,Active
01p4O0000020Pe2QAE,GenericSObject,ChargentBase,Active
01p4O0000020Pe3QAE,Level3Data,ChargentBase,Active
01p4O0000020Pe4QAE,LightningActionBtnController,ChargentBase,Active
01p4O0000020Pe5QAE,LightningActionBtnControllerTest,ChargentBase,Active
01p4O0000020Pe6QAE,OrphanedTransactionsController,ChargentBase,Active
01p4O0000020Pe7QAE,OrphanedTransactionsControllerTest,ChargentBase,Active
01p4O0000020Pe8QAE,PartialRefundController,ChargentBase,Active
01p4O0000020Pe9QAE,PartialRefundControllerTest,ChargentBase,Active
01p4O0000020PeAQAU,PaymentController,ChargentBase,Active
01p4O0000020PeBQAU,PaymentControllerTest,ChargentBase,Active
01p4O0000020PeCQAU,PaymentRequestController,ChargentBase,Active
01p4O0000020PeDQAU,PaymentRequestController_Tests,ChargentBase,Active
01p4O0000020PeEQAU,PaymentRequestModalController,ChargentBase,Active
01p4O0000020PeFQAU,PaymentRequestModalControllerTest,ChargentBase,Active
01p4O0000020PeGQAU,PaymentRequestResultController,ChargentBase,Active
01p4O0000020PeHQAU,PaymentRequestResultController_Tests,ChargentBase,Active
01p4O0000020PeIQAU,PaymentRequestSetupController,ChargentBase,Active
01p4O0000020PeJQAU,PaymentRequestSetupControllerTest,ChargentBase,Active
01p4O0000020PeKQAU,Payment_Adyen,ChargentBase,Active
01p4O0000020PeLQAU,Payment_Adyen_Test,ChargentBase,Active
01p4O0000020PeMQAU,Payment_AstroPay,ChargentBase,Active
01p4O0000020PeNQAU,Payment_AstroPay_Test,ChargentBase,Active
01p4O0000020PeOQAU,Payment_AuthorizeNet,ChargentBase,Active
01p4O0000020PePQAU,Payment_AuthorizeNet_Test,ChargentBase,Active
01p4O0000020PeQQAU,Payment_BlueSnap,ChargentBase,Active
01p4O0000020PeRQAU,Payment_BlueSnap_Test,ChargentBase,Active
01p4O0000020PeSQAU,Payment_Braintree,ChargentBase,Active
01p4O0000020PeTQAU,Payment_Braintree_Test,ChargentBase,Active
01p4O0000020PeVQAU,Payment_CyberSource_Test,ChargentBase,Active
01p4O0000020PeWQAU,Payment_EPX,ChargentBase,Active
01p4O0000020PeXQAU,Payment_EPX_Test,ChargentBase,Active
01p4O0000020PeYQAU,Payment_Ezidebit,ChargentBase,Active
01p4O0000020PeZQAU,Payment_Ezidebit_Test,ChargentBase,Active
01p4O0000020PeaQAE,Payment_FatZebra,ChargentBase,Active
01p4O0000020PebQAE,Payment_FatZebra_Test,ChargentBase,Active
01p4O0000020PecQAE,Payment_Forte,ChargentBase,Active
01p4O0000020PedQAE,Payment_Forte_Test,ChargentBase,Active
01p4O0000020PeeQAE,Payment_Gateway_Common,ChargentBase,Active
01p4O0000020PefQAE,Payment_Linked2Pay,ChargentBase,Active
01p4O0000020PegQAE,Payment_Linked2Pay_Test,ChargentBase,Active
01p4O0000020PehQAE,Payment_Litle,ChargentBase,Active
01p4O0000020PeiQAE,Payment_Litle_Test,ChargentBase,Active
01p4O0000020PejQAE,Payment_MeS,ChargentBase,Active
01p4O0000020PekQAE,Payment_MeS_Test,ChargentBase,Active
01p4O0000020PelQAE,Payment_MerchantWarrior,ChargentBase,Active
01p4O0000020PemQAE,Payment_MerchantWarrior_Test,ChargentBase,Active
01p4O0000020PenQAE,Payment_ModusLink,ChargentBase,Active
01p4O0000020PeoQAE,Payment_ModusLink_Test,ChargentBase,Active
01p4O0000020PepQAE,Payment_Moneris,ChargentBase,Active
01p4O0000020PeqQAE,Payment_Moneris_Test,ChargentBase,Active
01p4O0000020PerQAE,Payment_NMI,ChargentBase,Active
01p4O0000020PesQAE,Payment_NMI_Test,ChargentBase,Active
01p4O0000020PetQAE,Payment_Netbanx,ChargentBase,Active
01p4O0000020PeuQAE,Payment_Netbanx_Test,ChargentBase,Active
01p4O0000020PevQAE,Payment_Orbital,ChargentBase,Active
01p4O0000020PewQAE,Payment_Orbital_Test,ChargentBase,Active
01p4O0000020PexQAE,Payment_PayFlowPro_Test,ChargentBase,Active
01p4O0000020PeyQAE,Payment_PayTrace,ChargentBase,Active
01p4O0000020PezQAE,Payment_PayTrace_Test,ChargentBase,Active
01p4O0000020Pf0QAE,Payment_PayU,ChargentBase,Active
01p4O0000020Pf1QAE,Payment_PayU_Test,ChargentBase,Active
01p4O0000020Pf2QAE,Payment_PayflowPro,ChargentBase,Active
01p4O0000020Pf3QAE,Payment_Realex,ChargentBase,Active
01p4O0000020Pf4QAE,Payment_Realex_Test,ChargentBase,Active
01p4O0000020Pf5QAE,Payment_SecureCo,ChargentBase,Active
01p4O0000020Pf6QAE,Payment_SecureCo_Test,ChargentBase,Active
01p4O0000020Pf7QAE,Payment_Stripe,ChargentBase,Active
01p4O0000020Pf8QAE,Payment_Stripe_Test,ChargentBase,Active
01p4O0000020Pf9QAE,Payment_TransactPro,ChargentBase,Active
01p4O0000020PfAQAU,Payment_TransactPro_Test,ChargentBase,Active
01p4O0000020PfBQAU,Payment_USAePay,ChargentBase,Active
01p4O0000020PfCQAU,Payment_USAePay_Test,ChargentBase,Active
01p4O0000020PfDQAU,Payment_ePDQ,ChargentBase,Active
01p4O0000020PfEQAU,Payment_ePDQ_Test,ChargentBase,Active
01p4O0000020PfFQAU,Payment_eWay,ChargentBase,Active
01p4O0000020PfGQAU,Payment_eWay_Test,ChargentBase,Active
01p4O0000020PfHQAU,Payment_iATS,ChargentBase,Active
01p4O0000020PfIQAU,Payment_iATS_Test,ChargentBase,Active
01p4O0000020PfJQAU,PostInstallScript,ChargentBase,Active
01p4O0000020PfKQAU,PostInstallScriptTest,ChargentBase,Active
01p4O0000020PfLQAU,SendPaymentRequestController,ChargentBase,Active
01p4O0000020PfMQAU,SitePaymentController,ChargentBase,Active
01p4O0000020PfNQAU,SitePaymentControllerTest,ChargentBase,Active
01p4O0000020PfOQAU,TChargentApiHelper,ChargentBase,Active
01p4O0000020PfPQAU,TChargentApiHelperTest,ChargentBase,Active
01p4O0000020PfQQAU,TChargentDynamics,ChargentBase,Active
01p4O0000020PfRQAU,TChargentMapper,ChargentBase,Active
01p4O0000020PfSQAU,TChargentMapperTest,ChargentBase,Active
01p4O0000020PfTQAU,TChargentOperations,ChargentBase,Active
01p4O0000020PfUQAU,TChargentOperations_Test,ChargentBase,Active
01p4O0000020PfVQAU,TChargentStaticHelper,ChargentBase,Active
01p4O0000020PfWQAU,TChargentStaticHelperTest,ChargentBase,Active
01p4O0000020PfXQAU,TGateway,ChargentBase,Active
01p4O0000020PfYQAU,TPayment,ChargentBase,Active
01p4O0000020PfZQAU,TakePaymentController,ChargentBase,Active
01p4O0000020PfaQAE,TakePaymentControllerTest,ChargentBase,Active
01p4O0000020PfbQAE,TestUtility,ChargentBase,Active
01p4O0000020PfcQAE,Utility_Library,ChargentBase,Active
01p4O0000020PfdQAE,WebhookNotifications,ChargentBase,Active
01p4O0000020PfeQAE,WebhookNotificationsTest,ChargentBase,Active
01p4O0000020PffQAE,XMLDom,ChargentBase,Active
01p4O0000020PfgQAE,newVoiceMedia_Integration,ChargentBase,Active
01p4O0000020PfhQAE,newVoiceMedia_Integration_Tests,ChargentBase,Active
01p4O0000020PfiQAE,zeroFootprint_Controller,ChargentBase,Active
01p4O0000020PfjQAE,zeroFootprint_Controller_Tests,ChargentBase,Active
01p4O0000020PfmQAE,ChargAutomatedCollectStageTRHandler,ChargentOrders,Active
01p4O0000020PfnQAE,ChargentAutomatedCollecStageTest,ChargentOrders,Active
01p4O0000020PfoQAE,ClassicActionBtnController,ChargentOrders,Active
01p4O0000020PfrQAE,PaymentController,ChargentOrders,Active
01p4O0000020PfsQAE,PaymentControllerTest,ChargentOrders,Active
01p4O0000020PfvQAE,PostInstallScript,ChargentOrders,Active
01p4O0000020PfwQAE,PostInstallScriptTest,ChargentOrders,Active
01p4O0000020PfxQAE,ScheduledBatchAutomatedCollections,ChargentOrders,Active
01p4O0000020Pg0QAE,TChargentApiHelper,ChargentOrders,Active
01p4O0000020Pg1QAE,TChargentAutomatedCollectionsBatch,ChargentOrders,Active
01p4O0000020Pg2QAE,TChargentAutomatedCollectionsBatchTest,ChargentOrders,Active
01p4O0000020Pg3QAE,TChargentBatchCheckCards,ChargentOrders,Active
01p4O0000020Pg4QAE,TChargentBatchCheckCardsTest,ChargentOrders,Active
01p4O0000020Pg5QAE,TChargentBatchProcessing,ChargentOrders,Active
01p4O0000020Pg6QAE,TChargentBatchUpdateACH,ChargentOrders,Active
01p4O0000020Pg7QAE,TChargentBatchUpdateACHTest,ChargentOrders,Active
01p4O0000020Pg8QAE,TChargentOperations,ChargentOrders,Active
01p4O0000020Pg9QAE,TChargentOperationsTest,ChargentOrders,Active
01p4O0000020PgAQAU,TChargentPluginAuthorize,ChargentOrders,Active
01p4O0000020PgBQAU,TChargentPluginAuthorizeTest,ChargentOrders,Active
01p4O0000020PgCQAU,TChargentPluginCharge,ChargentOrders,Active
01p4O0000020PgDQAU,TChargentPluginChargeAuthorized,ChargentOrders,Active
01p4O0000020PgEQAU,TChargentPluginChargeAuthorizedTest,ChargentOrders,Active
01p4O0000020PgFQAU,TChargentPluginChargeTest,ChargentOrders,Active
01p4O0000020PgGQAU,TChargentPluginRefund,ChargentOrders,Active
01p4O0000020PgHQAU,TChargentPluginRefundTest,ChargentOrders,Active
01p4O0000020PgIQAU,TChargentPluginVoid,ChargentOrders,Active
01p4O0000020PgJQAU,TChargentPluginVoidTest,ChargentOrders,Active
01p4O0000020PgKQAU,TChargentStaticHelper,ChargentOrders,Active
01p4O0000020PgLQAU,Test_Utility,ChargentOrders,Active
01p4O0000020PgMQAU,scheduledBatchUpdateTransactionStatus,ChargentOrders,Active
01p4O0000020PgNQAU,sheduledBatchProcessing,ChargentOrders,Active
01p4O0000020PgOQAU,tChargentBatchProcessing_Tests,ChargentOrders,Active
01p4O0000020PgQQAU,Add_Manual_Transactions_Button_Test,ChargentAnyObj,Active
01p4O0000020PgRQAU,Add_Manual_Transactions_Buttons,ChargentAnyObj,Active
01p4O0000020PgSQAU,Chargent_Button_Creator,ChargentAnyObj,Active
01p4O0000020PgTQAU,Chargent_Button_Creator_Tests,ChargentAnyObj,Active
01p4O0000020PgUQAU,Chargent_Currencies,ChargentAnyObj,Active
01p4O0000020PgVQAU,Chargent_Currencies_Tests,ChargentAnyObj,Active
01p4O0000020PgWQAU,Chargent_Dynamic,ChargentAnyObj,Active
01p4O0000020PgXQAU,Chargent_Dynamic_Tests,ChargentAnyObj,Active
01p4O0000020PgYQAU,Chargent_Future_Dates,ChargentAnyObj,Active
01p4O0000020PgZQAU,Chargent_Future_Dates_Tests,ChargentAnyObj,Active
01p4O0000020PgaQAE,Chargent_Metadata_Utilities,ChargentAnyObj,Active
01p4O0000020PgbQAE,Chargent_Metadata_Utilities_Tests,ChargentAnyObj,Active
01p4O0000020PgcQAE,Chargent_Namespace,ChargentAnyObj,Active
01p4O0000020PgdQAE,Chargent_Namespace_Tests,ChargentAnyObj,Active
01p4O0000020PgeQAE,Chargent_OOC_Summary,ChargentAnyObj,Active
01p4O0000020PgfQAE,Chargent_OOC_Summary_Tests,ChargentAnyObj,Active
01p4O0000020PggQAE,Chargent_Orders_Related_List_Controller,ChargentAnyObj,Active
01p4O0000020PghQAE,Chargent_Orders_Related_List_Test,ChargentAnyObj,Active
01p4O0000020PgiQAE,Chargent_Payment_Central_Controller,ChargentAnyObj,Active
01p4O0000020PgjQAE,Chargent_Payment_Central_Tests,ChargentAnyObj,Active
01p4O0000020PgkQAE,Chargent_Payment_Console_Controller,ChargentAnyObj,Active
01p4O0000020PglQAE,Chargent_Payment_Console_Tests,ChargentAnyObj,Active
01p4O0000020PgmQAE,Chargent_Payment_Data,ChargentAnyObj,Active
01p4O0000020PgnQAE,Chargent_Payment_Data_Tests,ChargentAnyObj,Active
01p4O0000020PgoQAE,Chargent_Test_Utilities,ChargentAnyObj,Active
01p4O0000020PgpQAE,EchoHttpMock,ChargentAnyObj,Active
01p4O0000020PgqQAE,VF_Messages_Abstract,ChargentAnyObj,Active
01p4O0000020PgrQAE,VF_Messages_Abstract_Tests,ChargentAnyObj,Active
01p4O0000020PgsQAE,strike_lookupController,ChargentAnyObj,Active
01p4O0000020PgtQAE,strike_lookupController_Tests,ChargentAnyObj,Active
01p4O0000020PguQAE,strike_responseData,ChargentAnyObj,Active
01p4O0000020PgvQAE,strike_responseData_Tests,ChargentAnyObj,Active
01p4O0000020PgwQAE,strike_utilities,ChargentAnyObj,Active
01p4O0000020Pj5QAE,AccessPardotControllerByUserClassic,pi,Active
01p4O0000020RAXQA2,AddProductServices,,Active
01p4O0000020RAYQA2,AddProductServicesTest,,Active
01p4O0000020RAZQA2,LoanerLineItemServices,,Active
01p4O0000020RAaQAM,LoanerLineItemServicesTest,,Active
01p4O0000020RAbQAM,WorkOrderLineItemServices,,Active
01p4O0000020RAcQAM,WorkOrderLineItemServicesTest,,Active
01p4O0000020RveQAE,AddAssetServices,,Active
01p4O0000020RvfQAE,AddAssetServicesTest,,Active
01p4O0000020RvgQAE,BarcodeGeneratorExtension,,Active
01p4O0000020RvhQAE,BarcodeGeneratorExtensionTest,,Active
01p4O0000020RviQAE,P_SystemWorkOrderTriggerHandler,,Active
01p4O0000020RvjQAE,P_SystemWorkOrderTriggerHandlerTest,,Active
01p4O0000020RvkQAE,PartsBarcodeExtension,,Active
01p4O0000020RvlQAE,PartsBarcodeExtensionTest,,Active
01p4O0000020SXjQAM,ApexClassesSelector,dlrs,Active
01p4O0000020SXkQAM,ApexTriggersSelector,dlrs,Active
01p4O0000020SXlQAM,AsyncApexJobsSelector,dlrs,Active
01p4O0000020SXmQAM,BypassHandler,dlrs,Active
01p4O0000020SXnQAM,BypassHandlerTest,dlrs,Active
01p4O0000020SXoQAM,CronJobDetailsSelector,dlrs,Active
01p4O0000020SXpQAM,CustomMetadataService,dlrs,Active
01p4O0000020SXqQAM,CustomMetadataServiceTest,dlrs,Active
01p4O0000020SXrQAM,LREngine,dlrs,Active
01p4O0000020SXsQAM,ManageLookupRollupSummariesController,dlrs,Active
01p4O0000020SXtQAM,MetadataService,dlrs,Active
01p4O0000020SXuQAM,MetadataServiceTest,dlrs,Active
01p4O0000020SXvQAM,OptimizerComponentController,dlrs,Active
01p4O0000020SXwQAM,OptimizerService,dlrs,Active
01p4O0000020SXxQAM,OptimizerServiceTest,dlrs,Active
01p4O0000020SXyQAM,RollupActionCalculate,dlrs,Active
01p4O0000020SXzQAM,RollupActionCalculateTest,dlrs,Active
01p4O0000020SY0QAM,RollupCalculateController,dlrs,Active
01p4O0000020SY1QAM,RollupCalculateControllerTest,dlrs,Active
01p4O0000020SY2QAM,RollupCalculateJob,dlrs,Active
01p4O0000020SY3QAM,RollupCalculateJobSchedulable,dlrs,Active
01p4O0000020SY4QAM,RollupController,dlrs,Active
01p4O0000020SY5QAM,RollupControllerTest,dlrs,Active
01p4O0000020SY6QAM,RollupJob,dlrs,Active
01p4O0000020SY7QAM,RollupJobTest,dlrs,Active
01p4O0000020SY8QAM,RollupScheduledCalculateController,dlrs,Active
01p4O0000020SY9QAM,RollupScheduledCalculateControllerTest,dlrs,Active
01p4O0000020SYAQA2,RollupService,dlrs,Active
01p4O0000020SYBQA2,RollupServiceException,dlrs,Active
01p4O0000020SYCQA2,RollupServiceTest,dlrs,Active
01p4O0000020SYDQA2,RollupServiceTest2,dlrs,Active
01p4O0000020SYEQA2,RollupServiceTest3,dlrs,Active
01p4O0000020SYFQA2,RollupServiceTest4,dlrs,Active
01p4O0000020SYGQA2,RollupServiceTest5,dlrs,Active
01p4O0000020SYHQA2,RollupServiceTest6,dlrs,Active
01p4O0000020SYIQA2,RollupSummaries,dlrs,Active
01p4O0000020SYJQA2,RollupSummariesSelector,dlrs,Active
01p4O0000020SYKQA2,RollupSummariesTest,dlrs,Active
01p4O0000020SYLQA2,RollupSummary,dlrs,Active
01p4O0000020SYMQA2,RollupSummaryEnhancedController,dlrs,Active
01p4O0000020SYNQA2,RollupSummaryEnhancedControllerTest,dlrs,Active
01p4O0000020SYOQA2,RollupSummaryLogDeleteController,dlrs,Active
01p4O0000020SYPQA2,RollupSummaryLogDeleteControllerTest,dlrs,Active
01p4O0000020SYQQA2,RollupSummaryScheduleItemsSelector,dlrs,Active
01p4O0000020SYRQA2,TestContext,dlrs,Active
01p4O0000020SYSQA2,TestLREngine,dlrs,Active
01p4O0000020SYTQA2,Utilities,dlrs,Active
01p4O0000020SYUQA2,WelcomeController,dlrs,Active
01p4O0000020SYVQA2,WelcomeControllerTest,dlrs,Active
01p4O0000020SYWQA2,fflib_Answer,dlrs,Active
01p4O0000020SYXQA2,fflib_AnswerTest,dlrs,Active
01p4O0000020SYYQA2,fflib_AnyOrder,dlrs,Active
01p4O0000020SYZQA2,fflib_AnyOrderTest,dlrs,Active
01p4O0000020SYaQAM,fflib_ApexMocks,dlrs,Active
01p4O0000020SYbQAM,fflib_ApexMocksConfig,dlrs,Active
01p4O0000020SYcQAM,fflib_ApexMocksTest,dlrs,Active
01p4O0000020SYdQAM,fflib_ApexMocksUtils,dlrs,Active
01p4O0000020SYeQAM,fflib_ApexMocksUtilsTest,dlrs,Active
01p4O0000020SYfQAM,fflib_Application,dlrs,Active
01p4O0000020SYgQAM,fflib_ApplicationTest,dlrs,Active
01p4O0000020SYhQAM,fflib_ArgumentCaptor,dlrs,Active
01p4O0000020SYiQAM,fflib_ArgumentCaptorTest,dlrs,Active
01p4O0000020SYjQAM,fflib_IDGenerator,dlrs,Active
01p4O0000020SYkQAM,fflib_IDGeneratorTest,dlrs,Active
01p4O0000020SYlQAM,fflib_IMatcher,dlrs,Active
01p4O0000020SYmQAM,fflib_ISObjectDomain,dlrs,Active
01p4O0000020SYnQAM,fflib_ISObjectSelector,dlrs,Active
01p4O0000020SYoQAM,fflib_ISObjectUnitOfWork,dlrs,Active
01p4O0000020SYpQAM,fflib_InOrder,dlrs,Active
01p4O0000020SYqQAM,fflib_InOrderTest,dlrs,Active
01p4O0000020SYrQAM,fflib_Inheritor,dlrs,Active
01p4O0000020SYsQAM,fflib_InheritorTest,dlrs,Active
01p4O0000020SYtQAM,fflib_InvocationOnMock,dlrs,Active
01p4O0000020SYuQAM,fflib_Match,dlrs,Active
01p4O0000020SYvQAM,fflib_MatchTest,dlrs,Active
01p4O0000020SYwQAM,fflib_MatcherDefinitions,dlrs,Active
01p4O0000020SYxQAM,fflib_MatcherDefinitionsTest,dlrs,Active
01p4O0000020SYyQAM,fflib_MatchersReturnValue,dlrs,Active
01p4O0000020SYzQAM,fflib_MethodArgValues,dlrs,Active
01p4O0000020SZ0QAM,fflib_MethodArgValuesTest,dlrs,Active
01p4O0000020SZ1QAM,fflib_MethodCountRecorder,dlrs,Active
01p4O0000020SZ2QAM,fflib_MethodReturnValue,dlrs,Active
01p4O0000020SZ3QAM,fflib_MethodReturnValueRecorder,dlrs,Active
01p4O0000020SZ4QAM,fflib_MethodVerifier,dlrs,Active
01p4O0000020SZ5QAM,fflib_Mocks,dlrs,Active
01p4O0000020SZ6QAM,fflib_MyList,dlrs,Active
01p4O0000020SZ7QAM,fflib_QualifiedMethod,dlrs,Active
01p4O0000020SZ8QAM,fflib_QualifiedMethodAndArgValues,dlrs,Active
01p4O0000020SZ9QAM,fflib_QualifiedMethodTest,dlrs,Active
01p4O0000020SZAQA2,fflib_QueryFactory,dlrs,Active
01p4O0000020SZBQA2,fflib_QueryFactoryTest,dlrs,Active
01p4O0000020SZCQA2,fflib_SObjectDescribe,dlrs,Active
01p4O0000020SZDQA2,fflib_SObjectDescribeTest,dlrs,Active
01p4O0000020SZEQA2,fflib_SObjectDomain,dlrs,Active
01p4O0000020SZFQA2,fflib_SObjectDomainTest,dlrs,Active
01p4O0000020SZGQA2,fflib_SObjectMocks,dlrs,Active
01p4O0000020SZHQA2,fflib_SObjectSelector,dlrs,Active
01p4O0000020SZIQA2,fflib_SObjectSelectorTest,dlrs,Active
01p4O0000020SZJQA2,fflib_SObjectUnitOfWork,dlrs,Active
01p4O0000020SZKQA2,fflib_SObjectUnitOfWorkTest,dlrs,Active
01p4O0000020SZLQA2,fflib_SecurityUtils,dlrs,Active
01p4O0000020SZMQA2,fflib_SecurityUtilsTest,dlrs,Active
01p4O0000020SZNQA2,fflib_StringBuilder,dlrs,Active
01p4O0000020SZOQA2,fflib_StringBuilderTest,dlrs,Active
01p4O0000020SZPQA2,fflib_System,dlrs,Active
01p4O0000020SZQQA2,fflib_SystemTest,dlrs,Active
01p4O0000020SZRQA2,fflib_VerificationMode,dlrs,Active
01p4O0000020TIWQA2,dlrs_Harvest_Work_OrderTest,,Active
01p4O0000020TT0QAM,RentalOrderLineItemServices,,Active
01p4O0000020TT1QAM,RentalOrderLineItemServicesTest,,Active
01p4O0000027fquQAA,GH_Logger,,Active
01p4O0000027fqvQAA,GH_Logger_Test,,Active
01p4O0000027fqwQAA,NewOppStandardCtrl,,Active
01p4O0000027fr5QAA,GH_CodeUtils,,Active
01p4O0000027fr6QAA,GH_CodeUtils_Test,,Active
01p4O0000027fr7QAA,GH_TriggerHandlerBase,,Active
01p4O0000027fr8QAA,GH_TriggerHandlerBase_Test,,Active
01p4O0000027fr9QAA,P_OpportunityTriggerHandler,,Active
01p4O0000027frAQAQ,P_OpportunityTriggerHandlerTest,,Active
01p4O0000027gCmQAI,P_OppLineItemTriggerHandler,,Active
01p4O0000027gCnQAI,P_ProductItemTriggerHandler,,Active
01p4O0000027gCwQAI,ListToBlocks,pi,Active
01p4O0000027gNbQAI,CustomShippingFormDetCmpCtrl,,Active
01p4O0000027gNcQAI,CustomShippingFormDetCmpCtrlTest,,Active
01p4O0000027gSWQAY,SourcingRequestTest,,Active
01p4O0000027gcJQAQ,DataTableServices,,Active
01p4O0000027gcKQAQ,DataTableServicesTest,,Active
01p4O0000027gcLQAQ,NewOppLightningStandardCtrl,,Active
01p4O0000027gcMQAQ,NewOppLightningStandardCtrlTest,,Active
01p4O0000027gcNQAQ,OpportunityLineItemServices,,Active
01p4O0000027gcOQAQ,OpportunityLineItemServicesTest,,Active
01p4O0000027gcPQAQ,RecordTypeUtility,,Active
01p4O0000027gcQQAQ,RecordTypeUtilityTest,,Active
01p4O0000027y0vQAA,dlrs_InvoiceTest,,Active
01p4O0000027y86QAA,LoanerTriggerHandler,,Active
01p4O0000027yHiQAI,APICalculateTax,AVA_MAPPER,Active
01p4O0000027yHjQAI,AddressBindModel,AVA_MAPPER,Active
01p4O0000027yHkQAI,AddressCategoryId,AVA_MAPPER,Active
01p4O0000027yHlQAI,AddressInfo,AVA_MAPPER,Active
01p4O0000027yHmQAI,AddressLocationInfo,AVA_MAPPER,Active
01p4O0000027yHnQAI,AddressPageBindingModel,AVA_MAPPER,Active
01p4O0000027yHoQAI,AddressResolutionModel,AVA_MAPPER,Active
01p4O0000027yHpQAI,AddressTypeId,AVA_MAPPER,Active
01p4O0000027yHqQAI,AddressValidation,AVA_MAPPER,Active
01p4O0000027yHrQAI,AddressValidationController,AVA_MAPPER,Active
01p4O0000027yHtQAI,AddressValidationInfo,AVA_MAPPER,Active
01p4O0000027yHuQAI,AddressValidationInput,AVA_MAPPER,Active
01p4O0000027yHvQAI,AddressValidationOutput,AVA_MAPPER,Active
01p4O0000027yHwQAI,AddressValidationTest,AVA_MAPPER,Active
01p4O0000027yHxQAI,AddressesModel,AVA_MAPPER,Active
01p4O0000027yHyQAI,AdjustmentReason,AVA_MAPPER,Active
01p4O0000027yHzQAI,AvaTaxAddressValidationException,AVA_MAPPER,Active
01p4O0000027yI0QAI,AvaTaxClient,AVA_MAPPER,Active
01p4O0000027yI1QAI,AvaTaxClientTest,AVA_MAPPER,Active
01p4O0000027yI2QAI,AvaTaxEnvironment,AVA_MAPPER,Active
01p4O0000027yI3QAI,AvaTaxException,AVA_MAPPER,Active
01p4O0000027yI4QAI,AvaTaxHooks,AVA_MAPPER,Active
01p4O0000027yI5QAI,AvaTaxMessage,AVA_MAPPER,Active
01p4O0000027yI6QAI,AvaTaxModelsTest,AVA_MAPPER,Active
01p4O0000027yI7QAI,AvaTaxPath,AVA_MAPPER,Active
01p4O0000027yI8QAI,AvaTaxUtilities,AVA_MAPPER,Active
01p4O0000027yI9QAI,AvaTaxUtilitiesTest,AVA_MAPPER,Active
01p4O0000027yIAQAY,AvaTaxXMLParser,AVA_MAPPER,Active
01p4O0000027yIBQAY,AvaTaxXmlMapper,AVA_MAPPER,Active
01p4O0000027yICQAY,BoundaryLevel,AVA_MAPPER,Active
01p4O0000027yIDQAY,CancelTaxCalculationInput,AVA_MAPPER,Active
01p4O0000027yIEQAY,CancelTaxCalculator,AVA_MAPPER,Active
01p4O0000027yIFQAY,CertificateAttributeModel,AVA_MAPPER,Active
01p4O0000027yIGQAY,CertificateModel,AVA_MAPPER,Active
01p4O0000027yIHQAY,CertificatePreviewType,AVA_MAPPER,Active
01p4O0000027yIIQAY,CodeCoverageTest,AVA_MAPPER,Active
01p4O0000027yIJQAY,CommitTransactionModel,AVA_MAPPER,Active
01p4O0000027yIKQAY,CompanyModel,AVA_MAPPER,Active
01p4O0000027yILQAY,ConfigurationBase,AVA_MAPPER,Active
01p4O0000027yIMQAY,Constants,AVA_MAPPER,Active
01p4O0000027yINQAY,ContactModel,AVA_MAPPER,Active
01p4O0000027yIOQAY,CoordinateInfo,AVA_MAPPER,Active
01p4O0000027yIRQAY,CreateOrAdjustTransactionModel,AVA_MAPPER,Active
01p4O0000027yISQAY,CreateTransactionModel,AVA_MAPPER,Active
01p4O0000027yITQAY,CustomerModel,AVA_MAPPER,Active
01p4O0000027yIUQAY,DocumentStatus,AVA_MAPPER,Active
01p4O0000027yIVQAY,DocumentType,AVA_MAPPER,Active
01p4O0000027yIXQAY,EcmsDetailModel,AVA_MAPPER,Active
01p4O0000027yIYQAY,EcmsDetailTaxCodeModel,AVA_MAPPER,Active
01p4O0000027yIZQAY,EcmsModel,AVA_MAPPER,Active
01p4O0000027yIbQAI,EntityUseCodeModel,AVA_MAPPER,Active
01p4O0000027yIcQAI,ErrorDetail,AVA_MAPPER,Active
01p4O0000027yIdQAI,ErrorInfo,AVA_MAPPER,Active
01p4O0000027yIeQAI,ErrorResult,AVA_MAPPER,Active
01p4O0000027yIfQAI,ErrorTargetCode,AVA_MAPPER,Active
01p4O0000027yIgQAI,ExemptCertReviewStatusId,AVA_MAPPER,Active
01p4O0000027yIhQAI,ExemptCertStatusId,AVA_MAPPER,Active
01p4O0000027yIiQAI,ExemptCertTypeId,AVA_MAPPER,Active
01p4O0000027yIjQAI,ExemptionReasonModel,AVA_MAPPER,Active
01p4O0000027yIkQAI,ExposureZoneModel,AVA_MAPPER,Active
01p4O0000027yIlQAI,FetchResultBase,AVA_MAPPER,Active
01p4O0000027yImQAI,FetchResultCertificateModel,AVA_MAPPER,Active
01p4O0000027yInQAI,FetchResultCompanyModel,AVA_MAPPER,Active
01p4O0000027yIoQAI,FetchResultCustomerModel,AVA_MAPPER,Active
01p4O0000027yIpQAI,FetchResultEntityUseCodeModel,AVA_MAPPER,Active
01p4O0000027yIqQAI,FetchResultExemptionReasonModel,AVA_MAPPER,Active
01p4O0000027yIrQAI,FetchResultExposureZoneModel,AVA_MAPPER,Active
01p4O0000027yIsQAI,FetchResultIsoCountryModel,AVA_MAPPER,Active
01p4O0000027yItQAI,FetchResultSubscriptionModel,AVA_MAPPER,Active
01p4O0000027yIuQAI,FetchResultTaxCodeModel,AVA_MAPPER,Active
01p4O0000027yIvQAI,FieldMapping,AVA_MAPPER,Active
01p4O0000027yIwQAI,FileResult,AVA_MAPPER,Active
01p4O0000027yIzQAI,IAddressValidation,AVA_MAPPER,Active
01p4O0000027yJ0QAI,IAfterUpdate,AVA_MAPPER,Active
01p4O0000027yJ1QAI,IBeforeTaxCalculation,AVA_MAPPER,Active
01p4O0000027yJ2QAI,IBeforeTaxValidation,AVA_MAPPER,Active
01p4O0000027yJ3QAI,IBeforeUpdate,AVA_MAPPER,Active
01p4O0000027yJ4QAI,ICancelTaxCalculation,AVA_MAPPER,Active
01p4O0000027yJ5QAI,IConfigManager,AVA_MAPPER,Active
01p4O0000027yJ6QAI,IConfigManagerCancel,AVA_MAPPER,Active
01p4O0000027yJ7QAI,IConfigManagerPost,AVA_MAPPER,Active
01p4O0000027yJ8QAI,IConfigurationProvider,AVA_MAPPER,Active
01p4O0000027yJ9QAI,ICustomBusinessCase,AVA_MAPPER,Active
01p4O0000027yJAQAY,IMapperConfiguration,AVA_MAPPER,Active
01p4O0000027yJBQAY,IMappingProvider,AVA_MAPPER,Active
01p4O0000027yJCQAY,IOverrideRequestLine,AVA_MAPPER,Active
01p4O0000027yJDQAY,IParameterHelper,AVA_MAPPER,Active
01p4O0000027yJEQAY,IPostTaxCalculation,AVA_MAPPER,Active
01p4O0000027yJFQAY,ITaxCalculation,AVA_MAPPER,Active
01p4O0000027yJGQAY,ITestCalculateTax,AVA_MAPPER,Active
01p4O0000027yJHQAY,IUpdateTaxHelper,AVA_MAPPER,Active
01p4O0000027yJIQAY,InvoiceMessage,AVA_MAPPER,Active
01p4O0000027yJJQAY,InvoiceMessageDetail,AVA_MAPPER,Active
01p4O0000027yJKQAY,InvoiceMessageList,AVA_MAPPER,Active
01p4O0000027yJLQAY,InvoiceMessageMasterList,AVA_MAPPER,Active
01p4O0000027yJNQAY,IsoCountryModel,AVA_MAPPER,Active
01p4O0000027yJOQAY,ItemModel,AVA_MAPPER,Active
01p4O0000027yJPQAY,JurisTypeId,AVA_MAPPER,Active
01p4O0000027yJQQAY,JurisdictionType,AVA_MAPPER,Active
01p4O0000027yJRQAY,LineItemModel,AVA_MAPPER,Active
01p4O0000027yJSQAY,LinkCustomersModel,AVA_MAPPER,Active
01p4O0000027yJWQAY,LocalNexusTypeId,AVA_MAPPER,Active
01p4O0000027yJXQAY,LocationModel,AVA_MAPPER,Active
01p4O0000027yJYQAY,LocationSettingModel,AVA_MAPPER,Active
01p4O0000027yJZQAY,LogEntriesBatch,AVA_MAPPER,Active
01p4O0000027yJaQAI,MapperConfigurationResult,AVA_MAPPER,Active
01p4O0000027yJbQAI,MatchingTaxType,AVA_MAPPER,Active
01p4O0000027yJcQAI,NexusModel,AVA_MAPPER,Active
01p4O0000027yJdQAI,NexusTypeId,AVA_MAPPER,Active
01p4O0000027yJeQAI,PoNumberModel,AVA_MAPPER,Active
01p4O0000027yJfQAI,PostTaxCalculationInput,AVA_MAPPER,Active
01p4O0000027yJgQAI,PostTaxCalculator,AVA_MAPPER,Active
01p4O0000027yJiQAI,QueryInput,AVA_MAPPER,Active
01p4O0000027yJjQAI,QueuableLogger,AVA_MAPPER,Active
01p4O0000027yJkQAI,RateType,AVA_MAPPER,Active
01p4O0000027yJlQAI,ReferenceTableLink,AVA_MAPPER,Active
01p4O0000027yJmQAI,ResolutionQuality,AVA_MAPPER,Active
01p4O0000027yJnQAI,RoundingLevelId,AVA_MAPPER,Active
01p4O0000027yJoQAI,ServiceMode,AVA_MAPPER,Active
01p4O0000027yJpQAI,SettingModel,AVA_MAPPER,Active
01p4O0000027yJqQAI,SeverityLevel,AVA_MAPPER,Active
01p4O0000027yJrQAI,Sourcing,AVA_MAPPER,Active
01p4O0000027yJsQAI,SubscriptionModel,AVA_MAPPER,Active
01p4O0000027yJuQAI,TaxAuthorityInfo,AVA_MAPPER,Active
01p4O0000027yJvQAI,TaxCalculationInput,AVA_MAPPER,Active
01p4O0000027yJwQAI,TaxCalculationTestArguments,AVA_MAPPER,Active
01p4O0000027yJxQAI,TaxCalculator,AVA_MAPPER,Active
01p4O0000027yJyQAI,TaxCalculatorTest,AVA_MAPPER,Active
01p4O0000027yJzQAI,TaxCodeModel,AVA_MAPPER,Active
01p4O0000027yK1QAI,TaxDebugLevel,AVA_MAPPER,Active
01p4O0000027yK2QAI,TaxDependencyLevelId,AVA_MAPPER,Active
01p4O0000027yK3QAI,TaxOverrideModel,AVA_MAPPER,Active
01p4O0000027yK4QAI,TaxOverrideType,AVA_MAPPER,Active
01p4O0000027yK5QAI,TaxOverrideTypeId,AVA_MAPPER,Active
01p4O0000027yK6QAI,TaxRuleModel,AVA_MAPPER,Active
01p4O0000027yK7QAI,TaxRuleTypeId,AVA_MAPPER,Active
01p4O0000027yK8QAI,TaxType,AVA_MAPPER,Active
01p4O0000027yK9QAI,TestCalculationTestArguments,AVA_MAPPER,Active
01p4O0000027yKAQAY,TextCase,AVA_MAPPER,Active
01p4O0000027yKBQAY,TransactionAddressModel,AVA_MAPPER,Active
01p4O0000027yKCQAY,TransactionLineDetailModel,AVA_MAPPER,Active
01p4O0000027yKDQAY,TransactionLineLocationTypeModel,AVA_MAPPER,Active
01p4O0000027yKEQAY,TransactionLineModel,AVA_MAPPER,Active
01p4O0000027yKFQAY,TransactionLocationTypeModel,AVA_MAPPER,Active
01p4O0000027yKGQAY,TransactionModel,AVA_MAPPER,Active
01p4O0000027yKJQAY,TransactionSummary,AVA_MAPPER,Active
01p4O0000027yKKQAY,UPCModel,AVA_MAPPER,Active
01p4O0000027yKOQAY,ValidatedAddressInfo,AVA_MAPPER,Active
01p4O0000027yKPQAY,VoidReasonCode,AVA_MAPPER,Active
01p4O0000027yKQQAY,VoidTransactionModel,AVA_MAPPER,Active
01p4O0000027yKSQAY,AddressValidationParams,AVA_SFCLOUD,Active
01p4O0000027yKTQAY,AutoCompleteController,AVA_SFCLOUD,Active
01p4O0000027yKVQAY,AvaAccountConstants,AVA_SFCLOUD,Active
01p4O0000027yKWQAY,AvaConstants,AVA_SFCLOUD,Active
01p4O0000027yKXQAY,AvaTaxConfigManager,AVA_SFCLOUD,Active
01p4O0000027yKYQAY,AvaTaxConfigurationController,AVA_SFCLOUD,Active
01p4O0000027yKZQAY,AvaTaxExemptionDocumentsController,AVA_SFCLOUD,Active
01p4O0000027yKcQAI,AvaTaxExemptionSingleCustController,AVA_SFCLOUD,Active
01p4O0000027yKdQAI,AvaTaxPostInstall,AVA_SFCLOUD,Active
01p4O0000027yKeQAI,AvaTaxSaveMultiCustomerController,AVA_SFCLOUD,Active
01p4O0000027yKfQAI,AvaTaxTestConnectionResponse,AVA_SFCLOUD,Active
01p4O0000027yKgQAI,BulkAddressValidation,AVA_SFCLOUD,Active
01p4O0000027yKhQAI,BulkAddressValidationInfo,AVA_SFCLOUD,Active
01p4O0000027yKiQAI,BulkOriginAddressValidationParams,AVA_SFCLOUD,Active
01p4O0000027yKjQAI,BulkTaxCodeUpdate,AVA_SFCLOUD,Active
01p4O0000027yKlQAI,CompanyMappingModel,AVA_SFCLOUD,Active
01p4O0000027yKmQAI,ConfigProviderForAddressValidation,AVA_SFCLOUD,Active
01p4O0000027yKnQAI,ConfigurationProvider,AVA_SFCLOUD,Active
01p4O0000027yKpQAI,FetchAvalaraTaxCodes,AVA_SFCLOUD,Active
01p4O0000027yKqQAI,GetAvaTaxDocStatus,AVA_SFCLOUD,Active
01p4O0000027yKrQAI,GetAvaTaxMessage,AVA_SFCLOUD,Active
01p4O0000027yKsQAI,GetInvoiceMessage,AVA_SFCLOUD,Active
01p4O0000027yKtQAI,GetLineTaxDetails,AVA_SFCLOUD,Active
01p4O0000027yKuQAI,GetLineTaxRate,AVA_SFCLOUD,Active
01p4O0000027yKvQAI,GetShippingTax,AVA_SFCLOUD,Active
01p4O0000027yKwQAI,InvalidateCertificateController,AVA_SFCLOUD,Active
01p4O0000027yKxQAI,MapperUIController,AVA_SFCLOUD,Active
01p4O0000027yKyQAI,MapperUIControllerTest,AVA_SFCLOUD,Active
01p4O0000027yL3QAI,MockHttpResponseGenerator,AVA_SFCLOUD,Active
01p4O0000027yL4QAI,MultiCompanyModel,AVA_SFCLOUD,Active
01p4O0000027yL5QAI,ObjectClass,AVA_SFCLOUD,Active
01p4O0000027yL6QAI,OpportunityTaxCalculator,AVA_SFCLOUD,Active
01p4O0000027yL7QAI,OpportunityTaxCalculatorHelper,AVA_SFCLOUD,Active
01p4O0000027yL8QAI,OrderTaxCalculatorHelper,AVA_SFCLOUD,Active
01p4O0000027yL9QAI,ProcessBuilderInput,AVA_SFCLOUD,Active
01p4O0000027yLAQAY,QuoteTaxCalculator,AVA_SFCLOUD,Active
01p4O0000027yLBQAY,QuoteTaxCalculatorHelper,AVA_SFCLOUD,Active
01p4O0000027yLCQAY,RESTServiceResults,AVA_SFCLOUD,Active
01p4O0000027yLDQAY,SalesCloudAvaTaxException,AVA_SFCLOUD,Active
01p4O0000027yLEQAY,SalesCloudUIMapperConfiguration,AVA_SFCLOUD,Active
01p4O0000027yLFQAY,SaveCertificateController,AVA_SFCLOUD,Active
01p4O0000027yLGQAY,SaveCertificateControllerTest,AVA_SFCLOUD,Active
01p4O0000027yLQQAY,UtilityHelper,AVA_SFCLOUD,Active
01p4O0000027yLRQAY,UtilityTest,AVA_SFCLOUD,Active
01p4O0000027yLSQAY,OrderTaxCalculator,AVA_SFCLOUD,Active
01p4O0000027ybZQAQ,ItemReceiptLineItemServices,,Active
01p4O0000027ybaQAA,ItemReceiptLineItemServicesTest,,Active
01p4O0000027ybbQAA,LoanerAssetTriggerHandler,,Active
01p4O0000027ybcQAA,LoanerAssetTriggerHandlerTest,,Active
01p4O0000027ybdQAA,POBillLineItemServices,,Active
01p4O0000027ybeQAA,POBillLineItemServicesTest,,Active
01p4O0000027ybfQAA,PurchasingReturnLineItemServices,,Active
01p4O0000027ybgQAA,PurchasingReturnLineItemServicesTest,,Active
01p4O000002806fQAA,ChargentSecurity,ChargentBase,Active
01p4O000002806gQAA,Security_Access_Type,ChargentBase,Active
01p4O000002806hQAA,SetupPermissionSetController,ChargentBase,Active
01p4O000002806iQAA,SetupPermissionSetController_Test,ChargentBase,Active
01p4O000002806kQAA,ChargentSecurity,ChargentOrders,Active
01p4O000002806lQAA,Security_Access_Type,ChargentOrders,Active
01p4O000002808HQAQ,InvoiceOppProducts,,Active
01p4O000002808IQAQ,TestInvoiceOppProductClass,,Active
01p4O000002808RQAQ,dlrs_CommissionTest,,Active
01p4O0000028095QAA,ClassicActionBtnController_Tests,ChargentOrders,Active
01p4O00000280daQAA,AddressValidationLexController,AVA_MAPPER,Active
01p4O00000280dbQAA,AvaTaxCalloutMock,AVA_MAPPER,Active
01p4O00000280dcQAA,AvaTaxHttpCalloutEmulator,AVA_MAPPER,Active
01p4O00000280ddQAA,AvaTaxLogConstants,AVA_MAPPER,Active
01p4O00000280deQAA,AvaTaxLogHelper,AVA_MAPPER,Active
01p4O00000280dfQAA,AvaTaxLogModel,AVA_MAPPER,Active
01p4O00000280dgQAA,AvaTaxLogger,AVA_MAPPER,Active
01p4O00000280dhQAA,AvaTaxLoggerTest,AVA_MAPPER,Active
01p4O00000280diQAA,AvaTaxMockDataFactory,AVA_MAPPER,Active
01p4O00000280djQAA,AvaTaxTestConfig,AVA_MAPPER,Active
01p4O00000280dkQAA,BulkAddressMapping,AVA_MAPPER,Active
01p4O00000280dlQAA,BulkAddressValidationResponse,AVA_MAPPER,Active
01p4O00000280dmQAA,BulkAddressValidator,AVA_MAPPER,Active
01p4O00000280dnQAA,FetchResultTransactionModel,AVA_MAPPER,Active
01p4O00000280doQAA,GenericBulkAddressValidator,AVA_MAPPER,Active
01p4O00000280dpQAA,LogEntriesTest,AVA_MAPPER,Active
01p4O00000280duQAA,AddressValidationResponseModel,AVA_SFCLOUD,Active
01p4O00000280dvQAA,AvaTaxCalloutMock,AVA_SFCLOUD,Active
01p4O00000280dwQAA,AvaTaxConfigUtilitiesHelper,AVA_SFCLOUD,Active
01p4O00000280dxQAA,AvaTaxConfigtilityHelperTest,AVA_SFCLOUD,Active
01p4O00000280dyQAA,AvaTaxConfigurationControllerModel,AVA_SFCLOUD,Active
01p4O00000280dzQAA,AvaTaxConfigurationTest,AVA_SFCLOUD,Active
01p4O00000280e0QAA,AvaTaxExemptionTest,AVA_SFCLOUD,Active
01p4O00000280e1QAA,AvaTaxMockDataFactory,AVA_SFCLOUD,Active
01p4O00000280e2QAA,AvaTaxSaveConfigurationModel,AVA_SFCLOUD,Active
01p4O00000280e3QAA,BulkAddressValidationTest,AVA_SFCLOUD,Active
01p4O00000280e4QAA,CorporateAddressInfo,AVA_SFCLOUD,Active
01p4O00000280e5QAA,InvalidateCertificateControllerTest,AVA_SFCLOUD,Active
01p4O00000280e6QAA,MapperRelationShipModel,AVA_SFCLOUD,Active
01p4O00000280e7QAA,MiscellaneousTest,AVA_SFCLOUD,Active
01p4O00000280e8QAA,OpportunityTaxCalculatorTest,AVA_SFCLOUD,Active
01p4O00000280e9QAA,OrderTaxCalculatorTest,AVA_SFCLOUD,Active
01p4O00000280eAQAQ,QuoteTaxCalculatorTest,AVA_SFCLOUD,Active
01p4O00000280eBQAQ,ToolingApi,AVA_SFCLOUD,Active
01p4O00000280eCQAQ,ToolingApiBase,AVA_SFCLOUD,Active
01p4O000002F1QwQAK,P_RMATriggerHandler,,Active
01p4O000002F1QxQAK,P_RMATriggerHandlerTest,,Active
01p4O000002F1tPQAS,UserHasAccess,,Active
01p4O000002F1tQQAS,UserHasAccessTest,,Active
01p4O000002F1tZQAS,P_ProductTestTriggerHandler,,Active
01p4O000002F1taQAC,WorkOrderTriggerHandler,,Active
01p4O000002F2fsQAC,AShipmentProvider,zkmulti,Active
01p4O000002F2ftQAC,AWebServiceShipmentRequest,zkmulti,Active
01p4O000002F2fuQAC,AWebServiceShipmentResponse,zkmulti,Active
01p4O000002F2fvQAC,AbstractMessagesController,zkmulti,Active
01p4O000002F2fwQAC,AddressValidationResult,zkmulti,Active
01p4O000002F2fxQAC,AddressValidationService,zkmulti,Active
01p4O000002F2fyQAC,AppSettingsService,zkmulti,Active
01p4O000002F2fzQAC,BaseFetchICSLookUpImpl,zkmulti,Active
01p4O000002F2g0QAC,BaseFetchLookUp,zkmulti,Active
01p4O000002F2g1QAC,BaseLCSLookUpItem,zkmulti,Active
01p4O000002F2g2QAC,BaseLookUpItem,zkmulti,Active
01p4O000002F2g3QAC,BatchTest,zkmulti,Active
01p4O000002F2g4QAC,BatchableGetRate,zkmulti,Active
01p4O000002F2g5QAC,BatchableProcessShipment,zkmulti,Active
01p4O000002F2g6QAC,BatchableTrackShipment,zkmulti,Active
01p4O000002F2g7QAC,BatchableValidateShipment,zkmulti,Active
01p4O000002F2g8QAC,BulkProcessInterface,zkmulti,Active
01p4O000002F2g9QAC,BulkProcessShipment,zkmulti,Active
01p4O000002F2gAQAS,BulkProcessShipmentTest,zkmulti,Active
01p4O000002F2gBQAS,BulkShipmentController,zkmulti,Active
01p4O000002F2gCQAS,BulkShipmentException,zkmulti,Active
01p4O000002F2gDQAS,BulkShipmentInterface,zkmulti,Active
01p4O000002F2gEQAS,BulkShipmentService,zkmulti,Active
01p4O000002F2gFQAS,BulkShipmentStatusEntry,zkmulti,Active
01p4O000002F2gGQAS,BulkShipmentUtilities,zkmulti,Active
01p4O000002F2gHQAS,BulkShipmentValidator,zkmulti,Active
01p4O000002F2gIQAS,CASService,zkmulti,Active
01p4O000002F2gJQAS,CampaignMemberBulkProcessImpl,zkmulti,Active
01p4O000002F2gKQAS,CarrierAccountWrapper,zkmulti,Active
01p4O000002F2gLQAS,CarrierUtils,zkmulti,Active
01p4O000002F2gMQAS,CheckReferenceTest,zkmulti,Active
01p4O000002F2gNQAS,ChildUserWrapper,zkmulti,Active
01p4O000002F2gOQAS,ConsolidationService,zkmulti,Active
01p4O000002F2gPQAS,ConvertLabelUtils,zkmulti,Active
01p4O000002F2gQQAS,ConvertSymbolsUtils,zkmulti,Active
01p4O000002F2gRQAS,ConvertUtils,zkmulti,Active
01p4O000002F2gSQAS,CurrencyUtils,zkmulti,Active
01p4O000002F2gTQAS,CustomAddressAssign,zkmulti,Active
01p4O000002F2gUQAS,CustomAddressSourceEntryWrapper,zkmulti,Active
01p4O000002F2gVQAS,CustomAddressSourcePackageCtrl,zkmulti,Active
01p4O000002F2gWQAS,CustomAddressSourcePackageCtrlTest,zkmulti,Active
01p4O000002F2gXQAS,CustomAddressSourceValidator,zkmulti,Active
01p4O000002F2gYQAS,CustomAddressSourceValidatorTest,zkmulti,Active
01p4O000002F2gZQAS,CustomAddressSourceValueWrapper,zkmulti,Active
01p4O000002F2gaQAC,CustomCarrierHelper,zkmulti,Active
01p4O000002F2gbQAC,CustomCarrierLabelController,zkmulti,Active
01p4O000002F2gcQAC,CustomCarrierService,zkmulti,Active
01p4O000002F2gdQAC,CustomItemEntry,zkmulti,Active
01p4O000002F2geQAC,CustomItemValidator,zkmulti,Active
01p4O000002F2gfQAC,DevSettingUtils,zkmulti,Active
01p4O000002F2ggQAC,DynamicApiShipmentValidator,zkmulti,Active
01p4O000002F2ghQAC,DynamicApiWrapper,zkmulti,Active
01p4O000002F2giQAC,EmailLabelController,zkmulti,Active
01p4O000002F2gkQAC,EmailLabelControllerV2,zkmulti,Active
01p4O000002F2gmQAC,EmailLabelService,zkmulti,Active
01p4O000002F2gnQAC,EmailUtils,zkmulti,Active
01p4O000002F2goQAC,EndiciaPackageValidator,zkmulti,Active
01p4O000002F2gpQAC,EndiciaPreferenceValidator,zkmulti,Active
01p4O000002F2gqQAC,EndiciaPresortingUtils,zkmulti,Active
01p4O000002F2grQAC,EndiciaShipmentProvider,zkmulti,Active
01p4O000002F2gsQAC,EndiciaSpecialServicesValidator,zkmulti,Active
01p4O000002F2gtQAC,EndiciaUtilLabelTypeLookup,zkmulti,Active
01p4O000002F2guQAC,EndiciaUtilPackageTypeLookup,zkmulti,Active
01p4O000002F2gvQAC,EndiciaUtilServiceTypeLookup,zkmulti,Active
01p4O000002F2gwQAC,EndiciaUtilServicesLookup,zkmulti,Active
01p4O000002F2gxQAC,EndiciaValidateAll,zkmulti,Active
01p4O000002F2gyQAC,ErrorHandlerService,zkmulti,Active
01p4O000002F2gzQAC,ErrorResponse,zkmulti,Active
01p4O000002F2h0QAC,Express1ShippingUtilPackageTypeLookup,zkmulti,Active
01p4O000002F2h1QAC,FKTests,zkmulti,Active
01p4O000002F2h2QAC,FKTests2,zkmulti,Active
01p4O000002F2h3QAC,FKTests3,zkmulti,Active
01p4O000002F2h4QAC,FKTests4,zkmulti,Active
01p4O000002F2h5QAC,FKTests5,zkmulti,Active
01p4O000002F2h6QAC,FKTests6,zkmulti,Active
01p4O000002F2h7QAC,FKTests7,zkmulti,Active
01p4O000002F2h8QAC,FKTests8,zkmulti,Active
01p4O000002F2h9QAC,FTPDailyScheduler,zkmulti,Active
01p4O000002F2hAQAS,FedExCloseButtonController,zkmulti,Active
01p4O000002F2hBQAS,FedExETDFileWrapper,zkmulti,Active
01p4O000002F2hDQAS,FedExPackageValidator,zkmulti,Active
01p4O000002F2hEQAS,FedExPickupValidator,zkmulti,Active
01p4O000002F2hFQAS,FedExPreferenceUtils,zkmulti,Active
01p4O000002F2hGQAS,FedExPreferenceValidator,zkmulti,Active
01p4O000002F2hHQAS,FedExProcessTagUtils,zkmulti,Active
01p4O000002F2hIQAS,FedExRegisteredNameData,zkmulti,Active
01p4O000002F2hKQAS,FedExShipmentProvider,zkmulti,Active
01p4O000002F2hLQAS,FedExShipmentValidator,zkmulti,Active
01p4O000002F2hMQAS,FedExShippingCurrencyLookup,zkmulti,Active
01p4O000002F2hNQAS,FedExShippingMiscLookup,zkmulti,Active
01p4O000002F2hOQAS,FedExShippingPackageTypeLookup,zkmulti,Active
01p4O000002F2hPQAS,FedExShippingPaymentTypeLookup,zkmulti,Active
01p4O000002F2hQQAS,FedExShippingServiceLookup,zkmulti,Active
01p4O000002F2hRQAS,FedExShippingSpecialServiceLookup,zkmulti,Active
01p4O000002F2hSQAS,FedExShippingTimestampCreator,zkmulti,Active
01p4O000002F2hTQAS,FedExSpecialServicesValidator,zkmulti,Active
01p4O000002F2hUQAS,FedExUploadImageController,zkmulti,Active
01p4O000002F2hVQAS,FedExWebServiceResponse,zkmulti,Active
01p4O000002F2hWQAS,FedexComWsAddressvalidationV4,zkmulti,Active
01p4O000002F2hXQAS,FedexComWsCloseV5,zkmulti,Active
01p4O000002F2hZQAS,FedexComWsOpenshipV15,zkmulti,Active
01p4O000002F2hfQAC,FedexCspWsRegistrationV7,zkmulti,Active
01p4O000002F2hgQAC,FilesUtils,zkmulti,Active
01p4O000002F2hhQAC,GetQuoteActionController,zkmulti,Active
01p4O000002F2hiQAC,GetQuoteContentController,zkmulti,Active
01p4O000002F2hjQAC,HazMatUtils,zkmulti,Active
01p4O000002F2hkQAC,HelpLinks,zkmulti,Active
01p4O000002F2hlQAC,HttpCalloutMockImpl,zkmulti,Active
01p4O000002F2hmQAC,IBox,zkmulti,Active
01p4O000002F2hnQAC,IBoxItem,zkmulti,Active
01p4O000002F2hoQAC,IFetchLCSLookUp,zkmulti,Active
01p4O000002F2hpQAC,IFetchLookUp,zkmulti,Active
01p4O000002F2hqQAC,ILCSLookUpParams,zkmulti,Active
01p4O000002F2hrQAC,ILookUpParams,zkmulti,Active
01p4O000002F2hsQAC,IShipmentProvider,zkmulti,Active
01p4O000002F2htQAC,InvocableHelper,zkmulti,Active
01p4O000002F2huQAC,InvocablePickup,zkmulti,Active
01p4O000002F2hvQAC,InvocableRate,zkmulti,Active
01p4O000002F2hwQAC,InvocableSendLabels,zkmulti,Active
01p4O000002F2hxQAC,InvocableShipmentCreate,zkmulti,Active
01p4O000002F2hyQAC,InvocableTracking,zkmulti,Active
01p4O000002F2hzQAC,LCSLookUpController,zkmulti,Active
01p4O000002F2i0QAC,LCSLookUpFilter,zkmulti,Active
01p4O000002F2i1QAC,LCSLookUpParams,zkmulti,Active
01p4O000002F2i2QAC,LicenseChecker,zkmulti,Active
01p4O000002F2i3QAC,LicenseCheckerTest,zkmulti,Active
01p4O000002F2i4QAC,LoggerUtils,zkmulti,Active
01p4O000002F2i5QAC,LookUpController,zkmulti,Active
01p4O000002F2i6QAC,LookUpParams,zkmulti,Active
01p4O000002F2i7QAC,LookupFieldController,zkmulti,Active
01p4O000002F2i8QAC,LookupFieldService,zkmulti,Active
01p4O000002F2i9QAC,MCPageController,zkmulti,Active
01p4O000002F2iBQAS,MCShipmentService,zkmulti,Active
01p4O000002F2iCQAS,ManagePrinterController,zkmulti,Active
01p4O000002F2iDQAS,ManagePrinterControllerTest,zkmulti,Active
01p4O000002F2iEQAS,ManagerPageRedirectController,zkmulti,Active
01p4O000002F2iFQAS,MassCancelShipmentBatch,zkmulti,Active
01p4O000002F2iGQAS,MassPrintLabelController,zkmulti,Active
01p4O000002F2iHQAS,Message,zkmulti,Active
01p4O000002F2iIQAS,MessageList,zkmulti,Active
01p4O000002F2iJQAS,MessageListDisplayController,zkmulti,Active
01p4O000002F2iKQAS,MessageListTest,zkmulti,Active
01p4O000002F2iLQAS,MetadataHelper,zkmulti,Active
01p4O000002F2iMQAS,ModKeyCheckUtil,zkmulti,Active
01p4O000002F2iNQAS,MultiCarrierCalloutMockImpl,zkmulti,Active
01p4O000002F2iOQAS,MultiCarrierDailyScheduler,zkmulti,Active
01p4O000002F2iPQAS,MultiCarrierPostInstall,zkmulti,Active
01p4O000002F2iQQAS,MultiCarrierPostInstallTest,zkmulti,Active
01p4O000002F2iRQAS,MultiCarrierShipmentEntity,zkmulti,Active
01p4O000002F2iSQAS,MultiCarrierShipmentHelper,zkmulti,Active
01p4O000002F2iTQAS,MultiShippingUtilUpdateKey,zkmulti,Active
01p4O000002F2iUQAS,NewPickupController,zkmulti,Active
01p4O000002F2iVQAS,ObjectDescribeFetchLookUp,zkmulti,Active
01p4O000002F2iWQAS,ObjectDescribeLookUpItem,zkmulti,Active
01p4O000002F2iXQAS,ObjectMetaService,zkmulti,Active
01p4O000002F2iYQAS,OrientatedBoxItem,zkmulti,Active
01p4O000002F2iZQAS,OtherTests,zkmulti,Active
01p4O000002F2iaQAC,PHCalloutMockImpl,zkmulti,Active
01p4O000002F2ibQAC,PHServiceDTO,zkmulti,Active
01p4O000002F2icQAC,PHShipmentProvider,zkmulti,Active
01p4O000002F2idQAC,PackageEntry,zkmulti,Active
01p4O000002F2ieQAC,PackedShipmentBox,zkmulti,Active
01p4O000002F2ifQAC,PermissionUtils,zkmulti,Active
01p4O000002F2igQAC,PickupCASTest,zkmulti,Active
01p4O000002F2ihQAC,PickupCasService,zkmulti,Active
01p4O000002F2iiQAC,PickupCustomAddressSourceEntry,zkmulti,Active
01p4O000002F2ijQAC,PickupService,zkmulti,Active
01p4O000002F2ikQAC,PickupShipment,zkmulti,Active
01p4O000002F2ilQAC,PickupTest,zkmulti,Active
01p4O000002F2imQAC,PickupWebServiceResponse,zkmulti,Active
01p4O000002F2inQAC,PopupImageController,zkmulti,Active
01p4O000002F2ipQAC,PreferenceService,zkmulti,Active
01p4O000002F2iqQAC,PreferenceValidator,zkmulti,Active
01p4O000002F2irQAC,PreferenceValidatorTest,zkmulti,Active
01p4O000002F2isQAC,PrintLabelController,zkmulti,Active
01p4O000002F2itQAC,PrintLabelControllerTest,zkmulti,Active
01p4O000002F2iuQAC,PrintLabelEntry,zkmulti,Active
01p4O000002F2ivQAC,PrintNodeService,zkmulti,Active
01p4O000002F2iwQAC,PrintNodeServiceMock,zkmulti,Active
01p4O000002F2ixQAC,PrintService,zkmulti,Active
01p4O000002F2iyQAC,PrintServiceAdministrationController,zkmulti,Active
01p4O000002F2j0QAC,PrintServiceTest,zkmulti,Active
01p4O000002F2j1QAC,PrintUtils,zkmulti,Active
01p4O000002F2j2QAC,PrinterServiceDTOs,zkmulti,Active
01p4O000002F2j3QAC,PrinterServiceProvider,zkmulti,Active
01p4O000002F2j4QAC,PrinterServiceProviderException,zkmulti,Active
01p4O000002F2j5QAC,PrintersManagerService,zkmulti,Active
01p4O000002F2j6QAC,QueueableInvocableRate,zkmulti,Active
01p4O000002F2j7QAC,QueuedShipmentStatusEntry,zkmulti,Active
01p4O000002F2j8QAC,RateService,zkmulti,Active
01p4O000002F2j9QAC,RemoteHandler,zkmulti,Active
01p4O000002F2jAQAS,RemoteHandlerInterface,zkmulti,Active
01p4O000002F2jBQAS,STCalloutMockImpl,zkmulti,Active
01p4O000002F2jCQAS,STServiceDTO,zkmulti,Active
01p4O000002F2jDQAS,STShipmentProvider,zkmulti,Active
01p4O000002F2jEQAS,ScaleInfo,zkmulti,Active
01p4O000002F2jFQAS,ScheduleTrackingController,zkmulti,Active
01p4O000002F2jHQAS,ScheduledTrackShipment,zkmulti,Active
01p4O000002F2jIQAS,ScheduledVersionCapture,zkmulti,Active
01p4O000002F2jJQAS,SecurityAccessException,zkmulti,Active
01p4O000002F2jKQAS,SecurityUtils,zkmulti,Active
01p4O000002F2jLQAS,SelectableShipmentAttachment,zkmulti,Active
01p4O000002F2jMQAS,ServiceTypeUtils,zkmulti,Active
01p4O000002F2jRQAS,ShipmentBox,zkmulti,Active
01p4O000002F2jSQAS,ShipmentBoxItem,zkmulti,Active
01p4O000002F2jTQAS,ShipmentDTO,zkmulti,Active
01p4O000002F2jUQAS,ShipmentDeleteController,zkmulti,Active
01p4O000002F2jVQAS,ShipmentInterface,zkmulti,Active
01p4O000002F2jWQAS,ShipmentInterfaceException,zkmulti,Active
01p4O000002F2jXQAS,ShipmentLabelsAPI,zkmulti,Active
01p4O000002F2jYQAS,ShipmentPrintableSummaryController,zkmulti,Active
01p4O000002F2jZQAS,ShipmentPrintableSummaryControllerTest,zkmulti,Active
01p4O000002F2jaQAC,ShipmentProviderDTO,zkmulti,Active
01p4O000002F2jbQAC,ShipmentProviderInterface,zkmulti,Active
01p4O000002F2jcQAC,ShipmentProviderInterfaceTest,zkmulti,Active
01p4O000002F2jdQAC,ShipmentRate,zkmulti,Active
01p4O000002F2jeQAC,ShipmentService,zkmulti,Active
01p4O000002F2jfQAC,ShipmentStatusEntry,zkmulti,Active
01p4O000002F2jgQAC,ShipmentTrack,zkmulti,Active
01p4O000002F2jhQAC,ShipmentUtilities,zkmulti,Active
01p4O000002F2jiQAC,ShipmentValidator,zkmulti,Active
01p4O000002F2jjQAC,ShipmentValidatorTest,zkmulti,Active
01p4O000002F2jkQAC,ShipmentViewV1Controller,zkmulti,Active
01p4O000002F2jlQAC,ShipmentViewV1ControllerTest,zkmulti,Active
01p4O000002F2jmQAC,ShippingCountryLookup,zkmulti,Active
01p4O000002F2jnQAC,ShippingPostalCodeLookup,zkmulti,Active
01p4O000002F2joQAC,ShippingStateLookup,zkmulti,Active
01p4O000002F2jpQAC,ShippingStreetSplitter,zkmulti,Active
01p4O000002F2jqQAC,ShippingUtilStandardObjectLookup,zkmulti,Active
01p4O000002F2jrQAC,ShippingUtilities,zkmulti,Active
01p4O000002F2jsQAC,SmallCarrierService,zkmulti,Active
01p4O000002F2jtQAC,StandardObjectCustomizationValidator,zkmulti,Active
01p4O000002F2juQAC,TestFedExShipmentValidator,zkmulti,Active
01p4O000002F2jvQAC,TestFedExWebService2016,zkmulti,Active
01p4O000002F2jwQAC,TestHelper,zkmulti,Active
01p4O000002F2jxQAC,TestUtils,zkmulti,Active
01p4O000002F2jzQAC,TrackShipmentController,zkmulti,Active
01p4O000002F2k0QAC,TrackShipmentControllerTest,zkmulti,Active
01p4O000002F2k2QAC,TrackShipmentEndicia,zkmulti,Active
01p4O000002F2k3QAC,TrackShipmentFedEx,zkmulti,Active
01p4O000002F2k4QAC,TrackShipmentPostHaste,zkmulti,Active
01p4O000002F2k5QAC,TrackShipmentStarTrack,zkmulti,Active
01p4O000002F2k6QAC,TrackShipmentUPS,zkmulti,Active
01p4O000002F2k7QAC,TrackShipmentUSPSWebApi,zkmulti,Active
01p4O000002F2k8QAC,TrackShipmentZkApi,zkmulti,Active
01p4O000002F2kAQAS,TrackingEmailCmp,zkmulti,Active
01p4O000002F2kBQAS,TrackingResult,zkmulti,Active
01p4O000002F2kCQAS,TrackingService,zkmulti,Active
01p4O000002F2kDQAS,TriggerHandler,zkmulti,Active
01p4O000002F2kEQAS,UPSFormValidator,zkmulti,Active
01p4O000002F2kFQAS,UPSPackageValidator,zkmulti,Active
01p4O000002F2kGQAS,UPSPickupValidator,zkmulti,Active
01p4O000002F2kHQAS,UPSPreferenceUtils,zkmulti,Active
01p4O000002F2kIQAS,UPSPreferenceValidator,zkmulti,Active
01p4O000002F2kJQAS,UPSReferenceTypeLookup,zkmulti,Active
01p4O000002F2kKQAS,UPSShipmentProvider,zkmulti,Active
01p4O000002F2kLQAS,UPSShipmentValidator,zkmulti,Active
01p4O000002F2kMQAS,UPSShippingCommodityLookup,zkmulti,Active
01p4O000002F2kNQAS,UPSShippingFormsLookup,zkmulti,Active
01p4O000002F2kOQAS,UPSShippingPackageTypeLookup,zkmulti,Active
01p4O000002F2kPQAS,UPSShippingPaymentTypeLookup,zkmulti,Active
01p4O000002F2kQQAS,UPSShippingServiceLookup,zkmulti,Active
01p4O000002F2kRQAS,UPSShippingSpecialServiceLookup,zkmulti,Active
01p4O000002F2kSQAS,UPSShippingTimestampCreator,zkmulti,Active
01p4O000002F2kTQAS,UPSSpecialServicesValidator,zkmulti,Active
01p4O000002F2kUQAS,UPSWebServiceResponse,zkmulti,Active
01p4O000002F2kVQAS,USPSCustomsInformationValidator,zkmulti,Active
01p4O000002F2kWQAS,USPSCustomsItemValidator,zkmulti,Active
01p4O000002F2kXQAS,USPSReplyPostageUtil,zkmulti,Active
01p4O000002F2kYQAS,USPSShipmentLabelPDF,zkmulti,Active
01p4O000002F2kZQAS,USPSShipmentValidator,zkmulti,Active
01p4O000002F2kaQAC,USPSShippingUtilLabelLookup,zkmulti,Active
01p4O000002F2kbQAC,USPSWebServiceResponse,zkmulti,Active
01p4O000002F2kcQAC,UpdateLicenseController,zkmulti,Active
01p4O000002F2kdQAC,UserLicensedUtils,zkmulti,Active
01p4O000002F2keQAC,UtilsService,zkmulti,Active
01p4O000002F2kfQAC,VolumePacker,zkmulti,Active
01p4O000002F2kgQAC,WebPHServiceShipmentImplementation,zkmulti,Active
01p4O000002F2khQAC,WebPHServiceShipmentRequest,zkmulti,Active
01p4O000002F2kiQAC,WebPHServiceShipmentResponse,zkmulti,Active
01p4O000002F2kjQAC,WebSTServiceShipmentImplementation,zkmulti,Active
01p4O000002F2kkQAC,WebSTServiceShipmentRequest,zkmulti,Active
01p4O000002F2klQAC,WebSTServiceShipmentResponse,zkmulti,Active
01p4O000002F2koQAC,WebServiceEndicia,zkmulti,Active
01p4O000002F2kpQAC,WebServiceEndiciaBuyPostageCore,zkmulti,Active
01p4O000002F2kqQAC,WebServiceEndiciaChallengeQuestionCore,zkmulti,Active
01p4O000002F2krQAC,WebServiceEndiciaChangePassPhraseCore,zkmulti,Active
01p4O000002F2ksQAC,WebServiceEndiciaGetAccountStatusCore,zkmulti,Active
01p4O000002F2ktQAC,WebServiceEndiciaGetPostageLabelCore,zkmulti,Active
01p4O000002F2kuQAC,WebServiceEndiciaGetRefundCore,zkmulti,Active
01p4O000002F2kvQAC,WebServiceEndiciaGetSCANCore,zkmulti,Active
01p4O000002F2kwQAC,WebServiceEndiciaMockImpl,zkmulti,Active
01p4O000002F2kxQAC,WebServiceEndiciaPackageStatusCore,zkmulti,Active
01p4O000002F2kyQAC,WebServiceEndiciaPaymentUpdCore,zkmulti,Active
01p4O000002F2kzQAC,WebServiceEndiciaPostageRatesCore,zkmulti,Active
01p4O000002F2l0QAC,WebServiceEndiciaResetAccountCore,zkmulti,Active
01p4O000002F2l1QAC,WebServiceEndiciaRespGetAccountStatus,zkmulti,Active
01p4O000002F2l2QAC,WebServiceEndiciaRespPackageStatus,zkmulti,Active
01p4O000002F2l3QAC,WebServiceEndiciaRespPostageRates,zkmulti,Active
01p4O000002F2l4QAC,WebServiceEndiciaTest,zkmulti,Active
01p4O000002F2l5QAC,WebServiceEndiciaUserSignupUserCore,zkmulti,Active
01p4O000002F2l6QAC,WebServiceEndiciaUtilities,zkmulti,Active
01p4O000002F2l8QAC,WebServiceFedExUtils,zkmulti,Active
01p4O000002F2l9QAC,WebServiceFedex,zkmulti,Active
01p4O000002F2lAQAS,WebServiceFedexCloseCore,zkmulti,Active
01p4O000002F2lCQAS,WebServiceFedexDeleteShipmentCore,zkmulti,Active
01p4O000002F2lDQAS,WebServiceFedexGetRateCore,zkmulti,Active
01p4O000002F2lEQAS,WebServiceFedexGlobalShipAddrCore,zkmulti,Active
01p4O000002F2lFQAS,WebServiceFedexMockImpl,zkmulti,Active
01p4O000002F2lGQAS,WebServiceFedexPickupAvailableCore,zkmulti,Active
01p4O000002F2lHQAS,WebServiceFedexPickupCancelCore,zkmulti,Active
01p4O000002F2lIQAS,WebServiceFedexPickupCreateCore,zkmulti,Active
01p4O000002F2lJQAS,WebServiceFedexProcessOpenShipmentCore,zkmulti,Active
01p4O000002F2lKQAS,WebServiceFedexProcessShipmentCore,zkmulti,Active
01p4O000002F2lLQAS,WebServiceFedexRegisterUserCore,zkmulti,Active
01p4O000002F2lMQAS,WebServiceFedexServerKeys,zkmulti,Active
01p4O000002F2lNQAS,WebServiceFedexSubscribeCore,zkmulti,Active
01p4O000002F2lOQAS,WebServiceFedexTrackCore,zkmulti,Active
01p4O000002F2lPQAS,WebServiceFedexTrackingDocumentCore,zkmulti,Active
01p4O000002F2lQQAS,WebServiceFedexUploadDocumentCore,zkmulti,Active
01p4O000002F2lRQAS,WebServiceFedexUploadImageCore,zkmulti,Active
01p4O000002F2lSQAS,WebServiceFedexVacsCore,zkmulti,Active
01p4O000002F2lTQAS,WebServiceFedexValidateAddressCore,zkmulti,Active
01p4O000002F2lUQAS,WebServiceFedexVersionCaptureCore,zkmulti,Active
01p4O000002F2lVQAS,WebServiceOnTrac,zkmulti,Active
01p4O000002F2lWQAS,WebServiceResponseSharedDataTypes,zkmulti,Active
01p4O000002F2lbQAC,WebServiceUPS,zkmulti,Active
01p4O000002F2lcQAC,WebServiceUPSAddressValidationCore,zkmulti,Active
01p4O000002F2ldQAC,WebServiceUPSLicenseAgreementCore,zkmulti,Active
01p4O000002F2leQAC,WebServiceUPSLicenseAgreementCoreTest,zkmulti,Active
01p4O000002F2lfQAC,WebServiceUPSLicenseCore,zkmulti,Active
01p4O000002F2lgQAC,WebServiceUPSLicenseCoreTest,zkmulti,Active
01p4O000002F2lhQAC,WebServiceUPSLocatorCore,zkmulti,Active
01p4O000002F2liQAC,WebServiceUPSManageAccountCore,zkmulti,Active
01p4O000002F2ljQAC,WebServiceUPSMockImpl,zkmulti,Active
01p4O000002F2lkQAC,WebServiceUPSPickupCancelCore,zkmulti,Active
01p4O000002F2llQAC,WebServiceUPSPickupCore,zkmulti,Active
01p4O000002F2lmQAC,WebServiceUPSPickupRateCore,zkmulti,Active
01p4O000002F2lnQAC,WebServiceUPSPickupStatusCore,zkmulti,Active
01p4O000002F2loQAC,WebServiceUPSRatingCore,zkmulti,Active
01p4O000002F2lpQAC,WebServiceUPSRatingCoreTest,zkmulti,Active
01p4O000002F2lqQAC,WebServiceUPSRegistrationCore,zkmulti,Active
01p4O000002F2lrQAC,WebServiceUPSRespAccessLicenseAgreement,zkmulti,Active
01p4O000002F2lsQAC,WebServiceUPSResponseAccessLicense,zkmulti,Active
01p4O000002F2ltQAC,WebServiceUPSResponseAddressValidation,zkmulti,Active
01p4O000002F2luQAC,WebServiceUPSResponseLocatorService,zkmulti,Active
01p4O000002F2lvQAC,WebServiceUPSResponsePickupCancel,zkmulti,Active
01p4O000002F2lwQAC,WebServiceUPSResponsePickupCreation,zkmulti,Active
01p4O000002F2lxQAC,WebServiceUPSResponsePickupRate,zkmulti,Active
01p4O000002F2lyQAC,WebServiceUPSResponsePickupStatus,zkmulti,Active
01p4O000002F2lzQAC,WebServiceUPSResponseRatingService,zkmulti,Active
01p4O000002F2m0QAC,WebServiceUPSResponseRegistration,zkmulti,Active
01p4O000002F2m1QAC,WebServiceUPSResponseServiceTypes,zkmulti,Active
01p4O000002F2m2QAC,WebServiceUPSResponseShipAccept,zkmulti,Active
01p4O000002F2m3QAC,WebServiceUPSResponseShipVoid,zkmulti,Active
01p4O000002F2m4QAC,WebServiceUPSResponseTrack,zkmulti,Active
01p4O000002F2m5QAC,WebServiceUPSShippingCore,zkmulti,Active
01p4O000002F2m6QAC,WebServiceUPSShippingCoreTest,zkmulti,Active
01p4O000002F2m7QAC,WebServiceUPSTest,zkmulti,Active
01p4O000002F2m8QAC,WebServiceUPSTrackingCore,zkmulti,Active
01p4O000002F2m9QAC,WebServiceUPSVoidShipmentCore,zkmulti,Active
01p4O000002F2mAQAS,WebServiceUSPS,zkmulti,Active
01p4O000002F2mBQAS,WebServiceUSPSResponseTracking,zkmulti,Active
01p4O000002F2mCQAS,WebServiceUSPSTest,zkmulti,Active
01p4O000002F2mDQAS,WebServiceUSPSTrackingCore,zkmulti,Active
01p4O000002F2mEQAS,WebServiceUSPSTrackingCoreMock,zkmulti,Active
01p4O000002F2mFQAS,WebServiceUtils,zkmulti,Active
01p4O000002F2mGQAS,WebServiceWSDLTest,zkmulti,Active
01p4O000002F2mIQAS,WebserviceException,zkmulti,Active
01p4O000002F2mMQAS,WizardParam,zkmulti,Active
01p4O000002F2mNQAS,WizardService,zkmulti,Active
01p4O000002F2mOQAS,WrapperUtils,zkmulti,Active
01p4O000002F2mPQAS,XMLDom,zkmulti,Active
01p4O000002F2mQQAS,ZKApiWebService,zkmulti,Active
01p4O000002F2mRQAS,ZkApiHelper,zkmulti,Active
01p4O000002F2mSQAS,ZkApiWebServiceException,zkmulti,Active
01p4O000002F2mTQAS,ZkExTest,zkmulti,Active
01p4O000002F2mUQAS,ZkWebServiceResponse,zkmulti,Active
01p4O000002F2mWQAS,wwwEnvmgrComLabelservice,zkmulti,Active
01p4O000002F2mXQAS,wwwEnvmgrComLabelserviceTest,zkmulti,Active
01p4O000002F2tWQAS,Analytics,pandadoc,Active
01p4O000002F2tXQAS,AnalyticsTest,pandadoc,Active
01p4O000002F2tYQAS,AuraJsonBuilderController,pandadoc,Active
01p4O000002F2tZQAS,AuraJsonBuilderControllerTest,pandadoc,Active
01p4O000002F2taQAC,CleanUpLogsBatch,pandadoc,Active
01p4O000002F2tbQAC,CleanUpLogsBatchTest,pandadoc,Active
01p4O000002F2tcQAC,ConfigureTokensCtrl,pandadoc,Active
01p4O000002F2tdQAC,ConfigureTokensCtrlTest,pandadoc,Active
01p4O000002F2teQAC,ContactJsonBuilderController,pandadoc,Active
01p4O000002F2tfQAC,DocumentWrapperEV2,pandadoc,Active
01p4O000002F2tgQAC,DocumentsComponentModePickList,pandadoc,Active
01p4O000002F2thQAC,DocumentsComponentOnDocCreatePickList,pandadoc,Active
01p4O000002F2tiQAC,DocumentsComponentPickListsTest,pandadoc,Active
01p4O000002F2tjQAC,LeadJsonBuilderController,pandadoc,Active
01p4O000002F2tkQAC,OpportunityJsonBuilderController,pandadoc,Active
01p4O000002F2tlQAC,PandaDocWebServiceDataEV2,pandadoc,Active
01p4O000002F2tmQAC,PandaDocWebServiceDataEV2Test,pandadoc,Active
01p4O000002F2tnQAC,TokensParser,pandadoc,Active
01p4O000002F2toQAC,TokensParserTest,pandadoc,Active
01p4O000002F2zFQAS,EngageSalesToolsController,pi,Active
01p4O000002F2zGQAS,EngageSalesToolsControllerTest,pi,Active
01p4O000002F2zeQAC,P_ProductRepairTriggerHandler,,Active
01p4O000002F30DQAS,OneTimeCalcExistingLastRepairDates,,Active
01p4O000002F30SQAS,OneTimeCalcExistingLastRepairDateTest,,Active
01p4O000002F30TQAS,P_ProductItemTriggerHandlerTest,,Active
01p4O000002F30UQAS,P_ProductRepairTriggerHandlerTest,,Active
01p4O000002F395QAC,NewRentalOpp,,Active
01p4O000002F396QAC,NewRentalOppTest,,Active
01p4O000002F3R5QAK,P_ClassicNoteTriggerHandler,,Active
01p4O000002F3R6QAK,P_ClassicNoteTriggerTest,,Active
01p4O000002F3R7QAK,PandaDocService,,Active
01p4O000002F3R8QAK,PandaDocServiceTest,,Active
01p4O000002F3eFQAS,P_ServiceWorkOrderTriggerTest,,Active
01p4O000002F42YQAS,EnvIndicatorEndpoint,pi,Active
01p4O000002F42ZQAS,EnvIndicatorEndpointTest,pi,Active
01p4O000002F4Q1QAK,GH_SandboxSetup,,Active
01p4O000002F4Q6QAK,GH_SandboxSetupTest,,Active
01p4O000002F5yQQAS,OpportunityAlertController,,Active
01p4O000002F5yRQAS,OpportunityAlertControllerTest,,Active
01p4O000002F6x0QAC,ObjectSearchService,pandadoc,Active
01p4O000002F6x1QAC,ObjectSearchServiceTest,pandadoc,Active
01p4O000002F6x2QAC,ObjectTokensWebService,pandadoc,Active
01p4O000002F6x3QAC,ObjectTokensWebServiceTest,pandadoc,Active
01p4O000002F6x4QAC,SourceNode,pandadoc,Active
01p5b000005cA6AAAU,invocableEmailAttachmentRepairQuoteUK,,Active
01p5b000005cA6BAAU,invocableEmailAttachmentUK,,Active
01p5b000005cBqEAAU,dlrs_Credit_MemoTest,,Active
01p5b000005cBqOAAU,CreditMemoTriggerTest,,Active
01p5b000005cBqPAAU,P_CreditMemoActions,,Active
01p5b000005cDCgAAM,ItemReceiptTriggerTest,,Active
01p5b000005cDChAAM,P_ItemReceiptActions,,Active
01p5b000005cDClAAM,POBillActions,,Active
01p5b000005cDCmAAM,POTriggerTest,,Active
01p5b000005cDirAAE,WorkOrderShippingCheckList,,Active
01p5b000005cDisAAE,WorkOrderShippingCheckListTest,,Active
01p5b000005cEE4AAM,Chargent_Terminal_Business,cterminal,Active
01p5b000005cEE5AAM,Chargent_Terminal_Business_Tests,cterminal,Active
01p5b000005cEE6AAM,Chargent_Terminal_Controller,cterminal,Active
01p5b000005cEE7AAM,Chargent_Terminal_Controller_Tests,cterminal,Active
01p5b000005cEE8AAM,Default_Terminal_Controller,cterminal,Active
01p5b000005cEE9AAM,Default_Terminal_Controller_Tests,cterminal,Active
01p5b000005cEEAAA2,Default_Terminal_Options,cterminal,Active
01p5b000005cEEBAA2,DeviceGroup,cterminal,Active
01p5b000005cEECAA2,EchoHttpMock,cterminal,Active
01p5b000005cEEDAA2,JWT_Token,cterminal,Active
01p5b000005cEEEAA2,JWT_Token_Tests,cterminal,Active
01p5b000005cEEFAA2,PostInstall,cterminal,Active
01p5b000005cEEGAA2,PostInstall_Tests,cterminal,Active
01p5b000005cEEHAA2,Scheduled_Batch_Controller,cterminal,Active
01p5b000005cEEIAA2,Scheduled_Batch_Controller_Tests,cterminal,Active
01p5b000005cEEJAA2,Security,cterminal,Active
01p5b000005cEEKAA2,Security_Access_Type,cterminal,Active
01p5b000005cEELAA2,Security_Tests,cterminal,Active
01p5b000005cEEMAA2,TerminalRestResource,cterminal,Active
01p5b000005cEENAA2,TerminalRestResource_Tests,cterminal,Active
01p5b000005cEEOAA2,Terminal_API,cterminal,Active
01p5b000005cEEPAA2,Terminal_API_Tests,cterminal,Active
01p5b000005cEEQAA2,Terminal_Batch_Definitions,cterminal,Active
01p5b000005cEERAA2,Terminal_Capture_Tests,cterminal,Active
01p5b000005cEESAA2,Terminal_CloudMessage,cterminal,Active
01p5b000005cEETAA2,Terminal_CloudMessage_Tests,cterminal,Active
01p5b000005cEEUAA2,Terminal_Configuration_Controller,cterminal,Active
01p5b000005cEEVAA2,Terminal_Configuration_Controller_Tests,cterminal,Active
01p5b000005cEEWAA2,Terminal_Object_Business,cterminal,Active
01p5b000005cEEXAA2,Terminal_Object_Business_Tests,cterminal,Active
01p5b000005cEEYAA2,Terminal_Object_Error,cterminal,Active
01p5b000005cEEZAA2,Terminal_Object_Stores,cterminal,Active
01p5b000005cEEaAAM,Terminal_Object_Stores_Tests,cterminal,Active
01p5b000005cEEbAAM,Terminal_Object_Transaction,cterminal,Active
01p5b000005cEEcAAM,Terminal_Object_Transaction_Tests,cterminal,Active
01p5b000005cEEdAAM,Terminal_PaymentReconcile_Controller,cterminal,Active
01p5b000005cEEeAAM,Terminal_PaymentReconcile_Tests,cterminal,Active
01p5b000005cEEfAAM,Terminal_Processes,cterminal,Active
01p5b000005cEEgAAM,Terminal_Processes_Tests,cterminal,Active
01p5b000005cEEhAAM,Terminal_Refund_Tests,cterminal,Active
01p5b000005cEEiAAM,Terminal_SObject_Configuration,cterminal,Active
01p5b000005cEEjAAM,Terminal_Utilities,cterminal,Active
01p5b000005cEEkAAM,Terminal_Utilities_Tests,cterminal,Active
01p5b000005cEElAAM,Terminal_Void_Tests,cterminal,Active
01p5b000005cEEmAAM,Test_Utilities,cterminal,Active
01p5b000005cEEnAAM,Update_Transaction,cterminal,Active
01p5b000005cEEoAAM,Update_Transaction_Tests,cterminal,Active
01p5b000005cEEpAAM,VF_Messages_Abstract,cterminal,Active
01p5b000005cEEqAAM,VF_Messages_Abstract_Tests,cterminal,Active
01p5b000005cEErAAM,batch_Queue_UpdateTransactions,cterminal,Active
01p5b000005cEEsAAM,batch_Queue_UpdateTransactions_Tests,cterminal,Active
01p5b000005cEEtAAM,queueable_SyncTransactions,cterminal,Active
01p5b000005cEF7AAM,ACConfigurationUtilities,ChargentBase,Active
01p5b000005cEF8AAM,ACConfigurationUtilitiesTest,ChargentBase,Active
01p5b000005cEF9AAM,ACFlowCreate,ChargentBase,Active
01p5b000005cEFAAA2,ACFlowCreate_Test,ChargentBase,Active
01p5b000005cEFBAA2,ACWebservice,ChargentBase,Active
01p5b000005cEFCAA2,ACWebservice_Test,ChargentBase,Active
01p5b000005cEFDAA2,ActionService,ChargentBase,Active
01p5b000005cEFEAA2,ActionServiceACActions,ChargentBase,Active
01p5b000005cEFFAA2,ActionServiceACActions_Test,ChargentBase,Active
01p5b000005cEFGAA2,ActionService_Test,ChargentBase,Active
01p5b000005cEFHAA2,Aggregation,ChargentBase,Active
01p5b000005cEFIAA2,AggregationAC,ChargentBase,Active
01p5b000005cEFJAA2,AggregationAC_Test,ChargentBase,Active
01p5b000005cEFKAA2,AggregationEventHandler,ChargentBase,Active
01p5b000005cEFLAA2,AggregationEventHandler_Test,ChargentBase,Active
01p5b000005cEFMAA2,AggregationEventType,ChargentBase,Active
01p5b000005cEFNAA2,AggregationGatewayUsage,ChargentBase,Active
01p5b000005cEFOAA2,AggregationGatewayUsage_Test,ChargentBase,Active
01p5b000005cEFPAA2,AggregationHandler,ChargentBase,Active
01p5b000005cEFQAA2,AggregationHandler_Test,ChargentBase,Active
01p5b000005cEFRAA2,AggregationPeriodType,ChargentBase,Active
01p5b000005cEFSAA2,AggregationService,ChargentBase,Active
01p5b000005cEFTAA2,AggregationService_Test,ChargentBase,Active
01p5b000005cEFUAA2,Aggregation_Test,ChargentBase,Active
01p5b000005cEFVAA2,AutomatedCollectionsSourceType,ChargentBase,Active
01p5b000005cEFWAA2,BaseException,ChargentBase,Active
01p5b000005cEFXAA2,BaseException_Test,ChargentBase,Active
01p5b000005cEFYAA2,ChargentPanelListDeserializer,ChargentBase,Active
01p5b000005cEFZAA2,ChargentPanelListDeserializer_Test,ChargentBase,Active
01p5b000005cEFaAAM,ChargentWebServiceTest,ChargentBase,Active
01p5b000005cEFbAAM,ChartController,ChargentBase,Active
01p5b000005cEFcAAM,DashboardController,ChargentBase,Active
01p5b000005cEFdAAM,DashboardController_Test,ChargentBase,Active
01p5b000005cEFeAAM,FeatureParameterService,ChargentBase,Active
01p5b000005cEFfAAM,FeatureParameterService_Test,ChargentBase,Active
01p5b000005cEFgAAM,GraphQLQueryBuilder,ChargentBase,Active
01p5b000005cEFhAAM,GraphQLQueryBuilderTest,ChargentBase,Active
01p5b000005cEFiAAM,LyonsValidation,ChargentBase,Active
01p5b000005cEFjAAM,LyonsValidationTest,ChargentBase,Active
01p5b000005cEFkAAM,PaymentComponentType,ChargentBase,Active
01p5b000005cEFlAAM,Payment_Braintree_ACH,ChargentBase,Active
01p5b000005cEFmAAM,Payment_Braintree_ACH_Test,ChargentBase,Active
01p5b000005cEFpAAM,SendPaymentRequestController_Test,ChargentBase,Active
01p5b000005cEFqAAM,UnauthorizedEndpointResponse,ChargentBase,Active
01p5b000005cEFvAAM,ACConfigurationTriggerHandler,ChargentOrders,Active
01p5b000005cEFwAAM,ACConfigurationTriggerHandlerTest,ChargentOrders,Active
01p5b000005cEFxAAM,ACStageStandardLogic,ChargentOrders,Active
01p5b000005cEFyAAM,ACStageStandardLogicTest,ChargentOrders,Active
01p5b000005cEFzAAM,AutomatedCollectionsStageExecution,ChargentOrders,Active
01p5b000005cEG0AAM,BankAccountStatusIndicatorController,ChargentOrders,Active
01p5b000005cEG1AAM,BankAccountStatusIndicatorControllerTest,ChargentOrders,Active
01p5b000005cEG2AAM,ChargentACTriggerHandler,ChargentOrders,Active
01p5b000005cEG3AAM,ChargentACTriggerHandlerTest,ChargentOrders,Active
01p5b000005cEG4AAM,ChargentOrderTriggerHandler,ChargentOrders,Active
01p5b000005cEG5AAM,ChargentSecurity_Tests,ChargentOrders,Active
01p5b000005cEG6AAM,EchoHttpMock,ChargentOrders,Active
01p5b000005cEG7AAM,PaymentViewerController,ChargentOrders,Active
01p5b000005cEG8AAM,PaymentViewerControllerTest,ChargentOrders,Active
01p5b000005cEG9AAM,TChargentPaymentRequestTriggerHandler,ChargentOrders,Active
01p5b000005cEGAAA2,TChargentPaymentRequestTriggerTest,ChargentOrders,Active
01p5b000005rzjrAAA,AvaTaxCryptoUtility,AVA_SFCLOUD,Active
01p5b000005rzjsAAA,AvalaraPostInstallTest,AVA_SFCLOUD,Active
01p5b000005rzjtAAA,SObjectSupport,AVA_SFCLOUD,Active
01p5b000005rzjuAAA,withoutCustomSettingTest,AVA_SFCLOUD,Active
01p5b0000065kbjAAA,RMAHelperTest,,Active
01p5b0000065nbzAAA,ServiceContractInvoiceLineItems,,Active
01p5b0000065nc0AAA,TestInvoiceServiceContractClass,,Active
01p5b0000065oYrAAI,NewStandardWorkOrder,,Active
01p5b0000065oYsAAI,NewStandardWorkOrderTest,,Active
01p5b0000065p1oAAA,NewRMA,,Active
01p5b0000065p1pAAA,NewRMATest,,Active
01p5b0000065p49AAA,CustomShippingFormDetailsWOCtrl,,Active
01p5b0000065prRAAQ,LexEmailTemplateData,pi,Active
01p5b0000065prSAAQ,LexEmailTemplateDataTest,pi,Active
01p5b0000065prTAAQ,LexEmailTemplateFolderList,pi,Active
01p5b0000065prUAAQ,LexEmailTemplateFolderListTest,pi,Active
01p5b0000065prVAAQ,LexTemplateRepo,pi,Active
01p5b0000065prWAAQ,LexTemplateRepoTest,pi,Active
01p5b0000065pyrAAA,P_InvoiceTriggerHandler,,Active
01p5b0000065pysAAA,P_InvoiceTriggerHandlerTest,,Active
01p5b0000065qq5AAA,LexEmailTemplateDataV2,pi,Active
01p5b0000065qq6AAA,LexEmailTemplateDataV2Test,pi,Active
01p5b0000065rvQAAQ,P_CaseTriggerHandler,,Active
01p5b0000065rvRAAQ,P_CaseTriggerHandlerTest,,Active
01p5b0000065ryeAAA,CMS_ContentTypesCT,sflabs_cms_ct,Active
01p5b0000065ryfAAA,CMS_ContentTypesCT_Test,sflabs_cms_ct,Active
01p5b0000065rygAAA,MockHttpResponseGenerator,sflabs_cms_ct,Active
01p5b0000065tANAAY,WorkOrderTriggerHelper,,Active
01p5b0000065tAOAAY,WorkOrderTriggerHelperTest,,Active
01p5b0000065tNgAAI,MicrobatchSelfRegController,,Active
01p5b0000065tNhAAI,MicrobatchSelfRegControllerTest,,Active
01p5b0000065tg4AAA,SendInvoiceToLockstep,,Active
01p5b0000065tg5AAA,SendInvoiceToLockstepTestClass,,Active
01p5b0000065uT1AAI,AdminCenterController,rcsfl,Active
01p5b0000065uT2AAI,AdminCenterControllerTest,rcsfl,Active
01p5b0000065uT3AAI,AdminUIController,rcsfl,Active
01p5b0000065uT4AAI,AdminUIController480,rcsfl,Active
01p5b0000065uT5AAI,AdminUIController480Test,rcsfl,Active
01p5b0000065uT6AAI,AdminUIController999,rcsfl,Active
01p5b0000065uT7AAI,AdminUIController999Test,rcsfl,Active
01p5b0000065uT8AAI,AdminUIControllerTest,rcsfl,Active
01p5b0000065uT9AAI,LightningOutController,rcsfl,Active
01p5b0000065uTAAAY,LightningOutControllerTest,rcsfl,Active
01p5b0000065uTBAAY,PhoneNumbersAccountController,rcsfl,Active
01p5b0000065uTCAAY,PhoneNumbersAccountControllerTest,rcsfl,Active
01p5b0000065uTDAAY,PhoneNumbersContactController,rcsfl,Active
01p5b0000065uTEAAY,PhoneNumbersContactControllerTest,rcsfl,Active
01p5b0000065uTFAAY,PhoneNumbersLeadController,rcsfl,Active
01p5b0000065uTGAAY,PhoneNumbersLeadControllerTest,rcsfl,Active
01p5b0000065uTHAAY,PostInstallScript,rcsfl,Active
01p5b0000065uTIAAY,PostInstallScriptTest,rcsfl,Active
01p5b0000065uTJAAY,RCVAtionController,rcsfl,Active
01p5b0000065uTKAAY,RCVAtionControllerTest,rcsfl,Active
01p5b0000065uTLAAY,ReporterController,rcsfl,Active
01p5b0000065uTMAAY,ReporterControllerTest,rcsfl,Active
01p5b0000065uTNAAY,ReporterHelperController,rcsfl,Active
01p5b0000065uTOAAY,ReporterHelperControllerTest,rcsfl,Active
01p5b0000065uTPAAY,RingCentralController,rcsfl,Active
01p5b0000065uTQAAY,RingCentralController999,rcsfl,Active
01p5b0000065uTRAAY,RingCentralController999Test,rcsfl,Active
01p5b0000065uTSAAY,RingCentralControllerTest,rcsfl,Active
01p5b0000065v0fAAA,P_ServiceWorkOrderTriggerHandler,,Active
01p5b0000065v14AAA,EmailWorkOrderPDF,,Active
01p5b0000065wOtAAI,ATFAttachmentConversionStatus,LEXMAGICMOVER,Active
01p5b0000065wOuAAI,ATFAttachmentsToFilesController,LEXMAGICMOVER,Active
01p5b0000065wOvAAI,ATFAttachmentsToFilesControllerTest,LEXMAGICMOVER,Active
01p5b0000065wOwAAI,ATFDeleteBatch,LEXMAGICMOVER,Active
01p5b0000065wOxAAI,ATFDeleteBatchTest,LEXMAGICMOVER,Active
01p5b0000065wOyAAI,ATFMigratorBatch,LEXMAGICMOVER,Active
01p5b0000065wOzAAI,ATFMigratorBatchHelper,LEXMAGICMOVER,Active
01p5b0000065wP0AAI,ATFTestUtils,LEXMAGICMOVER,Active
01p5b0000065wP1AAI,NAMAttchmentWrapper,LEXMAGICMOVER,Active
01p5b0000065wP2AAI,NAMConfigController,LEXMAGICMOVER,Active
01p5b0000065wP3AAI,NAMConfigControllerTest,LEXMAGICMOVER,Active
01p5b0000065wP4AAI,NAMConfigs,LEXMAGICMOVER,Active
01p5b0000065wP5AAI,NAMConfigsTest,LEXMAGICMOVER,Active
01p5b0000065wP6AAI,NAMEmailHelper,LEXMAGICMOVER,Active
01p5b0000065wP7AAI,NAMForbiddenException,LEXMAGICMOVER,Active
01p5b0000065wP8AAI,NAMLastAttachmentsController,LEXMAGICMOVER,Active
01p5b0000065wP9AAI,NAMLastAttachmentsControllerTest,LEXMAGICMOVER,Active
01p5b0000065wPAAAY,NAMMetadataException,LEXMAGICMOVER,Active
01p5b0000065wPBAAY,NAMMigrationResults,LEXMAGICMOVER,Active
01p5b0000065wPCAAY,NAMObjectCount,LEXMAGICMOVER,Active
01p5b0000065wPDAAY,NAMOtherToolInProgressException,LEXMAGICMOVER,Active
01p5b0000065wPEAAY,NAMRollupService,LEXMAGICMOVER,Active
01p5b0000065wPFAAY,NAMStorageException,LEXMAGICMOVER,Active
01p5b0000065wPGAAY,NAMTroubleshooting,LEXMAGICMOVER,Active
01p5b0000065wPHAAY,NAMUtils,LEXMAGICMOVER,Active
01p5b0000065wPIAAY,NAMlastConvertedController,LEXMAGICMOVER,Active
01p5b0000065wPJAAY,NAMlastConvertedControllerTest,LEXMAGICMOVER,Active
01p5b0000065wPKAAY,NMTContentNotesDeletionTriggerHandler,LEXMAGICMOVER,Active
01p5b0000065wPLAAY,NMTDeleteBatch,LEXMAGICMOVER,Active
01p5b0000065wPMAAY,NMTDeleteBatchTest,LEXMAGICMOVER,Active
01p5b0000065wPNAAY,NMTDeployCallback,LEXMAGICMOVER,Active
01p5b0000065wPOAAY,NMTFormattedDate,LEXMAGICMOVER,Active
01p5b0000065wPPAAY,NMTLayoutWrapper,LEXMAGICMOVER,Active
01p5b0000065wPQAAY,NMTMetadataController,LEXMAGICMOVER,Active
01p5b0000065wPRAAY,NMTMetadataControllerTest,LEXMAGICMOVER,Active
01p5b0000065wPSAAY,NMTMetadataLayout,LEXMAGICMOVER,Active
01p5b0000065wPTAAY,NMTMigrationResults,LEXMAGICMOVER,Active
01p5b0000065wPUAAY,NMTMigratorBatch,LEXMAGICMOVER,Active
01p5b0000065wPVAAY,NMTMigratorBatchHelper,LEXMAGICMOVER,Active
01p5b0000065wPWAAY,NMTMigratorBatchTest,LEXMAGICMOVER,Active
01p5b0000065wPXAAY,NMTNoteConversionStatus,LEXMAGICMOVER,Active
01p5b0000065wPYAAY,NMTNoteConversionStatusDeletedTest,LEXMAGICMOVER,Active
01p5b0000065wPZAAY,NMTNotesDeletionTriggerHandler,LEXMAGICMOVER,Active
01p5b0000065wPaAAI,NMTNotesFixerBatch,LEXMAGICMOVER,Active
01p5b0000065wPbAAI,NMTNotesMigrationController,LEXMAGICMOVER,Active
01p5b0000065wPcAAI,NMTNotesMigrationControllerTest,LEXMAGICMOVER,Active
01p5b0000065wPdAAI,NMTRetrieveMetadataMock,LEXMAGICMOVER,Active
01p5b0000065wPeAAI,NMTSObjectWrapper,LEXMAGICMOVER,Active
01p5b0000065wPfAAI,NMTSObjectWrapperNotes,LEXMAGICMOVER,Active
01p5b0000065wPgAAI,NMTSyncBatch,LEXMAGICMOVER,Active
01p5b0000065wPhAAI,NMTSyncBatchTest,LEXMAGICMOVER,Active
01p5b0000065wPiAAI,NMTTestNoteUtils,LEXMAGICMOVER,Active
01p5b0000065xLWAAY,Test_XFPTemplateTriggers,,Active
01p5b0000065xjjAAA,CreateRepairRMAFromCase,,Active
01p5b0000065xjkAAA,CreateRepairRMAFromCaseTest,,Active
01p5b0000065xjlAAA,invocableEmailAttachment,,Active
01p5b0000065xmOAAQ,P_ServiceContractTriggerHandler,,Active
01p5b0000065xmPAAQ,P_ServiceContractTriggerHandlerTest,,Active
01p5b0000065xmQAAQ,invocableEmailAttachmentRepairQuote,,Active
01p5b0000065ylWAAQ,UpdateRMABatch,,Active
01p5b0000065ylXAAQ,UpdateRMABatchTest,,Active
01p5b0000065zK2AAI,BatchableCampaignMemberStatusUpdate,zkmulti,Active
01p5b0000065zK3AAI,BatchableCancelShipment,zkmulti,Active
01p5b0000065zK4AAI,BatchableCreateSFCCShipment,zkmulti,Active
01p5b0000065zK5AAI,BatchablePushReturn,zkmulti,Active
01p5b0000065zK6AAI,BatchableShipmentBook,zkmulti,Active
01p5b0000065zK7AAI,BatchableTrackShipmentQueueable,zkmulti,Active
01p5b0000065zK8AAI,ConfirmShipmentRoyalMailScheduler,zkmulti,Active
01p5b0000065zK9AAI,ConvertCarrierValue,zkmulti,Active
01p5b0000065zKAAAY,DMLUtils,zkmulti,Active
01p5b0000065zKBAAY,DemoGenerator,zkmulti,Active
01p5b0000065zKCAAY,FedexComWsOpenshipV1,zkmulti,Active
01p5b0000065zKDAAY,FedexComWsOpenshipV10,zkmulti,Active
01p5b0000065zKEAAY,FedexComWsOpenshipV2,zkmulti,Active
01p5b0000065zKFAAY,FedexComWsOpenshipV3,zkmulti,Active
01p5b0000065zKGAAY,FedexComWsOpenshipV4,zkmulti,Active
01p5b0000065zKHAAY,FedexComWsOpenshipV5,zkmulti,Active
01p5b0000065zKIAAY,FedexComWsOpenshipV6,zkmulti,Active
01p5b0000065zKJAAY,FedexComWsOpenshipV7,zkmulti,Active
01p5b0000065zKKAAY,FedexComWsOpenshipV8,zkmulti,Active
01p5b0000065zKLAAY,FedexComWsOpenshipV9,zkmulti,Active
01p5b0000065zKMAAY,GetBrandingImage,zkmulti,Active
01p5b0000065zKNAAY,HazMatDHLTemplateController,zkmulti,Active
01p5b0000065zKOAAY,InvocableCancelShipment,zkmulti,Active
01p5b0000065zKPAAY,InvocablePushReturns,zkmulti,Active
01p5b0000065zKQAAY,InvocableSFCCCreateShipmentOnOrder,zkmulti,Active
01p5b0000065zKRAAY,InvocableShipmentBook,zkmulti,Active
01p5b0000065zKSAAY,LWCController,zkmulti,Active
01p5b0000065zKTAAY,ManifestRoyalMailScheduler,zkmulti,Active
01p5b0000065zKUAAY,ObjectMigration,zkmulti,Active
01p5b0000065zKVAAY,PlatformEventUtils,zkmulti,Active
01p5b0000065zKWAAY,QueryBuilder,zkmulti,Active
01p5b0000065zKXAAY,QueryBuilderTest,zkmulti,Active
01p5b0000065zKYAAY,QueueableCampaignMemberStatusUpdate,zkmulti,Active
01p5b0000065zKZAAY,QueueableInvocableShipmentBook,zkmulti,Active
01p5b0000065zKaAAI,QueueableInvocableTracking,zkmulti,Active
01p5b0000065zKbAAI,RemoteHandlerTest1,zkmulti,Active
01p5b0000065zKcAAI,RemoteHandlerTest2,zkmulti,Active
01p5b0000065zKdAAI,RemoteHandlerTest3,zkmulti,Active
01p5b0000065zKeAAI,RemoteHandlerTest4,zkmulti,Active
01p5b0000065zKfAAI,RemoteHandlerTest5,zkmulti,Active
01p5b0000065zKgAAI,RemoveCheckpointsScheduler,zkmulti,Active
01p5b0000065zKhAAI,ShippingConsoleService,zkmulti,Active
01p5b0000065zKiAAI,TimeLogger,zkmulti,Active
01p5b0000065zKjAAI,UPSHazMatManifestController,zkmulti,Active
01p5b0000065zKkAAI,WebServiceEndiciaHttpMockImpl,zkmulti,Active
01p5b0000065zKlAAI,WebServiceWSDLFk2Test,zkmulti,Active
01p5b0000065zKmAAI,WebServiceWSDLFkTest,zkmulti,Active
01p5b0000065zKnAAI,ZkApiCalloutMockImpl,zkmulti,Active
01p5b0000065zKoAAI,ZkSettingUtils,zkmulti,Active
01p5b0000065zKpAAI,fedexComWsLocsV12,zkmulti,Active
01p5b0000065zKqAAI,fedexComWsPickupV23,zkmulti,Active
01p5b0000065zKrAAI,fedexComWsRateV31,zkmulti,Active
01p5b0000065zKsAAI,fedexComWsShipV28,zkmulti,Active
01p5b0000065zKtAAI,fedexComWsTrackV20,zkmulti,Active
01p5b0000065zKuAAI,fedexComWsUploaddocumentV19,zkmulti,Active
01p5b0000065zKvAAI,fedexComWsVacsV17,zkmulti,Active
01p5b0000065zhLAAQ,CertExpressInvitationModel,AVA_MAPPER,Active
01p5b0000065zhMAAQ,CertExpressInvitationStatus,AVA_MAPPER,Active
01p5b0000065zhNAAQ,CertExpressInvitationStatusModel,AVA_MAPPER,Active
01p5b0000065zhOAAQ,CertificateRequestDeliveryMethod,AVA_MAPPER,Active
01p5b0000065zhPAAQ,CoverLetterModel,AVA_MAPPER,Active
01p5b0000065zhQAAQ,CreateCertExpressInvitationModel,AVA_MAPPER,Active
01p5b0000065zhRAAQ,FetchResultCertInvitationStatusModel,AVA_MAPPER,Active
01p5b0000065zhSAAQ,ParameterModel,AVA_MAPPER,Active
01p5b0000065zhTAAQ,ProvisionStatusModel,AVA_MAPPER,Active
01p5b000006602iAAA,PartsBarcodeExtensionTestUK,,Active
01p5b000006602jAAA,PartsBarcodeExtensionUK,,Active
01p5b000006605rAAA,BarcodeGeneratorExtensionTestUK,,Active
01p5b000006605sAAA,BarcodeGeneratorExtensionUK,,Active
01p5b00000660EjAAI,EvalUpdateFieldsHandler,,Active
01p5b00000660nZAAQ,PMT_CreateResourceAvailability,inov8,Active
01p5b00000660naAAA,PMT_InstallHandler,inov8,Active
01p5b00000660nbAAA,PMT_ProjectSummaryCtrl,inov8,Active
01p5b00000660ncAAA,PMT_ResourceAllocationTriggerHelper,inov8,Active
01p5b00000660ndAAA,PMT_ResourceAllocationTriggerTest,inov8,Active
01p5b00000660neAAA,PMT_ResourceAvailabilityScheduler,inov8,Active
01p5b00000660nfAAA,PMT_ResourceAvailabilitySchedulerTest,inov8,Active
01p5b00000660ngAAA,PMT_ResourceManagementCtrl,inov8,Active
01p5b00000660nhAAA,PMT_TaskandPhaseManagementCtrl,inov8,Active
01p5b00000660niAAA,PMT_TaskandPhaseManagementCtrlTest,inov8,Active
01p5b00000660njAAA,PMT_Testcoverage,inov8,Active
01p5b00000660nkAAA,PMT_Utility,inov8,Active
01p5b00000660sjAAA,dlrs_Project_ExpenseTest,,Active
01p5b000006EN3TAAW,CreateApprovedRepairsHandler,,Active
01p5b000006EN3UAAW,RepairLists,,Active
01p5b000006IavbAAC,ActionServicePMActions,ChargentBase,Active
01p5b000006IavcAAC,ActionServicePOActions,ChargentBase,Active
01p5b000006IavdAAC,ActionServicePOActions_Test,ChargentBase,Active
01p5b000006IaveAAC,ActionServiceResponse,ChargentBase,Active
01p5b000006IavfAAC,BridgePayClient,ChargentBase,Active
01p5b000006IavgAAC,BridgePayClient_Tests,ChargentBase,Active
01p5b000006IavhAAC,BridgePayEnums,ChargentBase,Active
01p5b000006IaviAAC,BridgePayResource,ChargentBase,Active
01p5b000006IavjAAC,BridgePayResource_Tests,ChargentBase,Active
01p5b000006IavkAAC,ChargentFeatures,ChargentBase,Active
01p5b000006IavlAAC,ChargentLogsReportController,ChargentBase,Active
01p5b000006IavmAAC,ChargentOrderService,ChargentBase,Active
01p5b000006IavnAAC,ChargentOrderService_Test,ChargentBase,Active
01p5b000006IavoAAC,CybersourceClient,ChargentBase,Active
01p5b000006IavpAAC,CybersourceResource,ChargentBase,Active
01p5b000006IavqAAC,FeatureCheckerService,ChargentBase,Active
01p5b000006IavrAAC,FlowPMTokenization,ChargentBase,Active
01p5b000006IavsAAC,FlowPaymentsAuthorizations,ChargentBase,Active
01p5b000006IavtAAC,FlowPaymentsCaptures,ChargentBase,Active
01p5b000006IavuAAC,FlowPaymentsCredits,ChargentBase,Active
01p5b000006IavvAAC,FlowPaymentsRefunds,ChargentBase,Active
01p5b000006IavwAAC,FlowPaymentsReversals,ChargentBase,Active
01p5b000006IavxAAC,FlowPaymentsSales,ChargentBase,Active
01p5b000006IavyAAC,FlowPaymentsUnlinkedRefunds,ChargentBase,Active
01p5b000006IavzAAC,GatewayAdapter,ChargentBase,Active
01p5b000006Iaw0AAC,GatewayAdapter_Test,ChargentBase,Active
01p5b000006Iaw1AAC,GatewayAdapter_Test_Utilities,ChargentBase,Active
01p5b000006Iaw2AAC,GatewayClient,ChargentBase,Active
01p5b000006Iaw3AAC,GatewayClientAddress,ChargentBase,Active
01p5b000006Iaw4AAC,GatewayClientEnums,ChargentBase,Active
01p5b000006Iaw5AAC,GatewayClientPaymentMethods,ChargentBase,Active
01p5b000006Iaw6AAC,GatewayClientRequest,ChargentBase,Active
01p5b000006Iaw7AAC,GatewayClientResponse,ChargentBase,Active
01p5b000006Iaw8AAC,GatewayRequest,ChargentBase,Active
01p5b000006Iaw9AAC,GatewayRequestValidator,ChargentBase,Active
01p5b000006IawAAAS,GatewayResponse,ChargentBase,Active
01p5b000006IawBAAS,GatewayResponseError,ChargentBase,Active
01p5b000006IawCAAS,GatewayTypes,ChargentBase,Active
01p5b000006IawDAAS,MessagesService,ChargentBase,Active
01p5b000006IawEAAS,PMConfigurationUtilities,ChargentBase,Active
01p5b000006IawFAAS,PMConfigurationUtilities_Test,ChargentBase,Active
01p5b000006IawGAAS,PMErrorHandlingService,ChargentBase,Active
01p5b000006IawHAAS,PMRegistrationService,ChargentBase,Active
01p5b000006IawIAAS,PMRegistrationService_Test,ChargentBase,Active
01p5b000006IawJAAS,PMServiceHelper,ChargentBase,Active
01p5b000006IawKAAS,PMStateManagement,ChargentBase,Active
01p5b000006IawLAAS,PMStateManagement_Test,ChargentBase,Active
01p5b000006IawMAAS,PMTriggerHandler,ChargentBase,Active
01p5b000006IawNAAS,PMTriggerHandler_Test,ChargentBase,Active
01p5b000006IawOAAS,PMUtilities,ChargentBase,Active
01p5b000006IawPAAS,PMVerificationAdapter,ChargentBase,Active
01p5b000006IawQAAS,PMVerificationAdapterLyons,ChargentBase,Active
01p5b000006IawRAAS,PMVerificationAdapterLyons_Test,ChargentBase,Active
01p5b000006IawSAAS,PMVerificationResponse,ChargentBase,Active
01p5b000006IawTAAS,PMVerificationService,ChargentBase,Active
01p5b000006IawUAAS,PMVerificationService_Test,ChargentBase,Active
01p5b000006IawVAAS,PayaClient,ChargentBase,Active
01p5b000006IawWAAS,PayaClient_Tests,ChargentBase,Active
01p5b000006IawXAAS,PayaResource,ChargentBase,Active
01p5b000006IawYAAS,PayaResource_Tests,ChargentBase,Active
01p5b000006IawZAAS,PaymentAuthorizationService,ChargentBase,Active
01p5b000006IawaAAC,PaymentAuthorizationService_Test,ChargentBase,Active
01p5b000006IawbAAC,PaymentCaptureService,ChargentBase,Active
01p5b000006IawcAAC,PaymentCreditService,ChargentBase,Active
01p5b000006IawdAAC,PaymentMethodComponentController,ChargentBase,Active
01p5b000006IaweAAC,PaymentMethodComponentController_Test,ChargentBase,Active
01p5b000006IawfAAC,PaymentMethodsImportService,ChargentBase,Active
01p5b000006IawgAAC,PaymentMethodsImportService_Test,ChargentBase,Active
01p5b000006IawhAAC,PaymentRefundService,ChargentBase,Active
01p5b000006IawiAAC,PaymentRoutingService,ChargentBase,Active
01p5b000006IawjAAC,PaymentRoutingServiceTest,ChargentBase,Active
01p5b000006IawkAAC,PaymentSaleService,ChargentBase,Active
01p5b000006IawlAAC,PaymentVoidService,ChargentBase,Active
01p5b000006IawmAAC,RestChargentOrders,ChargentBase,Active
01p5b000006IawnAAC,RestChargentOrders_Test,ChargentBase,Active
01p5b000006IawoAAC,RestPMTokenization,ChargentBase,Active
01p5b000006IawpAAC,RestPMTokenization_Test,ChargentBase,Active
01p5b000006IawqAAC,RestPaymentMethodsTokens,ChargentBase,Active
01p5b000006IawrAAC,RestPaymentMethodsTokens_Test,ChargentBase,Active
01p5b000006IawsAAC,RestPaymentsAuthorizations,ChargentBase,Active
01p5b000006IawtAAC,RestPaymentsCaptures,ChargentBase,Active
01p5b000006IawuAAC,RestPaymentsCredits,ChargentBase,Active
01p5b000006IawvAAC,RestPaymentsRefunds,ChargentBase,Active
01p5b000006IawwAAC,RestPaymentsReversals,ChargentBase,Active
01p5b000006IawxAAC,RestPaymentsSales,ChargentBase,Active
01p5b000006IawyAAC,RestPaymentsUnlinkedRefunds,ChargentBase,Active
01p5b000006IawzAAC,RestResponseData,ChargentBase,Active
01p5b000006Iax0AAC,RestResponseData_Test,ChargentBase,Active
01p5b000006Iax1AAC,TGatewayToFromClientRequest,ChargentBase,Active
01p5b000006Iax2AAC,TokenTriggerHandler,ChargentBase,Active
01p5b000006Iax3AAC,TokenTriggerHandler_Test,ChargentBase,Active
01p5b000006Iax4AAC,XMLToJSON,ChargentBase,Active
01p5b000006Iax5AAC,XMLToJSON_Tests,ChargentBase,Active
01p5b000006Iax8AAC,ChargentMessages,ChargentOrders,Active
01p5b000006Iax9AAC,ChargentOrderTriggerHandler_Test,ChargentOrders,Active
01p5b000006IaxAAAS,PMUtilities,ChargentOrders,Active
01p5b000006IaxBAAS,TransactionTriggerHandler,ChargentOrders,Active
01p5b000006IaxCAAS,TransactionTriggerHandler_Test,ChargentOrders,Active
01p5b000006IbLBAA0,AggregateResultIterable,DOZISF,Active
01p5b000006IbLCAA0,AggregateResultIterator,DOZISF,Active
01p5b000006IbLDAA0,BulkExportApi,DOZISF,Active
01p5b000006IbLEAA0,BulkExportEntities,DOZISF,Active
01p5b000006IbLFAA0,BulkExportHandler,DOZISF,Active
01p5b000006IbLGAA0,BulkExportHandlerTest,DOZISF,Active
01p5b000006IbLHAA0,CallableCompleteJob,DOZISF,Active
01p5b000006IbLIAA0,CallableCompleteJobTest,DOZISF,Active
01p5b000006IbLJAA0,CompleteJob,DOZISF,Active
01p5b000006IbLKAA0,CompleteJobTest,DOZISF,Active
01p5b000006IbLLAA0,DAL,DOZISF,Active
01p5b000006IbLMAA0,DeleteIntelligenceWithoutOwnerBatch,DOZISF,Active
01p5b000006IbLNAA0,DeleteIntelligenceWithoutOwnerBatchTest,DOZISF,Active
01p5b000006IbLOAA0,DeleteIntelligenceWithoutOwnerScheduler,DOZISF,Active
01p5b000006IbLPAA0,Entities,DOZISF,Active
01p5b000006IbLQAA0,FindEntitiesBatch,DOZISF,Active
01p5b000006IbLRAA0,FindEntitiesBatchTest,DOZISF,Active
01p5b000006IbLSAA0,IframeTest,DOZISF,Active
01p5b000006IbLTAA0,InlineIframController,DOZISF,Active
01p5b000006IbLUAA0,IntelExportApi,DOZISF,Active
01p5b000006IbLVAA0,IntelExportEntities,DOZISF,Active
01p5b000006IbLWAA0,IntelExportHandler,DOZISF,Active
01p5b000006IbLXAA0,IntelExportUpsertBatch,DOZISF,Active
01p5b000006IbLYAA0,IntelExportUpsertBatchTest,DOZISF,Active
01p5b000006IbLZAA0,IntelligenceDeleteExcessBatch,DOZISF,Active
01p5b000006IbLaAAK,IntelligenceDeleteExcessBatchTest,DOZISF,Active
01p5b000006IbLbAAK,IntelligenceDeleteExcessScheduler,DOZISF,Active
01p5b000006IbLcAAK,IntelligenceObjectsHandler,DOZISF,Active
01p5b000006IbLdAAK,IntelligenceObjectsHandlerTest,DOZISF,Active
01p5b000006IbLeAAK,JWT,DOZISF,Active
01p5b000006IbLfAAK,JWT_Test,DOZISF,Active
01p5b000006IbLgAAK,PostInstallClass,DOZISF,Active
01p5b000006IbLhAAK,PostInstallClassTest,DOZISF,Active
01p5b000006IbLiAAK,RestUtility,DOZISF,Active
01p5b000006IbLjAAK,RestUtilityTest,DOZISF,Active
01p5b000006IbLkAAK,SaFlowEntitiesBatch,DOZISF,Active
01p5b000006IbLlAAK,SaFlowEntitiesBatchTest,DOZISF,Active
01p5b000006IbLmAAK,ScheduledCompleteJob,DOZISF,Active
01p5b000006IbLnAAK,SecurityUtils,DOZISF,Active
01p5b000006IbLoAAK,TestUtils,DOZISF,Active
01p5b000006IbLpAAK,UpsertEntitiesBatch,DOZISF,Active
01p5b000006IbLqAAK,UpsertEntitiesBatchTest,DOZISF,Active
01p5b000006IbLrAAK,Utils,DOZISF,Active
01p5b000006Ic8IAAS,CreateDynamicContent,pi,Active
01p5b000006Ic8JAAS,CreateFormHandler,pi,Active
01p5b000006Ic8KAAS,CreateLayoutTemplate,pi,Active
01p5b000006Ic8LAAS,DynamicContentModel,pi,Active
01p5b000006Ic8MAAS,DynamicContentVariationModel,pi,Active
01p5b000006Ic8NAAS,FlowContextModel,pi,Active
01p5b000006Ic8OAAS,FormHandlerModel,pi,Active
01p5b000006Ic8PAAS,GenerateFlowContext,pi,Active
01p5b000006Ic8QAAS,GetDynamicContent,pi,Active
01p5b000006Ic8RAAS,GetFormHandler,pi,Active
01p5b000006Ic8SAAS,GetLayoutTemplate,pi,Active
01p5b000006Ic8TAAS,LayoutTemplateModel,pi,Active
01p5b000006Ic8UAAS,NamedCredentialQueryAction,pi,Active
01p5b000006Ic8VAAS,PardotBusinessUnitQueryActionV2,pi,Active
01p5b000006IcDIAA0,ApplicationLogModel,AVA_MAPPER,Active
01p5b000006IcDJAA0,ApplicationLogger,AVA_MAPPER,Active
01p5b000006IcDKAA0,ApplicationLoggerTest,AVA_MAPPER,Active
01p5b000006IcDNAA0,APIErrorHelper,ChargentBase,Active
01p5b000006IcDOAA0,RestPaymentHelper,ChargentBase,Active
01p5b000006IcDPAA0,RestPaymentsCaptureReversals,ChargentBase,Active
01p5b000006IcDQAA0,RestPaymentsSaleReversals,ChargentBase,Active
01p5b000006IcDSAA0,BatchableGenerateCustomDocument,zkmulti,Active
01p5b000006IcDTAA0,InvocableGenerateCustomDocument,zkmulti,Active
01p5b000006IcDUAA0,WebServiceFedExIntraMXService,zkmulti,Active
01p5b000006IcDXAA0,ChargentSecurity,ChargentAnyObj,Active
01p5b000006IcDYAA0,Security_Access_Type,ChargentAnyObj,Active
01p5b000006IcDcAAK,AuthTokenWebService,pandadoc,Active
01p5b000006IcDdAAK,AuthTokenWebServiceTest,pandadoc,Active
01p5b000006IcDhAAK,PMT_ClonePhaseTaskCtrl,inov8,Active
01p5b000006IcDiAAK,PMT_ClonePhaseTaskCtrlTest,inov8,Active
01p5b000006IcDjAAK,PMT_GanttCtrl,inov8,Active
01p5b000006IcDkAAK,PMT_GanttCtrlTest,inov8,Active
01p5b000006MZDUAA4,UKBusinessHoursTest,,Active
01p5b000006MfIkAAK,ConvertRecordsToCSVQueueable,usf3,Active
01p5b000006MfIlAAK,ConvertRecordsToCSVQueueableTest,usf3,Active
01p5b000006MfImAAK,DeployMetadata,usf3,Active
01p5b000006MfInAAK,ExpressionBuilder,usf3,Active
01p5b000006MfIoAAK,ExpressionBuilderTest,usf3,Active
01p5b000006MfIpAAK,FieldDescriptor,usf3,Active
01p5b000006MfIqAAK,FieldPickerController,usf3,Active
01p5b000006MfIrAAK,FieldPickerControllerTest,usf3,Active
01p5b000006MfIsAAK,FieldSelectorController,usf3,Active
01p5b000006MfItAAK,FieldSelectorControllerTest,usf3,Active
01p5b000006MfIuAAK,FlexCardController,usf3,Active
01p5b000006MfIvAAK,FlexCardControllerTest,usf3,Active
01p5b000006MfIwAAK,Flow,usf3,Active
01p5b000006MfIxAAK,FlowListController,usf3,Active
01p5b000006MfIyAAK,FlowListControllerTest,usf3,Active
01p5b000006MfIzAAK,FormulaEvaluator,usf3,Active
01p5b000006MfJ0AAK,FormulaEvaluatorTest,usf3,Active
01p5b000006MfJ1AAK,GetFieldInformation,usf3,Active
01p5b000006MfJ2AAK,HexUtil,usf3,Active
01p5b000006MfJ3AAK,LaunchFlowDynamically,usf3,Active
01p5b000006MfJ4AAK,MetadataService,usf3,Active
01p5b000006MfJ5AAK,MetadataServiceTest,usf3,Active
01p5b000006MfJ6AAK,MetadataUtils,usf3,Active
01p5b000006MfJ7AAK,Puff,usf3,Active
01p5b000006MfJ8AAK,RegExps,usf3,Active
01p5b000006MfJ9AAK,RetrieveMetadata,usf3,Active
01p5b000006MfJAAA0,SearchUtils,usf3,Active
01p5b000006MfJBAA0,SearchUtilsTest,usf3,Active
01p5b000006MfJCAA0,XmlUtils,usf3,Active
01p5b000006MfJDAA0,Zippex,usf3,Active
01p5b000006MfJEAA0,ZippexTests,usf3,Active
01p5b000006MfJJAA0,ers_DatatableController,,Active
01p5b000006MfJKAA0,ers_DatatableControllerTest,,Active
01p5b000006MfJLAA0,ers_EncodeDecodeURL,,Active
01p5b000006MfJMAA0,ers_EncodeDecodeURLTest,,Active
01p5b000006MfJNAA0,ers_QueryNRecords,,Active
01p5b000006MfJOAA0,ers_QueryNRecordsTest,,Active
01p5b000006MntAAAS,SSCardChatterController,sansancard,Active
01p5b000006MntBAAS,SSCardController,sansancard,Active
01p5b000006MntCAAS,SSCardControllerTest,sansancard,Active
01p5b000006MntDAAS,SSCardCustomNotificationBatch,sansancard,Active
01p5b000006MntEAAS,SSCardCustomNotificationBatchTest,sansancard,Active
01p5b000006MntFAAS,SSCardCustomNotificationBatchTestCommon,sansancard,Active
01p5b000006MntGAAS,SSCardDeleteController,sansancard,Active
01p5b000006MntHAAS,SSCardInstallPackageHandler,sansancard,Active
01p5b000006MntIAAS,SSCardInstallPackageHandlerTest,sansancard,Active
01p5b000006MntJAAS,SSCardInterimHoldupNotificationSchedTest,sansancard,Active
01p5b000006MntKAAS,SSCardInterimHoldupNotificationSchedule,sansancard,Active
01p5b000006MntLAAS,SSCardMonthlyHoldupNotificationSchedTest,sansancard,Active
01p5b000006MntMAAS,SSCardMonthlyHoldupNotificationSchedule,sansancard,Active
01p5b000006MntNAAS,SSCardMonthlyReportNotificationSchedTest,sansancard,Active
01p5b000006MntOAAS,SSCardMonthlyReportNotificationSchedule,sansancard,Active
01p5b000006MntPAAS,SSCardNotificationCommon,sansancard,Active
01p5b000006MntQAAS,SSCardSettingController,sansancard,Active
01p5b000006NWhvAAG,CreateCustomField,pi,Active
01p5b000006NWhwAAG,CreateCustomRedirect,pi,Active
01p5b000006NWhxAAG,CreateEmailTemplate,pi,Active
01p5b000006NWhyAAG,CreateEngagementStudioProgram,pi,Active
01p5b000006NWhzAAG,CreateFile,pi,Active
01p5b000006NWi0AAG,CustomFieldModel,pi,Active
01p5b000006NWi1AAG,CustomRedirectModel,pi,Active
01p5b000006NWi2AAG,EmailTemplateModel,pi,Active
01p5b000006NWi3AAG,EngagementStudioProgramModel,pi,Active
01p5b000006NWi4AAG,FileModel,pi,Active
01p5b000006NWi5AAG,GetCustomField,pi,Active
01p5b000006NWi6AAG,GetCustomRedirect,pi,Active
01p5b000006NWi7AAG,GetEmailTemplate,pi,Active
01p5b000006NWi8AAG,GetEngagementStudioProgram,pi,Active
01p5b000006NWi9AAG,GetFile,pi,Active
01p5b000006NWiAAAW,GetObjectDropdownList,pi,Active
01p5b000006NWiBAAW,PardotAPIHelper,pi,Active
01p5b000006NWiCAAW,PardotAPIWrapperTest,pi,Active
01p5b000006NWiDAAW,PardotBusinessUnitQueryAction,pi,Active
01p5b000006NWiEAAW,PicklistOutput,pi,Active
01p5b000006Na4AAAS,SendBetterEmail,,Active
01p5b000006Na4BAAS,SendBetterEmailAddAttachmentToEmail,,Active
01p5b000006Na4CAAS,SendBetterEmailAddTasksToEmail,,Active
01p5b000006Na4DAAS,SendBetterEmailBulk,,Active
01p5b000006Na4EAAS,SendBetterEmailBulkRequestSetup,,Active
01p5b000006Na4FAAS,SendBetterEmailConstant,,Active
01p5b000006Na4GAAS,SendBetterEmailRequest,,Active
01p5b000006Na4HAAS,SendBetterEmailResponse,,Active
01p5b000006Na4IAAS,SendBetterEmailTest,,Active
01p5b000006Na4JAAS,SendBetterEmailUtil,,Active
01p5b000006NdVPAA0,AboutController,DownloadFiles,Active
01p5b000006NdVQAA0,AboutControllerTest,DownloadFiles,Active
01p5b000006NdVRAA0,AppStatusTrialRenewHeaderBarCntrTest,DownloadFiles,Active
01p5b000006NdVSAA0,AppStatusTrialRenewHeaderBarController,DownloadFiles,Active
01p5b000006NdVTAA0,MassFileDownloadController,DownloadFiles,Active
01p5b000006NdVUAA0,MassFileDownloadControllerTest,DownloadFiles,Active
01p5b000006NdVVAA0,MassFileDownloadLightningController,DownloadFiles,Active
01p5b000006NdVWAA0,MassFileDownloadLightningControllerTest,DownloadFiles,Active
01p5b000006NdVXAA0,MassFileDownloadRelatedFilesCntrlTest,DownloadFiles,Active
01p5b000006NdVYAA0,MassFileDownloadRelatedFilesController,DownloadFiles,Active
01p5b000006NdVZAA0,PostInstallClass,DownloadFiles,Active
01p5b000006NdVaAAK,PostInstallClassTest,DownloadFiles,Active
01p5b000006NdVbAAK,SLDSDynamicLookupController,DownloadFiles,Active
01p5b000006NdVcAAK,SLDSDynamicLookupControllerTest,DownloadFiles,Active
01p5b000006NdVdAAK,UninstallClass,DownloadFiles,Active
01p5b000006NdVeAAK,UninstallClassTest,DownloadFiles,Active
01p5b000006NdVfAAK,Utility,DownloadFiles,Active
01p5b000006NdVgAAK,UtilityTest,DownloadFiles,Active
01pRo000001EtnFIAS,ApiErrorResponse,pi,Active
01pRo000001EtnGIAS,AssetCopyResult,pi,Active
01pRo000001EtnHIAS,FormFieldModel,pi,Active
01pRo000001HiQfIAK,AvaTaxMappingHandler,AVA_SFCLOUD,Active
01pRo000001HiQgIAK,AvaTaxModel,AVA_SFCLOUD,Active
01pRo000001HiQhIAK,AvaTaxSObjectConstants,AVA_SFCLOUD,Active
01pRo000001HiQiIAK,AvaTaxSaveExemptionCustomer,AVA_SFCLOUD,Active
01pRo000001HiQjIAK,AvaTaxSaveExemptionCustomerTest,AVA_SFCLOUD,Active
01pRo000001HiQkIAK,AvaTaxSaveUploadExemptionCertificate,AVA_SFCLOUD,Active
01pRo000001HiQlIAK,GetInclusiveTaxAmount,AVA_SFCLOUD,Active
01pRo000001HiQmIAK,GetTaxAmount,AVA_SFCLOUD,Active
01pRo000001HiQnIAK,GetTaxAtHeader,AVA_SFCLOUD,Active
01pRo000001IusnIAC,GatewayTriggerHandler,ChargentBase,Active
01pRo000001IusoIAC,GatewayTriggerHandler_Test,ChargentBase,Active
01pRo0000023hYjIAI,GatewayService,ChargentAnyObj,Active
01pRo0000023hYkIAI,PostInstallScript,ChargentAnyObj,Active
01pRo0000023hYlIAI,PostInstallScriptTest,ChargentAnyObj,Active
01pRo000002FXFRIA4,GetCrossBorderSummaryMessage,AVA_SFCLOUD,Active
01pRo000002FXFSIA4,GetCustomDutyTax,AVA_SFCLOUD,Active
01pRo000002HwfxIAC,CreateForm,pi,Active
01pRo000002HwfyIAC,CreateLandingPage,pi,Active
01pRo000002HwfzIAC,FormFieldForFormsModel,pi,Active
01pRo000002Hwg0IAC,FormModel,pi,Active
01pRo000002Hwg1IAC,GetForm,pi,Active
01pRo000002Hwg2IAC,GetLandingPage,pi,Active
01pRo000002Hwg3IAC,LandingPageModel,pi,Active
01pRo000002LQuPIAW,DownloadlistViewFilesCntl,DownloadFiles,Active
01pRo000002LQuQIAW,MassFileDownloadDetailPageController,DownloadFiles,Active
01pRo000002LQuRIAW,MassFileDownloadDetailPageControllerTest,DownloadFiles,Active
01pRo000002TUeHIAW,LogService,ChargentBase,Active
01pRo000002TUeIIAW,LogServiceTest,ChargentBase,Active
01pRo000002TUeJIAW,PaymentusClient,ChargentBase,Active
01pRo000002TUeKIAW,PaymentusClient_Test,ChargentBase,Active
01pRo000002TUeLIAW,PaymentusResource,ChargentBase,Active
01pRo000002XToTIAW,CreditMemoPdfGenerator,,Active
01pRo000002YPpFIAW,ABCommonProcessor,FSL,Active
01pRo000002YPpGIAW,ABDataProcessor,FSL,Active
01pRo000002YPpHIAW,ABSlotsResponse,FSL,Active
01pRo000002YPpIIAW,AWSRestResource,FSL,Active
01pRo000002YPpJIAW,AWSRestService,FSL,Active
01pRo000002YPpKIAW,AdvancedGapMatrix,FSL,Active
01pRo000002YPpLIAW,ApexLimitsUtils,FSL,Active
01pRo000002YPpMIAW,AppointmentBookingCommunityController,FSL,Active
01pRo000002YPpNIAW,AppointmentBookingController,FSL,Active
01pRo000002YPpOIAW,AppointmentBookingLightningController,FSL,Active
01pRo000002YPpPIAW,AppointmentBookingMethods,FSL,Active
01pRo000002YPpQIAW,AppointmentBookingService,FSL,Active
01pRo000002YPpRIAW,AppointmentBookingSlot,FSL,Active
01pRo000002YPpSIAW,AppointmentBookingWebService,FSL,Active
01pRo000002YPpTIAW,AssignedResourceCheckOverlapQueueable,FSL,Active
01pRo000002YPpUIAW,AssignedResourceCheckOverlapSchedulable,FSL,Active
01pRo000002YPpVIAW,AttachmentFileManager,FSL,Active
01pRo000002YPpWIAW,AuthServices,FSL,Active
01pRo000002YPpXIAW,AutoFollow,FSL,Active
01pRo000002YPpYIAW,AutomationNameRest,FSL,Active
01pRo000002YPpZIAW,AvailabilitySchedule,FSL,Active
01pRo000002YPpaIAG,BackgroundJob,FSL,Active
01pRo000002YPpbIAG,Batch001_ChangeStatusServiceAppointments,FSL,Active
01pRo000002YPpcIAG,BatchGenerateBatchedOptimizationData,FSL,Active
01pRo000002YPpdIAG,BatchGenerateOptimizationData,FSL,Active
01pRo000002YPpeIAG,BatchScheduleServiceAppointments,FSL,Active
01pRo000002YPpfIAG,BatchScheduleUpdate,FSL,Active
01pRo000002YPpgIAG,BatchTryRescheduleToOtherResource,FSL,Active
01pRo000002YPphIAG,BatchUpdateAfterOptimization,FSL,Active
01pRo000002YPpiIAG,BatchUpdateExistingPolygons,FSL,Active
01pRo000002YPpjIAG,BatchUpdatePolygonsRectangleCoordinates,FSL,Active
01pRo000002YPpkIAG,BatchUpdateTravelOutOptScope,FSL,Active
01pRo000002YPplIAG,Batch_FillInSchedule,FSL,Active
01pRo000002YPpmIAG,BeforeOrEqualToTimeRule,FSL,Active
01pRo000002YPpnIAG,BeforeTimeRule,FSL,Active
01pRo000002YPpoIAG,BreakStatusInInterval,FSL,Active
01pRo000002YPppIAG,BulkServiceBasedDataProcessor,FSL,Active
01pRo000002YPpqIAG,BulkServiceBasedRequest,FSL,Active
01pRo000002YPprIAG,BulkServiceBasedRestRequest,FSL,Active
01pRo000002YPpsIAG,BundleCache,FSL,Active
01pRo000002YPptIAG,BundleCacheUtills,FSL,Active
01pRo000002YPpuIAG,BundleLogic,FSL,Active
01pRo000002YPpvIAG,BundleSchedule,FSL,Active
01pRo000002YPpwIAG,BundleUtils,FSL,Active
01pRo000002YPpxIAG,C2CTokenUtils,FSL,Active
01pRo000002YPpyIAG,CKSWGeoLocation,FSL,Active
01pRo000002YPpzIAG,CKSWRuleAndIRule,FSL,Active
01pRo000002YPq0IAG,CacheUtils,FSL,Active
01pRo000002YPq1IAG,CachedGlobalMembers,FSL,Active
01pRo000002YPq2IAG,CachedPrpertiesClass,FSL,Active
01pRo000002YPq3IAG,CalendarInterval,FSL,Active
01pRo000002YPq4IAG,CalendarUtils,FSL,Active
01pRo000002YPq5IAG,CandidateData,FSL,Active
01pRo000002YPq6IAG,ChatterActionCommunitiesController,FSL,Active
01pRo000002YPq7IAG,ChatterActionController,FSL,Active
01pRo000002YPq8IAG,ChatterActionControllerMethods,FSL,Active
01pRo000002YPq9IAG,ChatterActionMethodsWithoutSharing,FSL,Active
01pRo000002YPqAIAW,ChatterUtils,FSL,Active
01pRo000002YPqBIAW,CheckRulesProcessor,FSL,Active
01pRo000002YPqCIAW,CheckTimeIntervalResult,FSL,Active
01pRo000002YPqDIAW,ClonedResource,FSL,Active
01pRo000002YPqEIAW,ColumnData,FSL,Active
01pRo000002YPqFIAW,ColumnValuesRepository,FSL,Active
01pRo000002YPqGIAW,CommonData,FSL,Active
01pRo000002YPqHIAW,CommonDataProcessor,FSL,Active
01pRo000002YPqIIAW,CompareUtils,FSL,Active
01pRo000002YPqJIAW,Constants,FSL,Active
01pRo000002YPqKIAW,CpuLimitResults,FSL,Active
01pRo000002YPqLIAW,CreateAvailabilitySchedulable,FSL,Active
01pRo000002YPqMIAW,CrewManagement,FSL,Active
01pRo000002YPqNIAW,CrewManagementUserSettings,FSL,Active
01pRo000002YPqOIAW,Ctrl001GroupOnRuleAndObjectives,FSL,Active
01pRo000002YPqPIAW,Ctrl015_ChangeServiceStatus,FSL,Active
01pRo000002YPqQIAW,Ctrl016_CompletionForm,FSL,Active
01pRo000002YPqRIAW,Ctrl017_IncompleteReason,FSL,Active
01pRo000002YPqSIAW,Ctrl023_CalendarEditor,FSL,Active
01pRo000002YPqTIAW,Ctrl032_GetCandidates,FSL,Active
01pRo000002YPqUIAW,Ctrl038_Skill_Selector_V2_Page,FSL,Active
01pRo000002YPqVIAW,Ctrl039_Skill_Selector_V2_Component,FSL,Active
01pRo000002YPqWIAW,Ctrl078_CapacityCalendar,FSL,Active
01pRo000002YPqXIAW,Ctrl103_SchedulePolicyChart,FSL,Active
01pRo000002YPqYIAW,Ctrl739_ComplexWork,FSL,Active
01pRo000002YPqZIAW,CustomGanttResourceAbsenceAction,FSL,Active
01pRo000002YPqaIAG,CustomGanttServiceAppointmentAction,FSL,Active
01pRo000002YPqbIAG,CustomGanttServiceResourceAction,FSL,Active
01pRo000002YPqcIAG,CustomMetadataCallback,FSL,Active
01pRo000002YPqdIAG,CustomPermissions,FSL,Active
01pRo000002YPqeIAG,CustomSettings,FSL,Active
01pRo000002YPqfIAG,DMLCheckData,FSL,Active
01pRo000002YPqgIAG,DML_CustomExtension,FSL,Active
01pRo000002YPqhIAG,DRFilteringValues,FSL,Active
01pRo000002YPqiIAG,DataPreProcessor,FSL,Active
01pRo000002YPqjIAG,DataProcessorFactory,FSL,Active
01pRo000002YPqkIAG,DataUtils,FSL,Active
01pRo000002YPqlIAG,DeveloperNameEnum,FSL,Active
01pRo000002YPqmIAG,DynamicGanttNotification,FSL,Active
01pRo000002YPqnIAG,EffectiveCalendar,FSL,Active
01pRo000002YPqoIAG,EhanceJobsUtils,FSL,Active
01pRo000002YPqpIAG,EmergencyLightboxController,FSL,Active
01pRo000002YPqqIAG,EmergencyWizardController,FSL,Active
01pRo000002YPqrIAG,EncapsulatedResource,FSL,Active
01pRo000002YPqsIAG,EnhancedMatchRuleController,FSL,Active
01pRo000002YPqtIAG,EnhancedServicesDelta,FSL,Active
01pRo000002YPquIAG,EqualToTimeRule,FSL,Active
01pRo000002YPqvIAG,Exceptions,FSL,Active
01pRo000002YPqwIAG,ExtraColumnData,FSL,Active
01pRo000002YPqxIAG,ExtraColumnEntity,FSL,Active
01pRo000002YPqyIAG,FWEProudctionHealthUtils,FSL,Active
01pRo000002YPqzIAG,FeatureMetric,FSL,Active
01pRo000002YPr0IAG,FeatureTracking,FSL,Active
01pRo000002YPr1IAG,FetchFilesRequest,FSL,Active
01pRo000002YPr2IAG,FieldsSetUtils,FSL,Active
01pRo000002YPr3IAG,FillInScheduleService,FSL,Active
01pRo000002YPr4IAG,FilterEditor,FSL,Active
01pRo000002YPr5IAG,FindGapsInLimitationsUtility,FSL,Active
01pRo000002YPr6IAG,FixOverlapAction,FSL,Active
01pRo000002YPr7IAG,FixOverlapClass,FSL,Active
01pRo000002YPr8IAG,FixOverlapUtils,FSL,Active
01pRo000002YPr9IAG,FixedESDDRulesUtils,FSL,Active
01pRo000002YPrAIAW,FsLoggingUtils,FSL,Active
01pRo000002YPrBIAW,FutureFunctionsClassWithSharing,FSL,Active
01pRo000002YPrCIAW,FutureFunctionsClassWithoutSharing,FSL,Active
01pRo000002YPrDIAW,GISUtilities,FSL,Active
01pRo000002YPrEIAW,GOProcessor,FSL,Active
01pRo000002YPrFIAW,GanttAvailabilityDataProcessor,FSL,Active
01pRo000002YPrGIAW,GanttAvailabilityProcessor,FSL,Active
01pRo000002YPrHIAW,GanttGetSTMs,FSL,Active
01pRo000002YPrIIAW,GanttPalette,FSL,Active
01pRo000002YPrJIAW,GanttService,FSL,Active
01pRo000002YPrKIAW,GanttStreamingChannel,FSL,Active
01pRo000002YPrLIAW,GanttUtils,FSL,Active
01pRo000002YPrMIAW,GeocodePullerHelper,FSL,Active
01pRo000002YPrNIAW,GeocodeRegister,FSL,Active
01pRo000002YPrOIAW,GetCandidatesAndScheduleDataProcessor,FSL,Active
01pRo000002YPrPIAW,GetCandidatesDataProcessor,FSL,Active
01pRo000002YPrQIAW,GetOpenRequests,FSL,Active
01pRo000002YPrRIAW,GetPackageVersion,FSL,Active
01pRo000002YPrSIAW,GetRoutesService,FSL,Active
01pRo000002YPrTIAW,GetStatusTransition,FSL,Active
01pRo000002YPrUIAW,GetStatusTransitionsResult,FSL,Active
01pRo000002YPrVIAW,GlobalAPIS,FSL,Active
01pRo000002YPrWIAW,GradeSlotResult,FSL,Active
01pRo000002YPrXIAW,GradeSlotsService,FSL,Active
01pRo000002YPrYIAW,GroupNearbyService,FSL,Active
01pRo000002YPrZIAW,HealthCheckTest,FSL,Active
01pRo000002YPraIAG,IAvailabilityRules,FSL,Active
01pRo000002YPrbIAG,IChatterAction,FSL,Active
01pRo000002YPrcIAG,IGapRule,FSL,Active
01pRo000002YPrdIAG,IMdtSchedulingRules,FSL,Active
01pRo000002YPreIAG,IObjective,FSL,Active
01pRo000002YPrfIAG,IRule,FSL,Active
01pRo000002YPrgIAG,IRuleSchedulingSlots,FSL,Active
01pRo000002YPrhIAG,IRuleValidation,FSL,Active
01pRo000002YPriIAG,ITimeRuleOperation,FSL,Active
01pRo000002YPrjIAG,InDayProcessor,FSL,Active
01pRo000002YPrkIAG,InstallScript,FSL,Active
01pRo000002YPrlIAG,IntegrityCheckerConstants,FSL,Active
01pRo000002YPrmIAG,IntegrityCheckerUtils,FSL,Active
01pRo000002YPrnIAG,IntegrityResults,FSL,Active
01pRo000002YProIAG,IsStartTodayAction,FSL,Active
01pRo000002YPrpIAG,JobUtils,FSL,Active
01pRo000002YPrqIAG,LaterOrEqualTimeRule,FSL,Active
01pRo000002YPrrIAG,LicenseUtils,FSL,Active
01pRo000002YPrsIAG,LocalizedDatePickerController,FSL,Active
01pRo000002YPrtIAG,LogicTriggerO2Utils,FSL,Active
01pRo000002YPruIAG,LogicTriggerUtils,FSL,Active
01pRo000002YPrvIAG,LogicUtils,FSL,Active
01pRo000002YPrwIAG,MSTMatrix,FSL,Active
01pRo000002YPrxIAG,MSTScheduleHelper,FSL,Active
01pRo000002YPryIAG,MSTSlotsHelper,FSL,Active
01pRo000002YPrzIAG,ManualDataProcessor,FSL,Active
01pRo000002YPs0IAG,MdtObject,FSL,Active
01pRo000002YPs1IAG,MdtSchedulingUtils,FSL,Active
01pRo000002YPs2IAG,Metric,FSL,Active
01pRo000002YPs3IAG,MockHttpResponseGenerator,FSL,Active
01pRo000002YPs4IAG,MonitoringExporter,FSL,Active
01pRo000002YPs5IAG,MonitoringOperation,FSL,Active
01pRo000002YPs6IAG,MultipleScheduleResults,FSL,Active
01pRo000002YPs7IAG,NotificationUtils,FSL,Active
01pRo000002YPs8IAG,O2CheckRulesUtils,FSL,Active
01pRo000002YPs9IAG,O2FetchFiles,FSL,Active
01pRo000002YPsAIAW,O2GoAsyncResponse,FSL,Active
01pRo000002YPsBIAW,O2GoResponse,FSL,Active
01pRo000002YPsCIAW,O2JsonSerializer,FSL,Active
01pRo000002YPsDIAW,O2NavigationRequest,FSL,Active
01pRo000002YPsEIAW,O2OptimizationAsyncResponse,FSL,Active
01pRo000002YPsFIAW,O2OptimizationRequest,FSL,Active
01pRo000002YPsGIAW,O2RSORequest,FSL,Active
01pRo000002YPsHIAW,O2Request,FSL,Active
01pRo000002YPsIIAW,O2ResponseUtils,FSL,Active
01pRo000002YPsJIAW,O2RestUtils,FSL,Active
01pRo000002YPsKIAW,O2SettingsUtils,FSL,Active
01pRo000002YPsLIAW,O2TravelAndBreaksUtils,FSL,Active
01pRo000002YPsMIAW,O2_OAAS,FSL,Active
01pRo000002YPsNIAW,OAAS,FSL,Active
01pRo000002YPsOIAW,OAASRequest,FSL,Active
01pRo000002YPsPIAW,OAASRestHealthCheck,FSL,Active
01pRo000002YPsQIAW,OAASRestInsights,FSL,Active
01pRo000002YPsRIAW,OAASRestService,FSL,Active
01pRo000002YPsSIAW,OAASRollback,FSL,Active
01pRo000002YPsTIAW,OAASSupportHelper,FSL,Active
01pRo000002YPsUIAW,OAASTestHelper,FSL,Active
01pRo000002YPsVIAW,OAASUtils,FSL,Active
01pRo000002YPsWIAW,OAASWebService,FSL,Active
01pRo000002YPsXIAW,ObjectTypeElementColumn,FSL,Active
01pRo000002YPsYIAW,ObjectiveAdditionalObjects,FSL,Active
01pRo000002YPsZIAW,Objective_Asap,FSL,Active
01pRo000002YPsaIAG,Objective_Minimize_Overtime,FSL,Active
01pRo000002YPsbIAG,Objective_Minimize_Travel,FSL,Active
01pRo000002YPscIAG,Objective_PreferredEngineer,FSL,Active
01pRo000002YPsdIAG,Objective_Resource_Priority,FSL,Active
01pRo000002YPseIAG,Objective_Same_Site,FSL,Active
01pRo000002YPsfIAG,Objective_Skill_Level,FSL,Active
01pRo000002YPsgIAG,Objective_Skill_Preference,FSL,Active
01pRo000002YPshIAG,Objective_Skill_Preferences,FSL,Active
01pRo000002YPsiIAG,OnboardingWizardController,FSL,Active
01pRo000002YPsjIAG,OptInsightHealthCheckController,FSL,Active
01pRo000002YPskIAG,OptimizationCenter,FSL,Active
01pRo000002YPslIAG,OptimizationCommonFuntions,FSL,Active
01pRo000002YPsmIAG,OptimizationDataClass,FSL,Active
01pRo000002YPsnIAG,OptimizationDataGenerator,FSL,Active
01pRo000002YPsoIAG,OptimizationHub,FSL,Active
01pRo000002YPspIAG,OptimizationInsightsKPIController,FSL,Active
01pRo000002YPsqIAG,OptimizationInsightsMetricsController,FSL,Active
01pRo000002YPsrIAG,OptimizationInsightsSummaryController,FSL,Active
01pRo000002YPssIAG,OptimizationLimitsUtils,FSL,Active
01pRo000002YPstIAG,OptimizationOverlapInfo,FSL,Active
01pRo000002YPsuIAG,OptimizationSchedulingUtils,FSL,Active
01pRo000002YPsvIAG,OptimizationUpdateDataWrapper,FSL,Active
01pRo000002YPswIAG,PartialResultType,FSL,Active
01pRo000002YPsxIAG,PartialResultsInfo,FSL,Active
01pRo000002YPsyIAG,PermissionsController,FSL,Active
01pRo000002YPszIAG,PolygonUtils,FSL,Active
01pRo000002YPt0IAG,PreProcessData,FSL,Active
01pRo000002YPt1IAG,PredictivTimeSlot,FSL,Active
01pRo000002YPt2IAG,PredictiveTimeInterval,FSL,Active
01pRo000002YPt3IAG,PredictiveTravel,FSL,Active
01pRo000002YPt4IAG,PredictiveTravelUtils,FSL,Active
01pRo000002YPt5IAG,PropertiesMap,FSL,Active
01pRo000002YPt6IAG,QuableBundlerCache,FSL,Active
01pRo000002YPt7IAG,QueryData,FSL,Active
01pRo000002YPt8IAG,QueryEntry,FSL,Active
01pRo000002YPt9IAG,QueueableOptimization,FSL,Active
01pRo000002YPtAIAW,QueueableOptimizationForO2,FSL,Active
01pRo000002YPtBIAW,RSOBody,FSL,Active
01pRo000002YPtCIAW,RSOCommonProcessor,FSL,Active
01pRo000002YPtDIAW,RSOHorizon,FSL,Active
01pRo000002YPtEIAW,RSOPreProcessor,FSL,Active
01pRo000002YPtFIAW,RSORequest,FSL,Active
01pRo000002YPtGIAW,RawGapMatrix,FSL,Active
01pRo000002YPtHIAW,RawResourceScheduleData,FSL,Active
01pRo000002YPtIIAW,RawSchedulingOption,FSL,Active
01pRo000002YPtJIAW,RecipesEvaluator,FSL,Active
01pRo000002YPtKIAW,RecurringAppointmentSlots,FSL,Active
01pRo000002YPtLIAW,RecurringAppointmentsManager,FSL,Active
01pRo000002YPtMIAW,RecurringPattern,FSL,Active
01pRo000002YPtNIAW,RecurringSequence,FSL,Active
01pRo000002YPtOIAW,RecurringVisitsDataProcessor,FSL,Active
01pRo000002YPtPIAW,RelevanceGroupsUtility,FSL,Active
01pRo000002YPtQIAW,RelocationUtilsNew,FSL,Active
01pRo000002YPtRIAW,RequestData,FSL,Active
01pRo000002YPtSIAW,RequestTypeEnum,FSL,Active
01pRo000002YPtTIAW,RescheduleDataProcessor,FSL,Active
01pRo000002YPtUIAW,ReshufflePreperationBatch,FSL,Active
01pRo000002YPtVIAW,ReshuffleSyncUtils,FSL,Active
01pRo000002YPtWIAW,ResourceAbsenceCheckOverlapQueueable,FSL,Active
01pRo000002YPtXIAW,ResourceAbsenceCheckOverlapSchedulable,FSL,Active
01pRo000002YPtYIAW,ResourceBasedCommonProcessor,FSL,Active
01pRo000002YPtZIAW,ResourceBasedData,FSL,Active
01pRo000002YPtaIAG,ResourceBasedDataProcessor,FSL,Active
01pRo000002YPtbIAG,ResourceBasedRequest,FSL,Active
01pRo000002YPtcIAG,ResourceBasedRestRequest,FSL,Active
01pRo000002YPtdIAG,ResourceScheduleData,FSL,Active
01pRo000002YPteIAG,ReturnAdminUser,FSL,Active
01pRo000002YPtfIAG,RootPath,FSL,Active
01pRo000002YPtgIAG,RuleAdditionalObjects,FSL,Active
01pRo000002YPthIAG,RuleAvailability_SecondaryAndShift,FSL,Active
01pRo000002YPtiIAG,RuleCalendar_Availability_Service,FSL,Active
01pRo000002YPtjIAG,RuleCapacity_Limit_Service,FSL,Active
01pRo000002YPtkIAG,RuleContractor_Availability,FSL,Active
01pRo000002YPtlIAG,RuleContractor_MDS_Availability,FSL,Active
01pRo000002YPtmIAG,RuleCount_Rule,FSL,Active
01pRo000002YPtnIAG,RuleCrew_Member_Availability_Service,FSL,Active
01pRo000002YPtoIAG,RuleEnhanced_Match_Service,FSL,Active
01pRo000002YPtpIAG,RuleExcluded_Resources_Service,FSL,Active
01pRo000002YPtqIAG,RuleField_Working_Locations,FSL,Active
01pRo000002YPtrIAG,RuleGap_Rule_Service,FSL,Active
01pRo000002YPtsIAG,RuleMatch_Boolean_Service,FSL,Active
01pRo000002YPttIAG,RuleMatch_Crew_Size_Service,FSL,Active
01pRo000002YPtuIAG,RuleMatch_Fields_Service,FSL,Active
01pRo000002YPtvIAG,RuleMatch_Location_Service,FSL,Active
01pRo000002YPtwIAG,RuleMatch_Resource_Service,FSL,Active
01pRo000002YPtxIAG,RuleMatch_Skills_Service,FSL,Active
01pRo000002YPtyIAG,RuleMax_Travel_From_Home_To_Service,FSL,Active
01pRo000002YPtzIAG,RuleNon_Availability_Service,FSL,Active
01pRo000002YPu0IAG,RuleRequired_Resources_Service,FSL,Active
01pRo000002YPu1IAG,RuleResource_Availability_Service,FSL,Active
01pRo000002YPu2IAG,RuleSame_Day_Service,FSL,Active
01pRo000002YPu3IAG,RuleService_Visiting_Hours,FSL,Active
01pRo000002YPu4IAG,RuleTimeSlot_Designated_Work,FSL,Active
01pRo000002YPu5IAG,RuleTime_Rule_Service,FSL,Active
01pRo000002YPu6IAG,RuleValidationResult,FSL,Active
01pRo000002YPu7IAG,RuleValidationServiceO2,FSL,Active
01pRo000002YPu8IAG,RuleValidation_MDS_Duration,FSL,Active
01pRo000002YPu9IAG,RuleValidationsService,FSL,Active
01pRo000002YPuAIAW,Rule_MST_Service,FSL,Active
01pRo000002YPuBIAW,RunFixOverlapActionQueueable,FSL,Active
01pRo000002YPuCIAW,RunFixOverlapActionSchedulable,FSL,Active
01pRo000002YPuDIAW,RunFixScheduleOverlaps,FSL,Active
01pRo000002YPuEIAW,SACheckOverlapSchedulable,FSL,Active
01pRo000002YPuFIAW,SAWrapper,FSL,Active
01pRo000002YPuGIAW,SAWrapperGetSlots,FSL,Active
01pRo000002YPuHIAW,SAWrapperRuleValidation,FSL,Active
01pRo000002YPuIIAW,SCHEDULE_Jobs,FSL,Active
01pRo000002YPuJIAW,SE_DML_Exception,FSL,Active
01pRo000002YPuKIAW,SLRCallout,FSL,Active
01pRo000002YPuLIAW,SLRMock,FSL,Active
01pRo000002YPuMIAW,SObjectUtils,FSL,Active
01pRo000002YPuNIAW,SalesforceCalendarEvents_Utils,FSL,Active
01pRo000002YPuOIAW,Sched004_OAAS,FSL,Active
01pRo000002YPuPIAW,Sched006_SLRPurge,FSL,Active
01pRo000002YPuQIAW,Sched006_SLRPurgeBatch,FSL,Active
01pRo000002YPuRIAW,Sched007_ServicesAppoDispatched,FSL,Active
01pRo000002YPuSIAW,Sched007_ServicesAppoDispatchedBatch,FSL,Active
01pRo000002YPuTIAW,Sched008_TimePhaseSharing,FSL,Active
01pRo000002YPuUIAW,Sched008_TimePhaseSharingAddRecordsBatch,FSL,Active
01pRo000002YPuVIAW,Sched008_TimePhaseSharingBatch,FSL,Active
01pRo000002YPuWIAW,Sched009_STMIntegrityChecker,FSL,Active
01pRo000002YPuXIAW,Sched009_STMIntegrityCheckerBatch,FSL,Active
01pRo000002YPuYIAW,Sched010_SLRTTLPurgeBatch,FSL,Active
01pRo000002YPuZIAW,Sched011_UnscheduledBatch,FSL,Active
01pRo000002YPuaIAG,Sched012_BundleSchedule,FSL,Active
01pRo000002YPubIAG,Sched013_AvailabilitySchedule,FSL,Active
01pRo000002YPucIAG,ScheduableBundlerCache,FSL,Active
01pRo000002YPudIAG,SchedulableObject,FSL,Active
01pRo000002YPueIAG,SchedulableObjects,FSL,Active
01pRo000002YPufIAG,SchedulableObjectsToUpdateTravel,FSL,Active
01pRo000002YPugIAG,ScheduleBundleDataClass,FSL,Active
01pRo000002YPuhIAG,ScheduleCommonProcessor,FSL,Active
01pRo000002YPuiIAG,ScheduleDataProcessor,FSL,Active
01pRo000002YPujIAG,ScheduleJobsApi,FSL,Active
01pRo000002YPukIAG,ScheduleLimitation,FSL,Active
01pRo000002YPulIAG,ScheduleModeStatus,FSL,Active
01pRo000002YPumIAG,ScheduleReshuffleUtils,FSL,Active
01pRo000002YPunIAG,ScheduleResult,FSL,Active
01pRo000002YPuoIAG,ScheduleService,FSL,Active
01pRo000002YPupIAG,ScheduleServiceProcess,FSL,Active
01pRo000002YPuqIAG,SchedulingAssistant,FSL,Active
01pRo000002YPurIAG,SchedulingInspectorDataProcessor,FSL,Active
01pRo000002YPusIAG,SchedulingOption,FSL,Active
01pRo000002YPutIAG,SchedulingOptionByGradeWrapper,FSL,Active
01pRo000002YPuuIAG,SchedulingRecipesController,FSL,Active
01pRo000002YPuvIAG,ServiceAdditionalObjects,FSL,Active
01pRo000002YPuwIAG,ServiceAppointmentCheckOverlapQueueable,FSL,Active
01pRo000002YPuxIAG,ServiceBasedCommonProcessor,FSL,Active
01pRo000002YPuyIAG,ServiceBasedDataProcessor,FSL,Active
01pRo000002YPuzIAG,ServiceBasedRequest,FSL,Active
01pRo000002YPv0IAG,ServiceBasedRestRequest,FSL,Active
01pRo000002YPv1IAG,ServiceResourceSkillWrapper,FSL,Active
01pRo000002YPv2IAG,ServiceSchedulingApiClass,FSL,Active
01pRo000002YPv3IAG,ServiceSchedulingPropertiesClass,FSL,Active
01pRo000002YPv4IAG,ServiceSchedulingSlotsService,FSL,Active
01pRo000002YPv5IAG,ServiceTerritory_Batch,FSL,Active
01pRo000002YPv6IAG,ServicesDelta,FSL,Active
01pRo000002YPv7IAG,ServicesSorter,FSL,Active
01pRo000002YPv8IAG,SettingsAPI,FSL,Active
01pRo000002YPv9IAG,SettingsController,FSL,Active
01pRo000002YPvAIAW,SettingsLifeCycleController,FSL,Active
01pRo000002YPvBIAW,SettingsOptimizationController,FSL,Active
01pRo000002YPvCIAW,SettingsSchedulingController,FSL,Active
01pRo000002YPvDIAW,SettingsSharingController,FSL,Active
01pRo000002YPvEIAW,SharingUtils,FSL,Active
01pRo000002YPvFIAW,SingleSObjectActionResult,FSL,Active
01pRo000002YPvGIAW,SoqlQueryRepository,FSL,Active
01pRo000002YPvHIAW,SoqlValuesRepository,FSL,Active
01pRo000002YPvIIAW,SplunkLogger,FSL,Active
01pRo000002YPvJIAW,StatusTransition,FSL,Active
01pRo000002YPvKIAW,SyncOptDataGenerationUtils,FSL,Active
01pRo000002YPvLIAW,TR0013_ServiceCrewMemberUtils,FSL,Active
01pRo000002YPvMIAW,TR001_ContractorUtils,FSL,Active
01pRo000002YPvNIAW,TR001_ServiceUtils,FSL,Active
01pRo000002YPvOIAW,TR0023_ServiceTerritoryUtils,FSL,Active
01pRo000002YPvPIAW,TR004_EventUtils,FSL,Active
01pRo000002YPvQIAW,TR005_UserTerritoryUtils,FSL,Active
01pRo000002YPvRIAW,TR007_ResourceAbsenceUtils,FSL,Active
01pRo000002YPvSIAW,TR008_ResourceUtils,FSL,Active
01pRo000002YPvTIAW,TR010_SchedulingPolicyUtils,FSL,Active
01pRo000002YPvUIAW,TR018_ShiftUtils,FSL,Active
01pRo000002YPvVIAW,TR020_ResourceTerritoriesUtils,FSL,Active
01pRo000002YPvWIAW,TR021_AssignedResourceUtils,FSL,Active
01pRo000002YPvXIAW,TR022_WO_And_WOLI_Utils,FSL,Active
01pRo000002YPvYIAW,TR024_SkillRequirementUtils,FSL,Active
01pRo000002YPvZIAW,TR025_ServiceResourceSkillUtils,FSL,Active
01pRo000002YPvaIAG,TR027_TimeSlotUtils,FSL,Active
01pRo000002YPvbIAG,TR029_GanttFilterUtils,FSL,Active
01pRo000002YPvcIAG,TR030_GanttPaletteUtils,FSL,Active
01pRo000002YPvdIAG,TR031_WorkRuleEntryValidator,FSL,Active
01pRo000002YPveIAG,TR066_ServiceObjectiveUtils,FSL,Active
01pRo000002YPvfIAG,TerritoriesHorizonBasedRequest,FSL,Active
01pRo000002YPvgIAG,TerritoryBasedBody,FSL,Active
01pRo000002YPvhIAG,TerritoryBasedCommonProcessor,FSL,Active
01pRo000002YPviIAG,TerritoryBasedDataProcessor,FSL,Active
01pRo000002YPvjIAG,TerritoryBasedRequest,FSL,Active
01pRo000002YPvkIAG,TerritoryBasedRestRequest,FSL,Active
01pRo000002YPvlIAG,TerritorySearch,FSL,Active
01pRo000002YPvmIAG,TestFactory,FSL,Active
01pRo000002YPvnIAG,Tests,FSL,Active
01pRo000002YPvoIAG,TimeDependencyUtils,FSL,Active
01pRo000002YPvpIAG,TimeDomainResult,FSL,Active
01pRo000002YPvqIAG,TimeInterval,FSL,Active
01pRo000002YPvrIAG,TimeMeasurement,FSL,Active
01pRo000002YPvsIAG,TimeUtils,FSL,Active
01pRo000002YPvtIAG,TravelUnit,FSL,Active
01pRo000002YPvuIAG,UpdateAfterOptimizationSynchronously,FSL,Active
01pRo000002YPvvIAG,UpdateObjectsAfterTravelCalculations,FSL,Active
01pRo000002YPvwIAG,UpdateTravelOutOptScopeSynchronously,FSL,Active
01pRo000002YPvxIAG,UserSettingUtils,FSL,Active
01pRo000002YPvyIAG,Utils,FSL,Active
01pRo000002YPvzIAG,VersionUpdateFunctions,FSL,Active
01pRo000002YPw0IAG,WorkCapacityAddSharing,FSL,Active
01pRo000002YPw1IAG,WorkCapacityUtils,FSL,Active
01pRo000002YPw2IAG,bundleHttpCalloutMockImpl,FSL,Active
01pRo000002YPw3IAG,capacityLimit,FSL,Active
01pRo000002YPw4IAG,countRule,FSL,Active
01pRo000002YPw5IAG,createBundleSchedulable,FSL,Active
01pRo000002YPw6IAG,ctrl001_Gantt,FSL,Active
01pRo000002YPw7IAG,ctrl002_ServiceExpertLightboxForm,FSL,Active
01pRo000002YPw8IAG,ctrl003_LightboxExt,FSL,Active
01pRo000002YPw9IAG,ctrl008_BundlerLightboxExt,FSL,Active
01pRo000002YPwAIAW,ctrl012_AbsenceLightboxForm,FSL,Active
01pRo000002YPwBIAW,ctrl017_AccountLightbox,FSL,Active
01pRo000002YPwCIAW,ctrl079_ResourceCalendar,FSL,Active
01pRo000002YPwDIAW,ctrl0998_WorkOrderLineItemLightbox,FSL,Active
01pRo000002YPwEIAW,ctrl0999_WorkOrderLightbox,FSL,Active
01pRo000002YPwFIAW,ctrl112_ResourcePriorityFieldChooser,FSL,Active
01pRo000002YPwGIAW,ctrl456_MstResolver,FSL,Active
01pRo000002YPwHIAW,deepClone,FSL,Active
01pRo000002YPwIIAW,eAdditionalObjects,FSL,Active
01pRo000002YPwJIAW,ganttPushService,FSL,Active
01pRo000002YPwKIAW,getRemoteSites,FSL,Active
01pRo000002YPwLIAW,quableBulkSchedule,FSL,Active
01pRo000002YPwMIAW,quableBundleTrigger,FSL,Active
01pRo000002YPwNIAW,quableReschedule,FSL,Active
01pRo000002YPwOIAW,quableRescheduleSingleResource,FSL,Active
01pRo000002YPwPIAW,retrieveDataActivityLog,FSL,Active
01pRo000002YPwQIAW,servicesListService,FSL,Active
01pRo000002YPwRIAW,ut_ARCheckOverlapQueueable,FSL,Active
01pRo000002YPwSIAW,ut_AWSRest,FSL,Active
01pRo000002YPwTIAW,ut_ApexLimits,FSL,Active
01pRo000002YPwUIAW,ut_AppointmentBookingCommunityController,FSL,Active
01pRo000002YPwVIAW,ut_AppointmentBookingController,FSL,Active
01pRo000002YPwWIAW,ut_AppointmentBookingService,FSL,Active
01pRo000002YPwXIAW,ut_AppointmentBookingWebService,FSL,Active
01pRo000002YPwYIAW,ut_AssignedResourceCalculateTravelTime,FSL,Active
01pRo000002YPwZIAW,ut_AuthServices,FSL,Active
01pRo000002YPwaIAG,ut_AvailabilitySchedule,FSL,Active
01pRo000002YPwbIAG,ut_BreaksLogic,FSL,Active
01pRo000002YPwcIAG,ut_BulkServiceBasedRequest,FSL,Active
01pRo000002YPwdIAG,ut_BundleLogic,FSL,Active
01pRo000002YPweIAG,ut_BundleUtils,FSL,Active
01pRo000002YPwfIAG,ut_C2CTokenUtils,FSL,Active
01pRo000002YPwgIAG,ut_CalculateTravelTime,FSL,Active
01pRo000002YPwhIAG,ut_ChatterActionsShared,FSL,Active
01pRo000002YPwiIAG,ut_CheckRules,FSL,Active
01pRo000002YPwjIAG,ut_CheckRules2,FSL,Active
01pRo000002YPwkIAG,ut_CheckRulesO2,FSL,Active
01pRo000002YPwlIAG,ut_CompareUtils,FSL,Active
01pRo000002YPwmIAG,ut_CrewManagement,FSL,Active
01pRo000002YPwnIAG,ut_Ctrl015_ChangeServiceStatus,FSL,Active
01pRo000002YPwoIAG,ut_Ctrl016_CompletionForm,FSL,Active
01pRo000002YPwpIAG,ut_Ctrl017_IncompleteReason,FSL,Active
01pRo000002YPwqIAG,ut_Ctrl023_CalendarEditor,FSL,Active
01pRo000002YPwrIAG,ut_Ctrl032_GetCandidates,FSL,Active
01pRo000002YPwsIAG,ut_Ctrl038,FSL,Active
01pRo000002YPwtIAG,ut_Ctrl078,FSL,Active
01pRo000002YPwuIAG,ut_Ctrl112_ResourcePriorityFieldChooser,FSL,Active
01pRo000002YPwvIAG,ut_Ctrl739_ComplexWork,FSL,Active
01pRo000002YPwwIAG,ut_CustomLabels,FSL,Active
01pRo000002YPwxIAG,ut_DataUtils,FSL,Active
01pRo000002YPwyIAG,ut_DecomposeReturn,FSL,Active
01pRo000002YPwzIAG,ut_EmergencyWizardController,FSL,Active
01pRo000002YPx0IAG,ut_EnhancedMatchRuleController,FSL,Active
01pRo000002YPx1IAG,ut_FWEProudctionHealthUtils,FSL,Active
01pRo000002YPx2IAG,ut_FeatureMetric,FSL,Active
01pRo000002YPx3IAG,ut_FillinSchedule,FSL,Active
01pRo000002YPx4IAG,ut_FilterEditor,FSL,Active
01pRo000002YPx5IAG,ut_FixOverlapAction,FSL,Active
01pRo000002YPx6IAG,ut_FixOverlapUtils,FSL,Active
01pRo000002YPx7IAG,ut_FixOverlapsUtils,FSL,Active
01pRo000002YPx8IAG,ut_FsLoggingUtils,FSL,Active
01pRo000002YPx9IAG,ut_GanttAvailabilityRestRequest,FSL,Active
01pRo000002YPxAIAW,ut_GanttPalette,FSL,Active
01pRo000002YPxBIAW,ut_GetStatusTransition,FSL,Active
01pRo000002YPxCIAW,ut_GlobalAPIS,FSL,Active
01pRo000002YPxDIAW,ut_GovernorLimits,FSL,Active
01pRo000002YPxEIAW,ut_GradePreferred_Resources_Service,FSL,Active
01pRo000002YPxFIAW,ut_GroupNearby,FSL,Active
01pRo000002YPxGIAW,ut_InstallScript,FSL,Active
01pRo000002YPxHIAW,ut_IntegrityChecker,FSL,Active
01pRo000002YPxIIAW,ut_MSTScheduleHelper,FSL,Active
01pRo000002YPxJIAW,ut_MdtSchedulingUtils,FSL,Active
01pRo000002YPxKIAW,ut_MockCache,FSL,Active
01pRo000002YPxLIAW,ut_NaOperationsO2State,FSL,Active
01pRo000002YPxMIAW,ut_O2GanttDND,FSL,Active
01pRo000002YPxNIAW,ut_O2ResponseAndTravelUtils,FSL,Active
01pRo000002YPxOIAW,ut_O2RestUtils,FSL,Active
01pRo000002YPxPIAW,ut_O2Schedule,FSL,Active
01pRo000002YPxQIAW,ut_O2SettingsUtils,FSL,Active
01pRo000002YPxRIAW,ut_O2TriggerLogicsForTravel,FSL,Active
01pRo000002YPxSIAW,ut_O2_OAAS,FSL,Active
01pRo000002YPxTIAW,ut_O2_Rule_Complex_Work,FSL,Active
01pRo000002YPxUIAW,ut_OAAS,FSL,Active
01pRo000002YPxVIAW,ut_OAASRestInsights,FSL,Active
01pRo000002YPxWIAW,ut_ObjectFactory,FSL,Active
01pRo000002YPxXIAW,ut_Objective_Asap,FSL,Active
01pRo000002YPxYIAW,ut_Objective_Minimize_OverTime,FSL,Active
01pRo000002YPxZIAW,ut_Objective_Minimize_Travel,FSL,Active
01pRo000002YPxaIAG,ut_Objective_Resource_Priority,FSL,Active
01pRo000002YPxbIAG,ut_Objective_Skill_Level,FSL,Active
01pRo000002YPxcIAG,ut_ObjectivesFactory,FSL,Active
01pRo000002YPxdIAG,ut_OnboardingWizardController,FSL,Active
01pRo000002YPxeIAG,ut_OptInsightHealthCheckController,FSL,Active
01pRo000002YPxfIAG,ut_OptimizationController,FSL,Active
01pRo000002YPxgIAG,ut_OptimizationHub,FSL,Active
01pRo000002YPxhIAG,ut_OptimizationInsightsKPIController,FSL,Active
01pRo000002YPxiIAG,ut_OptimizationInsightsMetricsController,FSL,Active
01pRo000002YPxjIAG,ut_OptimizationInsightsSummaryController,FSL,Active
01pRo000002YPxkIAG,ut_OptimizationLimitsUtils,FSL,Active
01pRo000002YPxlIAG,ut_OptimizationOverlapPreventionO2,FSL,Active
01pRo000002YPxmIAG,ut_PermissionSet,FSL,Active
01pRo000002YPxnIAG,ut_PolygonClassification,FSL,Active
01pRo000002YPxoIAG,ut_PredictiveTravelUtils,FSL,Active
01pRo000002YPxpIAG,ut_QAASRestHealthCheckTest,FSL,Active
01pRo000002YPxqIAG,ut_QueueOptimizationForO2,FSL,Active
01pRo000002YPxrIAG,ut_RACheckOverlapQueueable,FSL,Active
01pRo000002YPxsIAG,ut_RSOO2Request,FSL,Active
01pRo000002YPxtIAG,ut_RecipesEvaluator,FSL,Active
01pRo000002YPxuIAG,ut_RecurringAppointmentManager,FSL,Active
01pRo000002YPxvIAG,ut_RelocationUtils,FSL,Active
01pRo000002YPxwIAG,ut_ReportMethods,FSL,Active
01pRo000002YPxxIAG,ut_ResourceBaseRestRequest,FSL,Active
01pRo000002YPxyIAG,ut_ReturnAdminUser,FSL,Active
01pRo000002YPxzIAG,ut_RuleCalendar_Availability_Service,FSL,Active
01pRo000002YPy0IAG,ut_RuleCapacity_Limit_Service,FSL,Active
01pRo000002YPy1IAG,ut_RuleContractor_Availability,FSL,Active
01pRo000002YPy2IAG,ut_RuleCrew_Member_Availability_Service,FSL,Active
01pRo000002YPy3IAG,ut_RuleEnhanced_Match_Service,FSL,Active
01pRo000002YPy4IAG,ut_RuleExcluded_Resources_Service,FSL,Active
01pRo000002YPy5IAG,ut_RuleField_Working_Locations,FSL,Active
01pRo000002YPy6IAG,ut_RuleMatch_Boolean_Service,FSL,Active
01pRo000002YPy7IAG,ut_RuleMatch_Crew_Size_Service,FSL,Active
01pRo000002YPy8IAG,ut_RuleMatch_Fields_Service,FSL,Active
01pRo000002YPy9IAG,ut_RuleMatch_Location_Service,FSL,Active
01pRo000002YPyAIAW,ut_RuleMatch_Resource_Service,FSL,Active
01pRo000002YPyBIAW,ut_RuleMatch_Skills_Service,FSL,Active
01pRo000002YPyCIAW,ut_RuleMax_Travel_From_Home_To_Service,FSL,Active
01pRo000002YPyDIAW,ut_RuleRequired_Resources_Service,FSL,Active
01pRo000002YPyEIAW,ut_RuleSame_Day_Service,FSL,Active
01pRo000002YPyFIAW,ut_RuleSecondaryCalendar_Availability,FSL,Active
01pRo000002YPyGIAW,ut_RuleService_Visiting_Hours,FSL,Active
01pRo000002YPyHIAW,ut_RuleTimeSlot_Designated_Work,FSL,Active
01pRo000002YPyIIAW,ut_RuleTime_Rule_Service,FSL,Active
01pRo000002YPyJIAW,ut_RuleValidation_MDS_Duration,FSL,Active
01pRo000002YPyKIAW,ut_Rule_Complex_Work,FSL,Active
01pRo000002YPyLIAW,ut_Rule_CountRule,FSL,Active
01pRo000002YPyMIAW,ut_Rule_MST_Service,FSL,Active
01pRo000002YPyNIAW,ut_SACheckOverlapQueueable,FSL,Active
01pRo000002YPyOIAW,ut_SLR,FSL,Active
01pRo000002YPyPIAW,ut_Sched007_ServicesAppoDispatched,FSL,Active
01pRo000002YPyQIAW,ut_Sched008_TimePhaseSharing,FSL,Active
01pRo000002YPyRIAW,ut_Sched009_STMIntegrityCheckerBatch,FSL,Active
01pRo000002YPySIAW,ut_Sched012_BundleSchedule,FSL,Active
01pRo000002YPyTIAW,ut_ScheduleJobsApi,FSL,Active
01pRo000002YPyUIAW,ut_ScheduleResourcePriorityObjective,FSL,Active
01pRo000002YPyVIAW,ut_ScheduleService,FSL,Active
01pRo000002YPyWIAW,ut_ScheduleService2,FSL,Active
01pRo000002YPyXIAW,ut_ScheduleServiceProcess,FSL,Active
01pRo000002YPyYIAW,ut_ScheduleService_NOM,FSL,Active
01pRo000002YPyZIAW,ut_SchedulingAssistant,FSL,Active
01pRo000002YPyaIAG,ut_SchedulingInspectorDataProcessor,FSL,Active
01pRo000002YPybIAG,ut_SchedulingRecipesController,FSL,Active
01pRo000002YPycIAG,ut_ServiceBaseRestRequest,FSL,Active
01pRo000002YPydIAG,ut_SettingsAPI,FSL,Active
01pRo000002YPyeIAG,ut_SettingsController,FSL,Active
01pRo000002YPyfIAG,ut_SettingsLifeCycleController,FSL,Active
01pRo000002YPygIAG,ut_TR001,FSL,Active
01pRo000002YPyhIAG,ut_TR0013,FSL,Active
01pRo000002YPyiIAG,ut_TR001_ContractorUtils,FSL,Active
01pRo000002YPyjIAG,ut_TR0023_ServiceTerritory,FSL,Active
01pRo000002YPykIAG,ut_TR004_Event,FSL,Active
01pRo000002YPylIAG,ut_TR005,FSL,Active
01pRo000002YPymIAG,ut_TR0060_WorkCapacityAvailability,FSL,Active
01pRo000002YPynIAG,ut_TR0061_WorkCapacityLimit,FSL,Active
01pRo000002YPyoIAG,ut_TR0062_WorkCapacityUsage,FSL,Active
01pRo000002YPypIAG,ut_TR007,FSL,Active
01pRo000002YPyqIAG,ut_TR008,FSL,Active
01pRo000002YPyrIAG,ut_TR010,FSL,Active
01pRo000002YPysIAG,ut_TR013,FSL,Active
01pRo000002YPytIAG,ut_TR018_Shift,FSL,Active
01pRo000002YPyuIAG,ut_TR020_ResourceToTerritory,FSL,Active
01pRo000002YPyvIAG,ut_TR021_AssignedResourceUtils,FSL,Active
01pRo000002YPywIAG,ut_TR022_WorkOrder,FSL,Active
01pRo000002YPyxIAG,ut_TR022_WorkOrderLineItem,FSL,Active
01pRo000002YPyyIAG,ut_TR024,FSL,Active
01pRo000002YPyzIAG,ut_TR025,FSL,Active
01pRo000002YPz0IAG,ut_TR027_TimeSlot,FSL,Active
01pRo000002YPz1IAG,ut_TR029_GanttFilter,FSL,Active
01pRo000002YPz2IAG,ut_TR030_GanttPalette,FSL,Active
01pRo000002YPz3IAG,ut_TR034_OperatingHours,FSL,Active
01pRo000002YPz4IAG,ut_TR051_TimeDependency,FSL,Active
01pRo000002YPz5IAG,ut_TR066_ServiceObjective,FSL,Active
01pRo000002YPz6IAG,ut_TR070_ApptBundlePolicy,FSL,Active
01pRo000002YPz7IAG,ut_TR072_ApptBundleAggrPolicy,FSL,Active
01pRo000002YPz8IAG,ut_TR073_ApptBundleConfig,FSL,Active
01pRo000002YPz9IAG,ut_TR074_ApptBundlePolicySvcTerr,FSL,Active
01pRo000002YPzAIAW,ut_TR075_ApptBundlePropagatePolicy,FSL,Active
01pRo000002YPzBIAW,ut_TR076_ApptBundleRestrictPolicy,FSL,Active
01pRo000002YPzCIAW,ut_TR077_ApptBundleSortPolicy,FSL,Active
01pRo000002YPzDIAW,ut_TR171_ApptBundleAggrDurDnscale,FSL,Active
01pRo000002YPzEIAW,ut_TR177_RecordsetFilterCriteria,FSL,Active
01pRo000002YPzFIAW,ut_TR178_RecordsetFilterCriteriaRule,FSL,Active
01pRo000002YPzGIAW,ut_TerritoryBasedRestRequest,FSL,Active
01pRo000002YPzHIAW,ut_TerritorySearch,FSL,Active
01pRo000002YPzIIAW,ut_TestPermissionsModifyAll,FSL,Active
01pRo000002YPzJIAW,ut_TimeMeasurement,FSL,Active
01pRo000002YPzKIAW,ut_TimeUtils,FSL,Active
01pRo000002YPzLIAW,ut_UserSettingUtils,FSL,Active
01pRo000002YPzMIAW,ut_Utils,FSL,Active
01pRo000002YPzNIAW,ut_WorkCapacityAddSharingTest,FSL,Active
01pRo000002YPzOIAW,ut_WorkCapacityUtils,FSL,Active
01pRo000002YPzPIAW,ut_WorkRule,FSL,Active
01pRo000002YPzQIAW,ut_WorkRuleEntry,FSL,Active
01pRo000002YPzRIAW,ut_WorkRuleObjectFactory,FSL,Active
01pRo000002YPzSIAW,ut_capacityLimit,FSL,Active
01pRo000002YPzTIAW,ut_countRule,FSL,Active
01pRo000002YPzUIAW,ut_ctrl001_Gantt,FSL,Active
01pRo000002YPzVIAW,ut_ctrl002_ServiceExpertLightboxForm,FSL,Active
01pRo000002YPzWIAW,ut_ctrl008_BundlerLightboxExt,FSL,Active
01pRo000002YPzXIAW,ut_ctrl012_AbsenceLightboxForm,FSL,Active
01pRo000002YPzYIAW,ut_ctrl079_ResourceCalendar,FSL,Active
01pRo000002YPzZIAW,ut_ctrl0998_WorkOrderLineItemLightbox,FSL,Active
01pRo000002YPzaIAG,ut_ctrl0999_WorkOrderLightbox,FSL,Active
01pRo000002YPzbIAG,ut_deepClone,FSL,Active
01pRo000002YPzcIAG,ut_featureTracking,FSL,Active
01pRo000002YPzdIAG,ut_ganttPushService,FSL,Active
01pRo000002YPzeIAG,ut_generalClasses,FSL,Active
01pRo000002YPzfIAG,ut_groupOnRuleAndObjectives,FSL,Active
01pRo000002YPzgIAG,ut_retrieveDataActivityLog,FSL,Active
01pRo000002YPzhIAG,ut_servicesListService,FSL,Active
01pRo000002dm8TIAQ,Data,ChargentBase,Active
01pRo000002dm8UIAQ,DataTest,ChargentBase,Active
01pRo000002dm8VIAQ,TChargentDynamicsData,ChargentBase,Active
01pRo000002dm8WIAQ,TChargentDynamicsFactory,ChargentBase,Active
01pRo000002dmRpIAI,Data,ChargentOrders,Active
01pRo000002dmRqIAI,DataTest,ChargentOrders,Active
01pRo000002dmRrIAI,DynamicData,ChargentOrders,Active
01pRo000002dmRsIAI,DynamicFactory,ChargentOrders,Active
01pRo0000032bhhIAA,FieldPermissionsBatchCloner,Profile2PermSet,Active
01pRo0000032bhiIAA,ObjectPermissionsBatchCloner,Profile2PermSet,Active
01pRo0000032bhjIAA,PermissionPicklistController,Profile2PermSet,Active
01pRo0000032bhkIAA,PermissionPicklistOption,Profile2PermSet,Active
01pRo0000032bhlIAA,PermissionsBatchCloner,Profile2PermSet,Active
01pRo0000032bhmIAA,PermissionsBatchCloner_Test,Profile2PermSet,Active
01pRo0000032bhnIAA,PermissionsHelper,Profile2PermSet,Active
01pRo0000032bhoIAA,PermissionsHelper_Test,Profile2PermSet,Active
01pRo0000032bhpIAA,SetupEntityAccessBatchCloner,Profile2PermSet,Active
01pRo0000032bhqIAA,TabSettingBatchCloner,Profile2PermSet,Active
01pRo0000032bhrIAA,UserDataTableController,Profile2PermSet,Active
01pRo0000032bhsIAA,UserDataTableFilterValues,Profile2PermSet,Active
01pRo0000032bhtIAA,constants,Profile2PermSet,Active
01pRo0000032bhuIAA,dmlManager,Profile2PermSet,Active
01pRo0000032bhvIAA,permAnalyzer,Profile2PermSet,Active
01pRo0000032bhwIAA,permAnalyzerTestData,Profile2PermSet,Active
01pRo0000032bhxIAA,permissionManager,Profile2PermSet,Active
01pRo0000032bhyIAA,permissionSetGroupsList,Profile2PermSet,Active
01pRo0000032bhzIAA,profileConverter,Profile2PermSet,Active
01pRo0000032bi0IAA,psgAgregatedPermissions,Profile2PermSet,Active
01pRo0000032bi1IAA,report,Profile2PermSet,Active
01pRo0000032bi2IAA,reportByPermissionDependency,Profile2PermSet,Active
01pRo0000032bi3IAA,reportByPermissionSet,Profile2PermSet,Active
01pRo0000032bi4IAA,reportByUser,Profile2PermSet,Active
01pRo0000032bi5IAA,responseData,Profile2PermSet,Active
01pRo0000032bi6IAA,strike_lookupController,Profile2PermSet,Active
01pRo0000032bi7IAA,strike_tst_lookupController,Profile2PermSet,Active
01pRo0000032bi8IAA,strike_utilities,Profile2PermSet,Active
01pRo0000032bi9IAA,tst_permAnalyzer,Profile2PermSet,Active
01pRo0000032biAIAQ,tst_permissionManager,Profile2PermSet,Active
01pRo0000032biBIAQ,tst_permissionSetGroups,Profile2PermSet,Active
01pRo0000032biCIAQ,tst_profileCoverter,Profile2PermSet,Active
01pRo0000032biDIAQ,tst_report,Profile2PermSet,Active
01pRo0000032biEIAQ,tst_reportByPermissionDependency,Profile2PermSet,Active
01pRo0000032biFIAQ,tst_reportByPermissionSet,Profile2PermSet,Active
01pRo0000032biGIAQ,tst_reportByUser,Profile2PermSet,Active
01pRo0000032biHIAQ,tst_userMode,Profile2PermSet,Active
01pRo0000032biIIAQ,userMode,Profile2PermSet,Active
01pRo0000032biJIAQ,utilities,Profile2PermSet,Active
01pRo0000034kiTIAQ,AppointmentInsightsResult,FSL,Active
01pRo0000034kiUIAQ,AppointmentInsightsResults,FSL,Active
01pRo0000034kiVIAQ,DispatcherCopilot,FSL,Active
01pRo0000034kiWIAQ,HttpRequestsCore,FSL,Active
01pRo0000034kiXIAQ,ut_DML_CustomExtension,FSL,Active
01pRo0000034kiYIAQ,ut_DispatcherCopilot,FSL,Active
01pRo0000034kiZIAQ,ut_HttpRequestsCore,FSL,Active
01pRo000003WM8XIAW,UpdateProductItemCosts,,Active
01pRo000003WM8YIAW,UpdateProductItemCostsTest,,Active
01pRo000004Ba99IAC,FillResourceGapCommonProcessor,FSL,Active
01pRo000004Ba9AIAS,FillResourceGapDataProcessor,FSL,Active
01pRo000004Ba9BIAS,FillResourceGapsManager,FSL,Active
01pRo000004Ba9CIAS,FillResourceGapsRequest,FSL,Active
01pRo000004Ba9DIAS,FillResourceGapsResponse,FSL,Active
01pRo000004Ba9EIAS,FillResourceGapsRestRequest,FSL,Active
01pRo000004Ba9FIAS,GanttAvailabilityBasedRequest,FSL,Active
01pRo000004Ba9GIAS,GapCandidates,FSL,Active
01pRo000004Ba9HIAS,O2FRGRequest,FSL,Active
01pRo000004Ba9IIAS,O2RequestRetryJobTimeOut,FSL,Active
01pRo000004Ba9JIAS,Objective_Minimize_Gaps,FSL,Active
01pRo000004Ba9KIAS,SFSPermissionSetsDefaults,FSL,Active
01pRo000004Ba9LIAS,SchedulingGaps,FSL,Active
01pRo000004Ba9MIAS,UpdatePermissionsRestRequest,FSL,Active
01pRo000004Ba9NIAS,dispatchConsole,FSL,Active
01pRo000004Ba9OIAS,dispatchConsoleAvailabilityService,FSL,Active
01pRo000004Ba9PIAS,dispatchConsoleSettings,FSL,Active
01pRo000004Ba9QIAS,dispatchConsoleTerritoriesTree,FSL,Active
01pRo000004Ba9RIAS,ut_FillResourceGapDataProcessor,FSL,Active
01pRo000004Ba9SIAS,ut_FillResourceGapsManager,FSL,Active
01pRo000004Ba9TIAS,ut_FillResourceGapsRestRequest,FSL,Active
01pRo000004Ba9UIAS,ut_O2FRGRequest,FSL,Active
01pRo000004Ba9VIAS,ut_O2RequestRetryJobTimeOutTest,FSL,Active
01pRo000004Ba9WIAS,ut_Objective_Minimize_Gaps,FSL,Active
01pRo000004Ba9XIAS,ut_SFSPermissionSetsDefaults,FSL,Active
01pRo000004Ba9YIAS,ut_dispatchConsole,FSL,Active
01pRo000004Ba9ZIAS,ut_dispatchConsoleAvailabilityService,FSL,Active
01pRo000004Ba9aIAC,ut_dispatchConsoleSettings,FSL,Active
01pRo000004Ba9bIAC,ut_dispatchConsoleTerritoriesTree,FSL,Active
01pRo000004mMK5IAM,WorkOrderProgressNotesController,,Active
01pRo000004mMK6IAM,WorkOrderProgressNotesControllerTest,,Active
01pRo000004sYvGIAU,EmailPostRepairEvalPDF,,Active
01pRo0000053rJRIAY,FlexQCReportController2,,Active
01pRo0000053rJSIAY,FlexQCReportController2_Test,,Active
01pRo0000053rJTIAY,ProductTestImageUploadController,,Active
01pRo0000053rJUIAY,ProductTestImageUploadController_Test,,Active
01pRo0000053rJVIAY,QCRigidCertificatePDFGenerator,,Active
01pRo0000053rJWIAY,QCRigidCertificatePDFGenerator_Test,,Active
01pRo0000053rJXIAY,SaveFlexQCPDFController,,Active
01pRo0000053rJYIAY,SaveFlexQCPDFController_Test,,Active
01pRo0000053rJZIAY,SaveRepairEvalPDFController,,Active
01pRo0000053rJaIAI,SaveRepairEvalPDFController_Test,,Active
01pRo0000053rJbIAI,WorkRequestController,,Active
01pRo0000053rJcIAI,WorkRequestController_Test,,Active
01pRo000005DwJRIA0,RigidQCReportController,,Active
01pRo000005DwJSIA0,RigidQCReportControllerTest,,Active
01pRo000005DwJTIA0,RigidRepairEvalController_Test,,Active
01pRo000005DwJUIA0,RigidWorkRequestController,,Active
01pRo000005DwJVIA0,SaveRigidQCPDFController,,Active
01pRo000005DwJWIA0,SaveRigidQCPDFController_Test,,Active
01pRo000005DwJXIA0,SaveRigidRepairEvalController_Test,,Active
01pRo000005DwJYIA0,SaveRigidRepairEvalPDFController,,Active
01pRo000005L3cjIAC,AssignPermissionSet,,Active
01pRo000005L3ckIAC,AssignPermissionSetTest,,Active
01pRo000005L3clIAC,P_AccountTriggerHandler,,Active
01pRo000005L3cmIAC,P_AccountTriggerHandlerTest,,Active
01pRo000005L3cnIAC,P_PurchasingReturnTriggerHandler,,Active
01pRo000005L3coIAC,P_PurchasingReturnTriggerHandlerTest,,Active
01pRo000005Y2AzIAK,CreateListMembership,pi,Active
01pRo000005Y2B0IAK,CreateListMembershipTest,pi,Active
01pRo000005Y2B1IAK,GetEngagementStudioPrograms,pi,Active
01pRo000005Y2B2IAK,GetEngagementStudioProgramsTest,pi,Active
01pRo000005Y2B3IAK,GetListMembership,pi,Active
01pRo000005Y2B4IAK,GetListMembershipTest,pi,Active
01pRo000005Y2B5IAK,GetLists,pi,Active
01pRo000005Y2B6IAK,GetListsTest,pi,Active
01pRo000005Y2B7IAK,MCAEApiHelper,pi,Active
01pRo000005Y2B8IAK,MCAEApiHelperTest,pi,Active
01pRo000005Y2B9IAK,UpsertB2BProspect,pi,Active
01pRo000005Y2BAIA0,UpsertB2BProspectTest,pi,Active
01pRo000005Y2BBIA0,ViewB2BProspect,pi,Active
01pRo000005Y2BCIA0,ViewB2BProspectTest,pi,Active
01pRo000005ZBddIAG,DBRulesFilterForFillGaps,FSL,Active
01pRo000005ZBdeIAG,DBRulesFilteringForRSO,FSL,Active
01pRo000005ZBdfIAG,DBRulesRSOFilterHelper,FSL,Active
01pRo000005ZBdgIAG,DBRulesServicesFilterForResourceBased,FSL,Active
01pRo000005ZBdhIAG,DBRulesUtils,FSL,Active
01pRo000005ZBdiIAG,ESOProductionHealthMetricDetails,FSL,Active
01pRo000005ZBdjIAG,ESOProductionHealthUtils,FSL,Active
01pRo000005ZBdkIAG,IsServiceStartTodayDecision,FSL,Active
01pRo000005ZBdlIAG,TerritoryBasedReadOnlyRestRequest,FSL,Active
01pRo000005ZBdmIAG,dispatchConsoleActions,FSL,Active
01pRo000005ZBdnIAG,ut_ESOProductionHealthUtils,FSL,Active
01pRo000005ZBdoIAG,ut_TerritoryBasedReadOnlyRestRequest,FSL,Active
01pRo000005ZBdpIAG,ut_dispatchConsoleActions,FSL,Active
01pRo000005q5DdIAI,Authorize,ChargentBase,Active
01pRo000005q5DeIAI,BrowserInformation,ChargentBase,Active
01pRo000005q5DfIAI,Charge,ChargentBase,Active
01pRo000005q5DgIAI,GatewayService,ChargentBase,Active
01pRo000005q5DhIAI,GatewaySettingsService,ChargentBase,Active
01pRo000005q5DiIAI,GatewaySettingsServiceTest,ChargentBase,Active
01pRo000005q5DjIAI,IPDeclinePostProcessor,ChargentBase,Active
01pRo000005q5DkIAI,IPPostProcessor,ChargentBase,Active
01pRo000005q5DlIAI,IPPostProcessorTest,ChargentBase,Active
01pRo000005q5DmIAI,IPPreProcessor,ChargentBase,Active
01pRo000005q5DnIAI,IPPreProcessorTest,ChargentBase,Active
01pRo000005q5DoIAI,IPProcessor,ChargentBase,Active
01pRo000005q5DpIAI,IPProcessorTest,ChargentBase,Active
01pRo000005q5DqIAI,IPRefundPostProcessor,ChargentBase,Active
01pRo000005q5DrIAI,IPRefundPreProcessor,ChargentBase,Active
01pRo000005q5DsIAI,Operation,ChargentBase,Active
01pRo000005q5DtIAI,OperationContext,ChargentBase,Active
01pRo000005q5DuIAI,OperationStaticHelper,ChargentBase,Active
01pRo000005q5DvIAI,OperationTest,ChargentBase,Active
01pRo000005q5DwIAI,Processor,ChargentBase,Active
01pRo000005q5DxIAI,ProcessorTest,ChargentBase,Active
01pRo000005q5DyIAI,Refund,ChargentBase,Active
01pRo000005q5DzIAI,RegisterToken,ChargentBase,Active
01pRo000005q5E0IAI,SurchargeConfigurationService,ChargentBase,Active
01pRo000005q5E1IAI,SurchargeConfigurationServiceTest,ChargentBase,Active
01pRo000005q5E2IAI,SurchargeConfigurationSetupController,ChargentBase,Active
01pRo000005q5E3IAI,SurchargeConfigurationSetupControllerTst,ChargentBase,Active
01pRo000005q5E4IAI,UpdateTransactionStatus,ChargentBase,Active
01pRo000005q5E5IAI,VoidOperation,ChargentBase,Active
01pRo000005q5OvIAI,DateService,ChargentOrders,Active
01pRo000005q5OwIAI,TChargentBatchProcessing_Scheduler_Tests,ChargentOrders,Active
01pRo000005q5jtIAA,BaseService,ChargentAnyObj,Active
01pRo000005q5juIAA,ChargentSecurity_Tests,ChargentAnyObj,Active
01pRo0000068iy5IAA,FSL_RESTController_GoogleApis_Directions,sf_fieldservice,Active
01pRo0000068iy6IAA,FSL_RESTController_GoogleApis_Geo,sf_fieldservice,Active
01pRo0000068iy7IAA,FSL_RESTController_GoogleApis_Requestor,sf_fieldservice,Active
01pRo0000068iy8IAA,FSL_RESTController_GoogleApis_Tests,sf_fieldservice,Active
01pRo0000068iy9IAA,PendingUploadErrorFixAndroid,sf_fieldservice,Active
01pRo00000695ppIAA,InvoiceLineItems,,Active
01pRo000006HNSzIAO,FollowRecordAction,,Active
01pRo000006HNT0IAO,FollowRecordActionTest,,Active
01pRo000006KLo1IAG,ProboFSRController,,Active
01pRo000006KLo2IAG,ProboFSRControllerTest,,Active
01pRo000006NizNIAS,AddIRProductServices,,Active
01pRo000006NizOIAS,AddIRProductServicesTest,,Active
01pRo000006ce4DIAQ,ViewBarcodeExtension,,Active
01pRo000006ce4EIAQ,ViewBarcodeExtensionTest,,Active
01pRo000006kXFFIA2,LeadConversionController,,Active
01pRo000006kXFGIA2,LeadConversionController_NoAssert_Test,,Active
01pRo000006xRyPIAU,DC2CoreAPIs,FSL,Active
01pRo000006xRyQIAU,UpdatePermissionsRequest,FSL,Active
01pRo000006xRyRIAU,ut_DC2CoreAPIs,FSL,Active
01pRo000007Zsr7IAC,Authorize_Test,ChargentBase,Active
01pRo000007Zsr8IAC,Charge_Test,ChargentBase,Active
01pRo000007Zsr9IAC,ChargentCache,ChargentBase,Active
01pRo000007ZsrAIAS,ChargentCache_Test,ChargentBase,Active
01pRo000007ZsrBIAS,CybersourceResourceTest,ChargentBase,Active
01pRo000007ZsrCIAS,IPFeeRefundPostProcessor,ChargentBase,Active
01pRo000007ZsrDIAS,PayPalClient,ChargentBase,Active
01pRo000007ZsrEIAS,PayPalClient_Tests,ChargentBase,Active
01pRo000007ZsrFIAS,PayPalResource,ChargentBase,Active
01pRo000007ZsrGIAS,PayPalResource_Tests,ChargentBase,Active
01pRo000007ZsrHIAS,PaymentData,ChargentBase,Active
01pRo000007zUI5IAM,BatchCloneThisUser,ctu,Active
01pRo000007zUI6IAM,BatchCloneThisUserTest,ctu,Active
01pRo000007zUI7IAM,BatchGetFoldersShare,ctu,Active
01pRo000007zUI8IAM,BatchShareFolders,ctu,Active
01pRo000007zUI9IAM,CalloutMock,ctu,Active
01pRo000007zUIAIA2,CloneThisUser,ctu,Active
01pRo000007zUIBIA2,CloneThisUserList,ctu,Active
01pRo000007zUICIA2,CloneThisUserSettings,ctu,Active
01pRo000007zUIDIA2,CloneThisUserSettingsTest,ctu,Active
01pRo000007zUIEIA2,CloneThisUserSuccess,ctu,Active
01pRo000007zUIFIA2,CloneThisUserTest,ctu,Active
01pRo000007zUIGIA2,CloneThisUserUtils,ctu,Active
01pRo000007zUIHIA2,CloneThisUserV3Controller,ctu,Active
01pRo000007zUIIIA2,CloneThisUserV3ControllerTest,ctu,Active
01pRo000007zUIJIA2,CustomInstallationHandler,ctu,Active
01pRo000007zUIKIA2,CustomInstallationHandlerTest,ctu,Active
01pRo000007zUILIA2,ScheduleSharings,ctu,Active
01pRo000007zUIMIA2,ScheduleSharingsTest,ctu,Active
01pRo000007zUINIA2,SendSingleEmail,ctu,Active
01pRo000008UyQLIA0,FslTechnicianOnlineController,,Active
01pRo000008UyQMIA0,FslTechnicianOnlineController_Test,,Active
01pRo000008km3RIAQ,SaveWorkRequestPDFController,,Active
01pRo000008km3SIAQ,SaveWorkRequestPDFController_Test,,Active
01pRo000008pBknIAE,ContentDocumentLinkToWorkOrderSync,,Active
01pRo000008pBkoIAE,ContentDocumentLinkToWorkOrderSync_Test,,Active
01pRo0000091NgXIAU,SaveCreditMemoPdfFileAction,,Active
01pRo0000091NgYIAU,SaveCreditMemoPdfFileActionTest,,Active
01pRo000009Mno5IAC,SendInvoicePDF_Test,,Active
01pRo000009jRtKIAU,WorkOrderLineItemRollupHandler,,Active
01pRo000009jRtLIAU,WorkOrderLineItemRollupHandler_Test,,Active
01pRo000009y4tBIAQ,BatchableConvertLabels,zkmulti,Active
01pRo000009y4tCIAQ,BatchableShipmentCreateBulkify,zkmulti,Active
01pRo000009y4tDIAQ,DemoGeneratorFiles,zkmulti,Active
01pRo000009y4tEIAQ,ISVUtils,zkmulti,Active
01pRo000009y4tFIAQ,InvocableConvertLabels,zkmulti,Active
01pRo000009y4tGIAQ,InvocableShipmentCreateSync,zkmulti,Active
01pRo000009y4tHIAQ,InvocableSubscribeTracking,zkmulti,Active
01pRo000009y4tIIAQ,MigrationCAS,zkmulti,Active
01pRo000009y4tJIAQ,MigrationService,zkmulti,Active
01pRo000009y4tKIAQ,MigrationUPS,zkmulti,Active
01pRo000009y4tLIAQ,PackingProductsService,zkmulti,Active
01pRo000009y4tMIAQ,QueueableInvocableShipmentCreateBulk,zkmulti,Active
01pRo000009y4tNIAQ,RemoveOldLabelsBatch,zkmulti,Active
01pRo000009y4tOIAQ,ShipmentBulkifyService,zkmulti,Active
01pRo000009y4tPIAQ,TrackBulkifyShipmentAllEndicia,zkmulti,Active
01pRo000009y4tQIAQ,TrackBulkifyShipmentAllFedEx,zkmulti,Active
01pRo000009y4tRIAQ,WebServiceEndiciaApi,zkmulti,Active
01pRo000009y4tSIAQ,WebServiceEndiciaApiRates,zkmulti,Active
01pRo000009y4tTIAQ,WebServiceEndiciaApiShip,zkmulti,Active
01pRo000009y4tUIAQ,WebServiceFedexV2,zkmulti,Active
01pRo000009y4tVIAQ,WebServiceFedexV2GetRateCore,zkmulti,Active
01pRo000009y4tWIAQ,WebServiceFedexV2PickupAvailableCore,zkmulti,Active
01pRo000009y4tXIAQ,WebServiceFedexV2ProcessShipmentCore,zkmulti,Active
01pRo000009y4tYIAQ,ZkApiUtilsWrapper,zkmulti,Active
01pRo00000A0v29IAB,BusinessHoursDiffService,,Active
01pRo00000A0v2AIAR,BusinessHoursDiffServiceTest,,Active
01pRo00000AUiHBIA1,GlobalSettingsService,FSL,Active
01pRo00000AUiHCIA1,SlotMetric,FSL,Active
01pRo00000AUiHDIA1,ut_GlobalSettingsService,FSL,Active
01pRo00000Ac1IHIAZ,WorkOrderOpportunityProductSync,,Active
01pRo00000Ac1IIIAZ,WorkOrderOpportunityProductSync_Test,,Active
01pRo00000AdmYTIAZ,RecentlyDeletedWoliLookupInvocable,,Active
01pRo00000AdmYUIAZ,RecentlyDeletedWoliLookupInvocable_Test,,Active
01pRo00000AniTZIAZ,AggregationActiveGateways,ChargentBase,Active
01pRo00000AniTaIAJ,AggregationActiveGateways_Test,ChargentBase,Active
01pRo00000AniTbIAJ,CsrfTokenManager,ChargentBase,Active
01pRo00000AniTcIAJ,CsrfTokenManagerTest,ChargentBase,Active
01pRo00000AniTdIAJ,GatewayCredentialsHandlerTest,ChargentBase,Active
01pRo00000AniTeIAJ,GatewayRequestValidator_Test,ChargentBase,Active
01pRo00000AniTfIAJ,PMServiceHelper_Test,ChargentBase,Active
01pRo00000AniTgIAJ,Refund_Test,ChargentBase,Active
01pRo00000AniThIAJ,RegisterToken_Test,ChargentBase,Active
01pRo00000AniTiIAJ,VoidOperation_Test,ChargentBase,Active
01pRo00000BFmcHIAT,FlowJsonToRecords,,Active
01pRo00000BFmcIIAT,FlowJsonToRecordsTest,,Active
01pRo00000BFmcJIAT,FlowRecordsToJson,,Active
01pRo00000BFmcKIAT,FlowRecordsToJsonTest,,Active
01pRo00000BLBQLIA5,MassBarcodeController,,Active
01pRo00000BLBQMIA5,MassBarcodeControllerTest,,Active
01pRo00000CjFTsIAN,CustomShippingFormDetailsSACtrl,,Active
01pRo00000CjFTtIAN,CustomShippingFormDetailsSACtrlTest,,Active
01pRo00000Cukm1IAB,BatchClassToDeletePardotFiles,DownloadFiles,Active
01pRo00000Cukm2IAB,MassFileDownloadPardotController,DownloadFiles,Active
01pRo00000Cukm3IAB,MassFileDownloadPardotControllerTest,DownloadFiles,Active
01pRo00000Cukm4IAB,PardotServiceClass,DownloadFiles,Active
01pRo00000DUzrNIAT,AsyncApexJobsSelectorTest,dlrs,Active
01pRo00000DUzrOIAT,CronTriggersSelector,dlrs,Active
01pRo00000DUzrPIAT,LookupRollupStatusCheckController,dlrs,Active
01pRo00000DUzrQIAT,LookupRollupStatusCheckControllerTest,dlrs,Active
01pRo00000DUzrRIAT,MLRSControllerTest,dlrs,Active
01pRo00000DUzrSIAT,ManageLookupRollupSummariesNewController,dlrs,Active
01pRo00000DUzrTIAT,ManageLookupRollupSummariesNewTest,dlrs,Active
01pRo00000DUzrUIAT,MessageService,dlrs,Active
01pRo00000DUzrVIAT,MetadataServiceCalloutMock,dlrs,Active
01pRo00000DUzrWIAT,ObjectSelectorController,dlrs,Active
01pRo00000DUzrXIAT,ObjectSelectorControllerTest,dlrs,Active
01pRo00000DUzrYIAT,OptimizerComponentControllerTest,dlrs,Active
01pRo00000DUzrZIAT,RollupCalculateJobSchedulableTest,dlrs,Active
01pRo00000DUzraIAD,RollupCalculateJobTest,dlrs,Active
01pRo00000DUzrbIAD,RollupDmlGuard,dlrs,Active
01pRo00000DUzrcIAD,RollupDmlGuardTest,dlrs,Active
01pRo00000DUzrdIAD,RollupEditorController,dlrs,Active
01pRo00000DUzreIAD,RollupEditorControllerTest,dlrs,Active
01pRo00000DUzrfIAD,RollupServiceMergeTest,dlrs,Active
01pRo00000DUzrgIAD,RollupSummariesSelectorTest,dlrs,Active
01pRo00000DUzrhIAD,RollupSummariesTriggerTest,dlrs,Active
01pRo00000DUzriIAD,RollupSummaryTest,dlrs,Active
01pRo00000DUzrjIAD,RollupSummaryViewController,dlrs,Active
01pRo00000DUzrkIAD,RollupSummaryViewControllerTest,dlrs,Active
01pRo00000DUzrlIAD,SchedulerController,dlrs,Active
01pRo00000DUzrmIAD,SchedulerControllerTest,dlrs,Active
01pRo00000DUzrnIAD,UtilitiesTest,dlrs,Active
01pRo00000DdAODIA3,FieldServiceReportController,,Active
01pRo00000DdAOEIA3,FieldServiceReportControllerTest,,Active
01pRo00000DsL81IAF,O2TravelSchedulable,FSL,Active
01pRo00000DsL82IAF,Objective_Group_Nearby_Appointments,FSL,Active
01pRo00000DsL83IAF,RuleMaximum_Contracted_Work,FSL,Active
01pRo00000DsL84IAF,ut_RuleMaximum_Contracted_Work,FSL,Active
01pRo00000DyjnZIAR,AppConfigGetSectionIdModel,AVA_MAPPER,Active
01pRo00000DyjnaIAB,AppConfigModel,AVA_MAPPER,Active
01pRo00000DyjnbIAB,ApplicationModel,AVA_MAPPER,Active
01pRo00000DyjncIAB,Batch_TaxCalculation,AVA_MAPPER,Active
01pRo00000DyjndIAB,HSClassificationTests,AVA_MAPPER,Active
01pRo00000DyjneIAB,HSClassifyBatch,AVA_MAPPER,Active
01pRo00000DyjnfIAB,HSClassifySync,AVA_MAPPER,Active
01pRo00000DyjngIAB,HSCodePredictItem,AVA_MAPPER,Active
01pRo00000DyjnhIAB,HSCodePredictItemResponse,AVA_MAPPER,Active
01pRo00000DyjniIAB,HSCodePredictResponse,AVA_MAPPER,Active
01pRo00000DyjnjIAB,HSHelper,AVA_MAPPER,Active
01pRo00000DyjnkIAB,ICustomLineItemQueryOverride,AVA_MAPPER,Active
01pRo00000DyjnlIAB,StatusCodeWrapper,AVA_MAPPER,Active
01pRo00000DyjnmIAB,TaxCalculationBatchPreProcessor,AVA_MAPPER,Active
01pRo00000DyjnnIAB,TaxCalculationPreProcessor_Test,AVA_MAPPER,Active
01pRo00000DykEzIAJ,AppPostConfigSectionModel,AVA_SFCLOUD,Active
01pRo00000DykF0IAJ,AutoSyncTest,AVA_SFCLOUD,Active
01pRo00000DykF1IAJ,AvaTaxConfigUtilitiesHelperTest,AVA_SFCLOUD,Active
01pRo00000DykF2IAJ,AvaTaxCrossBorderParameterHelperTest,AVA_SFCLOUD,Active
01pRo00000DykF3IAJ,AvaTaxCryptoUtilityTest,AVA_SFCLOUD,Active
01pRo00000DykF4IAJ,AvaTaxSaveMultiCustomerControllerTest,AVA_SFCLOUD,Active
01pRo00000DykF5IAJ,AvalaraAutoConfigSectionSyncScheduler,AVA_SFCLOUD,Active
01pRo00000DykF6IAJ,CertificateModelWrapper,AVA_SFCLOUD,Active
01pRo00000DykF7IAJ,ChatbotClientHelper,AVA_SFCLOUD,Active
01pRo00000DykF8IAJ,ChatbotController,AVA_SFCLOUD,Active
01pRo00000DykF9IAJ,ChatbotTest,AVA_SFCLOUD,Active
01pRo00000DykFAIAZ,ExemptionReasonModelWrapper,AVA_SFCLOUD,Active
01pRo00000DykFBIAZ,ExposureZoneModelWrapper,AVA_SFCLOUD,Active
01pRo00000DykFCIAZ,GetCrossBorderSummaryMessageTest,AVA_SFCLOUD,Active
01pRo00000DykFDIAZ,HSClassifyController,AVA_SFCLOUD,Active
01pRo00000DykFEIAZ,HSClassifyScheduler,AVA_SFCLOUD,Active
01pRo00000DykFFIAZ,HSClassifyTest,AVA_SFCLOUD,Active
01pRo00000DykFGIAZ,RetrieveCertificates,AVA_SFCLOUD,Active
01pRo00000DykFHIAZ,RetrieveCertificatesTest,AVA_SFCLOUD,Active
01pRo00000E08tZIAR,ServiceSignatureController,,Active
01pRo00000E08taIAB,ServiceSignatureControllerTest,,Active
01pRo00000E09KzIAJ,ServiceReportHtml,,Active
01pRo00000E09L0IAJ,ServiceReportHtmlTest,,Active
01pRo00000EF7FdIAL,P_ProductAnalyticsTriggerTest,,Active
01pRo00000EJSOjIAP,BypassTriggerAction,,Active
01pRo00000EJSOkIAP,BypassTriggerActionTest,,Active
01pRo00000Effn7IAB,AggregationCalloutMetrics,ChargentBase,Active
01pRo00000Effn8IAB,AggregationCalloutMetrics_Test,ChargentBase,Active
01pRo00000Effn9IAB,AggregationPaymentMethodType,ChargentBase,Active
01pRo00000EffnAIAR,AggregationPaymentMethodType_Test,ChargentBase,Active
01pRo00000EffnBIAR,AggregationVolume,ChargentBase,Active
01pRo00000EffnCIAR,AggregationVolume_Test,ChargentBase,Active
01pRo00000EffnDIAR,StandardUserFactory,ChargentBase,Active
01pRo00000EffnEIAR,StripeClient,ChargentBase,Active
01pRo00000EffnFIAR,StripeClient_Test,ChargentBase,Active
01pRo00000EffnGIAR,StripeOAuthCallbackController,ChargentBase,Active
01pRo00000EffnHIAR,StripeOAuthHandler,ChargentBase,Active
01pRo00000EffnIIAR,StripeOAuthHandler_Test,ChargentBase,Active
01pRo00000EffnJIAR,StripeResource,ChargentBase,Active
01pRo00000EffnKIAR,StripeResource_Test,ChargentBase,Active
01pRo00000EffnLIAR,StripeWebhookHandler,ChargentBase,Active
01pRo00000EffnMIAR,StripeWebhookHandler_Test,ChargentBase,Active
01pRo00000EffnNIAR,TestDataUtils,ChargentBase,Active
01pRo00000EffvBIAR,CardStatusIndicatorController,ChargentOrders,Active
01pRo00000EffvCIAR,CardStatusIndicatorControllerTest,ChargentOrders,Active
01pRo00000EffvDIAR,ParallelRecurringBatch,ChargentOrders,Active
01pRo00000EffvEIAR,ParallelRecurringBatch_Scheduler_Tests,ChargentOrders,Active
01pRo00000EffvFIAR,ParallelRecurringBatch_Test,ChargentOrders,Active
01pU0000000nD05IAE,SiteLoginController,,Active
01pU0000000nD06IAE,SiteLoginControllerTest,,Active
01pU0000000nD07IAE,SiteRegisterController,,Active
01pU0000000nD08IAE,SiteRegisterControllerTest,,Active
01pU0000000nD09IAE,ChangePasswordController,,Active
01pU0000000nD0AIAU,ChangePasswordControllerTest,,Active
01pU0000000nD0BIAU,ForgotPasswordController,,Active
01pU0000000nD0CIAU,ForgotPasswordControllerTest,,Active
01pU0000000nD0DIAU,MyProfilePageController,,Active
01pU0000000nD0EIAU,MyProfilePageControllerTest,,Active
01pU0000000nKwZIAU,SchedulableEmailSendOnTaskDueDate,,Active
01pU0000000nKwaIAE,SchedulableEmailSendOnTaskDueDateTest,,Active
01pU0000000nujkIAA,AddProductTestClass,,Active
01pU0000000nujlIAA,GenarateBarcode,,Active
01pU0000000nujmIAA,GenarateBarcode2,,Active
01pU0000000nujoIAA,GenarateBarcodeTestClass,,Active
01pU0000000nujpIAA,GenarateQRcode,,Active
01pU0000000nujsIAA,addproduct,,Active
01pU0000000nyqZIAQ,PopulateAddressTest,,Active
01pU0000000o5FBIAY,RingCentralController,RingCentral,Active
01pU0000000o5FCIAY,RingCentralControllerTest,RingCentral,Active
01pU0000000oCIfIAM,ProductTest,,Active
01pU0000000oCIgIAM,ProductTestTestClass,,Active
01pU0000000oCIzIAM,UpdateProductFieldBatch,,Active
01pU0000000oDXnIAM,OpportunityStageControler,,Active
01pU0000000oDXoIAM,OpportunityStageControlerTestClass,,Active
01pU00000013t8cIAA,MassUpdateSimpleController,,Active
01pU00000013t8dIAA,MassUpdateSimpleControllerTest,,Active
01pU00000013t8eIAA,MassUpdater,,Active
01pU00000014N2TIAU,updateProductRepairTriggerTestClass,,Active
01pU00000014ThBIAU,TestpreventDeleteClosedOwn,,Active
01pU0000001UR9QIAW,RmaUpdate_TestClass,,Active
01pU0000001UfBlIAK,updateRMA_test,,Active
01pU0000001VEPaIAO,NoWorkingDays,,Active
01pU0000001VEPbIAO,NoWorkingDays_TestClass,,Active
01pU00000026cTGIAY,MoveLocation,,Active
01pU00000026cTHIAY,MoveLocationTestClass,,Active
01pU00000026cTIIAY,MoveLocationUpdateTest,,Active
01pU00000026cTJIAY,RMAList,,Active
01pU00000026cTKIAY,RMAListTest,,Active
01pU00000026cTLIAY,ReviewStatus,,Active
01pU00000026cTMIAY,ReviewStatusTestClass,,Active
01pU00000026cTOIAY,UpdateProductFieldMonthlyBatch,,Active
01pU00000026cTPIAY,UpdateProductFieldMonthlyBatchTestClass,,Active
01pU00000026iQxIAI,UpdateOpportunityTest,,Active
