"C1","C2","C3","C4","C5","C6","C7","C8","C9","C10","C11","C12","C13","C14","C15","C16","C17","C18","C19","C20","C21","C22","C23","C24","C25","C26","C27","C28","C29","C30","C31","C32"
"0PS4O000000vMZBWA2","Super_User","""Super User""","Gives ""modify all data"" checkbox to users. Also specifically allows to change reserved and sold checkbox on asset page; as well as change picklist value sets.","false","","","true","Regular","","false","","","","","","36","Modify All Data; Modify Metadata; View All Data","Assign Topics; Connect Org To Environment Hub; Convert Leads; Create Customize Dashboards; Create Customize Filters; Create Customize Reports; Create Dashboard Folders; Create Report Folders; Create Topics; Delete Topics; Edit Event; Edit My Dashboards; Edit My Reports; Edit Public Documents; Edit Public Filters; Edit Public Templates; Edit Task; Edit Topics; Import Leads; Manage Categories; Manage Dashbds In Pub Folders; Manage Networks; Manage Reports In Pub Folders; Modify All Data; Modify Metadata; Run Reports; Solution Import; Transfer Any Entity; Transfer Any Lead; Use Team Reassign Wizards; View All Data; View Event Log Files; View Public Dashboards; View Public Reports; View Roles; View Setup","516","516","516","503","503","500","500","73","0","1","2021-04-12 16:00:37 UTC","2025-05-30 21:01:41 UTC","https://probomedical.my.salesforce.com/0PS4O000000vMZBWA2"
"0PS0B0000009LQnWAM","X00e0B000000FNbZQAW","00e0B000000FNbZQAW","","true","00e0B000000FNbZQAW","CustomerForm Profile","true","Profile","","false","","","","","","11","","Activities Access; Allow Universal Search; Apex Rest Services; Api Enabled; Email Administration; Email Template Management; Enable Notifications; Password Never Expires; Select Files From Salesforce; Show Company Name As User Badge; Use Web Link","24","24","12","0","0","0","0","1953","94","63","2016-10-21 11:25:30 UTC","2026-06-30 03:31:13 UTC","https://probomedical.my.salesforce.com/0PS0B0000009LQnWAM"
"0PS0B000000b4UMWAY","X00e0B000000ZybXQAS","00e0B000000ZybXQAS","","true","00e0B000000ZybXQAS","Purchasing Manager","true","Profile","","false","","","","","","70","Manage Internal Users; Manage Sharing","Activities Access; Allow Universal Search; Allow View Edit Converted Leads; Allow View Knowledge; Apex Rest Services; Api Enabled; Assign Topics; Can Use New Dashboard Builder; Chatter File Link; Chatter Internal User; Chatter Invite External Users; Chatter Own Groups; Connect Org To Environment Hub; Convert Leads; Create Customize Dashboards; Create Customize Filters; Create Customize Reports; Create Dashboard Folders; Create Report Folders; Create Topics; Delete Topics; Distribute From Pers Wksp; Edit Event; Edit Html Templates; Edit My Dashboards; Edit My Reports; Edit Opp Line Item Unit Price; Edit Task; Edit Topics; Email Administration; Email Mass; Email Single; Email Template Management; Enable Notifications; Export Report; Flow UFL Required; Import Custom Objects; Import Leads; Lightning Console Allowed For User; List Email Send; Manage Css Users; Manage Dashbds In Pub Folders; Manage Internal Users; Manage Leads; Manage Pvt Rpts And Dashbds; Manage Reports In Pub Folders; Manage Sharing; Merge Topics; New Report Builder; Run Flow; Run Reports; Schedule Job; Schedule Reports; Select Files From Salesforce; Send Sit Requests; Share Files With Networks; Show Company Name As User Badge; Subscribe To Lightning Reports; Transactional Email Send; Transfer Any Entity; Transfer Any Lead; Use Team Reassign Wizards; Use Web Link; View All Users; View Event Log Files; View Help Link; View My Teams Dashboards; View Public Dashboards; View Public Reports; View Roles","100","100","60","60","47","54","11","6462","1207","206","2017-06-09 15:15:27 UTC","2026-08-12 10:06:52 UTC","https://probomedical.my.salesforce.com/0PS0B000000b4UMWAY"
"0PS0B000000b4c1WAA","X00e0B000000ZygIQAS","00e0B000000ZygIQAS","","true","00e0B000000ZygIQAS","Approval Form Profile","true","Profile","","false","","","","","","11","","Activities Access; Allow Universal Search; Content Workspaces; Email Administration; Email Template Management; Enable Community App Launcher; Enable Notifications; Password Never Expires; Select Files From Salesforce; Show Company Name As User Badge; Use Web Link","7","7","4","0","0","0","0","2382","17","63","2017-06-27 17:18:22 UTC","2026-06-30 03:31:13 UTC","https://probomedical.my.salesforce.com/0PS0B000000b4c1WAA"
"0PS0B000000b4c6WAA","X00e0B000000ZygNQAS","00e0B000000ZygNQAS","","true","00e0B000000ZygNQAS","Approval Attachment Profile","true","Profile","","false","","","","","","11","","Activities Access; Allow Universal Search; Content Workspaces; Email Administration; Email Template Management; Enable Community App Launcher; Enable Notifications; Password Never Expires; Select Files From Salesforce; Show Company Name As User Badge; Use Web Link","4","4","0","0","0","0","0","1404","16","63","2017-06-27 17:19:07 UTC","2026-06-30 03:31:13 UTC","https://probomedical.my.salesforce.com/0PS0B000000b4c6WAA"
"0PS0B000000b4dTWAQ","X00e0B000000ZyhBQAS","00e0B000000ZyhBQAS","","true","00e0B000000ZyhBQAS","Customer Community Plus User","false","Profile","","false","","","","","","26","","Access Orchestration Objects; Activities Access; Add Direct Message Members; Allow Universal Search; Apex Rest Services; Api Enabled; Assign Topics; Chatter Own Groups; Content Workspaces; Create Topics; Edit Task; Edit Topics; Email Administration; Email Template Management; Enable Community App Launcher; Enable Notifications; Field Service Access; Remove Direct Message Members; Run Flow; Run Global Optimization; Run In Day Optimization; Select Files From Salesforce; Set Advanced Optimization Filters; Share Files With Networks; Show Company Name As User Badge; Use Web Link","38","38","30","30","5","0","0","3421","870","145","2017-07-03 04:01:18 UTC","2026-08-12 10:06:52 UTC","https://probomedical.my.salesforce.com/0PS0B000000b4dTWAQ"
"0PS0B000000b4dnWAA","X00e0B000000ZyhQQAS","00e0B000000ZyhQQAS","","true","00e0B000000ZyhQQAS","QC Manager","true","Profile","","false","","","","","","53","","Activities Access; Allow Universal Search; Allow View Knowledge; Apex Rest Services; Api Enabled; Can Insert Feed System Fields; Can Use New Dashboard Builder; Chatter Edit Own Post; Chatter Edit Own Record Post; Chatter File Link; Chatter Internal User; Chatter Invite External Users; Chatter Own Groups; Create Customize Dashboards; Create Customize Filters; Create Customize Reports; Create Dashboard Folders; Create Report Folders; Edit Knowledge; Edit My Dashboards; Edit My Reports; Email Administration; Email Template Management; Export Report; Flow UFL Required; Lightning Console Allowed For User; Lightning Experience User; Manage Css Users; Manage Knowledge; Manage Knowledge Import Export; Manage Networks; Manage Partners; Manage Search Promotion Rules; Manage Unlisted Groups; Moderate Chatter; New Report Builder; Run Flow; Run Reports; Schedule Job; Send External Email Available; Share Files With Networks; Share Internal Articles; Show Company Name As User Badge; Subscribe Dashboard Roles Grps; Subscribe Dashboard To Other Users; Subscribe To Lightning Dashboards; Use Web Link; View Event Log Files; View Help Link; View My Teams Dashboards; View Public Dashboards; View Public Reports; View Roles","108","108","79","80","47","65","10","6778","1316","207","2017-07-05 18:38:57 UTC","2026-08-12 10:06:52 UTC","https://probomedical.my.salesforce.com/0PS0B000000b4dnWAA"
"0PS0B000000b4fFWAQ","X00e0B000000ZyiTQAS","00e0B000000ZyiTQAS","","true","00e0B000000ZyiTQAS","Conquest Profile","true","Profile","","false","","","","","","6","","Activities Access; Allow Universal Search; Email Administration; Email Template Management; Enable Notifications; Use Web Link","0","0","0","0","0","0","0","758","23","63","2017-07-11 16:38:50 UTC","2026-06-30 03:31:13 UTC","https://probomedical.my.salesforce.com/0PS0B000000b4fFWAQ"
"0PS0B000000b4wuWAA","X00e0B000000ZyrfQAC","00e0B000000ZyrfQAC","","true","00e0B000000ZyrfQAC","Conquest Portal","true","Profile","","false","","","","","","21","","Activities Access; Allow Universal Search; Apex Rest Services; Chatter Edit Own Post; Chatter Edit Own Record Post; Content Workspaces; Create Customize Reports; Create Topics; Edit My Reports; Edit Task; Email Administration; Email Template Management; Enable Community App Launcher; Enable Notifications; Field Service Access; Run Flow; Run Reports; Share Files With Networks; Show Company Name As User Badge; Use Web Link; View Content","23","23","19","18","1","0","0","3343","873","139","2017-08-23 22:30:04 UTC","2026-08-12 10:06:52 UTC","https://probomedical.my.salesforce.com/0PS0B000000b4wuWAA"
"0PS0B000000b52dWAA","X00e0B000000ZyuZQAS","00e0B000000ZyuZQAS","","true","00e0B000000ZyuZQAS","Inventory Profile","true","Profile","","false","","","","","","12","","Activities Access; Add Direct Message Members; Allow Universal Search; Content Workspaces; Email Administration; Email Template Management; Enable Community App Launcher; Enable Notifications; Password Never Expires; Select Files From Salesforce; Show Company Name As User Badge; Use Web Link","0","0","0","0","0","0","0","771","13","63","2017-09-01 20:44:33 UTC","2026-06-30 03:31:13 UTC","https://probomedical.my.salesforce.com/0PS0B000000b52dWAA"
"0PS0B000000b5LQWAY","X00e0B000000Zz4PQAS","00e0B000000Zz4PQAS","","true","00e0B000000Zz4PQAS","Demo Site Profile","true","Profile","","false","","","","","","12","","Activities Access; Add Direct Message Members; Allow Universal Search; Content Workspaces; Email Administration; Email Template Management; Enable Community App Launcher; Enable Notifications; Password Never Expires; Select Files From Salesforce; Show Company Name As User Badge; Use Web Link","0","0","0","0","0","0","0","771","16","63","2017-11-15 18:47:23 UTC","2026-06-30 03:31:13 UTC","https://probomedical.my.salesforce.com/0PS0B000000b5LQWAY"
"0PS0B000000b5SRWAY","X00e0B000000Zz5SQAS","00e0B000000Zz5SQAS","","true","00e0B000000Zz5SQAS","Sales with Purchasing","true","Profile","","false","","","","","","56","","Activities Access; Allow Universal Search; Allow View Knowledge; Apex Rest Services; Api Enabled; Assign Topics; Can Use New Dashboard Builder; Chatter File Link; Chatter Internal User; Chatter Invite External Users; Chatter Own Groups; Convert Leads; Create Customize Dashboards; Create Customize Filters; Create Customize Reports; Create Dashboard Folders; Create Report Folders; Create Topics; Distribute From Pers Wksp; Edit Event; Edit Html Templates; Edit My Dashboards; Edit My Reports; Edit Opp Line Item Unit Price; Edit Task; Edit Topics; Email Administration; Email Mass; Email Single; Email Template Management; Enable Notifications; Export Report; Flow UFL Required; Import Personal; Lightning Console Allowed For User; List Email Send; Manage Css Users; Manage Remote Access; Mass Inline Edit; New Report Builder; Run Flow; Run Reports; Schedule Job; Schedule Reports; Select Files From Salesforce; Send Sit Requests; Share Files With Networks; Show Company Name As User Badge; Subscribe To Lightning Reports; Transactional Email Send; Use Web Link; View Help Link; View My Teams Dashboards; View Public Dashboards; View Public Reports; View Roles","89","89","72","70","58","25","8","6475","1203","207","2017-11-29 16:15:15 UTC","2026-08-12 10:06:52 UTC","https://probomedical.my.salesforce.com/0PS0B000000b5SRWAY"
"0PS0B000000b5ycWAA","X00e0B000000ZzJtQAK","00e0B000000ZzJtQAK","","true","00e0B000000ZzJtQAK","Consensys Profile","true","Profile","","false","","","","","","12","","Activities Access; Add Direct Message Members; Allow Universal Search; Content Workspaces; Email Administration; Email Template Management; Enable Community App Launcher; Enable Notifications; Password Never Expires; Select Files From Salesforce; Show Company Name As User Badge; Use Web Link","0","0","0","0","0","0","0","771","16","63","2018-02-13 15:59:46 UTC","2026-06-30 03:31:13 UTC","https://probomedical.my.salesforce.com/0PS0B000000b5ycWAA"
"0PS0B000000b5yhWAA","X00e0B000000ZzK3QAK","00e0B000000ZzK3QAK","","true","00e0B000000ZzK3QAK","Consensys Portal","true","Profile","","false","","","","","","21","","Activities Access; Allow Universal Search; Apex Rest Services; Chatter Edit Own Post; Chatter Edit Own Record Post; Content Workspaces; Create Customize Reports; Create Topics; Edit My Reports; Edit Task; Email Administration; Email Template Management; Enable Community App Launcher; Enable Notifications; Field Service Access; Run Flow; Run Reports; Share Files With Networks; Show Company Name As User Badge; Use Web Link; View Content","23","23","18","18","1","0","0","3340","873","140","2018-02-13 18:03:49 UTC","2026-08-12 10:06:52 UTC","https://probomedical.my.salesforce.com/0PS0B000000b5yhWAA"
"0PS0B000000b6FJWAY","X00e0B000000ZzPhQAK","00e0B000000ZzPhQAK","","true","00e0B000000ZzPhQAK","B2BMA Integration User","false","Profile","","false","","","","","","29","Modify Metadata; View All Data","Activities Access; Allow View Knowledge; Apex Rest Services; Api Enabled; Api User Only; Edit Event; Edit Task; Email Single; Manage Email Content; Modify Metadata; Pardot User; Password Never Expires; Run Flow; Transactional Email Send; Use Web Link; View All Activities; View All Data; View All Profiles; View All Users; View Business Unit; View Developer Name; View Event Log Files; View License Utilization; View Product Limits; View Public Dashboards; View Public Reports; View Roles; View Setup; View User PII","516","516","15","15","14","515","13","5816","863","186","2018-04-01 04:16:45 UTC","2026-08-12 10:06:52 UTC","https://probomedical.my.salesforce.com/0PS0B000000b6FJWAY"
"0PS0B000000b6MAWAY","X00e0B000000ZzSWQA0","00e0B000000ZzSWQA0","","true","00e0B000000ZzSWQA0","Northfield Profile","true","Profile","","false","","","","","","12","","Activities Access; Add Direct Message Members; Allow Universal Search; Content Workspaces; Email Administration; Email Template Management; Enable Community App Launcher; Enable Notifications; Password Never Expires; Select Files From Salesforce; Show Company Name As User Badge; Use Web Link","0","0","0","0","0","0","0","771","16","63","2018-04-18 18:41:21 UTC","2026-06-30 03:31:13 UTC","https://probomedical.my.salesforce.com/0PS0B000000b6MAWAY"
"0PS0B000000b6MFWAY","X00e0B000000ZzSbQAK","00e0B000000ZzSbQAK","","true","00e0B000000ZzSbQAK","Northfield Portal","true","Profile","","false","","","","","","21","","Activities Access; Allow Universal Search; Apex Rest Services; Chatter Edit Own Post; Chatter Edit Own Record Post; Content Workspaces; Create Customize Reports; Create Topics; Edit My Reports; Edit Task; Email Administration; Email Template Management; Enable Community App Launcher; Enable Notifications; Field Service Access; Run Flow; Run Reports; Share Files With Networks; Show Company Name As User Badge; Use Web Link; View Content","23","23","18","18","1","0","0","3350","873","139","2018-04-18 19:06:11 UTC","2026-08-12 10:06:52 UTC","https://probomedical.my.salesforce.com/0PS0B000000b6MFWAY"
"0PS0B000000b6NNWAY","X00e0B000000ZzTFQA0","00e0B000000ZzTFQA0","","true","00e0B000000ZzTFQA0","Read Only with Custom Objects and Reports","true","Profile","","false","","","","","","56","","Access CMC; Activities Access; Allow Universal Search; Allow View Edit Converted Leads; Allow View Knowledge; Apex Rest Services; Api Enabled; Assign Topics; Can Use New Dashboard Builder; Chatter Edit Own Post; Chatter File Link; Chatter Internal User; Chatter Invite External Users; Chatter Own Groups; Content Workspaces; Convert Leads; Create Customize Dashboards; Create Customize Filters; Create Customize Reports; Create Dashboard Folders; Create Report Folders; Create Report In Lightning; Create Topics; Edit Event; Edit My Dashboards; Edit My Reports; Edit Opp Line Item Unit Price; Edit Task; Edit Topics; Email Administration; Email Template Management; Enable Community App Launcher; Enable Notifications; Export Report; Field Service Access; Flow UFL Required; Lightning Console Allowed For User; Lightning Experience User; New Report Builder; Run Flow; Run Reports; Select Files From Salesforce; Send Sit Requests; Share Files With Networks; Show Company Name As User Badge; Submit Macros Allowed; Subscribe To Lightning Dashboards; Subscribe To Lightning Reports; Transfer Any Case; Transfer Any Lead; Use Web Link; View Help Link; View My Teams Dashboards; View Public Dashboards; View Public Reports; View Roles","72","72","25","24","19","6","0","6166","1218","172","2018-04-20 18:59:26 UTC","2026-08-12 10:06:52 UTC","https://probomedical.my.salesforce.com/0PS0B000000b6NNWAY"
"0PS0B000000b7CVWAY","X00e0B000000ZzvdQAC","00e0B000000ZzvdQAC","","true","00e0B000000ZzvdQAC","Alpha Source Profile","true","Profile","","false","","","","","","12","","Activities Access; Add Direct Message Members; Allow Universal Search; Content Workspaces; Email Administration; Email Template Management; Enable Community App Launcher; Enable Notifications; Password Never Expires; Select Files From Salesforce; Show Company Name As User Badge; Use Web Link","0","0","0","0","0","0","0","771","16","63","2018-07-20 17:04:11 UTC","2026-06-30 03:31:13 UTC","https://probomedical.my.salesforce.com/0PS0B000000b7CVWAY"
"0PS0B000000b7CfWAI","X00e0B000000ZzviQAC","00e0B000000ZzviQAC","","true","00e0B000000ZzviQAC","Alpha Source Portal","true","Profile","","false","","","","","","21","","Activities Access; Allow Universal Search; Apex Rest Services; Chatter Edit Own Post; Chatter Edit Own Record Post; Content Workspaces; Create Customize Reports; Create Topics; Edit My Reports; Edit Task; Email Administration; Email Template Management; Enable Community App Launcher; Enable Notifications; Field Service Access; Run Flow; Run Reports; Share Files With Networks; Show Company Name As User Badge; Use Web Link; View Content","23","23","18","18","1","0","0","3343","873","140","2018-07-20 17:35:04 UTC","2026-08-12 10:06:52 UTC","https://probomedical.my.salesforce.com/0PS0B000000b7CfWAI"
"0PS0B000000b7ECWAY","X00e0B000000ZzwMQAS","00e0B000000ZzwMQAS","","true","00e0B000000ZzwMQAS","Mobile Portal","true","Profile","","false","","","","","","21","","Activities Access; Allow Universal Search; Apex Rest Services; Chatter Edit Own Post; Chatter Edit Own Record Post; Content Workspaces; Create Customize Reports; Create Topics; Edit My Reports; Edit Task; Email Administration; Email Template Management; Enable Community App Launcher; Enable Notifications; Field Service Access; Run Flow; Run Reports; Share Files With Networks; Show Company Name As User Badge; Use Web Link; View Content","23","23","18","18","1","0","0","3341","873","141","2018-07-25 19:20:46 UTC","2026-08-12 10:06:52 UTC","https://probomedical.my.salesforce.com/0PS0B000000b7ECWAY"
"0PS0B000000b7EHWAY","X00e0B000000ZzwRQAS","00e0B000000ZzwRQAS","","true","00e0B000000ZzwRQAS","Mobile Instrument Profile","true","Profile","","false","","","","","","12","","Activities Access; Add Direct Message Members; Allow Universal Search; Content Workspaces; Email Administration; Email Template Management; Enable Community App Launcher; Enable Notifications; Password Never Expires; Select Files From Salesforce; Show Company Name As User Badge; Use Web Link","0","0","0","0","0","0","0","771","16","63","2018-07-25 19:23:58 UTC","2026-06-30 03:31:13 UTC","https://probomedical.my.salesforce.com/0PS0B000000b7EHWAY"
"0PS0B000000b7VoWAI","X00e0B000000a03XQAQ","00e0B000000a03XQAQ","","true","00e0B000000a03XQAQ","Accounting + Sales","true","Profile","","false","","","","","","57","","Activities Access; Allow Universal Search; Allow View Knowledge; Apex Rest Services; Api Enabled; Assign Topics; Can Use New Dashboard Builder; Chatter File Link; Chatter Internal User; Chatter Invite External Users; Chatter Own Groups; Convert Leads; Create Customize Dashboards; Create Customize Filters; Create Customize Reports; Create Dashboard Folders; Create Report Folders; Create Topics; Distribute From Pers Wksp; Edit Event; Edit Html Templates; Edit My Dashboards; Edit My Reports; Edit Opp Line Item Unit Price; Edit Task; Edit Topics; Email Administration; Email Mass; Email Single; Email Template Management; Enable Notifications; Export Report; Flow UFL Required; Import Personal; Lightning Console Allowed For User; Lightning Experience User; List Email Send; Manage Css Users; Manage Remote Access; Mass Inline Edit; New Report Builder; Run Flow; Run Reports; Schedule Job; Schedule Reports; Select Files From Salesforce; Send Sit Requests; Share Files With Networks; Show Company Name As User Badge; Subscribe To Lightning Reports; Transactional Email Send; Use Web Link; View Help Link; View My Teams Dashboards; View Public Dashboards; View Public Reports; View Roles","112","112","88","90","63","58","17","6835","1429","202","2018-09-10 18:53:51 UTC","2026-08-19 07:34:54 UTC","https://probomedical.my.salesforce.com/0PS0B000000b7VoWAI"
"0PS0B000000b7tgWAA","X00e0B000000a0CKQAY","00e0B000000a0CKQAY","","true","00e0B000000a0CKQAY","Catholic Health Initiatives Profile","true","Profile","","false","","","","","","12","","Activities Access; Add Direct Message Members; Allow Universal Search; Content Workspaces; Email Administration; Email Template Management; Enable Community App Launcher; Enable Notifications; Password Never Expires; Select Files From Salesforce; Show Company Name As User Badge; Use Web Link","0","0","0","0","0","0","0","771","16","63","2018-11-26 16:08:07 UTC","2026-06-30 03:31:13 UTC","https://probomedical.my.salesforce.com/0PS0B000000b7tgWAA"
"0PS0B000000b7tlWAA","X00e0B000000a0CPQAY","00e0B000000a0CPQAY","","true","00e0B000000a0CPQAY","Catholic Health Initiatives Portal","true","Profile","","false","","","","","","21","","Activities Access; Allow Universal Search; Apex Rest Services; Chatter Edit Own Post; Chatter Edit Own Record Post; Content Workspaces; Create Customize Reports; Create Topics; Edit My Reports; Edit Task; Email Administration; Email Template Management; Enable Community App Launcher; Enable Notifications; Field Service Access; Run Flow; Run Reports; Share Files With Networks; Show Company Name As User Badge; Use Web Link; View Content","23","23","18","18","1","0","0","3349","873","140","2018-11-26 16:33:37 UTC","2026-08-12 10:06:52 UTC","https://probomedical.my.salesforce.com/0PS0B000000b7tlWAA"
"0PS0B000000ic4uWAA","X00e0B000000xXexQAE","00e0B000000xXexQAE","","true","00e0B000000xXexQAE","Repair Tech","true","Profile","","false","","","","","","35","","Activities Access; Allow Universal Search; Allow View Knowledge; Apex Rest Services; Api Enabled; Chatter Edit Own Post; Chatter Edit Own Record Post; Chatter Internal User; Create Customize Dashboards; Create Customize Filters; Create Customize Reports; Edit Knowledge; Edit My Reports; Email Administration; Email Template Management; Export Report; Flow UFL Required; Lightning Console Allowed For User; Lightning Experience User; Manage Knowledge; Manage Knowledge Import Export; Manage Search Promotion Rules; Run Flow; Run Reports; Send External Email Available; Share Files With Networks; Share Internal Articles; Show Company Name As User Badge; Use Web Link; View Event Log Files; View Help Link; View My Teams Dashboards; View Public Dashboards; View Public Reports; View Roles","81","81","62","61","42","33","8","6501","1269","194","2016-12-28 16:29:50 UTC","2026-08-12 10:06:52 UTC","https://probomedical.my.salesforce.com/0PS0B000000ic4uWAA"
"0PS0B000000icB2WAI","X00e0B000000xXiBQAU","00e0B000000xXiBQAU","","true","00e0B000000xXiBQAU","Marketing Custom","true","Profile","","false","","","","","","60","","Activities Access; Allow Universal Search; Allow View Knowledge; Apex Rest Services; Api Enabled; Assign Topics; Can Use New Dashboard Builder; Chatter Edit Own Post; Chatter File Link; Chatter Internal User; Chatter Invite External Users; Chatter Own Groups; Convert Leads; Create Customize Dashboards; Create Customize Filters; Create Customize Reports; Create Dashboard Folders; Create Report Folders; Create Topics; Distribute From Pers Wksp; Edit Brand Templates; Edit Event; Edit Html Templates; Edit My Dashboards; Edit Opp Line Item Unit Price; Edit Public Templates; Edit Task; Edit Topics; Email Administration; Email Mass; Email Single; Email Template Management; Enable Notifications; Export Report; Flow UFL Required; Import Leads; Import Personal; Lightning Console Allowed For User; Lightning Experience User; List Email Send; Manage Css Users; Mass Inline Edit; New Report Builder; Run Flow; Run Reports; Schedule Job; Schedule Reports; Select Files From Salesforce; Send External Email Available; Send Sit Requests; Share Files With Networks; Show Company Name As User Badge; Subscribe To Lightning Reports; Transactional Email Send; Use Web Link; View Help Link; View Public Dashboards; View Public Reports; View Roles; View Setup","70","70","57","56","36","12","0","5877","1170","210","2017-01-26 17:08:25 UTC","2026-08-12 10:06:52 UTC","https://probomedical.my.salesforce.com/0PS0B000000icB2WAI"
"0PS0B000000icCtWAI","X00e0B000000xXj4QAE","00e0B000000xXj4QAE","","true","00e0B000000xXj4QAE","Repair Tech Lead","true","Profile","","false","","","","","","50","","Activities Access; Allow Universal Search; Allow View Knowledge; Apex Rest Services; Api Enabled; Can Insert Feed System Fields; Can Use New Dashboard Builder; Chatter Edit Own Post; Chatter Edit Own Record Post; Chatter File Link; Chatter Internal User; Chatter Invite External Users; Chatter Own Groups; Create Customize Dashboards; Create Customize Filters; Create Customize Reports; Create Dashboard Folders; Create Report Folders; Edit Knowledge; Edit My Dashboards; Edit My Reports; Email Administration; Email Template Management; Export Report; Flow UFL Required; Lightning Console Allowed For User; Lightning Experience User; Manage Knowledge; Manage Knowledge Import Export; Manage Networks; Manage Partners; Manage Search Promotion Rules; Manage Unlisted Groups; Moderate Chatter; New Report Builder; Run Flow; Run Reports; Schedule Job; Schedule Reports; Send External Email Available; Share Files With Networks; Share Internal Articles; Show Company Name As User Badge; Use Web Link; View Event Log Files; View Help Link; View My Teams Dashboards; View Public Dashboards; View Public Reports; View Roles","81","81","67","66","44","35","9","6388","1287","204","2017-01-31 21:57:17 UTC","2026-08-12 10:06:52 UTC","https://probomedical.my.salesforce.com/0PS0B000000icCtWAI"
"0PS0B000000icD3WAI","X00e0B000000xXjEQAU","00e0B000000xXjEQAU","","true","00e0B000000xXjEQAU","Shipping","true","Profile","","false","","","","","","45","","Activities Access; Allow Universal Search; Allow View Knowledge; Apex Rest Services; Api Enabled; Can Insert Feed System Fields; Chatter Edit Own Post; Chatter Edit Own Record Post; Chatter File Link; Chatter Internal User; Chatter Invite External Users; Chatter Own Groups; Create Customize Dashboards; Create Customize Filters; Create Customize Reports; Create Dashboard Folders; Create Report Folders; Edit Knowledge; Edit My Dashboards; Edit My Reports; Email Administration; Email Template Management; Flow UFL Required; Lightning Console Allowed For User; Lightning Experience User; Manage Css Users; Manage Knowledge; Manage Knowledge Import Export; Manage Networks; Manage Partners; Manage Search Promotion Rules; New Report Builder; Run Flow; Run Reports; Send External Email Available; Share Files With Networks; Share Internal Articles; Show Company Name As User Badge; Use Web Link; View Event Log Files; View Help Link; View My Teams Dashboards; View Public Dashboards; View Public Reports; View Roles","96","96","69","69","46","55","10","6545","1298","207","2017-02-01 13:29:57 UTC","2026-08-12 10:06:52 UTC","https://probomedical.my.salesforce.com/0PS0B000000icD3WAI"
"0PS0B000000icD8WAI","X00e0B000000xXjJQAU","00e0B000000xXjJQAU","","true","00e0B000000xXjJQAU","Accounting","true","Profile","","false","","","","","","59","","Activities Access; Allow Universal Search; Allow View Edit Converted Leads; Allow View Knowledge; Apex Rest Services; Api Enabled; Can Insert Feed System Fields; Can Use New Dashboard Builder; Chatter Edit Own Post; Chatter Edit Own Record Post; Chatter File Link; Chatter Internal User; Chatter Invite External Users; Chatter Own Groups; Create Customize Dashboards; Create Customize Filters; Create Customize Reports; Create Dashboard Folders; Create Report Folders; Edit Knowledge; Edit My Dashboards; Edit My Reports; Edit Opp Line Item Unit Price; Edit Task; Email Administration; Email Single; Email Template Management; Export Report; Flow UFL Required; Lightning Console Allowed For User; Lightning Experience User; Manage Css Users; Manage Knowledge; Manage Knowledge Import Export; Manage Networks; Manage Partners; Manage Pvt Rpts And Dashbds; Manage Reports In Pub Folders; Manage Search Promotion Rules; Manage Unlisted Groups; Moderate Chatter; New Report Builder; Run Flow; Run Reports; Schedule Job; Schedule Reports; Send External Email Available; Share Files With Networks; Share Internal Articles; Show Company Name As User Badge; Transactional Email Send; Use Web Link; View Data Assessment; View Event Log Files; View Help Link; View My Teams Dashboards; View Public Dashboards; View Public Reports; View Roles","89","89","66","65","52","35","15","6424","1487","198","2017-02-01 13:33:54 UTC","2026-08-12 10:06:52 UTC","https://probomedical.my.salesforce.com/0PS0B000000icD8WAI"
"0PS0B000000icDDWAY","X00e0B000000xXjOQAU","00e0B000000xXjOQAU","","true","00e0B000000xXjOQAU","QC/Inspection","true","Profile","","false","","","","","","36","","Activities Access; Allow Universal Search; Allow View Knowledge; Apex Rest Services; Api Enabled; Chatter Edit Own Post; Chatter Edit Own Record Post; Chatter Internal User; Create Customize Dashboards; Create Customize Filters; Create Customize Reports; Edit Knowledge; Edit My Dashboards; Edit My Reports; Email Administration; Email Template Management; Export Report; Flow UFL Required; Lightning Console Allowed For User; Lightning Experience User; Manage Knowledge; Manage Knowledge Import Export; Manage Search Promotion Rules; Run Flow; Run Reports; Send External Email Available; Share Files With Networks; Share Internal Articles; Show Company Name As User Badge; Use Web Link; View Event Log Files; View Help Link; View My Teams Dashboards; View Public Dashboards; View Public Reports; View Roles","84","84","71","70","44","38","7","6526","1267","206","2017-02-01 13:35:05 UTC","2026-08-12 10:06:52 UTC","https://probomedical.my.salesforce.com/0PS0B000000icDDWAY"
"0PS0B000000icMyWAI","X00e0B000000xXm8QAE","00e0B000000xXm8QAE","","true","00e0B000000xXm8QAE","Sales Manager","true","Profile","","false","","","","","","66","","Activities Access; Allow Universal Search; Allow View Knowledge; Apex Rest Services; Api Enabled; Assign Topics; Can Approve Feed Post; Can Use New Dashboard Builder; Chatter File Link; Chatter Internal User; Chatter Invite External Users; Chatter Own Groups; Convert Leads; Create Customize Dashboards; Create Customize Filters; Create Customize Reports; Create Dashboard Folders; Create Report Folders; Create Topics; Distribute From Pers Wksp; Edit Event; Edit Html Templates; Edit My Dashboards; Edit My Reports; Edit Opp Line Item Unit Price; Edit Public Templates; Edit Task; Edit Topics; Email Administration; Email Mass; Email Single; Email Template Management; Enable Notifications; Export Report; Flow UFL Required; Import Personal; Lightning Console Allowed For User; Lightning Experience User; List Email Send; Manage Chatter Messages; Manage Css Users; Manage Custom Report Types; Manage Dashbds In Pub Folders; Manage Dynamic Dashboards; Mass Inline Edit; Moderate Chatter; New Report Builder; Run Flow; Run Reports; Schedule Job; Schedule Reports; Select Files From Salesforce; Send Sit Requests; Share Files With Networks; Show Company Name As User Badge; Subscribe Report To Other Users; Subscribe To Lightning Reports; Transactional Email Send; Transfer Any Entity; Use Web Link; View Help Link; View My Teams Dashboards; View Public Dashboards; View Public Reports; View Roles; View Setup","122","122","95","94","68","57","12","7341","1341","203","2017-02-16 20:27:00 UTC","2026-08-12 10:06:52 UTC","https://probomedical.my.salesforce.com/0PS0B000000icMyWAI"
"0PS4O000000OaNjWAK","X00e4O000000JQFZQA4","00e4O000000JQFZQA4","","true","00e4O000000JQFZQA4","Trisonics Sales User","true","Profile","","false","","","","","","56","","Activities Access; Allow Universal Search; Allow View Knowledge; Apex Rest Services; Api Enabled; Assign Topics; Can Use New Dashboard Builder; Chatter File Link; Chatter Internal User; Chatter Invite External Users; Chatter Own Groups; Convert Leads; Create Customize Dashboards; Create Customize Filters; Create Customize Reports; Create Dashboard Folders; Create Report Folders; Create Topics; Distribute From Pers Wksp; Edit Event; Edit Html Templates; Edit My Dashboards; Edit My Reports; Edit Opp Line Item Unit Price; Edit Task; Edit Topics; Email Administration; Email Mass; Email Single; Email Template Management; Enable Notifications; Export Report; Flow UFL Required; Import Personal; Lightning Console Allowed For User; List Email Send; Manage Css Users; Manage Remote Access; Mass Inline Edit; New Report Builder; Run Flow; Run Reports; Schedule Job; Schedule Reports; Select Files From Salesforce; Send Sit Requests; Share Files With Networks; Show Company Name As User Badge; Subscribe To Lightning Reports; Transactional Email Send; Use Web Link; View Help Link; View My Teams Dashboards; View Public Dashboards; View Public Reports; View Roles","84","84","68","67","52","20","2","6205","1215","205","2019-04-22 13:38:30 UTC","2026-08-12 10:06:52 UTC","https://probomedical.my.salesforce.com/0PS4O000000OaNjWAK"
"0PS4O000000WtUHWA0","X00e4O000000NUBaQAO","00e4O000000NUBaQAO","","true","00e4O000000NUBaQAO","Marketing - Probo","true","Profile","","false","","","","","","80","Modify All Data; Modify Metadata; View All Data","Activities Access; Add Direct Message Members; Allow Lightning Login; Allow Universal Search; Allow View Knowledge; Apex Rest Services; Api Enabled; Assign Topics; Chatter Edit Own Post; Chatter File Link; Chatter Internal User; Chatter Invite External Users; Chatter Own Groups; Connect Org To Environment Hub; Content Workspaces; Convert Leads; Create Customize Dashboards; Create Customize Filters; Create Customize Reports; Create Dashboard Folders; Create Report Folders; Create Topics; Delete Topics; Distribute From Pers Wksp; Edit Brand Templates; Edit Event; Edit Html Templates; Edit My Dashboards; Edit My Reports; Edit Opp Line Item Unit Price; Edit Public Documents; Edit Public Filters; Edit Public Templates; Edit Task; Edit Topics; Email Administration; Email Mass; Email Single; Email Template Management; Enable Community App Launcher; Enable Notifications; Export Report; Field Service Access; Flow UFL Required; Import Leads; Import Personal; Lightning Console Allowed For User; Lightning Experience User; List Email Send; Manage Categories; Manage Dashbds In Pub Folders; Manage Leads; Manage Networks; Manage Reports In Pub Folders; Mass Inline Edit; Modify All Data; Modify Data Classification; Modify Metadata; Remove Direct Message Members; Run Flow; Run Reports; Select Files From Salesforce; Send External Email Available; Send Sit Requests; Share Files With Networks; Show Company Name As User Badge; Solution Import; Subscribe To Lightning Reports; Transactional Email Send; Transfer Any Entity; Transfer Any Lead; Use Team Reassign Wizards; Use Web Link; View All Data; View Event Log Files; View Help Link; View Public Dashboards; View Public Reports; View Roles; View Setup","516","516","513","500","483","480","480","5943","1170","211","2019-08-30 19:58:48 UTC","2026-08-12 10:06:52 UTC","https://probomedical.my.salesforce.com/0PS4O000000WtUHWA0"
"0PS4O000000WtxEWAS","X00e4O000000NUJUQA4","00e4O000000NUJUQA4","","true","00e4O000000NUJUQA4","System Administrator Custom","true","Profile","","false","","","","","","181","Assign Permission Sets; Author Apex; Customize Application; Data Export; Edit Readonly Fields; Manage Auth Providers; Manage Internal Users; Manage Password Policies; Manage Profiles Permissionsets; Manage Roles; Manage Sandboxes; Manage Sharing; Manage Users; Modify All Data; Modify Metadata; Reset Passwords; View All Data","Activate Contract; Activate Order; Activities Access; Add Direct Message Members; Allow Universal Search; Allow View Edit Converted Leads; Allow View Knowledge; Apex Rest Services; Api Enabled; Assign Permission Sets; Assign Topics; Author Apex; Bulk Macros Allowed; Can Approve Uninstalled Apps; Can Insert Feed System Fields; Can Use New Dashboard Builder; Can Verify Comment; Change Dashboard Colors; Chatter Edit Own Post; Chatter Edit Own Record Post; Chatter File Link; Chatter Internal User; Chatter Invite External Users; Chatter Own Groups; Connect Org To Environment Hub; Content Administrator; Content Workspaces; Convert Leads; Create Customize Dashboards; Create Customize Filters; Create Customize Reports; Create Dashboard Folders; Create Ltng Temp Folder; Create Packaging; Create Report Folders; Create Topics; Create Workspaces; Customize Application; Data Export; Delegated Two Factor; Delete Activated Contract; Delete Topics; Distribute From Pers Wksp; Edit Activated Orders; Edit Billing Info; Edit Brand Templates; Edit Case Comments; Edit Event; Edit Html Templates; Edit Knowledge; Edit My Dashboards; Edit My Reports; Edit Opp Line Item Unit Price; Edit Public Documents; Edit Public Filters; Edit Public Templates; Edit Readonly Fields; Edit Task; Edit Topics; Email Administration; Email Mass; Email Single; Email Template Management; Enable Community App Launcher; Enable Notifications; Export Report; Field Service Access; Flow UFL Required; Freeze Users; Give Recognition Badge; Import Custom Objects; Import Leads; Import Personal; Inbound Migration Tools User; Install Packaging; Lightning Console Allowed For User; Lightning Experience User; List Email Send; Manage Analytic Snapshots; Manage Auth Providers; Manage Business Hour Holidays; Manage CMS; Manage Call Centers; Manage Cases; Manage Categories; Manage Certificates; Manage Content Permissions; Manage Content Properties; Manage Content Types; Manage Custom Permissions; Manage Custom Report Types; Manage Dashbds In Pub Folders; Manage Data Categories; Manage Data Integrations; Manage Dynamic Dashboards; Manage Email Client Config; Manage Entitlements; Manage Exchange Config; Manage Health Check; Manage Hub Connections; Manage Interaction; Manage Internal Users; Manage Ip Addresses; Manage Knowledge; Manage Knowledge Import Export; Manage Leads; Manage Login Access Policies; Manage Mobile; Manage Networks; Manage Partners; Manage Password Policies; Manage Profiles Permissionsets; Manage Propositions; Manage Pvt Rpts And Dashbds; Manage Recommendation Strategies; Manage Remote Access; Manage Reports In Pub Folders; Manage Roles; Manage Sandboxes; Manage Search Promotion Rules; Manage Sharing; Manage Solutions; Manage Subscriptions; Manage Synonyms; Manage Unlisted Groups; Manage Users; Marketing Admin; Mass Inline Edit; Merge Topics; Moderate Chatter; Modify All Data; Modify Data Classification; Modify Metadata; Monitor Login History; New Report Builder; Outbound Migration Tools User; Packaging2; Privacy Data Access; Publish Packaging; Query All Files; Remove Direct Message Members; Reset Passwords; Run Reports; Schedule Job; Schedule Reports; Select Files From Salesforce; Send External Email Available; Send Sit Requests; Share Files With Networks; Share Internal Articles; Show Company Name As User Badge; Solution Import; Submit Macros Allowed; Subscribe Dashboard Roles Grps; Subscribe Dashboard To Other Users; Subscribe Report Roles Grps; Subscribe Report To Other Users; Subscribe Reports Run As User; Subscribe To Lightning Dashboards; Subscribe To Lightning Reports; Trace Xds Queries; Transactional Email Send; Transfer Any Case; Transfer Any Entity; Transfer Any Lead; Use Setup With Agentforce; Use Team Reassign Wizards; Use Web Link; View All Data; View All Users; View Data Assessment; View Data Categories; View Event Log Files; View Health Check; View Help Link; View My Teams Dashboards; View Public Dashboards; View Public Reports; View Roles; View Setup; View User PII","516","516","516","503","503","500","500","9567","3849","259","2019-12-31 18:21:04 UTC","2026-08-12 10:06:52 UTC","https://probomedical.my.salesforce.com/0PS4O000000WtxEWAS"
"0PS4O000000zpNwWAI","X00e4O000000uOjhQAE","00e4O000000uOjhQAE","","true","00e4O000000uOjhQAE","Payment Request Profile","true","Profile","","false","","","","","","12","","Activities Access; Add Direct Message Members; Allow Universal Search; Content Workspaces; Email Administration; Email Template Management; Enable Community App Launcher; Enable Notifications; Password Never Expires; Select Files From Salesforce; Show Company Name As User Badge; Use Web Link","0","0","0","0","0","0","0","771","19","63","2020-08-24 18:20:41 UTC","2026-06-30 03:31:13 UTC","https://probomedical.my.salesforce.com/0PS4O000000zpNwWAI"
"0PS4O000000zpdaWAA","X00e4O000000uOsoQAE","00e4O000000uOsoQAE","","true","00e4O000000uOsoQAE","Identity User","false","Profile","","false","","","","","","22","","Add Direct Message Members; Apex Rest Services; Api Enabled; Assign Topics; Chatter Edit Own Post; Chatter File Link; Chatter Internal User; Chatter Invite External Users; Chatter Own Groups; Content Workspaces; Create Topics; Distribute From Pers Wksp; Edit Topics; Enable Community App Launcher; Flow UFL Required; Identity Enabled; Remove Direct Message Members; Select Files From Salesforce; Share Files With Networks; Show Company Name As User Badge; Use Web Link; View Help Link","2","2","2","2","2","0","0","4620","663","125","2020-09-12 05:56:48 UTC","2026-08-12 10:06:52 UTC","https://probomedical.my.salesforce.com/0PS4O000000zpdaWAA"
"0PS4O000000zpipWAA","X00e4O000000uOuQQAU","00e4O000000uOuQQAU","","true","00e4O000000uOuQQAU","Parts Sales User","true","Profile","","false","","","","","","57","","Activities Access; Allow Universal Search; Allow View Knowledge; Apex Rest Services; Api Enabled; Assign Topics; Can Use New Dashboard Builder; Chatter File Link; Chatter Internal User; Chatter Invite External Users; Chatter Own Groups; Convert Leads; Create Customize Dashboards; Create Customize Filters; Create Customize Reports; Create Dashboard Folders; Create Report Folders; Create Topics; Distribute From Pers Wksp; Edit Event; Edit Html Templates; Edit My Dashboards; Edit My Reports; Edit Opp Line Item Unit Price; Edit Task; Edit Topics; Email Administration; Email Mass; Email Single; Email Template Management; Enable Notifications; Export Report; Flow UFL Required; Import Personal; Lightning Console Allowed For User; Lightning Experience User; List Email Send; Manage Css Users; Manage Remote Access; Mass Inline Edit; New Report Builder; Run Flow; Run Reports; Schedule Job; Schedule Reports; Select Files From Salesforce; Send Sit Requests; Share Files With Networks; Show Company Name As User Badge; Subscribe To Lightning Reports; Transactional Email Send; Use Web Link; View Help Link; View My Teams Dashboards; View Public Dashboards; View Public Reports; View Roles","87","87","71","68","53","24","2","6330","1225","198","2020-09-30 14:15:37 UTC","2026-08-12 10:06:52 UTC","https://probomedical.my.salesforce.com/0PS4O000000zpipWAA"
"0PS4O000000vLJgWAM","X00e4O000001AD42QAG","00e4O000001AD42QAG","","true","00e4O000001AD42QAG","Minimum Access - Salesforce","false","Profile","","false","","","","","","8","","Activities Access; Allow View Knowledge; Chatter Internal User; Email Administration; Email Template Management; Flow UFL Required; Lightning Console Allowed For User; View Help Link","0","0","0","0","0","0","0","4265","717","117","2020-07-18 06:00:57 UTC","2026-08-12 10:06:52 UTC","https://probomedical.my.salesforce.com/0PS4O000000vLJgWAM"
"0PS4O000000vMZVWA2","X00e4O000001ADgLQAW","00e4O000001ADgLQAW","","true","00e4O000001ADgLQAW","Super User Admin","true","Profile","","false","","","","","","87","Data Export","Activate Contract; Activate Order; Activities Access; Allow Universal Search; Allow View Edit Converted Leads; Allow View Knowledge; Bulk Macros Allowed; Can Access CE; Can Use New Dashboard Builder; Change Dashboard Colors; Chatter Edit Own Post; Chatter Edit Own Record Post; Chatter Internal User; Chatter Own Groups; Convert Leads; Create Customize Dashboards; Create Customize Filters; Create Customize Reports; Create Dashboard Folders; Create Ltng Temp Folder; Create Report Folders; Data Export; Decision Table Exec User Access; Delete Activated Contract; Edit Activated Orders; Edit Case Comments; Edit Event; Edit Html Templates; Edit Knowledge; Edit My Dashboards; Edit My Reports; Edit Opp Line Item Unit Price; Edit Public Filters; Edit Task; Edit Topics; Email Administration; Email Single; Email Template Management; Enable Notifications; Export Report; Field Service Access; Flow UFL Required; Import Leads; Import Personal; Lightning Console Allowed For User; Lightning Experience User; Manage Cases; Manage Content Permissions; Manage Dashbds In Pub Folders; Manage Dynamic Dashboards; Manage Knowledge; Manage Knowledge Import Export; Manage Leads; Manage Partners; Manage Pvt Rpts And Dashbds; Manage Reports In Pub Folders; Manage Search Promotion Rules; Manage Solutions; New Report Builder; Run Reports; Schedule Job; Schedule Reports; Select Files From Salesforce; Send External Email Available; Send Sit Requests; Share Files With Networks; Share Internal Articles; Solution Import; Submit Macros Allowed; Subscribe Dashboard Roles Grps; Subscribe Dashboard To Other Users; Subscribe Report Roles Grps; Subscribe Report To Other Users; Subscribe Reports Run As User; Subscribe To Lightning Dashboards; Subscribe To Lightning Reports; Transactional Email Send; Transfer Any Case; Transfer Any Lead; Use Team Reassign Wizards; View Data Assessment; View Help Link; View My Teams Dashboards; View Public Dashboards; View Public Reports; View Roles; View Setup","254","254","254","253","253","230","230","8188","2264","233","2021-04-12 23:05:16 UTC","2026-08-12 10:06:52 UTC","https://probomedical.my.salesforce.com/0PS4O000000vMZVWA2"
"0PS4O000000vMbWWAU","X00e4O000001ADhdQAG","00e4O000001ADhdQAG","","true","00e4O000001ADhdQAG","Work Orders Profile","true","Profile","","false","","","","","","12","","Activities Access; Add Direct Message Members; Allow Universal Search; Content Workspaces; Email Administration; Email Template Management; Enable Community App Launcher; Enable Notifications; Password Never Expires; Select Files From Salesforce; Show Company Name As User Badge; Use Web Link","3","3","2","0","0","0","0","1148","25","63","2021-04-20 12:12:30 UTC","2026-06-30 03:31:14 UTC","https://probomedical.my.salesforce.com/0PS4O000000vMbWWAU"
"0PS5b000000DhJ5GAK","X00e5b000000DuUDAA0","00e5b000000DuUDAA0","","true","00e5b000000DuUDAA0","Integrations User","true","Profile","","false","","","","","","193","Assign Permission Sets; Author Apex; Customize Application; Data Export; Edit Readonly Fields; Manage Auth Providers; Manage Internal Users; Manage Password Policies; Manage Profiles Permissionsets; Manage Roles; Manage Sandboxes; Manage Sharing; Manage Users; Modify All Data; Modify Metadata; Reset Passwords; View All Data","AI View Insight Objects; Activate Contract; Activate Order; Activities Access; Add Direct Message Members; Allow Universal Search; Allow View Knowledge; Apex Rest Services; Api Enabled; Assign Permission Sets; Assign Topics; Author Apex; Bulk Macros Allowed; Can Access CE; Can Insert Feed System Fields; Can Use New Dashboard Builder; Can Verify Comment; Change Dashboard Colors; Chatter Edit Own Post; Chatter Edit Own Record Post; Chatter File Link; Chatter Internal User; Chatter Invite External Users; Chatter Own Groups; Client Secret Rotation; Connect Org To Environment Hub; Consent Api Update; Content Administrator; Content Workspaces; Convert Leads; Create Customize Dashboards; Create Customize Filters; Create Customize Reports; Create Dashboard Folders; Create Ltng Temp Folder; Create Packaging; Create Report Folders; Create Topics; Create Workspaces; Customize Application; Data Export; Decision Table Exec User Access; Delegated Two Factor; Delete Activated Contract; Delete Topics; Distribute From Pers Wksp; Edit Activated Orders; Edit Billing Info; Edit Brand Templates; Edit Case Comments; Edit Event; Edit Html Templates; Edit Knowledge; Edit My Dashboards; Edit My Reports; Edit Opp Line Item Unit Price; Edit Public Documents; Edit Public Filters; Edit Public Templates; Edit Readonly Fields; Edit Task; Edit Topics; Email Administration; Email Mass; Email Single; Email Template Management; Enable Community App Launcher; Enable Notifications; Export Report; Field Service Access; Flow UFL Required; Freeze Users; Give Recognition Badge; Import Custom Objects; Import Leads; Import Personal; Inbound Migration Tools User; Install Packaging; Lightning Console Allowed For User; Lightning Experience User; List Email Send; Manage Analytic Snapshots; Manage Auth Providers; Manage Business Hour Holidays; Manage C360 A Connections; Manage CMS; Manage Call Centers; Manage Cases; Manage Categories; Manage Certificates; Manage Content Permissions; Manage Content Properties; Manage Content Types; Manage Custom Permissions; Manage Custom Report Types; Manage Dashbds In Pub Folders; Manage Data Categories; Manage Data Integrations; Manage Dynamic Dashboards; Manage Email Client Config; Manage Entitlements; Manage Exchange Config; Manage Health Check; Manage Hub Connections; Manage Interaction; Manage Internal Users; Manage Ip Addresses; Manage Knowledge; Manage Knowledge Import Export; Manage Leads; Manage Login Access Policies; Manage Mobile; Manage Mobile App Security; Manage Networks; Manage Orch Insts And Work Items; Manage Partners; Manage Password Policies; Manage Preference Center; Manage Profiles Permissionsets; Manage Propositions; Manage Pvt Rpts And Dashbds; Manage Recommendation Strategies; Manage Release Updates; Manage Remote Access; Manage Reports In Pub Folders; Manage Roles; Manage Sandboxes; Manage Search Promotion Rules; Manage Sharing; Manage Solutions; Manage Subscriptions; Manage Synonyms; Manage Trust Measures; Manage Unlisted Groups; Manage Users; Mass Inline Edit; Merge Topics; Moderate Chatter; Modify All Data; Modify Data Classification; Modify Metadata; Monitor Login History; New Report Builder; Outbound Migration Tools User; Packaging2; Packaging2 Delete; Privacy Data Access; Publish Packaging; Remove Direct Message Members; Reset Passwords; Run Reports; Schedule Job; Schedule Reports; Select Files From Salesforce; Send Custom Notifications; Send External Email Available; Send Sit Requests; Share Files With Networks; Share Internal Articles; Show Company Name As User Badge; Solution Import; Submit Macros Allowed; Subscribe Dashboard Roles Grps; Subscribe Dashboard To Other Users; Subscribe Report Roles Grps; Subscribe Report To Other Users; Subscribe Reports Run As User; Subscribe To Lightning Dashboards; Subscribe To Lightning Reports; Trace Xds Queries; Transactional Email Send; Transfer Any Case; Transfer Any Entity; Transfer Any Lead; Use Team Reassign Wizards; Use Web Link; View All Data; View All Profiles; View All Users; View Data Assessment; View Data Categories; View Developer Name; View Event Log Files; View Health Check; View Help Link; View ML Models; View My Teams Dashboards; View Public Dashboards; View Public Reports; View Roles; View Setup; View Trust Measures; View User PII","516","516","516","503","503","500","500","8158","1869","233","2022-10-17 19:55:47 UTC","2026-08-12 10:06:52 UTC","https://probomedical.my.salesforce.com/0PS5b000000DhJ5GAK"
"0PS5b000000HhLQGA0","X00e5b000000YaQ7AAK","00e5b000000YaQ7AAK","","true","00e5b000000YaQ7AAK","FSEReport Profile","true","Profile","","false","","","","","","12","","Activities Access; Add Direct Message Members; Allow Universal Search; Content Workspaces; Email Administration; Email Template Management; Enable Community App Launcher; Enable Notifications; Password Never Expires; Select Files From Salesforce; Show Company Name As User Badge; Use Web Link","0","0","0","0","0","0","0","771","13","63","2021-09-29 20:05:58 UTC","2026-06-30 03:31:13 UTC","https://probomedical.my.salesforce.com/0PS5b000000HhLQGA0"
"0PS5b000000HhLVGA0","X00e5b000000YaQCAA0","00e5b000000YaQCAA0","","true","00e5b000000YaQCAA0","FSEReports Profile","true","Profile","","false","","","","","","12","","Activities Access; Add Direct Message Members; Allow Universal Search; Content Workspaces; Email Administration; Email Template Management; Enable Community App Launcher; Enable Notifications; Password Never Expires; Select Files From Salesforce; Show Company Name As User Badge; Use Web Link","0","0","0","0","0","0","0","771","16","63","2021-09-29 20:21:40 UTC","2026-06-30 03:31:13 UTC","https://probomedical.my.salesforce.com/0PS5b000000HhLVGA0"
"0PS5b000000HhLaGAK","X00e5b000000YaQHAA0","00e5b000000YaQHAA0","","true","00e5b000000YaQHAA0","FSE Portal","true","Profile","","false","","","","","","21","","Activities Access; Allow Universal Search; Apex Rest Services; Chatter Edit Own Post; Chatter Edit Own Record Post; Content Workspaces; Create Customize Reports; Create Topics; Edit My Reports; Edit Task; Email Administration; Email Template Management; Enable Community App Launcher; Enable Notifications; Field Service Access; Run Flow; Run Reports; Share Files With Networks; Show Company Name As User Badge; Use Web Link; View Content","26","26","18","18","1","0","0","3613","874","139","2021-09-29 20:23:59 UTC","2026-08-12 10:06:52 UTC","https://probomedical.my.salesforce.com/0PS5b000000HhLaGAK"
"0PS5b000000HhtwGAC","X00e5b000000YaWZAA0","00e5b000000YaWZAA0","","true","00e5b000000YaWZAA0","InvoicePDF Profile","true","Profile","","false","","","","","","12","","Activities Access; Add Direct Message Members; Allow Universal Search; Content Workspaces; Email Administration; Email Template Management; Enable Community App Launcher; Enable Notifications; Password Never Expires; Select Files From Salesforce; Show Company Name As User Badge; Use Web Link","0","0","0","0","0","0","0","771","13","63","2021-11-04 18:52:32 UTC","2026-06-30 03:31:13 UTC","https://probomedical.my.salesforce.com/0PS5b000000HhtwGAC"
"0PS5b000000HiifGAC","X00e5b000000YagGAAS","00e5b000000YagGAAS","","true","00e5b000000YagGAAS","Sodexo Portal Profile","true","Profile","","false","","","","","","12","","Activities Access; Add Direct Message Members; Allow Universal Search; Content Workspaces; Email Administration; Email Template Management; Enable Community App Launcher; Enable Notifications; Password Never Expires; Select Files From Salesforce; Show Company Name As User Badge; Use Web Link","0","0","0","0","0","0","0","771","16","63","2022-01-17 18:21:27 UTC","2026-06-30 03:31:13 UTC","https://probomedical.my.salesforce.com/0PS5b000000HiifGAC"
"0PS5b000000HitsGAC","X00e5b000000Yah9AAC","00e5b000000Yah9AAC","","true","00e5b000000Yah9AAC","Sodexo Profile","true","Profile","","false","","","","","","12","","Activities Access; Add Direct Message Members; Allow Universal Search; Content Workspaces; Email Administration; Email Template Management; Enable Community App Launcher; Enable Notifications; Password Never Expires; Select Files From Salesforce; Show Company Name As User Badge; Use Web Link","0","0","0","0","0","0","0","771","16","63","2022-01-28 18:49:36 UTC","2026-06-30 03:31:13 UTC","https://probomedical.my.salesforce.com/0PS5b000000HitsGAC"
"0PS5b000000HitxGAC","X00e5b000000YahEAAS","00e5b000000YahEAAS","","true","00e5b000000YahEAAS","Sodexo Portal","true","Profile","","false","","","","","","21","","Activities Access; Allow Universal Search; Apex Rest Services; Chatter Edit Own Post; Chatter Edit Own Record Post; Content Workspaces; Create Customize Reports; Create Topics; Edit My Reports; Edit Task; Email Administration; Email Template Management; Enable Community App Launcher; Enable Notifications; Field Service Access; Run Flow; Run Reports; Share Files With Networks; Show Company Name As User Badge; Use Web Link; View Content","23","23","19","18","1","0","0","3343","873","139","2022-01-28 19:03:35 UTC","2026-08-12 10:06:52 UTC","https://probomedical.my.salesforce.com/0PS5b000000HitxGAC"
"0PS5b000000HjUyGAK","X00e5b000000YaroAAC","00e5b000000YaroAAC","","true","00e5b000000YaroAAC","Managing Director - UK","true","Profile","","false","","","","","","191","Assign Permission Sets; Author Apex; Customize Application; Data Export; Edit Readonly Fields; Manage Auth Providers; Manage Internal Users; Manage Password Policies; Manage Profiles Permissionsets; Manage Roles; Manage Sandboxes; Manage Sharing; Manage Users; Modify All Data; Modify Metadata; Reset Passwords; View All Data","AI View Insight Objects; Activate Contract; Activate Order; Activities Access; Add Direct Message Members; Allow Universal Search; Allow View Knowledge; Apex Rest Services; Api Enabled; Assign Permission Sets; Assign Topics; Author Apex; Bulk Macros Allowed; Can Access CE; Can Insert Feed System Fields; Can Use New Dashboard Builder; Can Verify Comment; Change Dashboard Colors; Chatter Edit Own Post; Chatter Edit Own Record Post; Chatter File Link; Chatter Internal User; Chatter Invite External Users; Chatter Own Groups; Connect Org To Environment Hub; Consent Api Update; Content Administrator; Content Workspaces; Convert Leads; Create Customize Dashboards; Create Customize Filters; Create Customize Reports; Create Dashboard Folders; Create Ltng Temp Folder; Create Packaging; Create Report Folders; Create Topics; Create Workspaces; Customize Application; Data Export; Decision Table Exec User Access; Delegated Two Factor; Delete Activated Contract; Delete Topics; Distribute From Pers Wksp; Edit Activated Orders; Edit Billing Info; Edit Brand Templates; Edit Case Comments; Edit Event; Edit Html Templates; Edit Knowledge; Edit My Dashboards; Edit My Reports; Edit Opp Line Item Unit Price; Edit Public Documents; Edit Public Filters; Edit Public Templates; Edit Readonly Fields; Edit Task; Edit Topics; Email Administration; Email Mass; Email Single; Email Template Management; Enable Community App Launcher; Enable Notifications; Export Report; Field Service Access; Flow UFL Required; Freeze Users; Give Recognition Badge; Import Custom Objects; Import Leads; Import Personal; Inbound Migration Tools User; Install Packaging; Lightning Console Allowed For User; Lightning Experience User; List Email Send; Manage Analytic Snapshots; Manage Auth Providers; Manage Business Hour Holidays; Manage C360 A Connections; Manage CMS; Manage Call Centers; Manage Cases; Manage Categories; Manage Certificates; Manage Content Permissions; Manage Content Properties; Manage Content Types; Manage Custom Permissions; Manage Custom Report Types; Manage Dashbds In Pub Folders; Manage Data Categories; Manage Data Integrations; Manage Dynamic Dashboards; Manage Email Client Config; Manage Entitlements; Manage Exchange Config; Manage Health Check; Manage Hub Connections; Manage Interaction; Manage Internal Users; Manage Ip Addresses; Manage Knowledge; Manage Knowledge Import Export; Manage Leads; Manage Login Access Policies; Manage Mobile; Manage Mobile App Security; Manage Networks; Manage Partners; Manage Password Policies; Manage Preference Center; Manage Profiles Permissionsets; Manage Propositions; Manage Pvt Rpts And Dashbds; Manage Recommendation Strategies; Manage Release Updates; Manage Remote Access; Manage Reports In Pub Folders; Manage Roles; Manage Sandboxes; Manage Search Promotion Rules; Manage Sharing; Manage Solutions; Manage Subscriptions; Manage Synonyms; Manage Trust Measures; Manage Unlisted Groups; Manage Users; Mass Inline Edit; Merge Topics; Moderate Chatter; Modify All Data; Modify Data Classification; Modify Metadata; Monitor Login History; New Report Builder; Outbound Migration Tools User; Packaging2; Packaging2 Delete; Privacy Data Access; Publish Packaging; Remove Direct Message Members; Reset Passwords; Run Reports; Schedule Job; Schedule Reports; Select Files From Salesforce; Send Custom Notifications; Send External Email Available; Send Sit Requests; Share Files With Networks; Share Internal Articles; Show Company Name As User Badge; Solution Import; Submit Macros Allowed; Subscribe Dashboard Roles Grps; Subscribe Dashboard To Other Users; Subscribe Report Roles Grps; Subscribe Report To Other Users; Subscribe Reports Run As User; Subscribe To Lightning Dashboards; Subscribe To Lightning Reports; Trace Xds Queries; Transactional Email Send; Transfer Any Case; Transfer Any Entity; Transfer Any Lead; Use Team Reassign Wizards; Use Web Link; View All Data; View All Profiles; View All Users; View Data Assessment; View Data Categories; View Developer Name; View Event Log Files; View Health Check; View Help Link; View ML Models; View My Teams Dashboards; View Public Dashboards; View Public Reports; View Roles; View Setup; View Trust Measures; View User PII","516","516","516","503","503","500","500","8139","1856","232","2022-02-14 09:42:45 UTC","2026-08-12 10:06:52 UTC","https://probomedical.my.salesforce.com/0PS5b000000HjUyGAK"
"0PS5b000000HjV3GAK","X00e5b000000YartAAC","00e5b000000YartAAC","","true","00e5b000000YartAAC","Commercial Manager - UK","true","Profile","","false","","","","","","71","","Activities Access; Allow Universal Search; Allow View Edit Converted Leads; Allow View Knowledge; Apex Rest Services; Api Enabled; Assign Topics; Can Use New Dashboard Builder; Change Dashboard Colors; Chatter File Link; Chatter Internal User; Chatter Invite External Users; Chatter Own Groups; Convert Leads; Create Customize Dashboards; Create Customize Filters; Create Customize Reports; Create Dashboard Folders; Create Report Folders; Create Topics; Distribute From Pers Wksp; Edit Event; Edit Html Templates; Edit My Dashboards; Edit My Reports; Edit Opp Line Item Unit Price; Edit Public Templates; Edit Task; Edit Topics; Email Administration; Email Mass; Email Single; Email Template Management; Enable Notifications; Export Report; Flow UFL Required; Import Leads; Import Personal; Lightning Console Allowed For User; Lightning Experience User; List Email Send; Manage Chatter Messages; Manage Css Users; Manage Custom Report Types; Manage Dashbds In Pub Folders; Manage Dynamic Dashboards; Manage Entitlements; Manage Exchange Config; Manage Leads; Mass Inline Edit; Moderate Chatter; New Report Builder; Run Flow; Run Reports; Schedule Job; Schedule Reports; Select Files From Salesforce; Send Sit Requests; Share Files With Networks; Show Company Name As User Badge; Subscribe To Lightning Reports; Transactional Email Send; Transfer Any Entity; Transfer Any Lead; Use Web Link; View Help Link; View My Teams Dashboards; View Public Dashboards; View Public Reports; View Roles; View Setup","111","111","90","90","68","39","10","7197","1307","195","2022-02-14 10:00:35 UTC","2026-08-13 08:17:26 UTC","https://probomedical.my.salesforce.com/0PS5b000000HjV3GAK"
"0PS5b000000HjV8GAK","X00e5b000000YaryAAC","00e5b000000YaryAAC","","true","00e5b000000YaryAAC","Commercial Sales - UK","true","Profile","","false","","","","","","60","","Activities Access; Allow Universal Search; Allow View Knowledge; Apex Rest Services; Api Enabled; Assign Topics; Can Use New Dashboard Builder; Chatter File Link; Chatter Internal User; Chatter Invite External Users; Chatter Own Groups; Convert Leads; Create Customize Dashboards; Create Customize Filters; Create Customize Reports; Create Dashboard Folders; Create Report Folders; Create Report In Lightning; Create Topics; Distribute From Pers Wksp; Edit Event; Edit Html Templates; Edit My Dashboards; Edit My Reports; Edit Opp Line Item Unit Price; Edit Task; Edit Topics; Email Administration; Email Mass; Email Single; Email Template Management; Enable Notifications; Export Report; Flow UFL Required; Import Personal; Lightning Console Allowed For User; Lightning Experience User; List Email Send; Manage Css Users; Manage Remote Access; Mass Inline Edit; New Report Builder; Run Flow; Run Reports; Schedule Job; Schedule Reports; Select Files From Salesforce; Send Sit Requests; Share Files With Networks; Show Company Name As User Badge; Subscribe To Lightning Reports; Transactional Email Send; Use Web Link; View All Users; View Help Link; View My Teams Dashboards; View Public Dashboards; View Public Reports; View Roles; View Setup","107","107","89","83","56","35","6","7062","1381","199","2022-02-14 10:09:04 UTC","2026-08-12 10:06:52 UTC","https://probomedical.my.salesforce.com/0PS5b000000HjV8GAK"
"0PS5b000000HjVDGA0","X00e5b000000Yas3AAC","00e5b000000Yas3AAC","","true","00e5b000000Yas3AAC","Commercial Finance - UK","true","Profile","","false","","","","","","57","","Activities Access; Allow Universal Search; Allow View Knowledge; Apex Rest Services; Api Enabled; Assign Topics; Can Use New Dashboard Builder; Chatter File Link; Chatter Internal User; Chatter Invite External Users; Chatter Own Groups; Convert Leads; Create Customize Dashboards; Create Customize Filters; Create Customize Reports; Create Dashboard Folders; Create Report Folders; Create Topics; Distribute From Pers Wksp; Edit Event; Edit Html Templates; Edit My Dashboards; Edit My Reports; Edit Opp Line Item Unit Price; Edit Task; Edit Topics; Email Administration; Email Mass; Email Single; Email Template Management; Enable Notifications; Export Report; Flow UFL Required; Import Personal; Lightning Console Allowed For User; Lightning Experience User; List Email Send; Manage Css Users; Manage Remote Access; Mass Inline Edit; New Report Builder; Run Flow; Run Reports; Schedule Job; Schedule Reports; Select Files From Salesforce; Send Sit Requests; Share Files With Networks; Show Company Name As User Badge; Subscribe To Lightning Reports; Transactional Email Send; Use Web Link; View Help Link; View My Teams Dashboards; View Public Dashboards; View Public Reports; View Roles","116","116","92","95","70","56","18","6817","1524","199","2022-02-14 10:13:58 UTC","2026-08-12 10:06:52 UTC","https://probomedical.my.salesforce.com/0PS5b000000HjVDGA0"
"0PS5b000000HjVNGA0","X00e5b000000Yas8AAC","00e5b000000Yas8AAC","","true","00e5b000000Yas8AAC","Engineer UK - FSE Portal","true","Profile","","false","","","","","","23","","Activities Access; Allow Universal Search; Apex Rest Services; Chatter Edit Own Post; Chatter Edit Own Record Post; Content Workspaces; Create Customize Reports; Create Report In Lightning; Create Topics; Edit My Reports; Edit Task; Email Administration; Email Template Management; Enable Community App Launcher; Enable Notifications; Field Service Access; New Report Builder; Run Flow; Run Reports; Share Files With Networks; Show Company Name As User Badge; Use Web Link; View Content","26","26","18","18","1","0","0","3682","875","140","2022-02-14 10:24:37 UTC","2026-08-12 10:06:52 UTC","https://probomedical.my.salesforce.com/0PS5b000000HjVNGA0"
"0PS5b000000HjVSGA0","X00e5b000000YasDAAS","00e5b000000YasDAAS","","true","00e5b000000YasDAAS","Ops Coordinator - UK","true","Profile","","false","","","","","","71","","Activities Access; Allow Universal Search; Allow View Knowledge; Apex Rest Services; Api Enabled; Assign Topics; Can Use New Dashboard Builder; Change Dashboard Colors; Chatter File Link; Chatter Internal User; Chatter Invite External Users; Chatter Own Groups; Convert Leads; Create Customize Dashboards; Create Customize Filters; Create Customize Reports; Create Dashboard Folders; Create Report Folders; Create Report In Lightning; Create Topics; Distribute From Pers Wksp; Edit Brand Templates; Edit Event; Edit Html Templates; Edit My Dashboards; Edit My Reports; Edit Opp Line Item Unit Price; Edit Task; Edit Topics; Email Administration; Email Mass; Email Single; Email Template Management; Enable Notifications; Export Report; Flow UFL Required; Import Personal; Lightning Console Allowed For User; Lightning Experience User; List Email Send; Manage Css Users; Manage Custom Report Types; Manage Email Content; Manage Remote Access; Manage Reports In Pub Folders; Mass Inline Edit; New Report Builder; Run Flow; Run Reports; Schedule Job; Schedule Reports; Select Files From Salesforce; Send Sit Requests; Share Files With Networks; Show Company Name As User Badge; Subscribe Dashboard Roles Grps; Subscribe Dashboard To Other Users; Subscribe Report Roles Grps; Subscribe Report To Other Users; Subscribe To Lightning Dashboards; Subscribe To Lightning Reports; Transactional Email Send; Transfer Any Entity; Use Web Link; View Event Log Files; View Help Link; View My Teams Dashboards; View Public Dashboards; View Public Reports; View Roles; View Setup","417","417","78","74","60","392","7","6745","1291","199","2022-02-14 10:32:34 UTC","2026-08-12 10:06:52 UTC","https://probomedical.my.salesforce.com/0PS5b000000HjVSGA0"
"0PS5b000000HjVcGAK","X00e5b000000YasIAAS","00e5b000000YasIAAS","","true","00e5b000000YasIAAS","QC/Inspection/Stores - UK","true","Profile","","false","","","","","","54","","Activities Access; Allow Universal Search; Allow View Knowledge; Apex Rest Services; Api Enabled; Can Insert Feed System Fields; Can Use New Dashboard Builder; Chatter Edit Own Post; Chatter Edit Own Record Post; Chatter File Link; Chatter Internal User; Chatter Invite External Users; Chatter Own Groups; Create Customize Dashboards; Create Customize Filters; Create Customize Reports; Create Dashboard Folders; Create Report Folders; Edit Knowledge; Edit My Dashboards; Edit My Reports; Edit Opp Line Item Unit Price; Email Administration; Email Template Management; Export Report; Flow UFL Required; Lightning Console Allowed For User; Lightning Experience User; Manage Css Users; Manage Knowledge; Manage Knowledge Import Export; Manage Networks; Manage Partners; Manage Search Promotion Rules; Manage Unlisted Groups; Moderate Chatter; New Report Builder; Run Flow; Run Reports; Schedule Job; Send External Email Available; Share Files With Networks; Share Internal Articles; Show Company Name As User Badge; Subscribe Dashboard Roles Grps; Subscribe Dashboard To Other Users; Subscribe To Lightning Dashboards; Use Web Link; View Event Log Files; View Help Link; View My Teams Dashboards; View Public Dashboards; View Public Reports; View Roles","103","103","73","74","41","52","6","6615","1380","205","2022-02-14 10:42:33 UTC","2026-08-12 10:06:52 UTC","https://probomedical.my.salesforce.com/0PS5b000000HjVcGAK"
"0PS5b000000HjVhGAK","X00e5b000000YasNAAS","00e5b000000YasNAAS","","true","00e5b000000YasNAAS","Logistics and Inventory Manager - UK","true","Profile","","false","","","","","","122","Assign Permission Sets; Customize Application; Edit Readonly Fields; Manage Internal Users; Manage Password Policies; Manage Profiles Permissionsets; Manage Roles; Manage Sharing; Manage Users; Modify Metadata; Reset Passwords","Access Content Builder; Activate Contract; Activate Order; Activities Access; Allow Universal Search; Allow View Knowledge; Apex Rest Services; Api Enabled; Assign Permission Sets; Assign Topics; Can Approve Feed Post; Can Use New Dashboard Builder; Change Dashboard Colors; Chatter File Link; Chatter Internal User; Chatter Invite External Users; Chatter Own Groups; Connect Org To Environment Hub; Convert Leads; Create Customize Dashboards; Create Customize Filters; Create Customize Reports; Create Dashboard Folders; Create Ltng Temp Folder; Create Ltng Temp In Pub; Create Report Folders; Create Report In Lightning; Create Topics; Customize Application; Delegated Two Factor; Delete Topics; Distribute From Pers Wksp; Edit Activated Orders; Edit Billing Info; Edit Event; Edit Html Templates; Edit My Dashboards; Edit My Reports; Edit Opp Line Item Unit Price; Edit Public Documents; Edit Public Filters; Edit Public Templates; Edit Readonly Fields; Edit Task; Edit Topics; Email Administration; Email Mass; Email Single; Email Template Management; Enable Notifications; Export Report; Flow UFL Required; Freeze Users; Import Leads; Import Personal; Isotope LEX; Lightning Console Allowed For User; Lightning Experience User; List Email Send; Manage Categories; Manage Chatter Messages; Manage Content Types; Manage Css Users; Manage Custom Permissions; Manage Custom Report Types; Manage Dashbds In Pub Folders; Manage Dynamic Dashboards; Manage Email Content; Manage Exchange Config; Manage Interaction; Manage Internal Users; Manage Ip Addresses; Manage Leads; Manage Login Access Policies; Manage Networks; Manage Password Policies; Manage Profiles Permissionsets; Manage Remote Access; Manage Reports In Pub Folders; Manage Roles; Manage Sharing; Manage Users; Mass Inline Edit; Moderate Chatter; Modify Metadata; Monitor Login History; New Report Builder; Outbound Migration Tools User; Reset Passwords; Run Flow; Run Reports; Schedule Job; Schedule Reports; Select Files From Salesforce; Send Sit Requests; Share Files With Networks; Show Company Name As User Badge; Solution Import; Subscribe Dashboard Roles Grps; Subscribe Dashboard To Other Users; Subscribe Report Roles Grps; Subscribe Report To Other Users; Subscribe Reports Run As User; Subscribe To Lightning Dashboards; Subscribe To Lightning Reports; Transactional Email Send; Transfer Any Entity; Transfer Any Lead; Use Team Reassign Wizards; Use Web Link; View All Profiles; View All Users; View Data Categories; View Event Log Files; View Global Header; View Help Link; View My Teams Dashboards; View Public Dashboards; View Public Reports; View Roles; View Setup; View User PII","466","466","466","455","455","441","441","6743","1306","200","2022-02-14 10:59:42 UTC","2026-08-12 10:06:52 UTC","https://probomedical.my.salesforce.com/0PS5b000000HjVhGAK"
"0PS5b000000HjYMGA0","X00e5b000000YasXAAS","00e5b000000YasXAAS","","true","00e5b000000YasXAAS","Michael Asmer Profile","true","Profile","","false","","","","","","12","","Activities Access; Add Direct Message Members; Allow Universal Search; Content Workspaces; Email Administration; Email Template Management; Enable Community App Launcher; Enable Notifications; Password Never Expires; Select Files From Salesforce; Show Company Name As User Badge; Use Web Link","0","0","0","0","0","0","0","771","17","63","2022-02-15 17:55:10 UTC","2026-06-30 03:31:13 UTC","https://probomedical.my.salesforce.com/0PS5b000000HjYMGA0"
"0PS5b000000HjYRGA0","X00e5b000000YascAAC","00e5b000000YascAAC","","true","00e5b000000YascAAC","Michael Asmer Portal","true","Profile","","false","","","","","","21","","Activities Access; Allow Universal Search; Apex Rest Services; Chatter Edit Own Post; Chatter Edit Own Record Post; Content Workspaces; Create Customize Reports; Create Topics; Edit My Reports; Edit Task; Email Administration; Email Template Management; Enable Community App Launcher; Enable Notifications; Field Service Access; Run Flow; Run Reports; Share Files With Networks; Show Company Name As User Badge; Use Web Link; View Content","25","25","18","18","1","0","0","3606","873","140","2022-02-15 18:02:36 UTC","2026-08-12 10:06:52 UTC","https://probomedical.my.salesforce.com/0PS5b000000HjYRGA0"
"0PS5b000000Hk2qGAC","X00e5b000000YaxXAAS","00e5b000000YaxXAAS","","true","00e5b000000YaxXAAS","Sales Insights Integration User","false","Profile","","false","","","","","","23","View All Data","Activities Access; Add Direct Message Members; Apex Rest Services; Api Enabled; Api User Only; Campaign Influence2; Enable Community App Launcher; Pardot User; Password Never Expires; Remove Direct Message Members; Show Company Name As User Badge; Use Web Link; View All Data; View All Users; View Developer Name; View Event Log Files; View License Utilization; View Product Limits; View Public Dashboards; View Public Reports; View Roles; View Setup; View User PII","516","516","17","17","17","515","14","5878","342","111","2022-03-15 14:13:20 UTC","2026-08-12 10:06:52 UTC","https://probomedical.my.salesforce.com/0PS5b000000Hk2qGAC"
"0PS5b000000Hk2rGAC","X00e5b000000YaxYAAS","00e5b000000YaxYAAS","","true","00e5b000000YaxYAAS","SalesforceIQ Integration User","false","Profile","","false","","","","","","21","View All Data","Add Direct Message Members; Allow View Edit Converted Leads; Apex Rest Services; Api Enabled; Api User Only; Enable Community App Launcher; Password Never Expires; Remove Direct Message Members; Run Reports; Show Company Name As User Badge; Use Web Link; View All Data; View Developer Name; View Event Log Files; View License Utilization; View Product Limits; View Public Dashboards; View Public Reports; View Roles; View Setup; View User PII","516","516","1","26","26","515","25","5877","341","111","2022-03-15 14:13:22 UTC","2026-08-12 10:06:52 UTC","https://probomedical.my.salesforce.com/0PS5b000000Hk2rGAC"
"0PS5b000000Hk7RGAS","X00e5b000000YaxrAAC","00e5b000000YaxrAAC","","true","00e5b000000YaxrAAC","Renovo Solutions Profile","true","Profile","","false","","","","","","12","","Activities Access; Add Direct Message Members; Allow Universal Search; Content Workspaces; Email Administration; Email Template Management; Enable Community App Launcher; Enable Notifications; Password Never Expires; Select Files From Salesforce; Show Company Name As User Badge; Use Web Link","0","0","0","0","0","0","0","771","17","63","2022-03-21 21:06:48 UTC","2026-06-30 03:31:13 UTC","https://probomedical.my.salesforce.com/0PS5b000000Hk7RGAS"
"0PS5b000000Hk7WGAS","X00e5b000000YaxwAAC","00e5b000000YaxwAAC","","true","00e5b000000YaxwAAC","Renovo Portal","true","Profile","","false","","","","","","8","","Allow Universal Search; Email Administration; Email Template Management; Enable Notifications; Field Service Access; Run Reports; Share Files With Networks; View Content","23","23","19","18","1","0","0","3343","873","139","2022-03-21 21:38:15 UTC","2026-08-12 10:06:52 UTC","https://probomedical.my.salesforce.com/0PS5b000000Hk7WGAS"
"0PS5b000000HmSJGA0","X00e5b000000Yb3VAAS","00e5b000000Yb3VAAS","","true","00e5b000000Yb3VAAS","Engineer - UK","true","Profile","","false","","","","","","54","","Activities Access; Allow Universal Search; Allow View Knowledge; Apex Rest Services; Api Enabled; Can Insert Feed System Fields; Can Use New Dashboard Builder; Chatter Edit Own Post; Chatter Edit Own Record Post; Chatter File Link; Chatter Internal User; Chatter Invite External Users; Chatter Own Groups; Create Customize Dashboards; Create Customize Filters; Create Customize Reports; Create Dashboard Folders; Create Report Folders; Edit Knowledge; Edit My Dashboards; Edit My Reports; Email Administration; Email Template Management; Export Report; Field Service Access; Flow UFL Required; Lightning Console Allowed For User; Lightning Experience User; Manage Css Users; Manage Knowledge; Manage Knowledge Import Export; Manage Networks; Manage Partners; Manage Search Promotion Rules; Manage Unlisted Groups; Moderate Chatter; New Report Builder; Run Flow; Run Reports; Schedule Job; Send External Email Available; Share Files With Networks; Share Internal Articles; Show Company Name As User Badge; Subscribe Dashboard Roles Grps; Subscribe Dashboard To Other Users; Subscribe To Lightning Dashboards; Use Web Link; View Event Log Files; View Help Link; View My Teams Dashboards; View Public Dashboards; View Public Reports; View Roles","98","98","65","66","35","51","3","7018","1381","203","2022-08-02 10:17:03 UTC","2026-08-12 10:06:52 UTC","https://probomedical.my.salesforce.com/0PS5b000000HmSJGA0"
"0PS5b000001V0jhGAC","X00e5b00000132SNAAY","00e5b00000132SNAAY","","true","00e5b00000132SNAAY","Salesforce API Only System Integrations","true","Profile","","false","","","","","","3","","Api Enabled; Api User Only; Chatter Internal User","1","1","1","1","1","0","0","5874","193","83","2023-03-17 05:33:48 UTC","2026-08-12 10:06:52 UTC","https://probomedical.my.salesforce.com/0PS5b000001V0jhGAC"
"0PS5b000001QDXjGAO","X00e5b000001lrzGAAQ","00e5b000001lrzGAAQ","","true","00e5b000001lrzGAAQ","Block Imaging Portal Profile","true","Profile","","false","","","","","","12","","Activities Access; Add Direct Message Members; Allow Universal Search; Content Workspaces; Email Administration; Email Template Management; Enable Community App Launcher; Enable Notifications; Password Never Expires; Select Files From Salesforce; Show Company Name As User Badge; Use Web Link","0","0","0","0","0","0","0","771","17","63","2023-10-11 17:26:57 UTC","2026-06-30 03:31:13 UTC","https://probomedical.my.salesforce.com/0PS5b000001QDXjGAO"
"0PS5b000001QDXoGAO","X00e5b000001lrzLAAQ","00e5b000001lrzLAAQ","","true","00e5b000001lrzLAAQ","Block Imaging Portal","true","Profile","","false","","","","","","8","","Allow Universal Search; Email Administration; Email Template Management; Enable Notifications; Field Service Access; Run Reports; Share Files With Networks; View Content","23","23","19","18","1","0","0","3344","873","139","2023-10-11 18:15:36 UTC","2026-08-12 10:06:52 UTC","https://probomedical.my.salesforce.com/0PS5b000001QDXoGAO"
"0PS5b000001QDdhGAG","X00e5b000001ls0JAAQ","00e5b000001ls0JAAQ","","true","00e5b000001ls0JAAQ","Analytics Cloud Integration User","false","Profile","","false","","","","","","31","View All Data","Activities Access; Add Direct Message Members; Allow View Knowledge; Apex Rest Services; Api Enabled; Api User Only; Assessment Platform User; Campaign Influence2; Enable Community App Launcher; Field Service Access; Insights App Admin; Insights App User; Password Never Expires; Query All Files; Record Visibility API; Remove Direct Message Members; Run Reports; Use Web Link; View All Data; View All Profiles; View All Users; View Developer Name; View Event Log Files; View Forecasting Predictive; View License Utilization; View Product Catalog Objects; View Product Limits; View Public Dashboards; View Public Reports; View Roles; View Setup","516","516","1","1","1","512","0","5875","160","77","2023-10-14 05:05:44 UTC","2026-08-12 10:06:52 UTC","https://probomedical.my.salesforce.com/0PS5b000001QDdhGAG"
"0PS5b000001QDdiGAG","X00e5b000001ls0KAAQ","00e5b000001ls0KAAQ","","true","00e5b000001ls0KAAQ","Analytics Cloud Security User","false","Profile","","false","","","","","","23","","Add Direct Message Members; Apex Rest Services; Api Enabled; Api User Only; Assessment Platform User; Campaign Influence2; Enable Community App Launcher; Field Service Access; Insights App Admin; Insights App User; Password Never Expires; Remove Direct Message Members; Use Web Link; View All Profiles; View All Users; View Developer Name; View Event Log Files; View Forecasting Predictive; View License Utilization; View Product Catalog Objects; View Product Limits; View Roles; View Setup","124","124","1","1","1","113","0","5875","160","77","2023-10-14 05:05:46 UTC","2026-08-12 10:06:52 UTC","https://probomedical.my.salesforce.com/0PS5b000001QDdiGAG"
"0PSRo0000000uQPOAY","X00eRo000001v3mzIAA","00eRo000001v3mzIAA","","true","00eRo000001v3mzIAA","Minimum Access - API Only Integrations","false","Profile","","false","","","","","","3","","Api Enabled; Api User Only; Chatter Internal User","0","0","0","0","0","0","0","1820","110","18","2024-02-10 06:05:08 UTC","2026-08-12 10:06:52 UTC","https://probomedical.my.salesforce.com/0PSRo0000000uQPOAY"
"0PSRo0000003KDVOA2","X00eRo000006FoHDIA0","00eRo000006FoHDIA0","","true","00eRo000006FoHDIA0","Coordination - UK","true","Profile","","false","","","","","","58","","Activities Access; Allow Universal Search; Allow View Knowledge; Apex Rest Services; Api Enabled; Assign Topics; Can Use New Dashboard Builder; Chatter File Link; Chatter Internal User; Chatter Invite External Users; Chatter Own Groups; Create Customize Dashboards; Create Customize Filters; Create Customize Reports; Create Dashboard Folders; Create Report Folders; Create Report In Lightning; Create Topics; Distribute From Pers Wksp; Edit Event; Edit Html Templates; Edit My Dashboards; Edit My Reports; Edit Opp Line Item Unit Price; Edit Task; Edit Topics; Email Administration; Email Mass; Email Single; Email Template Management; Enable Notifications; Export Report; Flow UFL Required; Lightning Console Allowed For User; Lightning Experience User; List Email Send; Manage Css Users; Manage Remote Access; Mass Inline Edit; New Report Builder; Run Flow; Run Reports; Schedule Job; Schedule Reports; Select Files From Salesforce; Send Sit Requests; Share Files With Networks; Show Company Name As User Badge; Subscribe To Lightning Reports; Transactional Email Send; Use Web Link; View All Users; View Help Link; View My Teams Dashboards; View Public Dashboards; View Public Reports; View Roles; View Setup","95","95","79","72","52","27","4","6866","1378","199","2024-07-16 15:12:20 UTC","2026-08-12 10:06:52 UTC","https://probomedical.my.salesforce.com/0PSRo0000003KDVOA2"
"0PSRo0000003QXROA2","X00eRo000006TgGXIA0","00eRo000006TgGXIA0","","true","00eRo000006TgGXIA0","Tampa General Customer Portal Profile","true","Profile","","false","","","","","","12","","Activities Access; Add Direct Message Members; Allow Universal Search; Content Workspaces; Email Administration; Email Template Management; Enable Community App Launcher; Enable Notifications; Password Never Expires; Select Files From Salesforce; Show Company Name As User Badge; Use Web Link","0","0","0","0","0","0","0","774","17","63","2024-07-23 16:25:37 UTC","2026-06-30 03:31:13 UTC","https://probomedical.my.salesforce.com/0PSRo0000003QXROA2"
"0PSRo0000003QijOAE","X00eRo000006Tx2uIAC","00eRo000006Tx2uIAC","","true","00eRo000006Tx2uIAC","Tampa General Portal Profile","true","Profile","","false","","","","","","12","","Activities Access; Add Direct Message Members; Allow Universal Search; Content Workspaces; Email Administration; Email Template Management; Enable Community App Launcher; Enable Notifications; Password Never Expires; Select Files From Salesforce; Show Company Name As User Badge; Use Web Link","0","0","0","0","0","0","0","774","17","63","2024-07-23 18:54:35 UTC","2026-06-30 03:31:13 UTC","https://probomedical.my.salesforce.com/0PSRo0000003QijOAE"
"0PSRo0000003QlxOAE","X00eRo000006U9dVIAS","00eRo000006U9dVIAS","","true","00eRo000006U9dVIAS","Tampa General Community Portal","true","Profile","","false","","","","","","21","","Activities Access; Allow Universal Search; Apex Rest Services; Chatter Edit Own Post; Chatter Edit Own Record Post; Content Workspaces; Create Customize Reports; Create Topics; Edit My Reports; Edit Task; Email Administration; Email Template Management; Enable Community App Launcher; Enable Notifications; Field Service Access; Run Flow; Run Reports; Share Files With Networks; Show Company Name As User Badge; Use Web Link; View Content","23","23","18","18","1","0","0","3373","873","140","2024-07-23 19:04:48 UTC","2026-08-12 10:06:52 UTC","https://probomedical.my.salesforce.com/0PSRo0000003QlxOAE"
"0PSRo0000004xEPOAY","X00eRo000009h8JjIAI","00eRo000009h8JjIAI","","true","00eRo000009h8JjIAI","Sourcing - UK","true","Profile","","false","","","","","","60","","Activities Access; Allow Universal Search; Allow View Knowledge; Apex Rest Services; Api Enabled; Assign Topics; Can Use New Dashboard Builder; Chatter File Link; Chatter Internal User; Chatter Invite External Users; Chatter Own Groups; Convert Leads; Create Customize Dashboards; Create Customize Filters; Create Customize Reports; Create Dashboard Folders; Create Report Folders; Create Report In Lightning; Create Topics; Distribute From Pers Wksp; Edit Event; Edit Html Templates; Edit My Dashboards; Edit My Reports; Edit Opp Line Item Unit Price; Edit Task; Edit Topics; Email Administration; Email Mass; Email Single; Email Template Management; Enable Notifications; Export Report; Flow UFL Required; Import Personal; Lightning Console Allowed For User; Lightning Experience User; List Email Send; Manage Css Users; Manage Remote Access; Mass Inline Edit; New Report Builder; Run Flow; Run Reports; Schedule Job; Schedule Reports; Select Files From Salesforce; Send Sit Requests; Share Files With Networks; Show Company Name As User Badge; Subscribe To Lightning Reports; Transactional Email Send; Use Web Link; View All Users; View Help Link; View My Teams Dashboards; View Public Dashboards; View Public Reports; View Roles; View Setup","97","97","86","80","57","27","6","6785","1380","199","2024-11-07 10:08:38 UTC","2026-08-12 10:06:52 UTC","https://probomedical.my.salesforce.com/0PSRo0000004xEPOAY"
"0PSRo00000052QzOAI","X00eRo000009x4SEIAY","00eRo000009x4SEIAY","","true","00eRo000009x4SEIAY","FSL US","true","Profile","","false","","","","","","60","","Activities Access; Allow View Knowledge; Apex Rest Services; Api Enabled; Assign Topics; Can Approve Uninstalled Apps; Can Use New Dashboard Builder; Chatter File Link; Chatter Internal User; Chatter Invite External Users; Chatter Own Groups; Convert Leads; Create Customize Dashboards; Create Customize Filters; Create Customize Reports; Create Dashboard Folders; Create Report Folders; Create Report In Lightning; Create Topics; Distribute From Pers Wksp; Edit Event; Edit Html Templates; Edit My Dashboards; Edit My Reports; Edit Opp Line Item Unit Price; Edit Task; Edit Topics; Email Administration; Email Mass; Email Single; Email Template Management; Enable Notifications; Export Report; Flow UFL Required; Import Personal; Lightning Console Allowed For User; Lightning Experience User; List Email Send; Manage Css Users; Manage Remote Access; Mass Inline Edit; New Report Builder; Run Flow; Run Reports; Schedule Job; Schedule Reports; Select Files From Salesforce; Send Sit Requests; Share Files With Networks; Show Company Name As User Badge; Subscribe To Lightning Reports; Transactional Email Send; Use Web Link; View All Users; View Help Link; View My Teams Dashboards; View Public Dashboards; View Public Reports; View Roles; View Setup","28","28","15","15","7","22","5","5704","723","117","2024-11-15 11:34:17 UTC","2026-08-12 10:06:52 UTC","https://probomedical.my.salesforce.com/0PSRo00000052QzOAI"
"0PSRo0000005rDNOAY","X00eRo00000CPZenIAH","00eRo00000CPZenIAH","","true","00eRo00000CPZenIAH","Anypoint Integration","false","Profile","","false","","","","","","23","","Add Direct Message Members; Apex Rest Services; Api Enabled; Assign Topics; Chatter Edit Own Post; Chatter File Link; Chatter Internal User; Chatter Invite External Users; Chatter Own Groups; Content Workspaces; Create Topics; Distribute From Pers Wksp; Edit Topics; Enable Community App Launcher; Flow UFL Required; Identity Enabled; Lightning Experience User; Remove Direct Message Members; Select Files From Salesforce; Share Files With Networks; Show Company Name As User Badge; Use Web Link; View Help Link","2","2","2","2","2","0","0","5512","84","49","2025-02-15 05:38:37 UTC","2026-08-12 10:06:52 UTC","https://probomedical.my.salesforce.com/0PSRo0000005rDNOAY"
"0PSRo0000007CCXOA2","X00eRo00000EVrkjIAD","00eRo00000EVrkjIAD","","true","00eRo00000EVrkjIAD","Oncura Portal Profile","true","Profile","","false","","","","","","12","","Activities Access; Add Direct Message Members; Allow Universal Search; Content Workspaces; Email Administration; Email Template Management; Enable Community App Launcher; Enable Notifications; Password Never Expires; Select Files From Salesforce; Show Company Name As User Badge; Use Web Link","0","0","0","0","0","0","0","774","17","63","2025-05-04 03:36:46 UTC","2026-06-30 03:31:13 UTC","https://probomedical.my.salesforce.com/0PSRo0000007CCXOA2"
"0PSRo0000007CE9OAM","X00eRo00000EVrmLIAT","00eRo00000EVrmLIAT","","true","00eRo00000EVrmLIAT","Oncura Portal","true","Profile","","false","","","","","","21","","Activities Access; Allow Universal Search; Apex Rest Services; Chatter Edit Own Post; Chatter Edit Own Record Post; Content Workspaces; Create Customize Reports; Create Topics; Edit My Reports; Edit Task; Email Administration; Email Template Management; Enable Community App Launcher; Enable Notifications; Field Service Access; Run Flow; Run Reports; Share Files With Networks; Show Company Name As User Badge; Use Web Link; View Content","23","23","19","18","1","0","0","3343","873","139","2025-05-04 03:39:49 UTC","2026-08-12 10:06:52 UTC","https://probomedical.my.salesforce.com/0PSRo0000007CE9OAM"
"0PSRo0000007CFlOAM","X00eRo00000EWq0DIAT","00eRo00000EWq0DIAT","","true","00eRo00000EWq0DIAT","Oncura Partners Profile","true","Profile","","false","","","","","","12","","Activities Access; Add Direct Message Members; Allow Universal Search; Content Workspaces; Email Administration; Email Template Management; Enable Community App Launcher; Enable Notifications; Password Never Expires; Select Files From Salesforce; Show Company Name As User Badge; Use Web Link","0","0","0","0","0","0","0","774","17","63","2025-05-05 04:21:20 UTC","2026-06-30 03:31:13 UTC","https://probomedical.my.salesforce.com/0PSRo0000007CFlOAM"
"0PSRo0000009hTxOAI","X00eRo00000JtbyTIAR","00eRo00000JtbyTIAR","","true","00eRo00000JtbyTIAR","Quality - UK","true","Profile","","false","","","","","","53","","Activities Access; Allow Universal Search; Allow View Knowledge; Apex Rest Services; Api Enabled; Can Insert Feed System Fields; Can Use New Dashboard Builder; Chatter Edit Own Post; Chatter Edit Own Record Post; Chatter File Link; Chatter Internal User; Chatter Invite External Users; Chatter Own Groups; Create Customize Dashboards; Create Customize Filters; Create Customize Reports; Create Dashboard Folders; Create Report Folders; Edit Knowledge; Edit My Dashboards; Edit My Reports; Email Administration; Email Template Management; Export Report; Flow UFL Required; Lightning Console Allowed For User; Lightning Experience User; Manage Css Users; Manage Knowledge; Manage Knowledge Import Export; Manage Networks; Manage Partners; Manage Search Promotion Rules; Manage Unlisted Groups; Moderate Chatter; New Report Builder; Run Flow; Run Reports; Schedule Job; Send External Email Available; Share Files With Networks; Share Internal Articles; Show Company Name As User Badge; Subscribe Dashboard Roles Grps; Subscribe Dashboard To Other Users; Subscribe To Lightning Dashboards; Use Web Link; View Event Log Files; View Help Link; View My Teams Dashboards; View Public Dashboards; View Public Reports; View Roles","100","100","71","72","42","54","7","6582","1380","203","2025-10-16 13:48:02 UTC","2026-08-12 10:06:52 UTC","https://probomedical.my.salesforce.com/0PSRo0000009hTxOAI"
"0PSRo000000Ckn3OAC","X00eRo00000Ob6tRIAR","00eRo00000Ob6tRIAR","","true","00eRo00000Ob6tRIAR","Mechanical Services","true","Profile","","false","","","","","","55","","Access Orchestration Objects; Activities Access; Add Direct Message Members; Allow Universal Search; Allow View Knowledge; Apex Rest Services; Api Enabled; Assign Topics; Can Access CE; Chatter Edit Own Post; Chatter File Link; Chatter Internal User; Chatter Invite External Users; Chatter Own Groups; Content Workspaces; Convert Leads; Create Customize Filters; Create Customize Reports; Create Topics; Distribute From Pers Wksp; Edit Event; Edit Opp Line Item Unit Price; Edit Task; Edit Topics; Email Administration; Email Mass; Email Single; Email Template Management; Enable Community App Launcher; Enable Notifications; Export Report; Field Service Access; Flow UFL Required; Import Personal; Lightning Console Allowed For User; Lightning Experience User; List Email Send; Mass Inline Edit; Remove Direct Message Members; Run Reports; Select Files From Salesforce; Send External Email Available; Send Sit Requests; Share Files With Networks; Show Company Name As User Badge; Submit Macros Allowed; Subscribe To Lightning Reports; Transactional Email Send; Use Web Link; View Developer Name; View Help Link; View Public Capstone Folders; View Roles; View Setup; View Trust Measures","106","106","84","89","39","7","0","6142","1172","211","2026-03-26 11:52:20 UTC","2026-08-12 10:06:52 UTC","https://probomedical.my.salesforce.com/0PSRo000000Ckn3OAC"
"0PSU00000009Kj9OAE","X00eU0000000FNLbIAO","00eU0000000FNLbIAO","","true","00eU0000000FNLbIAO","System Administrator Custom 2","true","Profile","","false","","","","","","179","Assign Permission Sets; Author Apex; Customize Application; Data Export; Manage Auth Providers; Manage Internal Users; Manage Password Policies; Manage Profiles Permissionsets; Manage Roles; Manage Sandboxes; Manage Sharing; Manage Users; Modify All Data; Modify Metadata; Reset Passwords; View All Data","Access CMC; Activate Contract; Activate Order; Activities Access; Add Direct Message Members; Allow Lightning Login; Allow Universal Search; Allow View Edit Converted Leads; Allow View Knowledge; Apex Rest Services; Api Enabled; Assign Permission Sets; Assign Topics; Author Apex; Bulk Macros Allowed; Can Approve Feed Post; Can Insert Feed System Fields; Can Use New Dashboard Builder; Chatter Edit Own Post; Chatter Edit Own Record Post; Chatter File Link; Chatter Internal User; Chatter Invite External Users; Chatter Own Groups; Config Custom Recs; Connect Org To Environment Hub; Content Administrator; Content Workspaces; Convert Leads; Create Audit Fields; Create Customize Dashboards; Create Customize Filters; Create Customize Reports; Create Dashboard Folders; Create Packaging; Create Report Folders; Create Report In Lightning; Create Topics; Create Workspaces; Customize Application; Data Export; Delegated Two Factor; Delete Activated Contract; Delete Topics; Distribute From Pers Wksp; Edit Activated Orders; Edit Billing Info; Edit Brand Templates; Edit Case Comments; Edit Event; Edit Html Templates; Edit Knowledge; Edit My Dashboards; Edit My Reports; Edit Opp Line Item Unit Price; Edit Public Documents; Edit Public Filters; Edit Public Templates; Edit Task; Edit Topics; Email Administration; Email Mass; Email Single; Email Template Management; Enable Community App Launcher; Enable Notifications; Export Report; Flow UFL Required; Freeze Users; Govern Networks; Import Custom Objects; Import Leads; Import Personal; Inbound Migration Tools User; Install Packaging; Lightning Console Allowed For User; Lightning Experience User; List Email Send; Manage Analytic Snapshots; Manage Auth Providers; Manage Business Hour Holidays; Manage Call Centers; Manage Cases; Manage Categories; Manage Certificates; Manage Chatter Messages; Manage Content Permissions; Manage Content Properties; Manage Content Types; Manage Css Users; Manage Custom Permissions; Manage Custom Report Types; Manage Dashbds In Pub Folders; Manage Data Categories; Manage Data Integrations; Manage Dynamic Dashboards; Manage Email Client Config; Manage Entitlements; Manage Exchange Config; Manage Health Check; Manage Interaction; Manage Internal Users; Manage Ip Addresses; Manage Knowledge; Manage Knowledge Import Export; Manage Leads; Manage Login Access Policies; Manage Mobile; Manage Networks; Manage Partners; Manage Password Policies; Manage Profiles Permissionsets; Manage Propositions; Manage Pvt Rpts And Dashbds; Manage Recommendation Strategies; Manage Remote Access; Manage Reports In Pub Folders; Manage Roles; Manage Sandboxes; Manage Search Promotion Rules; Manage Session Permission Sets; Manage Sharing; Manage Solutions; Manage Synonyms; Manage Two Factor; Manage Unlisted Groups; Manage Users; Mass Inline Edit; Merge Topics; Moderate Chatter; Moderate Network Feeds; Moderate Network Files; Moderate Network Messages; Moderate Network Users; Modify All Data; Modify Metadata; Monitor Login History; New Report Builder; Outbound Migration Tools User; Publish Packaging; Remove Direct Message Members; Reset Passwords; Run Flow; Run Reports; Schedule Job; Schedule Reports; Select Files From Salesforce; Send Announcement Emails; Send External Email Available; Send Sit Requests; Share Files With Networks; Share Internal Articles; Show Company Name As User Badge; Solution Import; Submit Macros Allowed; Subscribe Report Roles Grps; Subscribe Report To Other Users; Subscribe Reports Run As User; Subscribe To Lightning Reports; Transactional Email Send; Transfer Any Case; Transfer Any Entity; Transfer Any Lead; Update With Inactive Owner; Use Team Reassign Wizards; Use Web Link; View All Data; View All Users; View Data Assessment; View Data Categories; View Event Log Files; View Global Header; View Health Check; View Help Link; View My Teams Dashboards; View Public Dashboards; View Public Reports; View Roles; View Setup","516","516","516","503","503","501","501","7850","2082","215","2016-07-23 07:18:19 UTC","2026-08-12 10:06:52 UTC","https://probomedical.my.salesforce.com/0PSU00000009Kj9OAE"
"0PSU0000000OFj0OAG","X00eU0000000JBTdIAO","00eU0000000JBTdIAO","","true","00eU0000000JBTdIAO","Soapbox Mailer Email Tracking Profile","true","Profile","","false","","","","","","9","","Activities Access; Allow Universal Search; Email Administration; Email Template Management; Enable Notifications; Password Never Expires; Select Files From Salesforce; Show Company Name As User Badge; Use Web Link","1","1","0","0","0","0","0","771","12","63","2014-08-24 17:20:37 UTC","2026-06-30 03:31:13 UTC","https://probomedical.my.salesforce.com/0PSU0000000OFj0OAG"
"0PSU0000000OJT7OAO","X00eU0000000JGWPIA4","00eU0000000JGWPIA4","","true","00eU0000000JGWPIA4","Force.com - App Subscription User","false","Profile","","false","","","","","","42","","Activities Access; Add Direct Message Members; Allow Universal Search; Allow View Knowledge; Apex Rest Services; Api Enabled; Assign Topics; Chatter Edit Own Post; Chatter File Link; Chatter Internal User; Chatter Invite External Users; Chatter Own Groups; Content Workspaces; Create Customize Filters; Create Topics; Custom Mobile Apps Access; Distribute From Pers Wksp; Edit Event; Edit Task; Edit Topics; Email Administration; Email Mass; Email Single; Email Template Management; Enable Community App Launcher; Enable Notifications; Export Report; Flow UFL Required; Import Personal; Lightning Experience User; List Email Send; Remove Direct Message Members; Run Reports; Select Files From Salesforce; Share Files With Networks; Show Company Name As User Badge; Subscribe To Lightning Reports; Transactional Email Send; Use Web Link; View Help Link; View Roles; View Setup","4","4","4","4","4","3","3","3967","1123","187","2015-01-02 22:45:34 UTC","2026-08-12 10:06:52 UTC","https://probomedical.my.salesforce.com/0PSU0000000OJT7OAO"
"0PSU0000000OKzxOAG","X00eU0000000JHJRIA4","00eU0000000JHJRIA4","","true","00eU0000000JHJRIA4","Purchasing","true","Profile","","false","","","","","","69","Manage Internal Users; Manage Sharing","Activities Access; Allow Universal Search; Allow View Edit Converted Leads; Allow View Knowledge; Apex Rest Services; Api Enabled; Assign Topics; Can Use New Dashboard Builder; Chatter File Link; Chatter Internal User; Chatter Invite External Users; Chatter Own Groups; Connect Org To Environment Hub; Convert Leads; Create Customize Dashboards; Create Customize Filters; Create Customize Reports; Create Dashboard Folders; Create Report Folders; Create Topics; Delete Topics; Distribute From Pers Wksp; Edit Event; Edit Html Templates; Edit My Dashboards; Edit My Reports; Edit Opp Line Item Unit Price; Edit Task; Edit Topics; Email Administration; Email Mass; Email Single; Email Template Management; Enable Notifications; Export Report; Flow UFL Required; Import Custom Objects; Import Leads; Lightning Console Allowed For User; List Email Send; Manage Css Users; Manage Dashbds In Pub Folders; Manage Internal Users; Manage Leads; Manage Pvt Rpts And Dashbds; Manage Reports In Pub Folders; Manage Sharing; Merge Topics; New Report Builder; Run Flow; Run Reports; Schedule Job; Schedule Reports; Select Files From Salesforce; Send Sit Requests; Share Files With Networks; Show Company Name As User Badge; Subscribe To Lightning Reports; Transactional Email Send; Transfer Any Lead; Use Team Reassign Wizards; Use Web Link; View All Users; View Event Log Files; View Help Link; View My Teams Dashboards; View Public Dashboards; View Public Reports; View Roles","94","94","57","55","39","48","3","6365","1205","206","2015-02-05 05:58:35 UTC","2026-08-12 10:06:52 UTC","https://probomedical.my.salesforce.com/0PSU0000000OKzxOAG"
"0PSU0000000OMREOA4","X00eU0000000JI8fIAG","00eU0000000JI8fIAG","","true","00eU0000000JI8fIAG","Sales User","true","Profile","","false","","","","","","60","","Activities Access; Allow Universal Search; Allow View Knowledge; Apex Rest Services; Api Enabled; Assign Topics; Can Use New Dashboard Builder; Chatter File Link; Chatter Internal User; Chatter Invite External Users; Chatter Own Groups; Convert Leads; Create Customize Dashboards; Create Customize Filters; Create Customize Reports; Create Dashboard Folders; Create Report Folders; Create Report In Lightning; Create Topics; Distribute From Pers Wksp; Edit Event; Edit Html Templates; Edit My Dashboards; Edit My Reports; Edit Opp Line Item Unit Price; Edit Task; Edit Topics; Email Administration; Email Mass; Email Single; Email Template Management; Enable Notifications; Export Report; Flow UFL Required; Import Personal; Lightning Console Allowed For User; Lightning Experience User; List Email Send; Manage Css Users; Manage Leads; Manage Remote Access; Manage Reports In Pub Folders; Mass Inline Edit; New Report Builder; Run Flow; Run Reports; Schedule Job; Schedule Reports; Select Files From Salesforce; Send Sit Requests; Share Files With Networks; Show Company Name As User Badge; Subscribe To Lightning Reports; Transactional Email Send; Use Web Link; View Help Link; View My Teams Dashboards; View Public Dashboards; View Public Reports; View Roles","100","100","80","77","60","32","7","7090","1279","200","2015-03-27 18:45:39 UTC","2026-08-12 10:06:52 UTC","https://probomedical.my.salesforce.com/0PSU0000000OMREOA4"
"0PSU0000000ORDhOAO","X00eU0000000JMG5IAO","00eU0000000JMG5IAO","","true","00eU0000000JMG5IAO","External User","true","Profile","","false","","","","","","16","","Activities Access; Allow Universal Search; Allow View Knowledge; Apex Rest Services; Api Enabled; Chatter Internal User; Email Administration; Email Template Management; Enable Notifications; Flow UFL Required; Lightning Console Allowed For User; Run Flow; Share Files With Networks; Show Company Name As User Badge; View Help Link; View Roles","47","47","36","36","36","0","0","5759","1164","204","2015-08-29 09:38:07 UTC","2026-08-12 10:06:52 UTC","https://probomedical.my.salesforce.com/0PSU0000000ORDhOAO"
"0PSU0000000WbfYOAS","X00eU0000000NHNwIAO","00eU0000000NHNwIAO","","true","00eU0000000NHNwIAO","Chatter Moderator User","false","Profile","","false","","","","","","22","","Add Direct Message Members; Apex Rest Services; Api Enabled; Assign Topics; Chatter File Link; Chatter Internal User; Chatter Invite External Users; Chatter Own Groups; Create Topics; Distribute From Pers Wksp; Edit Topics; Enable Community App Launcher; Flow UFL Required; Lightning Experience User; Moderate Chatter; Password Never Expires; Remove Direct Message Members; Select Files From Salesforce; Share Files With Networks; Show Company Name As User Badge; User Interaction Insights; View Help Link","0","0","0","0","0","0","0","774","1","61","2014-05-16 18:55:49 UTC","2026-06-30 03:31:13 UTC","https://probomedical.my.salesforce.com/0PSU0000000WbfYOAS"
"0PSU0000000WbfZOAS","X00eU0000000NHNxIAO","00eU0000000NHNxIAO","","true","00eU0000000NHNxIAO","Chatter Free User","false","Profile","","false","","","","","","21","","Add Direct Message Members; Apex Rest Services; Api Enabled; Assign Topics; Chatter File Link; Chatter Internal User; Chatter Invite External Users; Chatter Own Groups; Create Topics; Distribute From Pers Wksp; Edit Topics; Enable Community App Launcher; Flow UFL Required; Lightning Experience User; Password Never Expires; Remove Direct Message Members; Select Files From Salesforce; Share Files With Networks; Show Company Name As User Badge; User Interaction Insights; View Help Link","0","0","0","0","0","0","0","774","1","61","2014-05-16 18:55:50 UTC","2026-06-30 03:31:13 UTC","https://probomedical.my.salesforce.com/0PSU0000000WbfZOAS"
"0PSU0000000WbfaOAC","X00eU0000000NHNyIAO","00eU0000000NHNyIAO","","true","00eU0000000NHNyIAO","Chatter External User","false","Profile","","false","","","","","","13","","Add Direct Message Members; Apex Rest Services; Api Enabled; Assign Topics; Chatter Invite External Users; Create Topics; Edit Topics; Enable Community App Launcher; Flow UFL Required; Lightning Experience User; Remove Direct Message Members; Select Files From Salesforce; Show Company Name As User Badge","0","0","0","0","0","0","0","774","1","61","2014-05-16 18:55:50 UTC","2026-06-30 03:31:13 UTC","https://probomedical.my.salesforce.com/0PSU0000000WbfaOAC"
"0PSU0000000WcpEOAS","X00eU0000000NJTXIA4","00eU0000000NJTXIA4","","true","00eU0000000NJTXIA4","Guest License User","false","Profile","","false","","","","","","12","","Activities Access; Add Direct Message Members; Allow Universal Search; Content Workspaces; Email Administration; Email Template Management; Enable Community App Launcher; Enable Notifications; Password Never Expires; Select Files From Salesforce; Show Company Name As User Badge; Use Web Link","2","2","0","0","0","0","0","774","1","63","2014-06-30 20:31:32 UTC","2026-06-30 03:31:13 UTC","https://probomedical.my.salesforce.com/0PSU0000000WcpEOAS"
"0PSU0000000SUKzOAO","X00ex0000001C77I_128_06_32_31_1","00ex0000001C77I_128_06_32_31_1","","true","00eU0000000iBdrIAE","System Administrator","false","Profile","","false","","","","","","228","Assign Permission Sets; Author Apex; Customize Application; Data Export; Edit Readonly Fields; Manage Auth Providers; Manage Internal Users; Manage Password Policies; Manage Profiles Permissionsets; Manage Roles; Manage Sandboxes; Manage Sharing; Manage Users; Modify All Data; Modify Metadata; Reset Passwords; View All Data","AI View Insight Objects; Accept Inbound Bundling; Access Orchestration Objects; Activate Contract; Activate Order; Activities Access; Add Direct Message Members; Allow Universal Search; Allow View Knowledge; Apex Rest Services; Api Enabled; App Framework Manage App; App Framework Manage Template; Approval Admin; Approval Designer; Assign Permission Sets; Assign Topics; Author Apex; Bulk Macros Allowed; Can Access CE; Can Approve Uninstalled Apps; Can Insert Feed System Fields; Can Use New Dashboard Builder; Can Verify Comment; Change Dashboard Colors; Chatter Edit Own Post; Chatter Edit Own Record Post; Chatter File Link; Chatter Internal User; Chatter Invite External Users; Chatter Own Groups; Client Secret Rotation; Connect Org To Environment Hub; Consent Api Update; Content Administrator; Content Workspaces; Convert Leads; Create Customize Dashboards; Create Customize Filters; Create Customize Reports; Create Dashboard Folders; Create Ltng Temp Folder; Create Packaging; Create Report Folders; Create Topics; Create Workspaces; Customize Application; Data Export; Decision Table Exec User Access; Delegated Two Factor; Delete Activated Contract; Delete Topics; Distribute From Pers Wksp; Edit Activated Orders; Edit Billing Info; Edit Brand Templates; Edit Case Comments; Edit Event; Edit Html Templates; Edit Knowledge; Edit My Dashboards; Edit My Reports; Edit Opp Line Item Unit Price; Edit Public Documents; Edit Public Filters; Edit Public Templates; Edit Readonly Fields; Edit Task; Edit Topics; Email Administration; Email Mass; Email Single; Email Template Management; Enable Community App Launcher; Enable Notifications; Export Report; External Client App Admin; External Client App Developer; External Client App Viewer; Field Service Access; Flow UFL Required; Freeze Users; Give Recognition Badge; Grant Outbound Bundling; Import Custom Objects; Import Leads; Import Personal; Inbound Migration Tools User; Install Packaging; Integration Intelligence User; Lightning Console Allowed For User; Lightning Experience User; List Email Send; Manage Analytic Snapshots; Manage Api Named Queries; Manage Auth Providers; Manage Business Hour Holidays; Manage C360 A Connections; Manage CMS; Manage Call Centers; Manage Cases; Manage Categories; Manage Certificates; Manage Content Permissions; Manage Content Properties; Manage Content Taxonomy; Manage Content Types; Manage Custom Domains; Manage Custom Permissions; Manage Custom Report Types; Manage Customer Data Opt Out; Manage Dashbds In Pub Folders; Manage Data Categories; Manage Data Integrations; Manage Dev Sandboxes; Manage Dynamic Dashboards; Manage Email Client Config; Manage Entitlements; Manage Exchange Config; Manage Files And Attachments; Manage Health Check; Manage Heroku App Link; Manage Hub Connections; Manage Interaction; Manage Internal Users; Manage Ip Addresses; Manage Knowledge; Manage Knowledge Import Export; Manage Leads; Manage Login Access Policies; Manage Mobile; Manage Mobile App Security; Manage Networks; Manage Orch Insts And Work Items; Manage Partners; Manage Password Policies; Manage Preference Center; Manage Profiles Permissionsets; Manage Propositions; Manage Pvt Rpts And Dashbds; Manage Recommendation Strategies; Manage Release Updates; Manage Remote Access; Manage Reports In Pub Folders; Manage Roles; Manage Sandboxes; Manage Search Promotion Rules; Manage Sharing; Manage Solutions; Manage Subscriptions; Manage Synonyms; Manage Trust Measures; Manage Unlisted Groups; Manage Users; Marketing Actionable List User; Mass Inline Edit; Merge Topics; Moderate Chatter; Modify All Data; Modify All Policy Center Policies; Modify Data Classification; Modify Metadata; Monitor Login History; New Report Builder; Outbound Migration Tools User; Packaging2; Packaging2 Delete; Privacy Data Access; Publish Packaging; Qr Code Generator Mobile Publisher Playground; Remove Direct Message Members; Reset Passwords; Run Global Optimization; Run In Day Optimization; Run Reports; Schedule Job; Schedule Reports; Select Files From Salesforce; Send Custom Notifications; Send External Email Available; Send Sit Requests; Set Advanced Optimization Filters; Share Files With Networks; Share Internal Articles; Show Company Name As User Badge; Solution Import; Submit Macros Allowed; Subscribe Dashboard Roles Grps; Subscribe Dashboard To Other Users; Subscribe Report Roles Grps; Subscribe Report To Other Users; Subscribe Reports Run As User; Subscribe To Lightning Dashboards; Subscribe To Lightning Reports; Territory Operations; Trace Xds Queries; Transactional Email Send; Transfer Any Case; Transfer Any Entity; Transfer Any Lead; Use Team Reassign Wizards; Use Web Link; View All Data; View All Policy Center Policies; View All Profiles; View All Users; View Api Named Queries; View Client Secret; View Content Taxonomy; View Data Assessment; View Data Categories; View Developer Name; View Email Messaging Setup; View Event Log Files; View Health Check; View Help Link; View License Utilization; View ML Models; View My Teams Dashboards; View Product Limits; View Public Capstone Folders; View Public Dashboards; View Public Reports; View Roles; View SA Lifecycle; View Setup; View Trust Measures; View User PII","516","516","516","503","503","503","503","9401","2784","260","2014-05-16 18:55:04 UTC","2026-08-12 10:06:52 UTC","https://probomedical.my.salesforce.com/0PSU0000000SUKzOAO"
"0PSU0000000SUL2OAO","X00ex0000001C77L_128_06_32_31_4","00ex0000001C77L_128_06_32_31_4","","true","00eU0000000iBduIAE","Standard User","false","Profile","","false","","","","","","58","","Access Orchestration Objects; Activities Access; Add Direct Message Members; Allow Universal Search; Allow View Knowledge; Apex Rest Services; Api Enabled; Assign Topics; Can Access CE; Chatter Edit Own Post; Chatter File Link; Chatter Internal User; Chatter Invite External Users; Chatter Own Groups; Content Workspaces; Convert Leads; Create Customize Filters; Create Customize Reports; Create Topics; Distribute From Pers Wksp; Edit Event; Edit Opp Line Item Unit Price; Edit Task; Edit Topics; Email Administration; Email Mass; Email Single; Email Template Management; Enable Community App Launcher; Enable Notifications; Export Report; Field Service Access; Flow UFL Required; Import Personal; Lightning Console Allowed For User; Lightning Experience User; List Email Send; Mass Inline Edit; Remove Direct Message Members; Run Global Optimization; Run In Day Optimization; Run Reports; Select Files From Salesforce; Send External Email Available; Send Sit Requests; Set Advanced Optimization Filters; Share Files With Networks; Show Company Name As User Badge; Submit Macros Allowed; Subscribe To Lightning Reports; Transactional Email Send; Use Web Link; View Developer Name; View Help Link; View Public Capstone Folders; View Roles; View Setup; View Trust Measures","119","119","88","92","45","4","1","6087","1173","211","2014-05-16 18:55:04 UTC","2026-08-12 10:06:52 UTC","https://probomedical.my.salesforce.com/0PSU0000000SUL2OAO"
"0PSU0000000SUL3OAO","X00ex0000001C77M_128_06_32_31_5","00ex0000001C77M_128_06_32_31_5","","true","00eU0000000iBdvIAE","Read Only","true","Profile","","false","","","","","","38","","Activities Access; Allow Universal Search; Allow View Knowledge; Apex Rest Services; Api Enabled; Assign Topics; Can Access CE; Chatter Edit Own Post; Chatter File Link; Chatter Internal User; Chatter Invite External Users; Chatter Own Groups; Content Workspaces; Create Customize Filters; Create Customize Reports; Create Topics; Edit Opp Line Item Unit Price; Edit Topics; Email Administration; Email Template Management; Enable Community App Launcher; Enable Notifications; Export Report; Field Service Access; Flow UFL Required; Lightning Console Allowed For User; Lightning Experience User; Run Reports; Select Files From Salesforce; Send Sit Requests; Share Files With Networks; Show Company Name As User Badge; Submit Macros Allowed; Subscribe To Lightning Reports; Use Web Link; View Help Link; View Roles; View Setup","94","94","21","21","21","1","1","5766","1162","216","2014-05-16 18:55:04 UTC","2026-08-12 10:06:52 UTC","https://probomedical.my.salesforce.com/0PSU0000000SUL3OAO"
"0PSU0000000SUL4OAO","X00ex0000001C77N_128_06_32_31_6","00ex0000001C77N_128_06_32_31_6","","true","00eU0000000iBdwIAE","Solution Manager","false","Profile","","false","","","","","","58","","Access Orchestration Objects; Activities Access; Add Direct Message Members; Allow Universal Search; Allow View Knowledge; Apex Rest Services; Api Enabled; Assign Topics; Can Access CE; Chatter Edit Own Post; Chatter File Link; Chatter Internal User; Chatter Invite External Users; Chatter Own Groups; Content Workspaces; Convert Leads; Create Customize Filters; Create Customize Reports; Create Topics; Distribute From Pers Wksp; Edit Event; Edit Opp Line Item Unit Price; Edit Task; Edit Topics; Email Administration; Email Mass; Email Single; Email Template Management; Enable Community App Launcher; Enable Notifications; Export Report; Field Service Access; Flow UFL Required; Import Personal; Lightning Console Allowed For User; Lightning Experience User; List Email Send; Manage Solutions; Mass Inline Edit; Remove Direct Message Members; Run Global Optimization; Run In Day Optimization; Run Reports; Select Files From Salesforce; Send External Email Available; Send Sit Requests; Set Advanced Optimization Filters; Share Files With Networks; Show Company Name As User Badge; Solution Import; Subscribe To Lightning Reports; Transactional Email Send; Use Web Link; View Developer Name; View Help Link; View Public Capstone Folders; View Roles; View Setup","112","112","88","89","45","4","1","5998","1171","225","2014-05-16 18:55:04 UTC","2026-08-12 10:06:52 UTC","https://probomedical.my.salesforce.com/0PSU0000000SUL4OAO"
"0PSU0000000SUL5OAO","X00ex0000001C77O_128_06_32_31_7","00ex0000001C77O_128_06_32_31_7","","true","00eU0000000iBdxIAE","Marketing User","false","Profile","","false","","","","","","61","","Access Orchestration Objects; Activities Access; Add Direct Message Members; Allow Universal Search; Allow View Knowledge; Apex Rest Services; Api Enabled; Assign Topics; Can Access CE; Chatter Edit Own Post; Chatter File Link; Chatter Internal User; Chatter Invite External Users; Chatter Own Groups; Content Workspaces; Convert Leads; Create Customize Filters; Create Customize Reports; Create Topics; Distribute From Pers Wksp; Edit Brand Templates; Edit Event; Edit Html Templates; Edit Opp Line Item Unit Price; Edit Public Documents; Edit Public Templates; Edit Task; Edit Topics; Email Administration; Email Mass; Email Single; Email Template Management; Enable Community App Launcher; Enable Notifications; Export Report; Field Service Access; Flow UFL Required; Import Leads; Import Personal; Lightning Console Allowed For User; Lightning Experience User; List Email Send; Mass Inline Edit; Remove Direct Message Members; Run Global Optimization; Run In Day Optimization; Run Reports; Select Files From Salesforce; Send External Email Available; Send Sit Requests; Set Advanced Optimization Filters; Share Files With Networks; Show Company Name As User Badge; Subscribe To Lightning Reports; Transactional Email Send; Use Web Link; View Developer Name; View Help Link; View Public Capstone Folders; View Roles; View Setup","113","113","90","90","46","4","1","6017","1174","224","2014-05-16 18:55:04 UTC","2026-08-12 10:06:52 UTC","https://probomedical.my.salesforce.com/0PSU0000000SUL5OAO"
"0PSU0000000SUL6OAO","X00ex0000001C77P_128_06_32_31_8","00ex0000001C77P_128_06_32_31_8","","true","00eU0000000iBdyIAE","Contract Manager","false","Profile","","false","","","","","","59","","Access Orchestration Objects; Activate Contract; Activate Order; Activities Access; Add Direct Message Members; Allow Universal Search; Allow View Knowledge; Apex Rest Services; Api Enabled; Assign Topics; Can Access CE; Chatter Edit Own Post; Chatter File Link; Chatter Internal User; Chatter Invite External Users; Chatter Own Groups; Content Workspaces; Convert Leads; Create Customize Filters; Create Customize Reports; Create Topics; Distribute From Pers Wksp; Edit Activated Orders; Edit Event; Edit Opp Line Item Unit Price; Edit Task; Edit Topics; Email Administration; Email Mass; Email Single; Email Template Management; Enable Community App Launcher; Enable Notifications; Export Report; Field Service Access; Flow UFL Required; Import Personal; Lightning Console Allowed For User; Lightning Experience User; List Email Send; Mass Inline Edit; Remove Direct Message Members; Run Global Optimization; Run In Day Optimization; Run Reports; Select Files From Salesforce; Send External Email Available; Send Sit Requests; Set Advanced Optimization Filters; Share Files With Networks; Show Company Name As User Badge; Subscribe To Lightning Reports; Transactional Email Send; Use Web Link; View Developer Name; View Help Link; View Public Capstone Folders; View Roles; View Setup","112","112","88","88","44","4","1","5979","1170","223","2014-05-16 18:55:04 UTC","2026-08-12 10:06:52 UTC","https://probomedical.my.salesforce.com/0PSU0000000SUL6OAO"
"0PS5b000001V2acGAC","X1099_Rep_Permissions","1099 Rep Permissions","","false","","","true","Regular","","false","","","","","","0","","","5","5","5","5","0","5","0","636","0","5","2023-06-19 14:31:42 UTC","2025-05-30 21:01:41 UTC","https://probomedical.my.salesforce.com/0PS5b000001V2acGAC"
"0PS4O000000bAglWAE","AP_Page_Cost","AP Page - Cost","Used to specify who has access to view and edit the Cost field on the Add Product page.","false","","","true","Regular","","false","","","","","","0","","","0","0","0","0","0","0","0","10","0","0","2020-04-28 13:12:24 UTC","2025-05-30 21:01:41 UTC","https://probomedical.my.salesforce.com/0PS4O000000bAglWAE"
"0PSRo0000008byTOAQ","API_Only","API Only","Used for integration accounts.  Blocks interactive login.","false","","","true","Regular","","false","","","","","","1","","Api User Only","0","0","0","0","0","0","0","0","0","0","2025-08-22 17:19:22 UTC","2025-08-22 17:20:01 UTC","https://probomedical.my.salesforce.com/0PSRo0000008byTOAQ"
"0PSRo000000AEGDOA4","Ability_to_Edit_Enable_Manual_Cost_Assignment_on_Opportunity_Products","Ability to Edit Enable Manual Cost Assignment on Opportunity Products","","false","","","true","Regular","","false","","","","","","0","","","0","0","0","0","0","0","0","1","0","0","2025-11-25 16:47:50 UTC","2025-11-25 16:48:49 UTC","https://probomedical.my.salesforce.com/0PSRo000000AEGDOA4"
"0PSRo000000AT2LOAW","Ability_to_Edit_Entity","Ability to Edit Entity","","false","","","true","Regular","","false","","","","","","0","","","0","0","0","0","0","0","0","0","1","0","2025-12-19 01:50:18 UTC","2025-12-19 01:50:18 UTC","https://probomedical.my.salesforce.com/0PSRo000000AT2LOAW"
"0PSRo000000APOXOA4","Ability_to_Edit_Service_Report_Fields","Ability to Edit Service Report Fields","","false","","","true","Regular","","false","","","","","","0","","","1","1","0","1","0","0","0","131","0","0","2025-12-15 14:16:39 UTC","2025-12-16 13:55:20 UTC","https://probomedical.my.salesforce.com/0PSRo000000APOXOA4"
"0PS0B000000b83lWAA","Ability_to_edit_Added_to_Work_Order_checkbox_on_Asset_Page","Ability to edit Added to Work Order checkbox on Asset Page","","false","","","true","Regular","","false","","","","","","0","","","0","0","0","0","0","0","0","1","0","0","2018-12-20 21:11:15 UTC","2025-05-30 21:01:41 UTC","https://probomedical.my.salesforce.com/0PS0B000000b83lWAA"
"0PS0B000000b83qWAA","Ability_to_edit_Work_Order_Status","Ability to edit Work Order Status","","false","","","true","Regular","","false","","","","","","0","","","1","1","0","1","0","1","0","1","0","0","2018-12-20 21:12:37 UTC","2025-05-30 21:01:41 UTC","https://probomedical.my.salesforce.com/0PS0B000000b83qWAA"
"0PSRo0000007CvhOAE","Able_to_Edit_Sales_Tax","Able to Edit Sales Tax","","false","","","true","Regular","","false","","","","","","0","","","0","0","0","0","0","0","0","2","0","0","2025-05-06 14:15:29 UTC","2025-05-30 21:01:41 UTC","https://probomedical.my.salesforce.com/0PSRo0000007CvhOAE"
"0PSRo0000004jJWOAY","CopilotSalesforceUser","Access Agentforce Default Agent","Gives users access to the default Agentforce agent in Salesforce.","false","","","false","Standard","force","false","","","","","","1","","Einstein Copilot User","0","0","0","0","0","0","0","0","0","0","2024-10-18 01:45:49 UTC","2026-08-15 06:02:59 UTC","https://probomedical.my.salesforce.com/0PSRo0000004jJWOAY"
"0PS5b000000HiQHGA0","Access_Drag_and_Drop_Content_Builder","Access Drag-and-Drop Content Builder","","false","","","true","Regular","","false","","","","","","1","","Access Content Builder","0","0","0","0","0","0","0","0","0","0","2021-12-20 18:08:41 UTC","2025-05-30 21:01:41 UTC","https://probomedical.my.salesforce.com/0PS5b000000HiQHGA0"
"0PSRo000000EcwfOAC","Scheduling_Console_User","Access Scheduling Console Phased Rollout","Give users access to Scheduling Console as part of a phased rollout.","false","","","false","Standard","force","false","","","","","","5","","Run Global Optimization; Run In Day Optimization; Run Resource Schedule Optimization; Set Advanced Optimization Filters; Show Planned Route","0","0","0","0","0","0","0","0","0","1","2024-05-15 04:04:40 UTC","2026-08-15 06:02:59 UTC","https://probomedical.my.salesforce.com/0PSRo000000EcwfOAC"
"0PSRo0000001ZVBOA2","Access_to_Account_Quality_fields","Access to Account Quality fields","","false","","","true","Regular","","false","","","","","","0","","","1","1","0","1","0","0","0","15","0","0","2024-03-11 10:48:47 UTC","2025-05-30 21:01:41 UTC","https://probomedical.my.salesforce.com/0PSRo0000001ZVBOA2"
"0PS5b000000HgSQGA0","Access_to_Product_Repair_Pricing","Access to Product & Repair Pricing","","false","","","true","Regular","","false","","","","","","0","","","1","1","1","1","1","0","0","272","0","1","2021-08-11 19:12:47 UTC","2025-12-22 19:59:13 UTC","https://probomedical.my.salesforce.com/0PS5b000000HgSQGA0"
"0PS5b000000HmB8GAK","Access_to_UK_Fields","Access to UK Fields","","false","","","true","Regular","","false","","","","","","0","","","0","0","0","0","0","0","0","17","0","1","2022-07-11 10:57:42 UTC","2025-05-30 21:01:41 UTC","https://probomedical.my.salesforce.com/0PS5b000000HmB8GAK"
"0PS0B000000b6VCWAY","Access_to_accounting_info","Access to accounting info","","false","","","true","Regular","","false","","","","","","0","","","1","1","1","1","0","0","0","26","0","0","2018-05-10 16:19:17 UTC","2025-05-30 21:01:41 UTC","https://probomedical.my.salesforce.com/0PS0B000000b6VCWAY"
"0PS0B000000b6VHWAY","Access_to_all_price_fields_on_Product_Page","Access to all price fields and product notes on Product Page","","false","","","true","Regular","","false","","","","","","0","","","1","1","1","1","0","0","0","63","0","0","2018-05-11 15:19:09 UTC","2025-05-30 21:01:41 UTC","https://probomedical.my.salesforce.com/0PS0B000000b6VHWAY"
"0PS0B000000b8FIWAY","Access_to_harvest_work_orders","Access to harvest work orders","","false","","","true","Regular","","false","","","","","","0","","","1","1","1","1","0","1","0","37","0","1","2019-02-19 04:30:46 UTC","2025-05-30 21:01:41 UTC","https://probomedical.my.salesforce.com/0PS0B000000b8FIWAY"
"0PS4O000000vMqVWAU","Access_to_probe_repair_opps","Access to probe repair opps","for sales user profiles that don't already have access","false","","","true","Regular","","false","","","","","","0","","","1","1","1","1","0","0","0","0","0","0","2021-05-26 15:53:52 UTC","2025-05-30 21:01:41 UTC","https://probomedical.my.salesforce.com/0PS4O000000vMqVWAU"
"0PS0B000000b6U4WAI","Access_to_purchasing_fields_but_not_creating_opps","Access to purchasing fields but not creating opps","","false","","","true","Regular","","false","","","","","","0","","","1","1","1","1","0","0","0","21","0","0","2018-05-08 15:16:49 UTC","2025-05-30 21:01:41 UTC","https://probomedical.my.salesforce.com/0PS0B000000b6U4WAI"
"0PSRo000000ENpZOAW","Account_FLS_Edit_Payment_Terms","Account - FLS - Edit - Payment Terms","","false","","","true","Regular","","false","","","","","","0","","","0","0","0","0","0","0","0","1","0","0","2026-05-29 15:47:57 UTC","2026-05-29 15:48:26 UTC","https://probomedical.my.salesforce.com/0PSRo000000ENpZOAW"
"0PS0B0000009LJ4WAM","Pardot_Connector_User","Account Engagement Connector User","","false","","","true","Regular","pi","false","","","","","","0","","","7","7","7","7","7","3","3","73","30","0","2016-09-14 19:31:20 UTC","2025-05-30 21:01:41 UTC","https://probomedical.my.salesforce.com/0PS0B0000009LJ4WAM"
"0PS0B000000b7y7WAA","Pardot_Integration_User","Account Engagement Integration User","","false","","","true","Regular","pi","false","","","","","","0","","","7","7","7","7","7","4","4","73","29","0","2018-12-12 02:02:11 UTC","2025-05-30 21:01:41 UTC","https://probomedical.my.salesforce.com/0PS0B000000b7y7WAA"
"0PS0B0000009LJ3WAM","Pardot","Account Engagement Package","Grants access to Account Engagement data via the managed package.","false","","","true","Regular","pi","false","","","","","","0","","","3","3","0","0","0","0","0","48","56","1","2016-09-14 19:31:20 UTC","2025-05-30 21:01:41 UTC","https://probomedical.my.salesforce.com/0PS0B0000009LJ3WAM"
"0PS5b000000DhLfGAK","AccountEngagementUser","Account Engagement User","Gives the user access to the Account Engagement app and related marketing features.","false","","","false","Standard","force","false","","","","","","17","","Access Content Builder; Activities Access; Automate Email Content; Can Use New Dashboard Builder; Create Customize Dashboards; Create Customize Reports; Edit Task; Email Mass; Email Single; Email Template Management; Identity Enabled; Lightning Experience User; List Email Send; Manage Email Content; New Report Builder; Pardot User; Run Reports","6","6","6","6","6","1","1","0","0","0","2022-10-20 02:41:06 UTC","2026-08-15 06:02:59 UTC","https://probomedical.my.salesforce.com/0PS5b000000DhLfGAK"
"0PSRo0000009Fo3OAE","ActorCASCPermSet","ActorCASCPermSet","","false","","","false","Session","force","true","","","","","","6","","Apex Rest Services; Api Enabled; Api User Only; Can Access CE; Chatter Internal User; Password Never Expires","115","115","86","91","90","105","89","0","0","0","2018-06-18 05:10:21 UTC","2026-08-15 06:02:55 UTC","https://probomedical.my.salesforce.com/0PSRo0000009Fo3OAE"
"0PS4O000000zpzaWAA","Add_Asset_Page","Add Asset Page","Allows users to harvest parts.","false","","","true","Regular","","false","","","","","","0","","","0","0","0","0","0","0","0","0","6","0","2020-11-03 01:10:12 UTC","2025-05-30 21:01:41 UTC","https://probomedical.my.salesforce.com/0PS4O000000zpzaWAA"
"0PS4O0000009SmrWAE","Add_Product_Page","Add Product Page","","false","","","true","Regular","","false","","","","","","0","","","0","0","0","0","0","0","0","23","18","0","2019-06-25 22:02:31 UTC","2025-07-07 19:13:12 UTC","https://probomedical.my.salesforce.com/0PS4O0000009SmrWAE"
"0PSRo00000079jJOAQ","AdvancedCsvDataImport","Advanced CSV Data Import","Gives access to advanced CSV file import features.","false","","","false","Standard","force","false","","","","","","1","","Advanced Csv Data Import User","0","0","0","0","0","0","0","0","0","0","2025-04-28 19:41:31 UTC","2026-08-15 06:02:59 UTC","https://probomedical.my.salesforce.com/0PSRo00000079jJOAQ"
"0PSRo0000004jJVOAY","CopilotSalesforceAdmin","Agentforce Default Admin","Allows users to build and manage in-org copilots. Also grants org-wide access to all agents, including managing, activating, and deactivating agents, customizing subagents and actions, and monitoring agent activity.","false","","","false","Standard","force","false","","","","","","3","","Einstein Agent Platform Builder; Einstein Copilot Builder; Einstein Copilot User","0","0","0","0","0","0","0","0","0","0","2024-10-18 01:45:49 UTC","2026-08-15 06:02:59 UTC","https://probomedical.my.salesforce.com/0PSRo0000004jJVOAY"
"0PSRo000000BmPVOA0","AncCrmIntegrationUser","Agentic Near Core CRM","Allows the integration user to use crm features","false","","","false","Session","force","true","","","","","","5","Customize Application","Customize Application; Manage Custom Permissions; Manage Data Integrations; View Roles; View Setup","2","2","2","2","2","2","0","4","0","0","2018-06-18 05:10:21 UTC","2026-08-15 06:02:55 UTC","https://probomedical.my.salesforce.com/0PSRo000000BmPVOA0"
"0PSRo000000BmPWOA0","AncMarketingIntegrationUser","Agentic Near Core Marketing","Allows the integration user to use marketing features","false","","","false","Session","force","true","","","","","","85","Customize Application","Access Sf Drive; Activate Deactivate Non Setup Flow; Add Asgnt Elmnt To Non Setup Flow; Add Coll Fltr Elmnt To Non Setup Flow; Add Coll Srt Elmnt To Non Setup Flow; Add Crea Rec Elmnt To Non Setup Flow; Add Decision Elmnt Non Setup Flow; Add Del Rec Elmnt To Non Setup Flow; Add Get Rec Elmnt To Non Setup Flow; Add Loop Elmnt To Non Setup Flow; Add Path Exprm Elmnt Non Setup Flow; Add Send To Flow Elmnt To Non Setup Flow; Add Subflow Elmnt To Non Setup Flow; Add Trfm Elmnt To Non Setup Flow; Add Updt Rec Elmnt To Non Setup Flow; Add Wait To Non Setup Flow; App Framework Manage App; App Framework Manage Template; App Framework View App; Can Exit Flow Via API; Can Marketing User Debug Flow; Can Query Foreign Tables; Cdc Reporting Create Reports; Cdc Reporting Manage Folders; Cdc Reporting View Reports; Configure Dataspace Scope; Consent Banner Settings Setup; Create Customize Dashboards; Create Customize Reports; Create Dashboard Folders; Create Edit Non Setup Flow; Create Mod DG Trig Non Setup Flow; Create Mod Ind Rec Non Setup Flow; Customize Application; Delete Non Setup Flow; Edit My Dashboards; Einstein Copilot Builder; Einstein Copilot User; Einstein MC Designer User; Execute Prompt Templates; Identity Enabled; Lightning Experience User; MCG Setup User Perm; Manage Briefs; Manage Business Unit; Manage CMS; Manage Campaigns; Manage Cdp Ml Models; Manage Certificates; Manage Custom Domains; Manage Custom Permissions; Manage Dashbds In Pub Folders; Manage Dataspace Scope; Manage Email Content; Manage Email Messaging Setup; Manage External Connections; Manage Preference Center; Manage Prompt Templates; Manage SMS Domain Setup; Manage Templated App; Mc Scoring Rules Config; Modify Access Allow Policies; Modify Access Deny Policies; Opportunity Influence; Personalization Intel User; Personalization Platform; Preview Test Send Email; Run Flow; Run Reports; Send Email; UMA Standalone User Perm; UMA Web Tracking Setup; Uma Edit Consent Settings; Uma Query CMS Email Content; Use Templated App; User Has Send To List Filter Access; View All Non Setup Flows; View Business Unit; View Developer Name; View Email Messaging Setup; View Non Setup Flow; View Public Dashboards; View Roles; View Setup; View UMA Calendar","11","11","10","10","10","4","3","0","0","0","2018-06-18 05:10:21 UTC","2026-08-15 06:02:55 UTC","https://probomedical.my.salesforce.com/0PSRo000000BmPWOA0"
"0PSRo000000BmPXOA0","AncPersonalizationIntegrationUser","Agentic Near Core Personalization","Allows the integration user to use personalization features","false","","","false","Session","force","true","","","","","","85","Customize Application","Access Sf Drive; Activate Deactivate Non Setup Flow; Add Asgnt Elmnt To Non Setup Flow; Add Coll Fltr Elmnt To Non Setup Flow; Add Coll Srt Elmnt To Non Setup Flow; Add Crea Rec Elmnt To Non Setup Flow; Add Decision Elmnt Non Setup Flow; Add Del Rec Elmnt To Non Setup Flow; Add Get Rec Elmnt To Non Setup Flow; Add Loop Elmnt To Non Setup Flow; Add Path Exprm Elmnt Non Setup Flow; Add Send To Flow Elmnt To Non Setup Flow; Add Subflow Elmnt To Non Setup Flow; Add Trfm Elmnt To Non Setup Flow; Add Updt Rec Elmnt To Non Setup Flow; Add Wait To Non Setup Flow; App Framework Manage App; App Framework Manage Template; App Framework View App; Can Exit Flow Via API; Can Marketing User Debug Flow; Can Query Foreign Tables; Cdc Reporting Create Reports; Cdc Reporting Manage Folders; Cdc Reporting View Reports; Configure Dataspace Scope; Consent Banner Settings Setup; Create Customize Dashboards; Create Customize Reports; Create Dashboard Folders; Create Edit Non Setup Flow; Create Mod DG Trig Non Setup Flow; Create Mod Ind Rec Non Setup Flow; Customize Application; Delete Non Setup Flow; Edit My Dashboards; Einstein Copilot Builder; Einstein Copilot User; Einstein MC Designer User; Execute Prompt Templates; Identity Enabled; Lightning Experience User; MCG Setup User Perm; Manage Briefs; Manage Business Unit; Manage CMS; Manage Campaigns; Manage Cdp Ml Models; Manage Certificates; Manage Custom Domains; Manage Custom Permissions; Manage Dashbds In Pub Folders; Manage Dataspace Scope; Manage Email Content; Manage Email Messaging Setup; Manage External Connections; Manage Preference Center; Manage Prompt Templates; Manage SMS Domain Setup; Manage Templated App; Mc Scoring Rules Config; Modify Access Allow Policies; Modify Access Deny Policies; Opportunity Influence; Personalization Intel User; Personalization Platform; Preview Test Send Email; Run Flow; Run Reports; Send Email; UMA Standalone User Perm; UMA Web Tracking Setup; Uma Edit Consent Settings; Uma Query CMS Email Content; Use Templated App; User Has Send To List Filter Access; View All Non Setup Flows; View Business Unit; View Developer Name; View Email Messaging Setup; View Non Setup Flow; View Public Dashboards; View Roles; View Setup; View UMA Calendar","11","11","10","10","10","4","3","0","0","0","2018-06-18 05:10:21 UTC","2026-08-15 06:02:55 UTC","https://probomedical.my.salesforce.com/0PSRo000000BmPXOA0"
"0PSRo000000BmPYOA0","AncProvisioningIntegrationUser","Agentic Near Core Provisioning","Allows the integration user to manage connections between tenants","false","","","false","Session","force","true","","","","","","0","","","0","0","0","0","0","0","0","0","0","0","2018-06-18 05:10:21 UTC","2026-08-15 06:02:55 UTC","https://probomedical.my.salesforce.com/0PSRo000000BmPYOA0"
"0PS5b000001V1tdGAC","All_Account_Fields","All Account Fields","","false","","","true","Regular","","false","","","","","","0","","","1","1","1","1","1","1","1","171","0","1","2023-05-16 21:23:13 UTC","2025-05-30 21:01:41 UTC","https://probomedical.my.salesforce.com/0PS5b000001V1tdGAC"
"0PS4O000000WtS1WAK","All_RMA_Fields","All RMA Fields","","false","","","true","Regular","","false","","","","","","0","","","1","1","1","1","1","1","1","230","0","1","2019-08-14 18:46:50 UTC","2025-05-30 21:01:41 UTC","https://probomedical.my.salesforce.com/0PS4O000000WtS1WAK"
"0PS4O000000zpgPWAQ","All_Record_Types","All Record Types","Used for new sales processes.","false","","","true","Regular","","false","","","","","","0","","","0","0","0","0","0","0","0","0","0","0","2020-09-22 17:23:47 UTC","2025-05-30 21:01:41 UTC","https://probomedical.my.salesforce.com/0PS4O000000zpgPWAQ"
"0PS4O0000009SklWAE","AnalyticsViewOnlyUser","Analytics View Only User","User permissions for View-only licensed apps.","false","","","false","Standard","force","false","","","","","","1","","View Only Embedded App User","0","0","0","0","0","0","0","0","0","0","2019-06-18 16:21:29 UTC","2026-08-15 06:02:59 UTC","https://probomedical.my.salesforce.com/0PS4O0000009SklWAE"
"0PSRo0000005KKfOAM","Approval_Access","Approval Access","","false","","","true","Regular","","false","","","","","","0","","","0","0","0","0","0","0","0","0","0","0","2024-12-11 20:47:41 UTC","2025-05-30 21:01:41 UTC","https://probomedical.my.salesforce.com/0PSRo0000005KKfOAM"
"0PS4O0000009WsQWAU","Approval_Form_Guest_Access","Approval Form Guest Access","Grants access to the public guest users for the Approval Form site.","false","","","true","Regular","","false","","","","","","0","","","0","0","0","0","0","0","0","0","5","0","2021-02-10 08:29:21 UTC","2025-05-30 21:01:41 UTC","https://probomedical.my.salesforce.com/0PS4O0000009WsQWAU"
"0PS4O000000WtJsWAK","ApprovalForm_access","ApprovalForm access","This Permission Set grants access to be able to use the Approval Form. It is used for Public Users so be careful","false","","","true","Regular","","false","","","","","","0","","","2","2","0","1","0","2","0","240","19","0","2019-07-29 01:00:57 UTC","2025-05-30 21:01:41 UTC","https://probomedical.my.salesforce.com/0PS4O000000WtJsWAK"
"0PS4O0000009WoOWAU","Asset_Cost","Asset Cost","","false","","","true","Regular","","false","","","","","","0","","","0","0","0","0","0","0","0","1","0","1","2021-01-28 16:22:41 UTC","2026-05-18 15:55:31 UTC","https://probomedical.my.salesforce.com/0PS4O0000009WoOWAU"
"0PSRo000000FMppOAG","Asset_Read_and_View_ALL","Asset Read and View ALL","Read and view all for asset (ProductItem__c)","false","","","true","Regular","","false","","","","","","0","","","2","2","0","0","0","1","0","404","0","0","2026-06-24 15:08:46 UTC","2026-06-24 15:09:36 UTC","https://probomedical.my.salesforce.com/0PSRo000000FMppOAG"
"0PSRo0000008R4fOAE","Asset_Reserved_Checkbox","Asset Reserved Checkbox","","false","","","true","Regular","","false","","","","","","0","","","0","0","0","0","0","0","0","1","0","0","2025-08-04 20:27:53 UTC","2025-08-04 20:28:53 UTC","https://probomedical.my.salesforce.com/0PSRo0000008R4fOAE"
"0PSRo0000009ijNOAQ","Asset_Tube_Count_Edit","Asset Tube Count - Edit","","false","","","true","Regular","","false","","","","","","0","","","0","0","0","0","0","0","0","1","0","0","2025-10-20 16:04:16 UTC","2025-12-22 20:45:39 UTC","https://probomedical.my.salesforce.com/0PSRo0000009ijNOAQ"
"0PSRo000000FMcvOAG","Asset_and_Product_Analytics_Modify_All","Asset and Product Analytics Modify All","Only used for Ops team to be able update WOLI, OLI, Assets and Product Analytics","false","","","true","Regular","","false","","","","","","0","","","2","2","2","2","2","2","2","413","0","2","2026-06-24 14:12:15 UTC","2026-06-24 17:04:42 UTC","https://probomedical.my.salesforce.com/0PSRo000000FMcvOAG"
"0PSRo000000ENBFOA4","Asset2_FLS_Edit_Current_Location","Asset2 - FLS - Edit - Current Location","","false","","","true","Regular","","false","","","","","","0","","","0","0","0","0","0","0","0","1","0","0","2026-05-28 13:52:04 UTC","2026-05-28 14:33:02 UTC","https://probomedical.my.salesforce.com/0PSRo000000ENBFOA4"
"0PSRo000000D1XlOAK","Asset2_Field_Level_Security_Edit_Repair_Checkboxes","Asset2 - Field-Level Security - Edit - Repair Checkboxes","Edit access for the following fields:
- Cosmetically unable to further Improve
- Functionally unable to further improve
- Approved cosmetic repais optimized
- Approved Repairs
- Approved functional repairs optimized","false","","","true","Regular","","false","","","","","","0","","","0","0","0","0","0","0","0","5","0","1","2026-04-07 10:42:38 UTC","2026-04-07 10:44:29 UTC","https://probomedical.my.salesforce.com/0PSRo000000D1XlOAK"
"0PS4O000000zpzzWAA","Asset2_Review_Status","Asset2- Review Status","Access for Riley on Harvesting Systems","false","","","true","Regular","","false","","","","","","0","","","0","0","0","0","0","0","0","1","0","1","2020-11-03 19:44:50 UTC","2025-05-30 21:01:41 UTC","https://probomedical.my.salesforce.com/0PS4O000000zpzzWAA"
"0PSRo0000008PHNOA2","AutomatedActionsUser","Automated Actions User","Lets users access Automated Actions.","false","","","false","Standard","force","false","","","","","","0","","","0","0","0","0","0","0","0","0","0","0","2025-08-01 04:08:22 UTC","2026-08-15 06:02:59 UTC","https://probomedical.my.salesforce.com/0PSRo0000008PHNOA2"
"0PS4O000000zpShWAI","B2BMarketingAnalytics","B2B Marketing Analytics","Access to B2B Marketing Analytics","false","","","false","Standard","force","false","","","","","","5","","B2 B Marketing Analytics User; Insights App Elt Editor; Manage Templated App; Use Templated App; Wave Tabular Download","0","0","0","0","0","0","0","0","0","0","2020-09-08 21:01:12 UTC","2026-08-15 06:02:59 UTC","https://probomedical.my.salesforce.com/0PS4O000000zpShWAI"
"0PS4O000000WtT4WAK","B2B_Marketing_Automation_App","B2B Marketing Automation App","","false","","","true","Regular","","false","","","","","","0","","","1","1","1","1","1","0","0","50","0","1","2019-08-23 13:24:55 UTC","2025-05-30 21:01:41 UTC","https://probomedical.my.salesforce.com/0PS4O000000WtT4WAK"
"0PSRo0000008q7tOAA","Backup_Permissions","Backup Permissions","Adds permissions for Backup service account that have otherwise been excluded.","false","","","true","Regular","","false","","","","","","0","","","0","0","0","0","0","0","0","3561","0","0","2025-09-15 12:37:35 UTC","2025-09-15 12:58:04 UTC","https://probomedical.my.salesforce.com/0PSRo0000008q7tOAA"
"0PSRo00000079jKOAQ","SimpleCsvDataImport","Basic CSV Data Import","Gives access to import a CSV File.","false","","","false","Standard","force","false","","","","","","1","","Simple Csv Data Import User","0","0","0","0","0","0","0","0","0","0","2025-04-28 19:41:31 UTC","2026-08-15 06:02:59 UTC","https://probomedical.my.salesforce.com/0PSRo00000079jKOAQ"
"0PS4O0000009WhXWAU","Big_Iron_Opportunity_Type","Big Iron Opportunity Type","","false","","","true","Regular","","false","","","","","","0","","","1","1","1","1","0","0","0","9","0","0","2021-01-08 14:46:54 UTC","2025-05-30 21:01:41 UTC","https://probomedical.my.salesforce.com/0PS4O0000009WhXWAU"
"0PS4O000000WtTnWAK","Branded_Tracking","Branded Tracking","","false","","","true","Regular","zkmulti","false","","","","","","0","","","6","6","1","1","0","2","0","88","0","0","2019-08-28 21:03:15 UTC","2025-05-30 21:01:41 UTC","https://probomedical.my.salesforce.com/0PS4O000000WtTnWAK"
"0PSRo0000008PHTOA2","EinsteinSalesBots","Buyer Assistant Admin","Lets the admin manage messaging experiences and assign users to features.","false","","","false","Standard","force","false","","","","","","0","","","0","0","0","0","0","0","0","0","0","0","2025-08-01 04:08:22 UTC","2026-08-15 06:02:59 UTC","https://probomedical.my.salesforce.com/0PSRo0000008PHTOA2"
"0PSRo000000D0lNOAS","C2CAiWorkbenchPlatformMetabolismServicePermSet","C2CAiWorkbenchPlatformMetabolismServicePermSet","","false","","","false","Session","force","true","","","","","","7","","AI Workbench User; Apex Rest Services; Api Enabled; Api User Only; Can Access CE; Chatter Internal User; Password Never Expires","115","115","86","91","90","105","89","0","0","0","2018-06-18 05:10:21 UTC","2026-08-15 06:02:55 UTC","https://probomedical.my.salesforce.com/0PSRo000000D0lNOAS"
"0PSRo000000BmPZOA0","C2CAnalyticsStoragePermSet","C2CAnalyticsStoragePermSet","","false","","","false","Session","force","true","","","","","","1","","View Developer Name","1","1","1","1","0","0","0","0","0","0","2018-06-18 05:10:21 UTC","2026-08-15 06:02:55 UTC","https://probomedical.my.salesforce.com/0PSRo000000BmPZOA0"
"0PSRo0000009Fo4OAE","C2CCapstonePermSet","C2CCapstonePermSet","","false","","","false","Session","force","true","","","","","","6","","Apex Rest Services; Api Enabled; Api User Only; Can Access CE; Chatter Internal User; Password Never Expires","116","116","86","91","90","105","89","0","0","0","2018-06-18 05:10:21 UTC","2026-08-15 06:02:55 UTC","https://probomedical.my.salesforce.com/0PSRo0000009Fo4OAE"
"0PSRo000000GZTFOA4","C2CDataDetectMetabolismIntegrationUser","C2CDataDetectMetabolismIntegrationUser","","false","","","false","Session","force","true","","","","","","0","","","0","0","0","0","0","0","0","0","0","0","2018-06-18 05:10:21 UTC","2026-08-15 06:02:55 UTC","https://probomedical.my.salesforce.com/0PSRo000000GZTFOA4"
"0PSRo000000BmPaOAK","C2CE360EmailPermSet","C2CE360EmailPermSet","","false","","","false","Session","force","true","","","","","","6","","Apex Rest Services; Api Enabled; Api User Only; Can Access CE; Chatter Internal User; Password Never Expires","116","116","86","91","90","105","89","0","0","0","2018-06-18 05:10:21 UTC","2026-08-15 06:02:55 UTC","https://probomedical.my.salesforce.com/0PSRo000000BmPaOAK"
"0PSRo000000D9ofOAC","C2CMcpServicePermSet","C2CMcpServicePermSet","","false","","","false","Session","force","true","","","","","","9","","Apex Rest Services; Api Enabled; Api User Only; Can Access CE; Chatter Internal User; Execute Prompt Templates; Hydrate Prompt Template IA; MCP Metadata Api; Password Never Expires","117","117","86","91","90","105","89","0","0","0","2018-06-18 05:10:21 UTC","2026-08-15 06:02:55 UTC","https://probomedical.my.salesforce.com/0PSRo000000D9ofOAC"
"0PS5b000001QDjkGAG","HighScaleFlowC2CPermSet","C360 High Scale Flow Integration User","Allows integration user to access features specific to C360 High Scale Flow.","false","","","false","Session","force","true","","","","","","24","","Add Asgnt Elmnt To Non Setup Flow; Add Coll Fltr Elmnt To Non Setup Flow; Add Coll Srt Elmnt To Non Setup Flow; Add Crea Rec Elmnt To Non Setup Flow; Add Decision Elmnt Non Setup Flow; Add Del Rec Elmnt To Non Setup Flow; Add Get Rec Elmnt To Non Setup Flow; Add Loop Elmnt To Non Setup Flow; Add Path Exprm Elmnt Non Setup Flow; Add Send To Flow Elmnt To Non Setup Flow; Add Subflow Elmnt To Non Setup Flow; Add Trfm Elmnt To Non Setup Flow; Add Updt Rec Elmnt To Non Setup Flow; Add Wait To Non Setup Flow; Apex Rest Services; Api Enabled; Api User Only; Can Access CE; Chatter Internal User; Manage Integration Connections; Password Never Expires; UMA Standalone User Perm; Uma Query CMS Email Content; View Non Setup Flow","115","115","86","91","90","105","89","0","0","0","2018-06-18 05:10:21 UTC","2026-08-15 06:02:55 UTC","https://probomedical.my.salesforce.com/0PS5b000001QDjkGAG"
"0PS5b000000HitiGAC","CMS_Content_Types","CMS Content Types","","false","","","true","Regular","sflabs_cms_ct","false","","","","","","0","","","0","0","0","0","0","0","0","0","5","1","2022-01-28 18:06:02 UTC","2025-05-30 21:01:41 UTC","https://probomedical.my.salesforce.com/0PS5b000000HitiGAC"
"0PSRo0000008PHbOAM","SalesCloudUnlimitedAnalyticsAdminIncluded","CRM Analytics Template Administration Included","View and manage CRM Analytics for Sales Cloud.","false","","","false","Standard","force","false","","","","","","4","","Manage Templated App; Use Subscription Emails; Use Templated App; Wave Tabular Download","0","0","0","0","0","0","0","0","0","0","2025-08-01 04:08:22 UTC","2026-08-15 06:02:59 UTC","https://probomedical.my.salesforce.com/0PSRo0000008PHbOAM"
"0PS0B000000b5wlWAA","CRMUserPsl","CRM User","Denotes that the user is a Sales Cloud or Service Cloud user.","false","","","false","Standard","force","false","","","","","","2","","Campaign Influence2; Pardot User","2","2","2","2","2","1","1","0","0","0","2016-05-07 20:10:06 UTC","2026-08-15 06:02:59 UTC","https://probomedical.my.salesforce.com/0PS0B000000b5wlWAA"
"0PS5b000001V2FUGA0","Calibration_Access","Calibration Access","","false","","","true","Regular","","false","","","","","","0","","","1","1","1","1","1","1","1","35","0","0","2023-06-08 10:22:29 UTC","2025-05-30 21:01:41 UTC","https://probomedical.my.salesforce.com/0PS5b000001V2FUGA0"
"0PSRo000000EG05OAG","Case_FLS_Edit_Case_Owner","Case - FLS - Edit - Case Owner","","false","","","true","Regular","","false","","","","","","0","","","1","1","0","0","0","0","0","0","0","1","2026-05-18 14:17:19 UTC","2026-05-18 14:18:18 UTC","https://probomedical.my.salesforce.com/0PSRo000000EG05OAG"
"0PSRo0000004PZJOA2","Case_Solving_Access","Case Solving Access","","false","","","true","Regular","","false","","","","","","0","","","1","1","1","1","0","1","0","122","0","0","2024-10-09 08:44:23 UTC","2025-05-30 21:01:41 UTC","https://probomedical.my.salesforce.com/0PSRo0000004PZJOA2"
"0PS5b000000HlmXGAS","Certain_Asset_Fields","Certain Asset Fields","","false","","","true","Regular","","false","","","","","","0","","","0","0","0","0","0","0","0","6","0","1","2022-06-16 09:08:15 UTC","2025-05-30 21:01:41 UTC","https://probomedical.my.salesforce.com/0PS5b000000HlmXGAS"
"0PS4O000000OaONWA0","Change_Account_Owner","Change Account Owner","Grants permission to change the account owner of an account that's not theirs.","false","","","true","Regular","","false","","","","","","1","","Transfer Any Entity","1","1","1","1","0","1","0","2","0","1","2019-04-25 02:54:13 UTC","2025-05-30 21:01:41 UTC","https://probomedical.my.salesforce.com/0PS4O000000OaONWA0"
"0PS5b000000DgrkGAC","Change_Asset_Ownership","Change Asset Ownership","","false","","","true","Regular","","false","","","","","","0","","","0","0","0","0","0","0","0","1","0","1","2022-09-30 15:47:22 UTC","2025-05-30 21:01:41 UTC","https://probomedical.my.salesforce.com/0PS5b000000DgrkGAC"
"0PS4O000000Wu5hWAC","Change_Capacitance","Change Capacitance/Sensitivity","Permission Set for Bill, Arin and Kyle to edit capacitance and sensitivity fields on the product object.","false","","","true","Regular","","false","","","","","","0","","","1","1","1","1","0","0","0","2","0","0","2020-01-31 18:37:48 UTC","2025-05-30 21:01:41 UTC","https://probomedical.my.salesforce.com/0PS4O000000Wu5hWAC"
"0PSRo0000007MbhOAE","Change_Functional_and_Cosmetic_Ratings_on_Ultrasound_Probe_and_System_Assets","Change Functional and Cosmetic Ratings on Ultrasound Probe and System Assets","This is to enable users to manually adjust the Functional Rating and Cosmetic Rating found on Assets. This has specifically been requested to enable the UK Ultrasound Workshop to give more accurate ratings.","false","","","true","Regular","","false","","","","","","0","","","0","0","0","0","0","0","0","2","0","0","2025-05-29 10:33:41 UTC","2025-05-30 21:01:41 UTC","https://probomedical.my.salesforce.com/0PSRo0000007MbhOAE"
"0PSRo00000082RFOAY","Change_Invoice_Number_on_Opp","Change Invoice Number on Opp","Controlled field.  Permission can only be granted by CFO.","false","","","true","Regular","","false","","","","","","0","","","0","0","0","0","0","0","0","1","0","0","2025-06-20 18:15:51 UTC","2025-06-20 18:18:00 UTC","https://probomedical.my.salesforce.com/0PSRo00000082RFOAY"
"0PS5b000000HnRMGA0","Change_Log","Change Log","","false","","","true","Regular","","false","","","","","","0","","","1","1","1","1","0","1","0","7","0","1","2022-09-20 18:47:02 UTC","2025-05-30 21:01:41 UTC","https://probomedical.my.salesforce.com/0PS5b000000HnRMGA0"
"0PSRo0000008wMzOAI","Change_Opp_Once_Synced","Change Opp Once Synced","","false","","","true","Regular","","false","","","","","","0","","","0","0","0","0","0","0","0","0","1","0","2025-09-25 12:35:05 UTC","2025-09-25 12:35:05 UTC","https://probomedical.my.salesforce.com/0PSRo0000008wMzOAI"
"0PS5b000000HlKOGA0","Change_Opportunity_Owner","Change Opportunity Owner","","false","","","true","Regular","","false","","","","","","1","","Transfer Any Entity","1","1","1","1","1","0","0","5","0","1","2022-05-17 11:11:29 UTC","2026-04-13 20:52:34 UTC","https://probomedical.my.salesforce.com/0PS5b000000HlKOGA0"
"0PS4O000000vMY8WAM","Change_RMA_action","Change RMA action","Change RMA action to get ready for approval.","false","","","true","Regular","","false","","","","","","0","","","0","0","0","0","0","0","0","5","0","0","2021-04-09 17:53:19 UTC","2026-01-21 19:13:04 UTC","https://probomedical.my.salesforce.com/0PS4O000000vMY8WAM"
"0PS4O000000WtRwWAK","Change_Record_Type","Change Record Type RMA","","false","","","true","Regular","","false","","","","","","0","","","1","1","1","1","1","0","0","8","0","1","2019-08-14 18:35:57 UTC","2025-05-30 21:01:41 UTC","https://probomedical.my.salesforce.com/0PS4O000000WtRwWAK"
"0PS4O000000vMaYWAU","Change_opportunity_record_type_field_on_Asset_page","Change opportunity record type field on Asset page","","false","","","true","Regular","","false","","","","","","0","","","0","0","0","0","0","0","0","1","0","0","2021-04-15 19:55:37 UTC","2025-05-30 21:01:41 UTC","https://probomedical.my.salesforce.com/0PS4O000000vMaYWAU"
"0PSRo0000006udpOAA","ChannelPartnerInventoryReadOnlyPsl","Channel Inventory Read-Only Access","Gives users read-only access to Channel Inventory features.","false","","","false","Standard","force","false","","","","","","0","","","4","4","0","0","0","0","0","0","0","0","2025-04-12 13:14:49 UTC","2026-08-15 06:02:59 UTC","https://probomedical.my.salesforce.com/0PSRo0000006udpOAA"
"0PS4O000000zpNhWAI","Chargent_Admin_Base","Chargent Admin (Base)","","false","","","true","Regular","ChargentBase","false","","","","","","0","","","3","3","2","2","2","1","1","83","24","4","2020-08-24 16:22:46 UTC","2026-07-07 22:16:28 UTC","https://probomedical.my.salesforce.com/0PS4O000000zpNhWAI"
"0PS4O000000zpNmWAI","Chargent_Admin_Orders","Chargent Admin (Orders)","","false","","","true","Regular","ChargentOrders","false","","","","","","0","","","9","9","9","9","9","9","9","234","15","4","2020-08-24 16:29:23 UTC","2026-07-07 22:27:23 UTC","https://probomedical.my.salesforce.com/0PS4O000000zpNmWAI"
"0PSRo0000002mGiOAI","Chargent_Admin_User","Chargent Admin User","","false","","","true","Group","ChargentOrders","false","","","","","","0","","","15","15","14","14","14","13","13","359","44","9","2024-05-31 15:07:27 UTC","2026-07-07 22:30:01 UTC","https://probomedical.my.salesforce.com/0PSRo0000002mGiOAI"
"0PSRo0000002mGjOAI","Chargent_Community_User","Chargent Community User","","false","","","true","Group","ChargentOrders","false","","","","","","0","","","7","7","4","4","0","0","0","95","10","1","2024-05-31 15:07:29 UTC","2026-07-07 22:30:17 UTC","https://probomedical.my.salesforce.com/0PSRo0000002mGjOAI"
"0PSRo0000002mGfOAI","Chargent_Create_Orders","Chargent Create Orders","Allows users to create Chargent Order records.","false","","","true","Regular","ChargentOrders","false","","","","","","0","","","3","3","3","0","0","0","0","173","0","3","2024-05-31 15:07:25 UTC","2025-11-04 23:27:50 UTC","https://probomedical.my.salesforce.com/0PSRo0000002mGfOAI"
"0PSRo0000002mDROAY","Chargent_Create_Payment_Methods","Chargent Create Payment Methods","Allows users to create Chargent Log, Chargent Payment Method, and Chargent Token records.","false","","","true","Regular","ChargentBase","false","","","","","","0","","","4","4","4","0","0","0","0","49","0","1","2024-05-31 15:01:19 UTC","2025-05-30 21:01:41 UTC","https://probomedical.my.salesforce.com/0PSRo0000002mDROAY"
"0PSRo0000002mDSOAY","Chargent_Delete_Payment_Methods","Chargent Delete Payment Methods","Allows users to delete Chargent Log, Chargent Payment Method, and Chargent Token records.","false","","","true","Regular","ChargentBase","false","","","","","","0","","","4","4","0","4","4","0","0","48","0","1","2024-05-31 15:01:20 UTC","2025-05-30 21:01:41 UTC","https://probomedical.my.salesforce.com/0PSRo0000002mDSOAY"
"0PSRo0000002mGgOAI","Chargent_Edit_Orders","Chargent Edit Orders","Allows users to edit Chargent Order records.","false","","","true","Regular","ChargentOrders","false","","","","","","0","","","3","3","2","1","0","0","0","172","0","3","2024-05-31 15:07:26 UTC","2025-11-04 23:27:51 UTC","https://probomedical.my.salesforce.com/0PSRo0000002mGgOAI"
"0PSRo0000002mDTOAY","Chargent_Edit_Payment_Methods","Chargent Edit Payment Methods","Allows users to edit Chargent Log, Chargent Payment Method, and Chargent Token records.","false","","","true","Regular","ChargentBase","false","","","","","","0","","","4","4","0","4","0","0","0","49","0","1","2024-05-31 15:01:20 UTC","2025-05-30 21:01:41 UTC","https://probomedical.my.salesforce.com/0PSRo0000002mDTOAY"
"0PSRo0000002mGkOAI","Chargent_Guest_User","Chargent Guest User","","false","","","true","Group","ChargentOrders","false","","","","","","0","","","5","5","4","0","0","0","0","49","10","1","2024-05-31 15:07:31 UTC","2026-07-07 22:30:08 UTC","https://probomedical.my.salesforce.com/0PSRo0000002mGkOAI"
"0PS4O0000009WqPWAU","ChargentAnyObj_Payment_Console","Chargent Payment Console","","false","","","true","Regular","ChargentAnyObj","false","","","","","","0","","","0","0","0","0","0","0","0","0","10","0","2021-02-02 22:03:29 UTC","2025-05-30 21:01:41 UTC","https://probomedical.my.salesforce.com/0PS4O0000009WqPWAU"
"0PSRo0000002mGhOAI","Chargent_Payment_Methods_Use_Pay_Forms","Chargent Payment Methods Use Pay Forms","Allows users to load and use Chargent payment forms.","false","","","true","Regular","ChargentOrders","false","","","","","","0","","","0","0","0","0","0","0","0","4","7","0","2024-05-31 15:07:26 UTC","2025-05-30 21:01:41 UTC","https://probomedical.my.salesforce.com/0PSRo0000002mGhOAI"
"0PS4O0000009WqQWAU","ChargentAnyObj_Payment_Request","Chargent Payment Request","","false","","","true","Regular","ChargentAnyObj","false","","","","","","0","","","0","0","0","0","0","0","0","0","11","0","2021-02-02 22:03:30 UTC","2025-05-30 21:01:41 UTC","https://probomedical.my.salesforce.com/0PS4O0000009WqQWAU"
"0PSRo0000002mDUOAY","Chargent_Read_Gateways","Chargent Read Gateways","Allows users to read Gateway records.","false","","","true","Regular","ChargentBase","false","","","","","","0","","","1","1","0","0","0","0","0","45","0","0","2024-05-31 15:01:20 UTC","2025-05-30 21:01:41 UTC","https://probomedical.my.salesforce.com/0PSRo0000002mDUOAY"
"0PSRo0000002mGlOAI","Chargent_Standard_User","Chargent Standard User","","false","","","true","Group","ChargentOrders","false","","","","","","0","","","15","15","11","13","2","0","0","349","27","3","2024-05-31 15:07:32 UTC","2026-07-07 22:29:55 UTC","https://probomedical.my.salesforce.com/0PSRo0000002mGlOAI"
"0PS5b000000DhA3GAK","Chargent_Terminal_Admin","Chargent Terminal Admin","","false","","","true","Regular","cterminal","false","","","","","","0","","","0","0","0","0","0","0","0","0","16","3","2022-10-13 13:36:20 UTC","2025-05-30 21:01:41 UTC","https://probomedical.my.salesforce.com/0PS5b000000DhA3GAK"
"0PS5b000000DhA4GAK","Chargent_Terminal_Unlinked_Payments","Chargent Terminal Unlinked Payments","Adds ability for a Chargent Terminal User to reconcile unlinked Chargent Terminal Payment matching them up with the related Salesforce Objects. This is not needed for those with the Chargent Terminal Admin Profile","false","","","true","Regular","cterminal","false","","","","","","0","","","0","0","0","0","0","0","0","0","0","1","2022-10-13 13:36:22 UTC","2025-05-30 21:01:41 UTC","https://probomedical.my.salesforce.com/0PS5b000000DhA4GAK"
"0PS5b000000DhA5GAK","Chargent_Terminal_User","Chargent Terminal User","","false","","","true","Regular","cterminal","false","","","","","","0","","","0","0","0","0","0","0","0","0","16","2","2022-10-13 13:36:22 UTC","2025-05-30 21:01:41 UTC","https://probomedical.my.salesforce.com/0PS5b000000DhA5GAK"
"0PS4O000000zpNiWAI","Chargent_User_Base","Chargent User (Base)","","false","","","true","Regular","ChargentBase","false","","","","","","0","","","3","3","1","1","1","0","0","80","11","2","2020-08-24 16:22:47 UTC","2026-07-07 22:16:29 UTC","https://probomedical.my.salesforce.com/0PS4O000000zpNiWAI"
"0PS4O000000zpNnWAI","Chargent_User_Orders","Chargent User (Orders)","","false","","","true","Regular","ChargentOrders","false","","","","","","0","","","9","9","7","9","1","0","0","222","9","4","2020-08-24 16:29:24 UTC","2026-07-07 22:27:24 UTC","https://probomedical.my.salesforce.com/0PS4O000000zpNnWAI"
"0PSRo000000FknJOAS","Chargent_View_All_Modify_All_Payment_Methods","Chargent View All Modify All Payment Methods","Allows users to modify All the Chargent Log, Chargent Payment Method, and Chargent Token records.","false","","","true","Regular","ChargentBase","false","","","","","","0","","","3","3","0","3","3","3","3","0","0","1","2026-07-07 22:16:31 UTC","2026-07-07 22:16:31 UTC","https://probomedical.my.salesforce.com/0PSRo000000FknJOAS"
"0PSRo0000009qx3OAA","Chargent_Waive_Surcharge","Chargent Waive Surcharge","Allows users to waive surcharge fees.","false","","","true","Regular","ChargentOrders","false","","","","","","0","","","0","0","0","0","0","0","0","1","0","0","2025-11-04 23:27:53 UTC","2025-11-04 23:27:53 UTC","https://probomedical.my.salesforce.com/0PSRo0000009qx3OAA"
"0PSRo000000D0obOAC","sfdc_chatbot","Chatbot","Chatbot Permission Set","false","","","true","Session","sfdcInternalInt","true","","","","","","0","","","0","0","0","0","0","0","0","0","0","0","2026-04-06 13:08:54 UTC","2026-04-06 13:08:54 UTC","https://probomedical.my.salesforce.com/0PSRo000000D0obOAC"
"0PS4O000000zpmhWAA","Check_repair_information","Check repair information","Used at the asset level for product repair section","false","","","true","Regular","","false","","","","","","0","","","0","0","0","0","0","0","0","4","0","1","2020-10-13 13:16:53 UTC","2025-05-30 21:01:41 UTC","https://probomedical.my.salesforce.com/0PS4O000000zpmhWAA"
"0PS5b000001V1BWGA0","Checked_by_PM_checkbox","Checked by PM checkbox","","false","","","true","Regular","","false","","","","","","0","","","0","0","0","0","0","0","0","1","0","0","2023-04-04 13:58:58 UTC","2025-05-30 21:01:41 UTC","https://probomedical.my.salesforce.com/0PS5b000001V1BWGA0"
"0PSRo000000A1CXOA0","Clone_This_User","Clone This User","To give permission to non-admins to Clone a User","false","","","true","Regular","ctu","false","","","","","","0","","","4","4","2","3","3","4","3","12","17","2","2025-11-20 18:02:32 UTC","2025-11-20 18:02:32 UTC","https://probomedical.my.salesforce.com/0PSRo000000A1CXOA0"
"0PS5b000001QDjlGAG","CodeBuilderUserPsl","Code Builder User","Enables the user to create and access Code Builder environments.","false","","","false","Standard","force","false","","","","","","1","","Code Builder User","0","0","0","0","0","0","0","0","0","0","2023-10-14 05:06:00 UTC","2026-08-15 06:02:59 UTC","https://probomedical.my.salesforce.com/0PS5b000001QDjlGAG"
"0PSRo0000005NdVOAU","Cold_Storage_Invoicing","Cold Storage - Invoicing","","false","","","true","Regular","","false","","","","","","0","","","2","2","2","2","0","2","0","13","0","0","2024-12-19 03:20:17 UTC","2025-05-30 21:01:41 UTC","https://probomedical.my.salesforce.com/0PSRo0000005NdVOAU"
"0PSRo0000005NbtOAE","Cold_Storage_Warehouse_Reps","Cold Storage - Warehouse Reps","","false","","","true","Regular","","false","","","","","","0","","","1","1","0","1","0","1","0","4","0","0","2024-12-19 03:16:54 UTC","2025-05-30 21:01:41 UTC","https://probomedical.my.salesforce.com/0PSRo0000005NbtOAE"
"0PS5b000000HmbGGAS","Colorful_Dashboards","Colorful Dashboards","","false","","","true","Regular","","false","","","","","","1","","Change Dashboard Colors","0","0","0","0","0","0","0","0","0","0","2022-08-18 16:11:27 UTC","2025-05-30 21:01:41 UTC","https://probomedical.my.salesforce.com/0PS5b000000HmbGGAS"
"0PSRo000000FlZhOAK","CommandCenter","Command Center","Allows access to the Command Center app and its resources.","false","","","false","Standard","force","false","","","","","","1","","Access Command Center","0","0","0","0","0","0","0","0","0","0","2026-07-07 22:36:47 UTC","2026-08-15 06:02:59 UTC","https://probomedical.my.salesforce.com/0PSRo000000FlZhOAK"
"0PSRo000000E8ddOAC","Configuration_Access","Configuration Access","This is to provide access to view items such as Flows and Apex Triggers.","false","","","true","Regular","","false","","","","","","45","Author Apex; Modify All Data; Modify Metadata; View All Data","Apex Rest Services; Api Enabled; Assign Topics; Author Apex; Connect Org To Environment Hub; Convert Leads; Create Customize Dashboards; Create Customize Filters; Create Customize Reports; Create Dashboard Folders; Create Report Folders; Create Topics; Debug Apex; Delete Topics; Edit Event; Edit My Dashboards; Edit My Reports; Edit Public Documents; Edit Public Filters; Edit Public Templates; Edit Task; Edit Topics; Import Leads; Manage Categories; Manage Dashbds In Pub Folders; Manage Interaction; Manage Networks; Manage Reports In Pub Folders; Modify All Data; Modify Metadata; Run Flow; Run Reports; Solution Import; Transfer Any Entity; Transfer Any Lead; Use Team Reassign Wizards; View All Custom Settings; View All Data; View All Non Setup Flows; View Event Log Files; View Non Setup Flow; View Public Dashboards; View Public Reports; View Roles; View Setup","516","516","516","503","503","500","500","0","0","0","2026-05-12 07:39:16 UTC","2026-05-12 08:28:01 UTC","https://probomedical.my.salesforce.com/0PSRo000000E8ddOAC"
"0PS5b000000HlcXGAS","Confirmation_Number","Confirmation Number","","false","","","true","Regular","","false","","","","","","0","","","1","1","1","1","1","1","1","1","0","1","2022-06-08 12:47:04 UTC","2025-05-30 21:01:41 UTC","https://probomedical.my.salesforce.com/0PS5b000000HlcXGAS"
"0PSRo0000007YcrOAE","ConnectivityServiceCASCPermSet","ConnectivityServiceCASCPermSet","","false","","","false","Session","force","true","","","","","","7","","Apex Rest Services; Api Enabled; Api User Only; Can Access CE; Chatter Internal User; Manage Named Credentials; Password Never Expires","116","116","86","91","90","106","89","0","0","0","2018-06-18 05:10:21 UTC","2026-08-15 06:02:55 UTC","https://probomedical.my.salesforce.com/0PSRo0000007YcrOAE"
"0PSRo000000C1oMOAS","sfdc_nc_constraints_engine_deploy","Constraint Rules Engine Licenseless permission set","Create and manage constraint types and rules in Advanced Configurator.","false","","","true","Session","sfdcInternalInt","true","","","","","","0","","","0","0","0","0","0","0","0","0","0","0","2026-02-21 05:47:30 UTC","2026-02-21 05:47:30 UTC","https://probomedical.my.salesforce.com/0PSRo000000C1oMOAS"
"0PSRo0000004gWxOAI","ContextServiceAdminPsl","Context Service Admin","Enables the user to perform CRUD operations on context entities/objects.","false","","","false","Standard","force","false","","","","","","0","","","3","3","0","0","0","0","0","0","0","0","2024-10-17 01:36:06 UTC","2026-08-15 06:02:59 UTC","https://probomedical.my.salesforce.com/0PSRo0000004gWxOAI"
"0PSRo0000004gWyOAI","ContextServiceRuntimePsl","Context Service Runtime","Enables the user to perform read operation on context entities/objects","false","","","false","Standard","force","false","","","","","","0","","","3","3","0","0","0","0","0","0","0","0","2024-10-17 01:36:06 UTC","2026-08-15 06:02:59 UTC","https://probomedical.my.salesforce.com/0PSRo0000004gWyOAI"
"0PSRo0000002WAHOA2","CallCoachingIntegrationUser","Conversation Insights Integration User","Allow an integration user to access Salesforce so third-party telephony providers can upload data to enable the use of Conversation Insights.","false","","","false","Standard","force","false","","","","","","0","","","0","0","0","0","0","0","0","0","0","0","2024-05-15 02:57:26 UTC","2026-08-15 06:02:59 UTC","https://probomedical.my.salesforce.com/0PSRo0000002WAHOA2"
"0PSRo0000002WAIOA2","CallCoachingStandardUserPsl","Conversation Insights for Sales","Lets users access Einstein Conversation Insights for Sales.","false","","","false","Standard","force","false","","","","","","5","","Call Coaching User; Video Conference Meet User; Video Conference Teams User; Video Conference Zoom User; View Only Embedded App User","0","0","0","0","0","0","0","0","0","0","2024-05-15 02:57:26 UTC","2026-08-15 06:02:59 UTC","https://probomedical.my.salesforce.com/0PSRo0000002WAIOA2"
"0PSRo0000002WAJOA2","StandardServiceECIUser","Conversation Insights for Service","Lets users access Einstein Conversation Insights for Service.","false","","","false","Standard","force","false","","","","","","1","","View Only Embedded App User","0","0","0","0","0","0","0","0","0","0","2024-05-15 02:57:26 UTC","2026-08-15 06:02:59 UTC","https://probomedical.my.salesforce.com/0PSRo0000002WAJOA2"
"0PSRo0000004jJZOAY","CopilotSalesforceAdminPSG","CopilotSalesforceAdminPSG","","false","","","true","Group","force","false","","","","","","6","","Einstein Agent Platform Builder; Einstein Copilot Builder; Einstein Copilot User; Execute Prompt Templates; View Roles; View Setup","1","1","0","0","0","0","0","0","0","0","2024-10-18 01:45:50 UTC","2026-04-07 07:01:28 UTC","https://probomedical.my.salesforce.com/0PSRo0000004jJZOAY"
"0PSRo0000004jJaOAI","CopilotSalesforceUserPSG","CopilotSalesforceUserPSG","","false","","","true","Group","force","false","","","","","","2","","Einstein Copilot User; Execute Prompt Templates","1","1","0","0","0","0","0","0","0","0","2024-10-18 01:45:51 UTC","2026-04-07 07:01:33 UTC","https://probomedical.my.salesforce.com/0PSRo0000004jJaOAI"
"0PSRo0000003LZNOA2","Cost_View","Cost View","","false","","","true","Regular","","false","","","","","","0","","","0","0","0","0","0","0","0","1","0","0","2024-07-18 18:00:04 UTC","2025-05-30 21:01:41 UTC","https://probomedical.my.salesforce.com/0PSRo0000003LZNOA2"
"0PS5b000000HmZ0GAK","Create_Item_Receipts","Create Item Receipts","","false","","","true","Regular","","false","","","","","","0","","","2","2","1","1","1","1","1","22","0","1","2022-08-15 15:53:17 UTC","2025-05-30 21:01:41 UTC","https://probomedical.my.salesforce.com/0PS5b000000HmZ0GAK"
"0PS5b000000HmS4GAK","Create_Products","Create Products","","false","","","true","Regular","","false","","","","","","0","","","1","1","1","1","0","0","0","481","0","1","2022-08-02 08:42:49 UTC","2025-05-30 21:01:41 UTC","https://probomedical.my.salesforce.com/0PS5b000000HmS4GAK"
"0PS4O000000WtjbWAC","Create_Purchasing_Opps","Create Purchasing Opps","Create Purchasing Opps from Vendor Sourcing","false","","","true","Regular","","false","","","","","","0","","","2","2","2","1","1","1","0","26","0","1","2019-11-07 18:55:38 UTC","2025-05-30 21:01:41 UTC","https://probomedical.my.salesforce.com/0PS4O000000WtjbWAC"
"0PSRo000000BY3BOAW","Create_Refurb_Tests","Create Refurb Tests","","false","","","true","Regular","","false","","","","","","0","","","1","1","1","1","0","1","0","33","0","1","2026-02-08 20:50:43 UTC","2026-02-08 20:52:30 UTC","https://probomedical.my.salesforce.com/0PSRo000000BY3BOAW"
"0PS4O000000WtRcWAK","Create_Warranty_Ops","Create Warranty Ops","","false","","","true","Regular","","false","","","","","","0","","","1","1","1","1","0","0","0","1","0","0","2019-08-12 18:32:00 UTC","2025-05-30 21:01:41 UTC","https://probomedical.my.salesforce.com/0PS4O000000WtRcWAK"
"0PS5b000001V20AGAS","Create_Work_Orders","Create Work Orders","","false","","","true","Regular","","false","","","","","","0","","","1","1","1","1","1","1","0","475","0","1","2023-05-23 14:15:46 UTC","2025-12-22 20:48:15 UTC","https://probomedical.my.salesforce.com/0PS5b000001V20AGAS"
"0PSRo0000007CSfOAM","Create_and_Edit_Purchasing_Returns","Create and Edit Purchasing Returns","","false","","","true","Regular","","false","","","","","","0","","","2","2","1","1","1","1","1","33","0","1","2025-05-05 16:05:01 UTC","2025-05-30 21:01:41 UTC","https://probomedical.my.salesforce.com/0PSRo0000007CSfOAM"
"0PS5b000000HhorGAC","Create_external_repairs","Create external repairs","Ability to create external repair to add associated costs and remove previous asset from inventory","false","","","true","Regular","","false","","","","","","0","","","0","0","0","0","0","0","0","18","0","1","2021-11-01 17:31:46 UTC","2025-05-30 21:01:41 UTC","https://probomedical.my.salesforce.com/0PS5b000000HhorGAC"
"0PS0B000000b6NDWAY","Create_new_assets","Create new assets","","false","","","true","Regular","","false","","","","","","0","","","0","0","0","0","0","0","0","369","2","1","2018-04-20 14:03:07 UTC","2025-12-18 10:10:48 UTC","https://probomedical.my.salesforce.com/0PS0B000000b6NDWAY"
"0PS0B000000b5PDWAY","Creating_New_Products","Creating New Products","","false","","","true","Regular","","false","","","","","","0","","","2","2","2","2","0","0","0","23","0","1","2017-11-27 17:53:52 UTC","2025-05-30 21:01:41 UTC","https://probomedical.my.salesforce.com/0PS0B000000b5PDWAY"
"0PS5b000000DkfJGAS","Creating_Price_Books","Creating Price Books","","false","","","true","Regular","","false","","","","","","0","","","2","2","1","1","0","0","0","0","0","0","2023-02-10 08:56:37 UTC","2025-05-30 21:01:41 UTC","https://probomedical.my.salesforce.com/0PS5b000000DkfJGAS"
"0PSRo0000005hltOAA","Credit_Memo_Line_Items","Credit Memo Line Items","","false","","","true","Regular","","false","","","","","","0","","","7","7","2","2","1","4","1","1268","0","4","2025-02-04 15:34:42 UTC","2025-05-30 21:01:41 UTC","https://probomedical.my.salesforce.com/0PSRo0000005hltOAA"
"0PS4O0000009WmcWAE","Credit_Memo_Permission_Set","Credit Memo Permission Set","","false","","","true","Regular","","false","","","","","","0","","","2","2","2","2","2","2","1","64","0","2","2021-01-22 15:21:36 UTC","2025-05-30 21:01:41 UTC","https://probomedical.my.salesforce.com/0PS4O0000009WmcWAE"
"0PS4O0000009WmhWAE","Credit_Memo_View_Access","Credit Memo- View Access","","false","","","true","Regular","","false","","","","","","0","","","1","1","0","0","0","0","0","52","0","1","2021-01-22 15:24:37 UTC","2025-05-30 21:01:41 UTC","https://probomedical.my.salesforce.com/0PS4O0000009WmhWAE"
"0PS4O000000WtRhWAK","Custom_List_Views","Custom List Views","","false","","","true","Regular","","false","","","","","","2","","Create Customize Filters; Edit Public Filters","0","0","0","0","0","0","0","0","0","0","2019-08-12 18:59:07 UTC","2025-05-30 21:01:41 UTC","https://probomedical.my.salesforce.com/0PS4O000000WtRhWAK"
"0PSU0000000OKKBOA4","Custom_Object_Permission","Custom Object Permission","","false","","","true","Regular","","false","","","","","","0","","","4","4","4","4","4","2","2","62","2","2","2015-01-20 05:58:05 UTC","2025-05-30 21:01:41 UTC","https://probomedical.my.salesforce.com/0PSU0000000OKKBOA4"
"0PS4O000000WtSuWAK","D_B","D&B","","false","","","true","Regular","","false","","","","","","0","","","1","1","1","1","1","0","0","8","0","0","2019-08-22 13:07:16 UTC","2025-05-30 21:01:41 UTC","https://probomedical.my.salesforce.com/0PS4O000000WtSuWAK"
"0PSRo000000BWXdOAO","Dashboard_Subscription","Dashboard Subscription","","false","","","true","Regular","","false","","","","","","8","","Run Reports; Subscribe Dashboard Roles Grps; Subscribe Dashboard To Other Users; Subscribe Report Roles Grps; Subscribe Report To Other Users; Subscribe Reports Run As User; Subscribe To Lightning Dashboards; Subscribe To Lightning Reports","0","0","0","0","0","0","0","0","0","0","2026-02-06 14:13:17 UTC","2026-02-06 14:15:43 UTC","https://probomedical.my.salesforce.com/0PSRo000000BWXdOAO"
"0PSRo00000026ZBOAY","D360HomeOrgPermSet","Data Cloud Home Org Integration User","Allows integration user to access entities specific to Remote Data Cloud.","false","","","false","Session","force","true","","","","","","6","","Apex Rest Services; Api Enabled; Api User Only; Can Access CE; Chatter Internal User; Password Never Expires","115","115","86","91","90","105","89","0","0","0","2018-06-18 05:10:21 UTC","2026-08-15 06:02:55 UTC","https://probomedical.my.salesforce.com/0PSRo00000026ZBOAY"
"0PS4O000000WtjvWAC","Dataloader","Dataloader","","false","","","true","Regular","","false","","","","","","1","","Api Enabled","0","0","0","0","0","0","0","0","2","0","2019-11-08 14:50:56 UTC","2026-05-07 22:28:54 UTC","https://probomedical.my.salesforce.com/0PS4O000000WtjvWAC"
"0PS5b000001V11gGAC","Dealer_and_Retail_Pricing_Edit_at_Product_Level","Dealer and Retail Pricing - Edit at Product Level","","false","","","true","Regular","","false","","","","","","0","","","1","1","0","1","0","0","0","4","0","0","2023-03-24 04:59:33 UTC","2025-05-30 21:01:41 UTC","https://probomedical.my.salesforce.com/0PS5b000001V11gGAC"
"0PSRo0000004gWzOAI","ExplainabilityServicePSL","Decision Explainer Service Access","Provides access to Decision Explainer Service features and objects","false","","","false","Standard","force","false","","","","","","1","","Explainability User Access","0","0","0","0","0","0","0","0","0","0","2024-10-17 01:36:06 UTC","2026-08-15 06:02:59 UTC","https://probomedical.my.salesforce.com/0PSRo0000004gWzOAI"
"0PS4O000000vMYhWAM","Default_lead_creator","Default lead creator","Must have access to modify all data and send emails.","false","","","true","Regular","","false","","","","","","37","Modify All Data; Modify Metadata; View All Data","Assign Topics; Connect Org To Environment Hub; Convert Leads; Create Customize Dashboards; Create Customize Filters; Create Customize Reports; Create Dashboard Folders; Create Report Folders; Create Topics; Delete Topics; Edit Event; Edit My Dashboards; Edit My Reports; Edit Public Documents; Edit Public Filters; Edit Public Templates; Edit Task; Edit Topics; Email Single; Import Leads; Manage Categories; Manage Dashbds In Pub Folders; Manage Networks; Manage Reports In Pub Folders; Modify All Data; Modify Metadata; Run Reports; Solution Import; Transfer Any Entity; Transfer Any Lead; Use Team Reassign Wizards; View All Data; View Event Log Files; View Public Dashboards; View Public Reports; View Roles; View Setup","516","516","516","503","503","500","500","0","0","0","2021-04-12 00:31:32 UTC","2025-05-30 21:01:41 UTC","https://probomedical.my.salesforce.com/0PS4O000000vMYhWAM"
"0PS5b000000HiPEGA0","Delete","Delete","Power to Delete Object entries","false","","","true","Regular","","false","","","","","","0","","","6","6","1","5","5","0","0","0","0","6","2021-12-17 15:48:17 UTC","2025-05-30 21:01:41 UTC","https://probomedical.my.salesforce.com/0PS5b000000HiPEGA0"
"0PS4O0000009SkgWAE","Delete_RMAs","Delete RMAs","","false","","","true","Regular","","false","","","","","","0","","","1","1","1","1","1","1","1","0","0","1","2019-06-17 19:54:57 UTC","2025-05-30 21:01:41 UTC","https://probomedical.my.salesforce.com/0PS4O0000009SkgWAE"
"0PS5b000001V13XGAS","Delete_Work_Order","Delete Work Order","","false","","","true","Regular","","false","","","","","","0","","","1","1","0","1","1","1","1","0","0","0","2023-03-27 12:33:09 UTC","2025-05-30 21:01:41 UTC","https://probomedical.my.salesforce.com/0PS5b000001V13XGAS"
"0PS0B000000b6zCWAQ","Delete_sourcing_requests","Delete sourcing requests","","false","","","true","Regular","","false","","","","","","0","","","2","2","1","1","1","0","0","0","0","0","2018-06-19 14:45:09 UTC","2026-04-13 20:57:23 UTC","https://probomedical.my.salesforce.com/0PS0B000000b6zCWAQ"
"0PS0B000000b61CWAQ","Deleting_Merging_Accounts","Deleting/Merging Accounts","","false","","","true","Regular","","false","","","","","","6","","Delete Topics; Edit Task; Email Mass; Email Single; Mass Inline Edit; Merge Topics","1","1","1","1","1","1","1","0","0","0","2018-02-16 21:44:02 UTC","2025-05-30 21:01:41 UTC","https://probomedical.my.salesforce.com/0PS0B000000b61CWAQ"
"0PSRo00000011jdOAA","DeliveryEstimationServicePermSet","DeliveryEstimationServicePermSet","","false","","","false","Session","force","true","","","","","","6","","Apex Rest Services; Api Enabled; Api User Only; Can Access CE; Chatter Internal User; Password Never Expires","115","115","86","91","90","105","89","0","0","0","2018-06-18 05:10:21 UTC","2026-08-15 06:02:55 UTC","https://probomedical.my.salesforce.com/0PSRo00000011jdOAA"
"0PS4O000000WtidWAC","Depot_Repair_Approvals","Depot Repair Approvals","Kathy Gontz to move System Deals through the approval process when they are for depot repair.","false","","","true","Regular","","false","","","","","","0","","","0","0","0","0","0","0","0","0","0","0","2019-11-05 15:54:48 UTC","2025-05-30 21:01:41 UTC","https://probomedical.my.salesforce.com/0PS4O000000WtidWAC"
"0PSRo0000006udqOAA","DesignRegistrationReadOnlyPsl","Design Registration Read Only Access","Gives users read-only access to Design Registration related features.","false","","","false","Standard","force","false","","","","","","0","","","6","6","0","0","0","0","0","0","0","0","2025-04-12 13:14:49 UTC","2026-08-15 06:02:59 UTC","https://probomedical.my.salesforce.com/0PSRo0000006udqOAA"
"0PSRo0000004AqPOAU","Designated_For_Access","Designated For Access","","false","","","true","Regular","","false","","","","","","0","","","0","0","0","0","0","0","0","1","0","0","2024-09-05 12:27:59 UTC","2025-05-30 21:01:41 UTC","https://probomedical.my.salesforce.com/0PSRo0000004AqPOAU"
"0PSRo000000ANszOAG","Developer_Console","Developer Console","","false","","","true","Regular","","false","","","","","","11","Author Apex; Customize Application; Modify Metadata; View All Data","Api Enabled; Author Apex; Customize Application; Manage Custom Permissions; Modify Metadata; View All Data; View Event Log Files; View Public Dashboards; View Public Reports; View Roles; View Setup","424","424","0","0","0","408","0","0","0","0","2025-12-10 13:18:12 UTC","2025-12-10 13:18:51 UTC","https://probomedical.my.salesforce.com/0PSRo000000ANszOAG"
"0PSRo000000GqU5OAK","Disaster_Recovery_Projects_Access","Disaster Recovery Projects - Access","This provides access to Disaster Recovery Projects and the related objects such as Project Charges and Project Charge Line Items.","false","","","true","Regular","","false","","","","","","0","","","4","4","0","0","0","0","0","81","0","4","2026-07-22 12:16:11 UTC","2026-07-22 12:18:14 UTC","https://probomedical.my.salesforce.com/0PSRo000000GqU5OAK"
"0PSRo0000004W4XOAU","E360MessagingC2CPermSet","E360 Messaging Integration User","Allows integration user to access features specific to E360 Messaging.","false","","","false","Session","force","true","","","","","","28","Assign Permission Sets; Customize Application; Manage Internal Users; Manage Password Policies; Manage Roles; Manage Sharing; Manage Users; Modify Metadata; Reset Passwords","Activities Access; Apex Rest Services; Api Enabled; Api User Only; Assign Permission Sets; Can Access CE; Chatter Internal User; Customize Application; Delegated Two Factor; Email Administration; Freeze Users; Manage Internal Users; Manage Ip Addresses; Manage Login Access Policies; Manage Password Policies; Manage Preference Center; Manage Roles; Manage Sharing; Manage Two Factor; Manage Users; Modify Metadata; Monitor Login History; Password Never Expires; Privacy Data Access; Reset Passwords; Uma Query CMS Email Content; View Developer Name; View Setup","115","115","86","91","90","105","89","0","0","0","2018-06-18 05:10:21 UTC","2026-08-15 06:02:55 UTC","https://probomedical.my.salesforce.com/0PSRo0000004W4XOAU"
"0PSRo0000007YcsOAE","E360UEC2CPermSet","E360UEC2CPermSet","","false","","","false","Session","force","true","","","","","","30","Assign Permission Sets; Customize Application; Manage Internal Users; Manage Password Policies; Manage Profiles Permissionsets; Manage Roles; Manage Sharing; Manage Users; Modify Metadata; Reset Passwords","Apex Rest Services; Api Enabled; Api User Only; Assign Permission Sets; Can Access CE; Chatter Internal User; Customize Application; Delegated Two Factor; Email Administration; Freeze Users; Manage Custom Permissions; Manage Internal Users; Manage Ip Addresses; Manage Login Access Policies; Manage Password Policies; Manage Preference Center; Manage Profiles Permissionsets; Manage Roles; Manage Sharing; Manage Two Factor; Manage Users; Modify Metadata; Monitor Login History; Password Never Expires; Privacy Data Access; Reset Passwords; View All Users; View Developer Name; View Roles; View Setup","115","115","86","91","90","105","89","0","0","0","2018-06-18 05:10:21 UTC","2026-08-15 06:02:55 UTC","https://probomedical.my.salesforce.com/0PSRo0000007YcsOAE"
"0PSRo0000008PHPOA2","ERIBasic","ERI Basic User","Lets users access ERI Basic features.","false","","","false","Standard","force","false","","","","","","1","","Allow ERI Basic Access","2","2","1","0","0","2","0","0","0","0","2025-08-01 04:08:22 UTC","2026-08-15 06:02:59 UTC","https://probomedical.my.salesforce.com/0PSRo0000008PHPOA2"
"0PS4O000000vN2gWAE","Edit_Account_Supervisor_Field_ONLY","Edit Account Supervisor Field ONLY","On account object","false","","","true","Regular","","false","","","","","","0","","","0","0","0","0","0","0","0","1","0","0","2021-07-07 19:06:58 UTC","2025-05-30 21:01:41 UTC","https://probomedical.my.salesforce.com/0PS4O000000vN2gWAE"
"0PSRo000000AQndOAG","Edit_All_Contract_Line_Item_Fields","Edit All Contract Line Item Fields","","false","","","true","Regular","","false","","","","","","0","","","2","2","0","1","0","2","0","149","0","1","2025-12-17 09:34:32 UTC","2025-12-17 10:34:15 UTC","https://probomedical.my.salesforce.com/0PSRo000000AQndOAG"
"0PS5b000001V2T2GAK","Edit_All_Dashboards_Reports","Edit All Dashboards/Reports","","false","","","true","Regular","","false","","","","","","12","","Can Use New Dashboard Builder; Create Customize Dashboards; Create Customize Reports; Create Dashboard Folders; Create Report Folders; Edit My Dashboards; Edit My Reports; Manage Dashbds In Pub Folders; Manage Reports In Pub Folders; Run Reports; View Public Dashboards; View Public Reports","0","0","0","0","0","0","0","0","0","0","2023-06-13 19:01:09 UTC","2025-05-30 21:01:41 UTC","https://probomedical.my.salesforce.com/0PS5b000001V2T2GAK"
"0PSRo000000AQm1OAG","Edit_All_Service_Appointment_Fields","Edit All Service Appointment Fields","","false","","","true","Regular","","false","","","","","","0","","","1","1","0","1","0","1","0","579","0","1","2025-12-17 09:29:59 UTC","2025-12-17 09:33:42 UTC","https://probomedical.my.salesforce.com/0PSRo000000AQm1OAG"
"0PSRo0000008mXJOAY","Edit_CLI_Peripheral_Service_Network_and_Service_Hardware_and_Software_Fields","Edit CLI Peripheral, Service Network, and Service Hardware and Software Fields","Enables users to edit fields in the ""Peripheral Info"", ""Service Network Settings"", and ""Service Hardware & Software Info"" sections on the Contract Line Item object.","false","","","true","Regular","","false","","","","","","0","","","2","2","0","1","0","0","0","32","0","1","2025-09-08 12:21:19 UTC","2025-09-08 12:30:52 UTC","https://probomedical.my.salesforce.com/0PSRo0000008mXJOAY"
"0PS4O0000009WifWAE","Edit_Dealer_Pricing_on_Parts","Edit Dealer Pricing on Parts","This is to edit dealer pricing field for parts products.","false","","","true","Regular","","false","","","","","","0","","","0","0","0","0","0","0","0","7","0","0","2021-01-11 19:58:32 UTC","2025-05-30 21:01:41 UTC","https://probomedical.my.salesforce.com/0PS4O0000009WifWAE"
"0PS4O000000zq3SWAQ","Edit_Loaner_Fields","Edit Loaner Fields","","false","","","true","Regular","","false","","","","","","0","","","1","1","1","1","1","1","1","23","0","1","2020-11-11 21:20:14 UTC","2025-05-30 21:01:41 UTC","https://probomedical.my.salesforce.com/0PS4O000000zq3SWAQ"
"0PS4O0000009SnBWAU","Edit_Opportunities","Edit Opportunities","inter-company, external and purchasing","false","","","true","Regular","","false","","","","","","0","","","1","1","1","1","0","0","0","0","0","0","2019-06-26 17:16:49 UTC","2025-05-30 21:01:41 UTC","https://probomedical.my.salesforce.com/0PS4O0000009SnBWAU"
"0PS4O000000zq1bWAA","Edit_Part_Status_on_Ultrasound_Part_Products","Edit Part Status on Ultrasound Part Products","","false","","","true","Regular","","false","","","","","","0","","","2","2","1","1","0","0","0","1","0","0","2020-11-05 20:57:31 UTC","2025-05-30 21:01:41 UTC","https://probomedical.my.salesforce.com/0PS4O000000zq1bWAA"
"0PS4O0000009WyTWAU","Edit_Product_Status","Edit Product Status","","false","","","true","Regular","","false","","","","","","0","","","1","1","0","1","1","0","0","2","0","0","2021-02-24 19:48:50 UTC","2025-05-30 21:01:41 UTC","https://probomedical.my.salesforce.com/0PS4O0000009WyTWAU"
"0PSRo000000DUZlOAO","Edit_Product_Tax_Code","Edit Product Tax Code","04/17/2026 - Delegate - For Lori to manage avatax tax codes","false","","","true","Regular","","false","","","","","","0","","","1","1","0","1","0","0","0","5","0","1","2026-04-17 20:28:31 UTC","2026-04-17 20:32:12 UTC","https://probomedical.my.salesforce.com/0PSRo000000DUZlOAO"
"0PS4O0000009SZTWA2","Edit_Product_and_Non_Serialized_Qty_in_Stock","Edit Product and Non-Serialized Qty in Stock","","false","","","true","Regular","","false","","","","","","0","","","1","1","0","1","0","0","0","1","0","0","2019-05-15 14:01:30 UTC","2025-05-30 21:01:41 UTC","https://probomedical.my.salesforce.com/0PS4O0000009SZTWA2"
"0PS0B000000b5m7WAA","Edit_Public_Reports","Edit Public Reports","","false","","","true","Regular","","false","","","","","","6","","Create Customize Reports; Create Report Folders; Edit My Reports; Manage Reports In Pub Folders; Run Reports; View Public Reports","0","0","0","0","0","0","0","0","0","0","2018-01-10 15:52:37 UTC","2025-05-30 21:01:41 UTC","https://probomedical.my.salesforce.com/0PS0B000000b5m7WAA"
"0PS0B000000b6E6WAI","Edit_Ratings_Object","Edit Ratings Object","","false","","","true","Regular","","false","","","","","","0","","","1","1","1","1","0","1","0","2","1","0","2018-03-26 13:39:02 UTC","2025-05-30 21:01:41 UTC","https://probomedical.my.salesforce.com/0PS0B000000b6E6WAI"
"0PS0B000000b7EWWAY","Edit_Ratings","Edit Ratings/Notes on Asset Page","","false","","","true","Regular","","false","","","","","","0","","","1","1","1","1","0","1","0","5","0","0","2018-07-26 13:22:32 UTC","2025-05-30 21:01:41 UTC","https://probomedical.my.salesforce.com/0PS0B000000b7EWWAY"
"0PS5b000000DguZGAS","Edit_Record_Type_on_Asset","Edit Record Type on Asset","Allows for the editing of opportunity record type on asset","false","","","true","Regular","","false","","","","","","0","","","0","0","0","0","0","0","0","1","0","0","2022-10-04 13:24:13 UTC","2025-05-30 21:01:41 UTC","https://probomedical.my.salesforce.com/0PS5b000000DguZGAS"
"0PSRo000000Anc9OAC","Edit_Review_Status_Object","Edit Review Status Object","** This is the only way the review status field on the Asset (ProductItem__c) should be changed.","false","","","true","Regular","","false","","","","","","0","","","1","1","1","1","0","1","0","10","0","1","2026-01-06 20:10:30 UTC","2026-01-06 20:12:21 UTC","https://probomedical.my.salesforce.com/0PSRo000000Anc9OAC"
"0PS4O000000zpiuWAA","Edit_Serial_on_Assets","Edit Serial# on Assets","For users that do sourcing requests.","false","","","true","Regular","","false","","","","","","0","","","0","0","0","0","0","0","0","1","0","0","2020-09-30 17:25:31 UTC","2025-05-30 21:01:41 UTC","https://probomedical.my.salesforce.com/0PS4O000000zpiuWAA"
"0PSRo000000ANplOAG","Edit_Transducer_and_Peripheral_Information_on_Service_Appointments","Edit Transducer and Peripheral Information on Service Appointments","Used to enable users to set the Transducer and Peripheral Information fields.","false","","","true","Regular","","false","","","","","","0","","","0","0","0","0","0","0","0","39","0","0","2025-12-10 11:12:12 UTC","2025-12-10 11:17:50 UTC","https://probomedical.my.salesforce.com/0PSRo000000ANplOAG"
"0PS0B000000b6HZWAY","Edit_cost_fields","Edit cost fields","","false","","","true","Regular","","false","","","","","","0","","","0","0","0","0","0","0","0","1","0","0","2018-04-06 13:34:43 UTC","2025-05-30 21:01:41 UTC","https://probomedical.my.salesforce.com/0PS0B000000b6HZWAY"
"0PS0B000000b6enWAA","Edit_posted_on_eBay_checkbox","Edit posted on eBay checkbox","","false","","","true","Regular","","false","","","","","","0","","","0","0","0","0","0","0","0","4","0","0","2018-06-12 18:15:19 UTC","2025-05-30 21:01:41 UTC","https://probomedical.my.salesforce.com/0PS0B000000b6enWAA"
"0PS0B000000b5tSWAQ","Edit_review_status","Edit review status","","false","","","true","Regular","","false","","","","","","0","","","1","1","1","1","1","1","1","12","2","2","2018-02-08 19:18:58 UTC","2025-05-30 21:01:41 UTC","https://probomedical.my.salesforce.com/0PS0B000000b5tSWAQ"
"0PS4O000000vMZGWA2","Edit_sales_price_field_on_asset_page","Edit sales price field on asset page","","false","","","true","Regular","","false","","","","","","0","","","0","0","0","0","0","0","0","1","0","0","2021-04-12 17:11:31 UTC","2025-05-30 21:01:41 UTC","https://probomedical.my.salesforce.com/0PS4O000000vMZGWA2"
"0PSRo0000008PHQOA2","EinsteinActivityCaptureIncluded","Einstein Activity Capture Included","Grants access to use Einstein Activity Capture.","false","","","false","Standard","force","false","","","","","","5","","Automatic Activity Capture; Video Conference Meet User; Video Conference Teams User; Video Conference Zoom User; View Only Embedded App User","0","0","0","0","0","0","0","0","0","0","2025-08-01 04:08:22 UTC","2026-08-15 06:02:59 UTC","https://probomedical.my.salesforce.com/0PSRo0000008PHQOA2"
"0PS4O000000WuJPWA0","EinsteinAgent","Einstein Case Classification User","Provides access to Einstein Case Classification feature.","false","","","false","Standard","force","false","","","","","","2","","AI View Insight Objects; View ML Models","1","1","0","1","0","0","0","0","0","0","2020-02-19 08:07:27 UTC","2026-08-15 06:02:59 UTC","https://probomedical.my.salesforce.com/0PS4O000000WuJPWA0"
"0PS4O000000vMwJWAU","EinsteinAgentCWU","Einstein Case Wrap-Up User","Provides access to Einstein Case Wrap-Up feature.","false","","","false","Standard","force","false","","","","","","2","","AI View Insight Objects; View ML Models","1","1","0","1","0","0","0","0","0","0","2021-06-18 14:03:26 UTC","2026-08-15 06:02:59 UTC","https://probomedical.my.salesforce.com/0PS4O000000vMwJWAU"
"0PSRo0000008PHOOA2","CallCoachingIncluded","Einstein Conversation Insights Included","Lets sales reps & managers record voice & video calls, process calls to generate ECI insights, access ECI dashboard pages within ECI app, and utilize call collections.","false","","","false","Standard","force","false","","","","","","5","","Call Coaching User; Video Conference Meet User; Video Conference Teams User; Video Conference Zoom User; View Only Embedded App User","1","1","1","1","1","0","0","0","0","0","2025-08-01 04:08:22 UTC","2026-08-15 06:02:59 UTC","https://probomedical.my.salesforce.com/0PSRo0000008PHOOA2"
"0PS5b000001QEYJGA4","EmployeeAccess","Employee Access","Provides read access to the Employee and Internal Organizational Unit objects.","false","","","false","Standard","force","false","","","","","","1","","Employee Experience","2","2","0","0","0","0","0","22","0","0","2023-12-30 00:24:21 UTC","2026-08-15 06:02:59 UTC","https://probomedical.my.salesforce.com/0PS5b000001QEYJGA4"
"0PS5b000001QEYKGA4","EmployeeManagement","Employee Management","Provides create, read, update, and delete access to the Employee and Internal Organizational Unit objects.","false","","","false","Standard","force","false","","","","","","1","","Employee Experience","2","2","2","2","2","0","0","22","0","0","2023-12-30 00:24:21 UTC","2026-08-15 06:02:59 UTC","https://probomedical.my.salesforce.com/0PS5b000001QEYKGA4"
"0PSRo0000002N5NOAU","Endoscopy_Permission_Set","Endoscopy Test/Repair Permission Set","","false","","","true","Regular","","false","","","","","","0","","","7","7","4","5","1","4","1","887","12","3","2024-04-30 15:24:23 UTC","2026-04-10 04:21:49 UTC","https://probomedical.my.salesforce.com/0PSRo0000002N5NOAU"
"0PSRo0000008PHYOA2","MessagingForInAppAndWebUser","Enhanced Chat User","Lets users manage Enhanced Chat experiences.","false","","","false","Standard","force","false","","","","","","1","","Embedded Messaging Agent","0","0","0","0","0","0","0","0","0","0","2025-08-01 04:08:22 UTC","2026-08-15 06:02:59 UTC","https://probomedical.my.salesforce.com/0PSRo0000008PHYOA2"
"0PSRo0000005UBxOAM","Exchange_Rate_API_Permission_Set","Exchange Rate API Permission Set","","false","","","true","Regular","","false","","","","","","0","","","0","0","0","0","0","0","0","0","1","0","2025-01-08 23:09:00 UTC","2025-05-30 21:01:41 UTC","https://probomedical.my.salesforce.com/0PSRo0000005UBxOAM"
"0PS4O000000WuRnWAK","Executive_Power","Executive Power","Can view all","false","","","true","Regular","","false","","","","","","0","","","7","7","0","0","0","5","0","73","0","7","2020-02-28 18:11:54 UTC","2025-05-30 21:01:41 UTC","https://probomedical.my.salesforce.com/0PS4O000000WuRnWAK"
"0PS4O000000WuTtWAK","Export_Reports","Export Reports","","false","","","true","Regular","","false","","","","","","2","","Export Report; Run Reports","0","0","0","0","0","0","0","0","0","0","2020-03-10 18:36:36 UTC","2025-05-30 21:01:41 UTC","https://probomedical.my.salesforce.com/0PS4O000000WuTtWAK"
"0PS4O0000009WjnWAE","External_Repair_Opportunities","External Repair Opportunities","","false","","","true","Regular","","false","","","","","","0","","","0","0","0","0","0","0","0","0","0","0","2021-01-14 17:59:58 UTC","2025-05-30 21:01:41 UTC","https://probomedical.my.salesforce.com/0PS4O0000009WjnWAE"
"0PSRo0000007DQLOA2","FSL_Create_Lead_Perms","FSL Create Lead Perms","","false","","","true","Regular","","false","","","","","","5","","Api Enabled; Custom Apps On FS Mobile; Field Service Access; Field Service Mobile App; Lightning On FS Mobile","1","1","0","0","0","0","0","7","0","0","2025-05-07 14:55:25 UTC","2025-10-21 20:34:40 UTC","https://probomedical.my.salesforce.com/0PSRo0000007DQLOA2"
"0PS4O000000WuOFWA0","FSR_Attached","FSR Attached","FSR attached field view","false","","","true","Regular","","false","","","","","","0","","","1","1","1","1","1","1","1","3","0","0","2020-02-21 20:04:46 UTC","2025-05-30 21:01:41 UTC","https://probomedical.my.salesforce.com/0PS4O000000WuOFWA0"
"0PSRo0000009fqMOAQ","FSL_AIAgent_License","Field Service AI Agent License","","false","","","true","Regular","","false","","","","","","0","","","0","0","0","0","0","0","0","0","0","0","2025-10-12 09:50:24 UTC","2025-10-12 09:50:24 UTC","https://probomedical.my.salesforce.com/0PSRo0000009fqMOAQ"
"0PSRo0000009fqLOAQ","FSL_AIAgent_Permissions","Field Service AI Agent Permissions","","false","","","true","Regular","","false","","","","","","1","","Field Service Access","21","21","2","3","2","21","0","229","0","0","2025-10-12 09:50:24 UTC","2025-10-12 09:50:24 UTC","https://probomedical.my.salesforce.com/0PSRo0000009fqLOAQ"
"0PSRo0000003wx8OAA","FSL_Admin_License","Field Service Admin License","","false","","","true","Regular","","false","","","","","","0","","","1","1","1","1","1","1","1","4","0","1","2024-08-10 15:49:41 UTC","2025-11-05 16:00:31 UTC","https://probomedical.my.salesforce.com/0PSRo0000003wx8OAA"
"0PSRo0000003wx7OAA","FSL_Admin_Permissions","Field Service Admin Permissions","","false","","","true","Regular","","false","","","","","","23","Assign Permission Sets; Manage Internal Users; Manage Password Policies; Manage Profiles Permissionsets; Manage Roles; Manage Sharing; Manage Users; Modify Metadata; Reset Passwords","Api Enabled; Assign Permission Sets; Create Customize Dashboards; Delegated Two Factor; Field Service Access; Freeze Users; Manage Internal Users; Manage Ip Addresses; Manage Login Access Policies; Manage Password Policies; Manage Profiles Permissionsets; Manage Roles; Manage Sharing; Manage Users; Modify Metadata; Monitor Login History; Reset Passwords; View All Users; View Public Dashboards; View Public Reports; View Roles; View SA Lifecycle; View Setup","57","57","52","46","46","42","42","575","116","14","2024-08-10 15:49:41 UTC","2025-05-30 21:01:41 UTC","https://probomedical.my.salesforce.com/0PSRo0000003wx7OAA"
"0PSRo0000003wqgOAA","FSL_Agent_License","Field Service Agent License","","false","","","true","Regular","","false","","","","","","0","","","0","0","0","0","0","0","0","0","0","0","2024-08-10 15:49:38 UTC","2025-05-30 21:01:41 UTC","https://probomedical.my.salesforce.com/0PSRo0000003wqgOAA"
"0PSRo0000003wqfOAA","FSL_Agent_Permissions","Field Service Agent Permissions","","false","","","true","Regular","","false","","","","","","2","","Field Service Access; Run Flow","29","29","7","4","1","2","0","763","6","3","2024-08-10 15:49:38 UTC","2025-05-30 21:01:41 UTC","https://probomedical.my.salesforce.com/0PSRo0000003wqfOAA"
"0PSRo0000003wnUOAQ","FSL_Bundle_License","Field Service Bundle for Dispatcher License","","false","","","true","Regular","","false","","","","","","0","","","0","0","0","0","0","0","0","0","0","0","2024-08-10 15:49:41 UTC","2025-05-30 21:01:41 UTC","https://probomedical.my.salesforce.com/0PSRo0000003wnUOAQ"
"0PSRo0000003wnTOAQ","FSL_Bundle_Permissions","Field Service Bundle for Dispatcher Permissions","","false","","","true","Regular","","false","","","","","","1","","Field Service Access","1","1","1","1","1","1","0","7","1","0","2024-08-10 15:49:41 UTC","2025-05-30 21:01:41 UTC","https://probomedical.my.salesforce.com/0PSRo0000003wnTOAQ"
"0PSRo0000003wvWOAQ","FSL_Community_Dispatcher_License","Field Service Community Dispatcher License","","false","","","true","Regular","","false","","","","","","1","","Field Service Dispatcher","0","0","0","0","0","0","0","0","0","0","2024-08-10 15:49:41 UTC","2025-05-30 21:01:41 UTC","https://probomedical.my.salesforce.com/0PSRo0000003wvWOAQ"
"0PSRo0000003wvVOAQ","FSL_Community_Dispatcher_Permissions","Field Service Community Dispatcher Permissions","","false","","","true","Regular","","false","","","","","","2","","Field Service Access; View SA Lifecycle","39","39","17","12","9","0","0","395","90","1","2024-08-10 15:49:40 UTC","2025-05-30 21:01:41 UTC","https://probomedical.my.salesforce.com/0PSRo0000003wvVOAQ"
"0PSRo0000003wnSOAQ","FSL_Dispatcher_License","Field Service Dispatcher License","","false","","","true","Regular","","false","","","","","","1","","Field Service Dispatcher","0","0","0","0","0","0","0","0","0","0","2024-08-10 15:49:37 UTC","2025-05-30 21:01:41 UTC","https://probomedical.my.salesforce.com/0PSRo0000003wnSOAQ"
"0PSRo0000003wnROAQ","FSL_Dispatcher_Permissions","Field Service Dispatcher Permissions","","false","","","true","Regular","","false","","","","","","2","","Field Service Access; View SA Lifecycle","46","46","20","15","11","8","1","496","92","5","2024-08-10 15:49:37 UTC","2026-06-24 07:59:20 UTC","https://probomedical.my.salesforce.com/0PSRo0000003wnROAQ"
"0PSRo000000BTY9OAO","Field_Service_Document_Builder","Field Service Document Builder","","false","","","true","Regular","","false","","","","","","1","","Lightning On FS Mobile","0","0","0","0","0","0","0","0","0","0","2026-02-04 01:23:12 UTC","2026-02-04 01:23:59 UTC","https://probomedical.my.salesforce.com/0PSRo000000BTY9OAO"
"0PSRo0000003wttOAA","FSL_Guest_User_Permissions","Field Service Guest User Permissions","","false","","","true","Regular","","false","","","","","","1","","Field Service Access","23","23","6","0","0","0","0","196","6","0","2024-08-10 15:49:40 UTC","2025-05-30 21:01:41 UTC","https://probomedical.my.salesforce.com/0PSRo0000003wttOAA"
"0PSRo0000003vszOAA","sfdc_fieldservice","Field Service Integration","Permissions to access data needed for optimization, automatic scheduling, and service appointment bundling.(Licenseless Migration)","false","","","true","Session","sfdcInternalInt","true","","","","","","3","","Manage SA Lifecycle; View All Users; View SA Lifecycle","47","47","24","20","19","35","10","380","6","1","2024-08-10 00:13:00 UTC","2025-05-30 21:01:41 UTC","https://probomedical.my.salesforce.com/0PSRo0000003vszOAA"
"0PSRo0000003wp5OAA","FSL_Mobile_License","Field Service Mobile License","","false","","","true","Regular","","false","","","","","","1","","Field Service Mobile App","0","0","0","0","0","0","0","0","0","0","2024-08-10 15:49:38 UTC","2025-05-30 21:01:41 UTC","https://probomedical.my.salesforce.com/0PSRo0000003wp5OAA"
"0PSRo0000003wp4OAA","FSL_Resource_License","Field Service Resource License","","false","","","true","Regular","","false","","","","","","1","","Field Service Scheduling","0","0","0","0","0","0","0","0","0","0","2024-08-10 15:49:37 UTC","2025-05-30 21:01:41 UTC","https://probomedical.my.salesforce.com/0PSRo0000003wp4OAA"
"0PSRo0000003wp3OAA","FSL_Resource_Permissions","Field Service Resource Permissions","","false","","","true","Regular","","false","","","","","","3","","Custom Apps On FS Mobile; Field Service Access; Lightning On FS Mobile","19","19","3","3","0","0","0","1154","3","3","2024-08-10 15:49:37 UTC","2026-08-06 07:55:56 UTC","https://probomedical.my.salesforce.com/0PSRo0000003wp3OAA"
"0PSRo0000003wsHOAQ","FSL_Community_Self_Service_Permissions","Field Service Self Service Permissions","","false","","","true","Regular","","false","","","","","","1","","Field Service Access","23","23","7","3","0","0","0","202","6","0","2024-08-10 15:49:38 UTC","2025-05-30 21:01:41 UTC","https://probomedical.my.salesforce.com/0PSRo0000003wsHOAQ"
"0PSRo0000002WLZOA2","FieldServiceMobileStandardPermSet","FieldServiceMobileStandardPermSet","Give your mobile workforce access to the Field Service mobile app. Set them up with the right user license and permissions.","false","","","false","Standard","force","false","","","","","","3","","Api Enabled; Field Service Access; Field Service Mobile App","7","7","2","6","0","0","0","20","0","1","2024-05-15 04:04:40 UTC","2026-08-15 06:02:59 UTC","https://probomedical.my.salesforce.com/0PSRo0000002WLZOA2"
"0PSRo0000008ZwfOAE","FieldServiceMobileStandardPermSetUS","FieldServiceMobileStandardPermSetUS","Give your mobile workforce access to the Field Service mobile app. Set them up with the right user license and permissions.","false","","","true","Regular","","false","","","","","","5","","Api Enabled; Custom Apps On FS Mobile; Field Service Access; Field Service Mobile App; Lightning On FS Mobile","13","13","6","11","0","5","0","2398","3","8","2025-08-19 19:47:18 UTC","2025-08-26 03:33:05 UTC","https://probomedical.my.salesforce.com/0PSRo0000008ZwfOAE"
"0PSRo0000006cCHOAY","Flow_User","Flow User","03/17/2025 - Kyle/Delegate - This Permission Set replaces the need to individually mark the user checkbox entitled ""Flow User"" to true to each person (App Permissions>Run Flows)","false","","","true","Regular","","false","","","","","","1","","Run Flow","0","0","0","0","0","0","0","0","0","0","2025-03-17 15:24:20 UTC","2025-05-30 21:01:41 UTC","https://probomedical.my.salesforce.com/0PSRo0000006cCHOAY"
"0PSRo0000006udtOAA","SalesforceForecastingUser","Forecast on Any Business Model","Allow users to forecast revenue, units, and more, across consumption-based and other business models.","false","","","false","Standard","force","false","","","","","","1","","Salesforce Forecasting User","0","0","0","0","0","0","0","0","0","0","2025-04-12 13:14:49 UTC","2026-08-15 06:02:59 UTC","https://probomedical.my.salesforce.com/0PSRo0000006udtOAA"
"0PSRo00000094UDOAY","Full_Access_to_Training_Items","Full Access to Training Items","Gives users full access to the Training Items object.","false","","","true","Regular","","false","","","","","","0","","","1","1","1","1","1","1","1","67","0","1","2025-10-10 12:18:10 UTC","2025-10-10 12:19:09 UTC","https://probomedical.my.salesforce.com/0PSRo00000094UDOAY"
"0PS0B000000b7VZWAY","Full_access_to_CAPAs","Full access to CAPAs and complaints","","false","","","true","Regular","","false","","","","","","0","","","4","4","4","4","0","4","0","79","0","1","2018-09-10 15:27:26 UTC","2025-05-30 21:01:41 UTC","https://probomedical.my.salesforce.com/0PS0B000000b7VZWAY"
"0PS0B000000b6LHWAY","Full_access_to_HTML_email_templates","Full access to HTML email templates","","false","","","true","Regular","","false","","","","","","1","","Edit Html Templates","1","1","0","0","0","0","0","0","0","0","2018-04-16 21:17:40 UTC","2025-05-30 21:01:41 UTC","https://probomedical.my.salesforce.com/0PS0B000000b6LHWAY"
"0PS0B000000b7c6WAA","Full_access_to_equipment","Full access to equipment","","false","","","true","Regular","","false","","","","","","0","","","3","3","3","3","0","3","0","41","0","1","2018-09-15 21:38:34 UTC","2025-05-30 21:01:41 UTC","https://probomedical.my.salesforce.com/0PS0B000000b7c6WAA"
"0PS0B000000b6KdWAI","Full_access_to_evaluations","Full access to evaluations","","false","","","true","Regular","","false","","","","","","0","","","2","2","2","2","0","2","0","218","9","0","2018-04-13 19:23:48 UTC","2025-05-30 21:01:41 UTC","https://probomedical.my.salesforce.com/0PS0B000000b6KdWAI"
"0PS0B000000b6UnWAI","Full_access_to_repairs_TEE","Full access to repairs - TEE","","false","","","true","Regular","","false","","","","","","0","","","0","0","0","0","0","0","0","55","0","1","2018-05-09 15:57:40 UTC","2025-05-30 21:01:41 UTC","https://probomedical.my.salesforce.com/0PS0B000000b6UnWAI"
"0PS0B000000b6UiWAI","Full_access_to_repairs","Full access to repairs - non-TEE","","false","","","true","Regular","","false","","","","","","0","","","0","0","0","0","0","0","0","55","0","1","2018-05-09 15:53:57 UTC","2025-05-30 21:01:41 UTC","https://probomedical.my.salesforce.com/0PS0B000000b6UiWAI"
"0PS0B000000b6WPWAY","Full_access_to_repairs_systems","Full access to repairs - systems","","false","","","true","Regular","","false","","","","","","0","","","0","0","0","0","0","0","0","55","0","1","2018-05-16 19:03:08 UTC","2025-05-30 21:01:41 UTC","https://probomedical.my.salesforce.com/0PS0B000000b6WPWAY"
"0PS0B000000b5sUWAQ","Full_access_to_work_orders","Full access to work orders","This is FULL access to the work orders - including checking the inspection complete box.","false","","","true","Regular","","false","","","","","","0","","","2","2","2","1","0","2","0","518","0","2","2018-02-01 20:25:15 UTC","2025-05-30 21:01:41 UTC","https://probomedical.my.salesforce.com/0PS0B000000b5sUWAQ"
"0PS4O000000Wta0WAC","Functional_Rating_for_Parts","Functional Rating for Parts","Derek Holley needs temporary access to edit functional rating and functional rating notes for tear down of parts.","false","","","true","Regular","","false","","","","","","0","","","1","1","1","1","1","1","1","9","0","1","2019-10-07 15:54:24 UTC","2025-05-30 21:01:41 UTC","https://probomedical.my.salesforce.com/0PS4O000000Wta0WAC"
"0PSRo000000Ej8gOAC","HSSMPermSet","HSSMPermSet","","false","","","false","Session","force","true","","","","","","13","Customize Application","Activate Tenant Schema Changes; Apex Rest Services; Api Enabled; Api User Only; Can Access CE; Chatter Internal User; Customize Application; Fetch Tenant Schema Changes; Manage Custom Permissions; Manage Marketing Objects; Password Never Expires; View Roles; View Setup","115","115","86","91","90","105","89","0","0","0","2018-06-18 05:10:21 UTC","2026-08-15 06:02:55 UTC","https://probomedical.my.salesforce.com/0PSRo000000Ej8gOAC"
"0PS5b000000Hlk7GAC","Handle_Assets","Handle Assets","Grants permission for users to work with assets and related files","false","","","true","Regular","","false","","","","","","0","","","0","0","0","0","0","0","0","292","0","1","2022-06-14 18:47:56 UTC","2025-05-30 21:01:41 UTC","https://probomedical.my.salesforce.com/0PS5b000000Hlk7GAC"
"0PSRo0000009Fo5OAE","HyperionCASCPermSet","HyperionCASCPermSet","","false","","","false","Session","force","true","","","","","","6","","Apex Rest Services; Api Enabled; Api User Only; Can Access CE; Chatter Internal User; Password Never Expires","116","116","86","91","90","106","89","0","0","0","2018-06-18 05:10:21 UTC","2026-08-15 06:02:55 UTC","https://probomedical.my.salesforce.com/0PSRo0000009Fo5OAE"
"0PS4O0000009Wf2WAE","IR_PR_PO_Bill_Permissions","IR PR PO Bill Permissions","This is for objects opportunity (purchasing), item receipts, po bills, purchasing returns","false","","","true","Regular","","false","","","","","","0","","","6","6","4","6","4","4","1","82","0","3","2021-01-05 01:01:07 UTC","2025-10-08 09:39:21 UTC","https://probomedical.my.salesforce.com/0PS4O0000009Wf2WAE"
"0PSRo0000008PHXOA2","InboxIncluded","Inbox Included","Grants access to use Inbox.","false","","","false","Standard","force","false","","","","","","4","","Salesforce IQ Inbox; Video Conference Meet User; Video Conference Teams User; Video Conference Zoom User","2","2","2","2","2","0","0","0","0","0","2025-08-01 04:08:22 UTC","2026-08-15 06:02:59 UTC","https://probomedical.my.salesforce.com/0PSRo0000008PHXOA2"
"0PSRo0000004gX0OAI","IndustriesServiceExcellence","Industry Service Excellence","Gives the admin access to objects and features for Industry Service Excellence.","false","","","false","Standard","force","false","","","","","","6","","Access Einstein Autofill; Access To Service Process; Explainability User Access; FSC Alert Framework User Access; Identity Verification User Access; Service Excellence Platform User","0","0","0","0","0","0","0","0","0","0","2024-10-17 01:36:06 UTC","2026-08-15 06:02:59 UTC","https://probomedical.my.salesforce.com/0PSRo0000004gX0OAI"
"0PS4O0000009WspWAE","Intacct_Sync_Admin","Intacct Sync Admin","","false","","","true","Regular","","false","","","","","","0","","","0","0","0","0","0","0","0","0","0","0","2021-02-11 17:08:11 UTC","2025-05-30 21:01:41 UTC","https://probomedical.my.salesforce.com/0PS4O0000009WspWAE"
"0PS4O0000009SYaWAM","Intercompany_Transfer_Opportunities","Intercompany Transfer Opportunities","Ability to create intercompany transfer opportunities.","false","","","true","Regular","","false","","","","","","0","","","1","1","1","1","0","0","0","111","0","1","2019-05-02 13:05:24 UTC","2026-04-13 20:54:56 UTC","https://probomedical.my.salesforce.com/0PS4O0000009SYaWAM"
"0PS4O000000zpKnWAI","Intercompany_Transfers_Object","Intercompany Transfers Object","","false","","","true","Regular","","false","","","","","","0","","","1","1","1","1","1","1","1","9","0","1","2020-08-13 20:47:41 UTC","2025-05-30 21:01:41 UTC","https://probomedical.my.salesforce.com/0PS4O000000zpKnWAI"
"0PSRo0000002r6fOAA","Inventory_Adjustment_Full_Access","Inventory Adjustment Full Access","","false","","","true","Regular","","false","","","","","","0","","","1","1","1","1","0","1","0","12","0","1","2024-06-12 14:05:53 UTC","2025-05-30 21:01:41 UTC","https://probomedical.my.salesforce.com/0PSRo0000002r6fOAA"
"0PS4O0000009SgPWAU","Inventory_Life","Inventory Life","","false","","","true","Regular","","false","","","","","","0","","","0","0","0","0","0","0","0","3","0","1","2019-06-11 19:17:30 UTC","2025-05-30 21:01:41 UTC","https://probomedical.my.salesforce.com/0PS4O0000009SgPWAU"
"0PSRo0000007MztOAE","Invoice_Create","Invoice Create","","false","","","true","Regular","","false","","","","","","0","","","1","1","1","0","0","0","0","0","0","0","2025-05-29 18:01:45 UTC","2025-05-30 21:01:41 UTC","https://probomedical.my.salesforce.com/0PSRo0000007MztOAE"
"0PS4O000000zpRyWAI","Invoice_Permissions","Invoice Permissions","For invoice/chargent access","false","","","true","Regular","","false","","","","","","0","","","5","5","5","5","5","5","5","358","2","7","2020-09-02 17:11:57 UTC","2025-05-30 21:01:41 UTC","https://probomedical.my.salesforce.com/0PS4O000000zpRyWAI"
"0PSRo000000HGTNOA4","Item_Receipt_Change_Item_Receipt_Once_Synced","Item Receipt - Change Item Receipt Once Synced","Allows team members to edit Item Receipts once they have synced to Intacct.","false","","","true","Regular","","false","","","","","","0","","","0","0","0","0","0","0","0","0","0","0","2026-08-07 10:59:50 UTC","2026-08-07 10:59:50 UTC","https://probomedical.my.salesforce.com/0PSRo000000HGTNOA4"
"0PSRo0000007DN7OAM","Lead_Access_FSL_Tech_Can_Create_Leads","Lead Access - FSL Tech (Can Create Leads)","","false","","","true","Regular","","false","","","","","","1","","Api Enabled","1","1","1","1","1","1","1","160","0","1","2025-05-07 12:55:51 UTC","2025-05-30 21:01:41 UTC","https://probomedical.my.salesforce.com/0PSRo0000007DN7OAM"
"0PS5b000000DoMkGAK","Lead_Owner_Change","Lead Owner Change","","false","","","true","Regular","","false","","","","","","0","","","1","1","0","1","1","1","1","1","0","0","2023-07-10 14:17:31 UTC","2025-05-30 21:01:41 UTC","https://probomedical.my.salesforce.com/0PS5b000000DoMkGAK"
"0PS0B000000b5CxWAI","Live_Chat","Live Chat","","false","","","true","Regular","","false","","","","","","0","","","4","4","4","4","0","4","0","190","0","4","2017-10-04 20:59:55 UTC","2025-05-30 21:01:41 UTC","https://probomedical.my.salesforce.com/0PS0B000000b5CxWAI"
"0PS4O0000009WjOWAU","Loaner_Assets_Object","Loaner Assets Object","","false","","","true","Regular","","false","","","","","","0","","","2","2","1","1","1","1","1","1","0","1","2021-01-13 17:02:34 UTC","2025-05-30 21:01:41 UTC","https://probomedical.my.salesforce.com/0PS4O0000009WjOWAU"
"0PS4O000000zpgZWAQ","Loaner_Object","Loaner Object","","false","","","true","Regular","","false","","","","","","0","","","1","1","1","1","1","1","1","0","0","1","2020-09-22 19:57:33 UTC","2025-05-30 21:01:41 UTC","https://probomedical.my.salesforce.com/0PS4O000000zpgZWAQ"
"0PSRo000000Ea8TOAS","Loaner_Turned_Exchange","Loaner Turned Exchange","","false","","","true","Regular","","false","","","","","","0","","","0","0","0","0","0","0","0","0","0","0","2026-06-10 16:36:04 UTC","2026-06-10 16:36:04 UTC","https://probomedical.my.salesforce.com/0PSRo000000Ea8TOAS"
"0PS4O000000WuOKWA0","Location_Unlocked","Location Unlocked","","false","","","true","Regular","","false","","","","","","0","","","0","0","0","0","0","0","0","3","0","1","2020-02-21 20:56:06 UTC","2025-05-30 21:01:41 UTC","https://probomedical.my.salesforce.com/0PS4O000000WuOKWA0"
"0PSRo0000008W2jOAE","Locations_Object","Locations Object","For Sandbox Testing","false","","","true","Regular","","false","","","","","","0","","","2","2","0","0","0","2","0","28","0","0","2025-08-13 20:27:59 UTC","2025-08-13 20:28:01 UTC","https://probomedical.my.salesforce.com/0PSRo0000008W2jOAE"
"0PS4O000000zq0nWAA","LookupRollupSummariesFull","Lookup Rollup Summaries - Configure Rollups","Provides full configuration access to the rollup summaries. This enabled Author Apex and API access to enable it to deploy the necessary Triggers via the Manage Child Trigger button.","false","","","true","Regular","dlrs","false","","","","","","0","","","7","7","7","6","6","0","0","21","19","9","2020-11-04 23:40:57 UTC","2026-06-01 17:11:29 UTC","https://probomedical.my.salesforce.com/0PS4O000000zq0nWAA"
"0PS4O000000zq0oWAA","LookupRollupSummariesReadOnly","Lookup Rollup Summaries - Process Rollups","Grant this permission set to end users that indirectly cause the rollup summaries to be executed. Such users can only read the rollup summary definitions, logs and scheduled entires.","false","","","true","Regular","dlrs","false","","","","","","0","","","4","4","0","0","0","0","0","12","6","6","2020-11-04 23:40:59 UTC","2025-05-30 21:01:41 UTC","https://probomedical.my.salesforce.com/0PS4O000000zq0oWAA"
"0PS5b000001QEQUGA4","MFA_Exemption","MFA Exemption","For shared user profiles that is not possible for MFA","false","","","true","Regular","","false","","","","","","0","","","0","0","0","0","0","0","0","0","0","0","2023-11-16 11:19:38 UTC","2025-05-30 21:01:41 UTC","https://probomedical.my.salesforce.com/0PS5b000001QEQUGA4"
"0PS5b000000HkDvGAK","Magic_Mover_Attachments_to_Files_User","Magic Mover Attachments to Files User","","false","","","true","Regular","","false","","","","","","38","Modify All Data; Modify Metadata; View All Data","Assign Topics; Connect Org To Environment Hub; Convert Leads; Create Audit Fields; Create Customize Dashboards; Create Customize Filters; Create Customize Reports; Create Dashboard Folders; Create Report Folders; Create Topics; Delete Topics; Edit Event; Edit My Dashboards; Edit My Reports; Edit Public Documents; Edit Public Filters; Edit Public Templates; Edit Task; Edit Topics; Import Leads; Manage Categories; Manage Dashbds In Pub Folders; Manage Networks; Manage Reports In Pub Folders; Modify All Data; Modify Metadata; Run Reports; Solution Import; Transfer Any Entity; Transfer Any Lead; Use Team Reassign Wizards; View All Data; View All Users; View Event Log Files; View Public Dashboards; View Public Reports; View Roles; View Setup","516","516","516","503","503","500","500","0","0","0","2022-03-25 12:47:03 UTC","2025-05-30 21:01:41 UTC","https://probomedical.my.salesforce.com/0PS5b000000HkDvGAK"
"0PS0B000000zmzOWAQ","Manage_Assets","Manage Assets","Access to edit Sold and Reserved checkbox","false","","","true","Regular","","false","","","","","","0","","","0","0","0","0","0","0","0","2","0","1","2019-03-29 14:10:32 UTC","2025-05-30 21:01:41 UTC","https://probomedical.my.salesforce.com/0PS0B000000zmzOWAQ"
"0PSRo0000008ZF7OAM","Manage_Billing_Address_on_Intacct_Synced_Account","Manage Billing Address on Intacct Synced Account","","false","","","true","Regular","","false","","","","","","0","","","3","3","0","1","1","3","1","216","0","0","2025-08-19 14:30:36 UTC","2025-08-27 13:52:13 UTC","https://probomedical.my.salesforce.com/0PSRo0000008ZF7OAM"
"0PS4O0000009Wn6WAE","Manage_Commissions","Manage Commissions","Users with this permission set are able to create, edit, and view commission records","false","","","true","Regular","","false","","","","","","17","Assign Permission Sets; Manage Internal Users; Manage Password Policies; Manage Profiles Permissionsets; Manage Roles; Manage Sharing; Manage Users; Reset Passwords","Assign Permission Sets; Delegated Two Factor; Freeze Users; Manage Internal Users; Manage Ip Addresses; Manage Login Access Policies; Manage Password Policies; Manage Profiles Permissionsets; Manage Roles; Manage Sharing; Manage Users; Modify Data Classification; Monitor Login History; Reset Passwords; View All Users; View Roles; View Setup","1","1","1","1","0","1","0","1","1","1","2021-01-25 19:14:23 UTC","2025-05-30 21:01:41 UTC","https://probomedical.my.salesforce.com/0PS4O0000009Wn6WAE"
"0PSRo0000007LhFOAU","Manage_Intacct_Synced_Records","Manage Intacct Synced Records","","false","","","true","Regular","","false","","","","","","0","","","0","0","0","0","0","0","0","9","1","0","2025-05-27 14:30:39 UTC","2025-05-30 21:01:41 UTC","https://probomedical.my.salesforce.com/0PSRo0000007LhFOAU"
"0PSRo0000008avxOAA","Manage_Payment_Terms_Credit_Limit_on_Intacct_Synced_Account","Manage Payment Terms, Credit Limit on Intacct Synced Account","","false","","","true","Regular","","false","","","","","","0","","","0","0","0","0","0","0","0","0","0","0","2025-08-20 21:44:30 UTC","2025-08-20 22:22:27 UTC","https://probomedical.my.salesforce.com/0PSRo0000008avxOAA"
"0PS5b000000HjPtGAK","SubscriptionManagementPsl","Manage Subscriptions in Your Account: Identity User","Provides access to the Your Account app for Identity users to manage Salesforce subscriptions and purchase licenses without using a Salesforce license.","false","","","false","Standard","force","false","","","","","","4","","Edit Billing Info; Lightning Experience User; View Roles; View Setup","0","0","0","0","0","0","0","0","1","4","2022-02-12 06:03:06 UTC","2026-08-15 06:02:59 UTC","https://probomedical.my.salesforce.com/0PS5b000000HjPtGAK"
"0PSRo0000005smAOAQ","ManageSubscriptionsYourAccount","Manage Subscriptions in Your Account: Salesforce User","Provides access to the Your Account app for CRM users to manage Salesforce subscriptions and purchase licenses.","false","","","false","Standard","force","false","","","","","","4","","Edit Billing Info; Lightning Experience User; View Roles; View Setup","0","0","0","0","0","0","0","0","1","4","2014-05-16 18:55:04 UTC","2026-08-15 06:02:55 UTC","https://probomedical.my.salesforce.com/0PSRo0000005smAOAQ"
"0PS5b000000HkLLGA0","Marketing_Lead_Assignment","Marketing - Lead Assignment","","false","","","true","Regular","","false","","","","","","6","","Allow View Edit Converted Leads; Convert Leads; Edit Task; Import Leads; Manage Leads; Transfer Any Lead","3","3","3","3","1","1","1","98","0","1","2022-04-07 08:21:37 UTC","2025-05-30 21:01:41 UTC","https://probomedical.my.salesforce.com/0PS5b000000HkLLGA0"
"0PSRo0000004W4YOAU","MarketingCloudAdmin","Marketing Cloud Admin","Allows access to Marketing Cloud Setup. Gives full control of campaigns, segments, and flows.","false","","","false","Standard","force","false","","","","","","81","","Access Sf Drive; Activate Deactivate Non Setup Flow; Add Asgnt Elmnt To Non Setup Flow; Add Crea Rec Elmnt To Non Setup Flow; Add Decision Elmnt Non Setup Flow; Add Get Rec Elmnt To Non Setup Flow; Add Loop Elmnt To Non Setup Flow; Add Path Exprm Elmnt Non Setup Flow; Add Send To Flow Elmnt To Non Setup Flow; Add Subflow Elmnt To Non Setup Flow; Add Updt Rec Elmnt To Non Setup Flow; Add Wait To Non Setup Flow; App Framework Manage App; App Framework Manage Template; App Framework View App; Attribution Model User; Can Exit Flow Via API; Can Marketing User Debug Flow; Cdc Reporting Create Reports; Cdc Reporting Manage Folders; Cdc Reporting View Reports; Consent Banner Settings Setup; Create Customize Dashboards; Create Customize Reports; Create Dashboard Folders; Create Edit Non Setup Flow; Create Mod Campaign Member Trig Non Setup Flow; Create Mod DG Trig Non Setup Flow; Create Mod Ind Rec Non Setup Flow; Create Mod List Trig Non Setup Flow; Create Mod Record Query Flow; Delete Non Setup Flow; EMI Admin; Edit My Dashboards; Einstein Copilot Builder; Einstein Copilot User; Einstein MC Designer User; Execute Prompt Templates; Identity Enabled; Lightning Experience User; MCG Setup User Perm; Manage Briefs; Manage Business Unit; Manage CMS; Manage Campaigns; Manage Custom Domains; Manage Dashbds In Pub Folders; Manage Email Content; Manage Email Messaging Setup; Manage Marketing Objects; Manage Preference Center; Manage Prompt Templates; Manage SMS Domain Setup; Manage Social Posting; Manage Templated App; Marketing Actionable List User; Mc Scoring Rules Config; Modify All Marketing Object Records; Opportunity Influence; Personalization Intel User; Personalization Platform; Preview Test Send Email; Run Flow; Run Reports; Send Email; UMA Standalone User Perm; UMA Web Tracking Setup; Uma Edit Consent Settings; Uma Query CMS Email Content; Use Templated App; User Has Send To List Filter Access; View All Marketing Object Records; View All Non Setup Flows; View Business Unit; View Developer Name; View Email Messaging Setup; View Non Setup Flow; View Public Dashboards; View Roles; View Setup; View UMA Calendar","12","12","12","12","12","4","4","0","0","0","2024-10-12 05:15:58 UTC","2026-08-15 06:02:59 UTC","https://probomedical.my.salesforce.com/0PSRo0000004W4YOAU"
"0PSRo0000004W4ZOAU","MarketingCloudManager","Marketing Cloud Manager","Import data and create, edit, and delete campaigns, segments, and non-Setup flows.","false","","","false","Standard","force","false","","","","","","61","","Activate Deactivate Non Setup Flow; Add Crea Rec Elmnt To Non Setup Flow; Add Decision Elmnt Non Setup Flow; Add Path Exprm Elmnt Non Setup Flow; Add Send To Flow Elmnt To Non Setup Flow; Add Subflow Elmnt To Non Setup Flow; Add Updt Rec Elmnt To Non Setup Flow; Add Wait To Non Setup Flow; App Framework Manage Template; Attribution Model User; Can Exit Flow Via API; Can Marketing User Debug Flow; Cdc Reporting Create Reports; Cdc Reporting Manage Folders; Cdc Reporting View Reports; Create Customize Dashboards; Create Customize Reports; Create Dashboard Folders; Create Edit Non Setup Flow; Create Mod Campaign Member Trig Non Setup Flow; Create Mod DG Trig Non Setup Flow; Create Mod Ind Rec Non Setup Flow; Create Mod List Trig Non Setup Flow; Create Mod Record Query Flow; Delete Non Setup Flow; EMI Marketing Manager; Edit My Dashboards; Einstein Copilot User; Einstein MC Designer User; Execute Prompt Templates; Identity Enabled; Lightning Experience User; Manage Briefs; Manage Campaigns; Manage Dashbds In Pub Folders; Manage Email Content; Manage Email Messaging Setup; Manage Marketing Objects; Manage Preference Center; Manage Social Posting; Manage Templated App; Marketing Actionable List User; Modify All Marketing Object Records; Opportunity Influence; Personalization Intel User; Personalization Platform; Preview Test Send Email; Run Flow; Run Reports; Send Email; UMA Standalone User Perm; Uma Query CMS Email Content; Use Templated App; User Has Send To List Filter Access; View All Marketing Object Records; View Business Unit; View Developer Name; View Email Messaging Setup; View Non Setup Flow; View Public Dashboards; View UMA Calendar","28","28","16","16","16","3","3","0","0","0","2024-10-12 05:15:58 UTC","2026-08-15 06:02:59 UTC","https://probomedical.my.salesforce.com/0PSRo0000004W4ZOAU"
"0PSRo0000002vQPOAY","MarketingCloudReportingC2CPermSet","Marketing Cloud Reporting C2C Perm","Allows MCR app to access data from core","false","","","false","Session","force","true","","","","","","15","Assign Permission Sets; Customize Application; Manage Profiles Permissionsets; Manage Users","Apex Rest Services; Api Enabled; Api User Only; Assign Permission Sets; Can Access CE; Chatter Internal User; Customize Application; Freeze Users; Manage Named Credentials; Manage Profiles Permissionsets; Manage Users; Monitor Login History; Password Never Expires; View Developer Name; View Setup","115","115","86","91","90","105","89","0","0","0","2018-06-18 05:10:21 UTC","2026-08-15 06:02:55 UTC","https://probomedical.my.salesforce.com/0PSRo0000002vQPOAY"
"0PSRo0000007YctOAE","MarketingCloudPublishingC2CPermSet","MarketingCloudPublishingC2CPermSet","","false","","","false","Session","force","true","","","","","","11","Assign Permission Sets; Manage Profiles Permissionsets","Apex Rest Services; Api Enabled; Api User Only; Assign Permission Sets; Can Access CE; Chatter Internal User; Freeze Users; Manage Named Credentials; Manage Profiles Permissionsets; Monitor Login History; Password Never Expires","116","116","87","92","91","106","90","0","0","0","2018-06-18 05:10:21 UTC","2026-08-15 06:02:55 UTC","https://probomedical.my.salesforce.com/0PSRo0000007YctOAE"
"0PS4O000000vMVnWAM","Mass_Delete_OLIs_from_Opp","Mass Delete OLIs from Opp","","false","","","true","Regular","","false","","","","","","0","","","0","0","0","0","0","0","0","0","1","0","2021-04-05 18:31:44 UTC","2025-05-30 21:01:41 UTC","https://probomedical.my.salesforce.com/0PS4O000000vMVnWAM"
"0PSRo000000E9mbOAC","Mass_File_Download_Permissions_Account_Engagement","Mass File Download Permissions (Account Engagement)","","false","","","true","Regular","DownloadFiles","false","","","","","","0","","","0","0","0","0","0","0","0","0","5","0","2026-05-13 06:23:18 UTC","2026-07-08 08:44:55 UTC","https://probomedical.my.salesforce.com/0PSRo000000E9mbOAC"
"0PS5b000000DpT8GAK","Mass_File_Download_Permissions_Admin","Mass File Download Permissions (Admin)","","false","","","true","Regular","DownloadFiles","false","","","","","","0","","","0","0","0","0","0","0","0","0","18","0","2023-08-04 18:58:57 UTC","2026-07-30 19:53:05 UTC","https://probomedical.my.salesforce.com/0PS5b000000DpT8GAK"
"0PS5b000000DpTAGA0","Mass_File_Download_Permissions_Super_Admin","Mass File Download Permissions (Deprecated)","(Deprecated)","false","","","true","Regular","DownloadFiles","false","","","","","","0","","","0","0","0","0","0","0","0","0","12","2","2023-08-04 18:58:59 UTC","2025-05-30 21:01:41 UTC","https://probomedical.my.salesforce.com/0PS5b000000DpTAGA0"
"0PS5b000000DpT9GAK","Mass_File_Download_Permissions_Non_admin","Mass File Download Permissions (Non-admin)","","false","","","true","Regular","DownloadFiles","false","","","","","","0","","","0","0","0","0","0","0","0","0","10","0","2023-08-04 18:58:59 UTC","2026-07-30 19:53:05 UTC","https://probomedical.my.salesforce.com/0PS5b000000DpT9GAK"
"0PSRo0000004jMjOAI","MetadataStudioUser","Metadata Studio User","View Metadata Studio tab.","false","","","false","Standard","force","false","","","","","","1","","Metadata Studio User","0","0","0","0","0","0","0","0","0","0","2024-10-18 01:45:49 UTC","2026-08-15 06:02:59 UTC","https://probomedical.my.salesforce.com/0PSRo0000004jMjOAI"
"0PSRo000000FMzVOAW","Modify_All_Assets","Modify All - Assets","","false","","","true","Regular","","false","","","","","","0","","","2","2","1","1","1","1","1","405","0","1","2026-06-24 15:44:13 UTC","2026-06-24 15:48:13 UTC","https://probomedical.my.salesforce.com/0PSRo000000FMzVOAW"
"0PS5b000000Dq3uGAC","Modify_All_Opportunities","Modify All - Opportunities","","false","","","true","Regular","","false","","","","","","0","","","1","1","1","1","1","1","1","0","0","0","2023-09-04 15:18:29 UTC","2025-05-30 21:01:41 UTC","https://probomedical.my.salesforce.com/0PS5b000000Dq3uGAC"
"0PSRo0000001NSPOA2","Modify_All_Products","Modify All - Products","","false","","","true","Regular","","false","","","","","","36","Modify All Data; Modify Metadata; View All Data","Assign Topics; Connect Org To Environment Hub; Convert Leads; Create Customize Dashboards; Create Customize Filters; Create Customize Reports; Create Dashboard Folders; Create Report Folders; Create Topics; Delete Topics; Edit Event; Edit My Dashboards; Edit My Reports; Edit Public Documents; Edit Public Filters; Edit Public Templates; Edit Task; Edit Topics; Import Leads; Manage Categories; Manage Dashbds In Pub Folders; Manage Networks; Manage Reports In Pub Folders; Modify All Data; Modify Metadata; Run Reports; Solution Import; Transfer Any Entity; Transfer Any Lead; Use Team Reassign Wizards; View All Data; View Event Log Files; View Public Dashboards; View Public Reports; View Roles; View Setup","516","516","516","503","503","500","500","310","0","0","2024-02-23 14:04:10 UTC","2025-05-30 21:01:41 UTC","https://probomedical.my.salesforce.com/0PSRo0000001NSPOA2"
"0PS5b000001QEVKGA4","Modify_Task_Owners","Modify Task Owners","Used to allow individuals who can not modify task ownership to modify task ownership","false","","","true","Regular","","false","","","","","","0","","","0","0","0","0","0","0","0","0","0","0","2023-12-07 17:53:43 UTC","2025-05-30 21:01:41 UTC","https://probomedical.my.salesforce.com/0PS5b000001QEVKGA4"
"0PS0B000000b5PIWAY","Move_Location_Enabled","Move Location Enabled","Move location object but also sublocation on asset page.","false","","","true","Regular","","false","","","","","","0","","","1","1","1","1","0","1","0","11","0","0","2017-11-27 17:58:04 UTC","2025-05-30 21:01:41 UTC","https://probomedical.my.salesforce.com/0PS0B000000b5PIWAY"
"0PSRo000000D0lOOAS","MuleSoftEinsteinPermSet","MuleSoftEinsteinPermSet","","false","","","false","Session","force","true","","","","","","6","","Apex Rest Services; Api Enabled; Api User Only; Can Access CE; Chatter Internal User; Password Never Expires","115","115","86","91","90","105","89","0","0","0","2018-06-18 05:10:21 UTC","2026-08-15 06:02:55 UTC","https://probomedical.my.salesforce.com/0PSRo000000D0lOOAS"
"0PSRo0000002vQQOAY","MuleSoftPublishInvocableActionsC2CPermSet","MuleSoftPublishInvocableActionsC2CPermSet","","false","","","false","Session","force","true","","","","","","16","Assign Permission Sets; Customize Application; Manage Auth Providers; Manage Profiles Permissionsets; Manage Users; Modify Metadata","Apex Rest Services; Api Enabled; Api User Only; Assign Permission Sets; Can Access CE; Chatter Internal User; Customize Application; Freeze Users; Manage Auth Providers; Manage Named Credentials; Manage Profiles Permissionsets; Manage Users; Modify Metadata; Monitor Login History; Password Never Expires; View Setup","116","116","87","92","91","106","90","0","0","0","2018-06-18 05:10:21 UTC","2026-08-15 06:02:55 UTC","https://probomedical.my.salesforce.com/0PSRo0000002vQQOAY"
"0PSRo0000009Fo6OAE","MuleSoftSeamlessLoginC2CPermSet","MuleSoftSeamlessLoginC2CPermSet","","false","","","false","Session","force","true","","","","","","16","Assign Permission Sets; Customize Application; Manage Auth Providers; Manage Profiles Permissionsets; Manage Users; Modify Metadata","Apex Rest Services; Api Enabled; Api User Only; Assign Permission Sets; Can Access CE; Chatter Internal User; Customize Application; Freeze Users; Manage Auth Providers; Manage Named Credentials; Manage Profiles Permissionsets; Manage Users; Modify Metadata; Monitor Login History; Password Never Expires; View Setup","116","116","87","92","91","106","90","0","0","0","2018-06-18 05:10:21 UTC","2026-08-15 06:02:55 UTC","https://probomedical.my.salesforce.com/0PSRo0000009Fo6OAE"
"0PSRo000000CUrxOAG","MuleSoftXAPIAIPermSet","MuleSoftXAPIAIPermSet","","false","","","false","Session","force","true","","","","","","4","Customize Application","Customize Application; Manage Custom Permissions; View Roles; View Setup","0","0","0","0","0","0","0","0","0","0","2018-06-18 05:10:21 UTC","2026-08-15 06:02:55 UTC","https://probomedical.my.salesforce.com/0PSRo000000CUrxOAG"
"0PS5b000001V0erGAC","Non_Conforming_Record_Access","Non-Conforming Record Access","","false","","","true","Regular","","false","","","","","","0","","","2","2","1","1","1","1","1","20","0","1","2023-03-13 13:54:04 UTC","2025-05-30 21:01:41 UTC","https://probomedical.my.salesforce.com/0PS5b000001V0erGAC"
"0PSRo000000DTDtOAO","Opportunity_Delete_Records","Opportunity - Delete Records","","false","","","true","Regular","","false","","","","","","0","","","1","1","0","1","1","0","0","0","0","1","2026-04-16 19:51:07 UTC","2026-04-16 19:51:45 UTC","https://probomedical.my.salesforce.com/0PSRo000000DTDtOAO"
"0PSRo0000004W4aOAE","OrchestrationProcessManagerPermissionSet","Orchestration Process Manager","Manage orchestration process-related information in the Automation app.","false","","","false","Standard","force","false","","","","","","2","","View Non Setup Flow; View Orchestrations In Autom App","0","0","0","0","0","0","0","0","0","0","2014-05-16 18:55:04 UTC","2026-08-15 06:02:55 UTC","https://probomedical.my.salesforce.com/0PSRo0000004W4aOAE"
"0PS4O000000vN2lWAE","Outright_Only_Checkbox_for_Parts","Outright Only Checkbox for Parts","On product object","false","","","true","Regular","","false","","","","","","0","","","0","0","0","0","0","0","0","1","0","0","2021-07-07 20:03:27 UTC","2025-05-30 21:01:41 UTC","https://probomedical.my.salesforce.com/0PS4O000000vN2lWAE"
"0PSRo0000007PMfOAM","Override_to_Vet_Deal","Override to Vet Deal","Gives edit permissions to the Opportunity > Override to Vet Deal checkbox.","false","","","true","Regular","","false","","","","","","0","","","0","0","0","0","0","0","0","1","0","0","2025-06-02 13:13:26 UTC","2025-06-02 13:14:42 UTC","https://probomedical.my.salesforce.com/0PSRo0000007PMfOAM"
"0PS5b000000HnJwGAK","PMT_Global_Admin","PMT Global Admin","It opens up access to all PMT related metadata just like as system administrator","false","","","true","Regular","inov8","false","","","","","","0","","","7","7","7","7","7","7","7","201","18","11","2022-09-14 13:33:06 UTC","2025-05-30 21:01:41 UTC","https://probomedical.my.salesforce.com/0PS5b000000HnJwGAK"
"0PS5b000000HnJxGAK","PMT_Resource_Planner","PMT Resource Planner","Additional permission set to PMT App user for opening up edit access on resource allocations","false","","","true","Regular","inov8","false","","","","","","0","","","7","7","7","6","1","0","0","201","18","11","2022-09-14 13:33:09 UTC","2025-05-30 21:01:41 UTC","https://probomedical.my.salesforce.com/0PS5b000000HnJxGAK"
"0PS5b000000HnJyGAK","PMT_User","PMT User","Opens up the access to the PMT objects except for resource planning","false","","","true","Regular","inov8","false","","","","","","0","","","7","7","5","5","0","0","0","201","18","11","2022-09-14 13:33:11 UTC","2025-05-30 21:01:41 UTC","https://probomedical.my.salesforce.com/0PS5b000000HnJyGAK"
"0PS5b000000Hh0cGAC","PandaDoc_Access","PandaDoc Access","","false","","","true","Regular","","false","","","","","","0","","","8","8","8","7","1","7","1","29","0","4","2021-08-31 14:23:23 UTC","2025-05-30 21:01:41 UTC","https://probomedical.my.salesforce.com/0PS5b000000Hh0cGAC"
"0PS5b000001QEQAGA4","Pandadoc_Object_Permissions","Pandadoc Object Permissions","","false","","","true","Regular","","false","","","","","","0","","","22","22","1","1","1","17","1","740","2","0","2023-11-14 17:16:58 UTC","2026-04-13 20:53:59 UTC","https://probomedical.my.salesforce.com/0PS5b000001QEQAGA4"
"0PS4O000000vMnbWAE","Part_Tests_and_Repairs","Part Tests and Repairs","","false","","","true","Regular","","false","","","","","","0","","","2","2","2","2","0","1","0","37","0","0","2021-05-14 12:08:01 UTC","2025-05-30 21:01:41 UTC","https://probomedical.my.salesforce.com/0PS4O000000vMnbWAE"
"0PSRo0000004W4bOAE","PartnerConnectPartnerAdminSetup","Partner Connect Partner Admin Setup","Set up Partner Connect from a partner org. Partner Connect is a Partner Relationship Management (PRM) feature that lets vendors and partners integrate records between their orgs.","false","","","false","Standard","force","false","","","","","","1","","Prm Ext Int Prtnr Admin User","0","0","0","0","0","0","0","0","0","0","2014-05-16 18:55:04 UTC","2026-08-15 06:02:55 UTC","https://probomedical.my.salesforce.com/0PSRo0000004W4bOAE"
"0PS4O000000zpwbWAA","Parts_Operations","Parts Operations","Used for parts operations employees in Tampa.","false","","","true","Regular","","false","","","","","","0","","","2","2","2","2","2","2","0","14","0","2","2020-10-28 12:08:48 UTC","2025-05-30 21:01:41 UTC","https://probomedical.my.salesforce.com/0PS4O000000zpwbWAA"
"0PS4O0000009WgjWAE","Parts_Product_Name_Field","Parts Product Name Field","","false","","","true","Regular","","false","","","","","","0","","","0","0","0","0","0","0","0","0","0","0","2021-01-06 18:36:43 UTC","2025-05-30 21:01:41 UTC","https://probomedical.my.salesforce.com/0PS4O0000009WgjWAE"
"0PS4O000000zpgUWAQ","Parts_Record_Type","Parts Record Type","","false","","","true","Regular","","false","","","","","","0","","","0","0","0","0","0","0","0","0","0","0","2020-09-22 17:27:16 UTC","2025-05-30 21:01:41 UTC","https://probomedical.my.salesforce.com/0PS4O000000zpgUWAQ"
"0PS4O000000zphcWAA","Parts_Sales_Record_Type","Parts Sales Record Type","","false","","","true","Regular","","false","","","","","","0","","","0","0","0","0","0","0","0","0","0","0","2020-09-25 13:12:26 UTC","2025-05-30 21:01:41 UTC","https://probomedical.my.salesforce.com/0PS4O000000zphcWAA"
"0PS4O000000Wu74WAC","Password_Never_Expires","Password Never Expires","For Arctic Wolf password never expires settings. Added to specific user and standard system admin profile to prevent a password reset that causes disruption to Arctic Wolf service. Do not remove.","false","","","true","Regular","","false","","","","","","1","","Password Never Expires","0","0","0","0","0","0","0","0","0","0","2020-02-06 15:34:48 UTC","2025-05-30 21:01:41 UTC","https://probomedical.my.salesforce.com/0PS4O000000Wu74WAC"
"0PS5b000000HnSKGA0","Password_never_expires_for_use_with_connected_apps","Password never expires - for use with connected apps","","false","","","true","Regular","","false","","","","","","1","","Password Never Expires","0","0","0","0","0","0","0","0","0","0","2022-09-21 22:12:46 UTC","2025-05-30 21:01:41 UTC","https://probomedical.my.salesforce.com/0PS5b000000HnSKGA0"
"0PS4O000000WtmBWAS","Payment_Terms_Field_Access","Payment Terms Field Access","Needed to restrict the payment terms field at the account object so only accounting can edit the field.","false","","","true","Regular","","false","","","","","","0","","","1","1","1","1","1","1","1","1","0","0","2019-11-18 18:52:59 UTC","2025-05-30 21:01:41 UTC","https://probomedical.my.salesforce.com/0PS4O000000WtmBWAS"
"0PS4O000000zpNjWAI","Permission_Set_for_Payment_Request_Base","Permission Set for Payment Request (Base)","","false","","","true","Regular","ChargentBase","false","","","","","","0","","","2","2","1","0","0","0","0","7","10","0","2020-08-24 16:22:48 UTC","2026-07-07 22:16:31 UTC","https://probomedical.my.salesforce.com/0PS4O000000zpNjWAI"
"0PS4O000000zpNoWAI","Permission_Set_for_Payment_Request_Chargent_Orders","Permission Set for Payment Request (Chargent Orders)","","false","","","true","Regular","ChargentOrders","false","","","","","","0","","","2","2","0","0","0","0","0","1","0","0","2020-08-24 16:29:25 UTC","2026-07-07 22:27:25 UTC","https://probomedical.my.salesforce.com/0PS4O000000zpNoWAI"
"0PS4O0000009WrcWAE","Physical_Location_on_Invoice_Object","Physical Location on Invoice Object","","false","","","true","Regular","","false","","","","","","0","","","0","0","0","0","0","0","0","1","0","0","2021-02-06 17:28:31 UTC","2025-05-30 21:01:41 UTC","https://probomedical.my.salesforce.com/0PS4O0000009WrcWAE"
"0PSRo0000008PHZOA2","PipelineInspectionIncluded","Pipeline Inspection Included","Grants sales users access to use Pipeline Inspection.","false","","","false","Standard","force","false","","","","","","2","","AI View Insight Objects; View Roles","2","2","0","0","0","0","0","0","0","0","2025-08-01 04:08:22 UTC","2026-08-15 06:02:59 UTC","https://probomedical.my.salesforce.com/0PSRo0000008PHZOA2"
"0PS5b000001V0z1GAC","PipelineInspectionUser","Pipeline Inspection User","Allows sales users to access Pipeline Inspection.","false","","","false","Standard","force","false","","","","","","1","","View Roles","1","1","0","0","0","0","0","0","0","0","2023-03-22 08:09:08 UTC","2026-08-15 06:02:59 UTC","https://probomedical.my.salesforce.com/0PS5b000001V0z1GAC"
"0PSRo0000006udrOAA","PriceProtectionStandardUserPsl","Price Protection for Standard Users","Gives users standard read only access to Price Protection.","false","","","false","Standard","force","false","","","","","","0","","","3","3","0","0","0","0","0","0","0","0","2025-04-12 13:14:49 UTC","2026-08-15 06:02:59 UTC","https://probomedical.my.salesforce.com/0PSRo0000006udrOAA"
"0PS4O0000009Sf7WAE","Print_Shipping_Checklist_Button","Print Shipping Checklist Button","","false","","","true","Regular","","false","","","","","","0","","","0","0","0","0","0","0","0","0","7","0","2019-06-05 12:58:38 UTC","2025-05-30 21:01:41 UTC","https://probomedical.my.salesforce.com/0PS4O0000009Sf7WAE"
"0PSRo0000007YcuOAE","PrismBackofficeUser","Prism Backoffice User","View Prism Backoffice page.","false","","","false","Standard","force","false","","","","","","1","","Prism Backoffice User","0","0","0","0","0","0","0","0","0","0","2024-10-18 01:45:49 UTC","2026-08-15 06:02:59 UTC","https://probomedical.my.salesforce.com/0PSRo0000007YcuOAE"
"0PSRo0000004jMkOAI","PrismPlaygroundUser","Prism Playground User","View Prism Playground tab.","false","","","false","Standard","force","false","","","","","","1","","Prism Playground User","0","0","0","0","0","0","0","0","0","0","2024-10-18 01:45:49 UTC","2026-08-15 06:02:59 UTC","https://probomedical.my.salesforce.com/0PSRo0000004jMkOAI"
"0PSRo000000FM3ROAW","Product_Analytics_and_Asset_Permissions","Product Analytics and Asset Permissions","","false","","","true","Regular","","false","","","","","","0","","","2","2","2","2","0","1","0","412","0","2","2026-06-24 08:30:43 UTC","2026-06-24 08:44:22 UTC","https://probomedical.my.salesforce.com/0PSRo000000FM3ROAW"
"0PSRo000000CNs5OAG","ProductCatalogManagementAdministrator","Product Catalog Management Designer","Provides access to Product Catalog Management features and objects.","false","","","false","Standard","force","false","","","","","","11","","Assessment Platform User; Decimal Quantity Designtime; Financial Services2 User Access; Interaction Calc Admin Perm; Manage Product Catalog; Manage Product Discovery; Product Catalog Api Access; Product Discovery User; Run Decision Matrix; Run Expression Set; Run Flow","42","42","36","36","36","0","0","150","1","14","2026-03-06 18:16:58 UTC","2026-08-15 06:02:59 UTC","https://probomedical.my.salesforce.com/0PSRo000000CNs5OAG"
"0PSRo000000CNs7OAG","ProductCatalogManagementViewer","Product Catalog Management Viewer","Provides read access to Product Catalog Management features and objects.","false","","","false","Standard","force","false","","","","","","10","","Assessment Platform User; Decimal Quantity Runtime; Financial Services2 User Access; Interaction Calc User Perm; Product Catalog Api Access; Product Discovery User; Run Decision Matrix; Run Expression Set; Run Flow; View Product Catalog Objects","42","42","0","0","0","0","0","150","0","14","2026-03-06 18:16:58 UTC","2026-08-15 06:02:59 UTC","https://probomedical.my.salesforce.com/0PSRo000000CNs7OAG"
"0PSRo0000008iyLOAQ","Product_Compatible_Parts","Product Compatible Parts","","false","","","true","Regular","","false","","","","","","0","","","0","0","0","0","0","0","0","1","0","0","2025-09-04 14:53:12 UTC","2025-09-04 14:55:18 UTC","https://probomedical.my.salesforce.com/0PSRo0000008iyLOAQ"
"0PS4O0000009WgeWAE","Product_Dealer_Pricing","Product Dealer Pricing","","false","","","true","Regular","","false","","","","","","0","","","0","0","0","0","0","0","0","1","0","0","2021-01-06 14:15:54 UTC","2025-05-30 21:01:41 UTC","https://probomedical.my.salesforce.com/0PS4O0000009WgeWAE"
"0PSRo000000CNs8OAG","ProductDiscoveryAdmin","Product Discovery Admin","Gives access to customize the product browsing experience.","false","","","false","Standard","force","false","","","","","","1","","Manage Product Discovery","0","0","0","0","0","0","0","0","0","0","2026-03-06 18:16:58 UTC","2026-08-15 06:02:59 UTC","https://probomedical.my.salesforce.com/0PSRo000000CNs8OAG"
"0PSRo000000CNs9OAG","ProductDiscoveryUser","Product Discovery User","Gives access to use the product browsing experience.","false","","","false","Standard","force","false","","","","","","1","","Product Discovery User","0","0","0","0","0","0","0","0","0","0","2026-03-06 18:16:58 UTC","2026-08-15 06:02:59 UTC","https://probomedical.my.salesforce.com/0PSRo000000CNs9OAG"
"0PSRo0000003zuzOAA","Product_OEM_Pricing","Product OEM Pricing","","false","","","true","Regular","","false","","","","","","0","","","1","1","0","1","0","0","0","1","0","0","2024-08-16 17:41:01 UTC","2025-05-30 21:01:41 UTC","https://probomedical.my.salesforce.com/0PSRo0000003zuzOAA"
"0PSRo0000009lirOAA","Product_Part_Edit_Pricing","Product Part Edit Pricing","Edit permissions for the fields in the Product > Part Record Type > Pricing Section fields","false","","","true","Regular","","false","","","","","","0","","","0","0","0","0","0","0","0","4","0","0","2025-10-27 14:21:17 UTC","2025-10-30 18:54:52 UTC","https://probomedical.my.salesforce.com/0PSRo0000009lirOAA"
"0PS5b000000DkIjGAK","Product_Repair_Access","Product Repair Access","","false","","","true","Regular","","false","","","","","","0","","","1","1","1","1","0","1","0","84","0","1","2023-01-23 11:40:26 UTC","2025-05-30 21:01:41 UTC","https://probomedical.my.salesforce.com/0PS5b000000DkIjGAK"
"0PS4O000000OaNZWA0","Product_Test","Product Test","","false","","","true","Regular","","false","","","","","","0","","","1","1","1","1","1","1","1","295","25","1","2019-04-18 18:12:52 UTC","2026-03-03 13:15:01 UTC","https://probomedical.my.salesforce.com/0PS4O000000OaNZWA0"
"0PS4O000000WuT0WAK","Product_Test_Edit","Product Test Edit","Driven off Product Object for Product Test Settings Edit. *Product Test Settings have validation rule at Product Test Object level.","false","","","true","Regular","","false","","","","","","0","","","1","1","1","1","1","0","0","18","0","0","2020-03-04 17:07:37 UTC","2025-05-30 21:01:41 UTC","https://probomedical.my.salesforce.com/0PS4O000000WuT0WAK"
"0PSRo000000BZs5OAG","Product_Test_Page_Tab_Visibility","Product Test Page Tab Visibility","","false","","","true","Regular","","false","","","","","","0","","","0","0","0","0","0","0","0","0","7","0","2026-02-10 19:30:42 UTC","2026-02-10 19:30:42 UTC","https://probomedical.my.salesforce.com/0PSRo000000BZs5OAG"
"0PS5b000001QDtkGAG","Product_Test_Settings_Access_on_Product_Page","Product Test Settings Access on Product Page","Product Test Settings Access on Product Page","false","","","true","Regular","","false","","","","","","0","","","1","1","0","1","0","0","0","19","0","1","2023-10-17 17:34:19 UTC","2025-05-30 21:01:41 UTC","https://probomedical.my.salesforce.com/0PS5b000001QDtkGAG"
"0PSRo000000CNs6OAG","ProductCatalogManagementC2CPermSet","ProductCatalogManagementC2CPermSet","","false","","","false","Session","force","true","","","","","","4","","Explainability User Access; Product Catalog Api Access; View Developer Name; View Product Catalog Objects","24","24","0","0","0","0","0","85","0","0","2018-06-18 05:10:21 UTC","2026-08-15 06:02:55 UTC","https://probomedical.my.salesforce.com/0PSRo000000CNs6OAG"
"0PS5b000000Dk6nGAC","Project_Edits_Full_Access","Project Edits - Full Access","","false","","","true","Regular","","false","","","","","","0","","","1","1","1","1","1","1","1","26","0","1","2023-01-12 15:43:33 UTC","2025-05-30 21:01:41 UTC","https://probomedical.my.salesforce.com/0PS5b000000Dk6nGAC"
"0PSRo0000004jJXOAY","EinsteinGPTPromptTemplateManager","Prompt Template Manager","Manage prompt templates using Prompt Builder and run them using generative AI features.","false","","","false","Standard","force","false","","","","","","2","","Execute Prompt Templates; Manage Prompt Templates","1","1","1","1","1","0","0","0","0","0","2024-10-18 01:45:49 UTC","2026-08-15 06:02:59 UTC","https://probomedical.my.salesforce.com/0PSRo0000004jJXOAY"
"0PSRo0000004jJYOAY","EinsteinGPTPromptTemplateUser","Prompt Template User","Run prompt templates using generative AI features.","false","","","false","Standard","force","false","","","","","","1","","Execute Prompt Templates","1","1","0","0","0","0","0","0","0","0","2024-10-18 01:45:49 UTC","2026-08-15 06:02:59 UTC","https://probomedical.my.salesforce.com/0PSRo0000004jJYOAY"
"0PSRo0000007YcvOAE","PromptTemplatePermSet","PromptTemplatePermSet","","false","","","false","Session","force","true","","","","","","8","","Apex Rest Services; Api Enabled; Api User Only; Can Access CE; Chatter Internal User; Execute Prompt Templates; Hydrate Prompt Template IA; Password Never Expires","116","116","86","91","90","105","89","0","0","0","2018-06-18 05:10:21 UTC","2026-08-15 06:02:55 UTC","https://probomedical.my.salesforce.com/0PSRo0000007YcvOAE"
"0PSRo0000003YmjOAE","YukonNudgeHeadlessPublishPermSet","Publish Suggested for You Nudges: Integration User","Access the Core Adoption Service and tenant orgs, which are used to publish Suggested for You nudges.","false","","","false","Session","force","true","","","","","","13","Customize Application; Manage Internal Users","Apex Rest Services; Api Enabled; Api User Only; Can Access CE; Can Edit Prompts; Chatter Internal User; Customize Application; Headless Publish Nudges; Manage Custom Permissions; Manage Internal Users; Password Never Expires; View Roles; View Setup","115","115","86","91","90","105","89","0","0","0","2018-06-18 05:10:21 UTC","2026-08-15 06:02:55 UTC","https://probomedical.my.salesforce.com/0PSRo0000003YmjOAE"
"0PS4O000000WtJEWA0","Purchase_Approval_Checkbox","Purchase Approval Checkbox","Manually check the purchasing approved checkbox on both Asset (ProductItem__c) and Opportunity Product.","false","","","true","Regular","","false","","","","","","0","","","0","0","0","0","0","0","0","4","0","1","2019-07-22 13:56:13 UTC","2025-12-19 20:54:38 UTC","https://probomedical.my.salesforce.com/0PS4O000000WtJEWA0"
"0PS4O0000009Sl0WAE","Purchasing_Fields","Purchasing Fields","","false","","","true","Regular","","false","","","","","","0","","","0","0","0","0","0","0","0","18","0","0","2019-06-19 18:59:42 UTC","2025-05-30 21:01:41 UTC","https://probomedical.my.salesforce.com/0PS4O0000009Sl0WAE"
"0PSRo0000005hU9OAI","Purchasing_Opportunity_Item_Receipts","Purchasing Opportunity Item Receipts","","false","","","true","Regular","","false","","","","","","0","","","3","3","2","2","1","3","1","19","0","1","2025-02-03 19:42:46 UTC","2025-08-15 15:45:26 UTC","https://probomedical.my.salesforce.com/0PSRo0000005hU9OAI"
"0PS4O000000vLJ7WAM","QC_Bump","QC Bump","","false","","","true","Regular","","false","","","","","","0","","","0","0","0","0","0","0","0","1","0","1","2020-07-16 16:14:50 UTC","2025-05-30 21:01:41 UTC","https://probomedical.my.salesforce.com/0PS4O000000vLJ7WAM"
"0PSRo0000006TQjOAM","Quality_Team_Permission_Set","Quality Team Permission Set","","false","","","true","Regular","","false","","","","","","0","","","1","1","1","1","0","0","0","217","0","1","2025-03-05 19:52:32 UTC","2025-05-30 21:01:41 UTC","https://probomedical.my.salesforce.com/0PSRo0000006TQjOAM"
"0PS5b000000HjoPGAS","RGC_Install_Guide","RGC Install Guide","","false","","","true","Regular","rcsfl","false","","","","","","0","","","0","0","0","0","0","0","0","0","2","2","2022-03-02 13:41:35 UTC","2025-05-30 21:01:41 UTC","https://probomedical.my.salesforce.com/0PS5b000000HjoPGAS"
"0PSRo000000Cyy5OAC","RMA_FLS_Edit_RMA_Item_Received","RMA - FLS - Edit - RMA Item Received","This has been created to give users access to the ""Date RMA Item Recieved"" field.","false","","","true","Regular","","false","","","","","","0","","","1","1","0","1","0","0","0","1","0","1","2026-04-02 07:52:38 UTC","2026-04-02 07:54:36 UTC","https://probomedical.my.salesforce.com/0PSRo000000Cyy5OAC"
"0PS4O000000vMqzWAE","RMA_Action_without_approval_permissions","RMA Action (without approval permissions)","Edit preliminary assessment, claim status, and action","false","","","true","Regular","","false","","","","","","0","","","1","1","1","1","0","1","0","7","0","0","2021-05-28 14:51:35 UTC","2025-05-30 21:01:41 UTC","https://probomedical.my.salesforce.com/0PS4O000000vMqzWAE"
"0PSRo0000005iejOAA","RMA_Ownership_Change","RMA Ownership Change","","false","","","true","Regular","","false","","","","","","0","","","1","1","0","1","1","1","1","0","0","0","2025-02-05 16:47:05 UTC","2025-05-30 21:01:41 UTC","https://probomedical.my.salesforce.com/0PSRo0000005iejOAA"
"0PS4O0000009WiaWAE","RMA_action_and_approval_permissions","RMA action and approval permissions","","false","","","true","Regular","","false","","","","","","0","","","1","1","0","1","1","1","1","10","0","1","2021-01-11 16:35:45 UTC","2025-05-30 21:01:41 UTC","https://probomedical.my.salesforce.com/0PS4O0000009WiaWAE"
"0PS4O000000WtS6WAK","RMA_on_Evaluations","RMA on Evaluations","","false","","","true","Regular","","false","","","","","","0","","","1","1","1","1","1","1","1","1","0","1","2019-08-14 19:07:04 UTC","2025-05-30 21:01:41 UTC","https://probomedical.my.salesforce.com/0PS4O000000WtS6WAK"
"0PSRo0000005smBOAQ","RPAC2CPermSet","RPAC2CPermSet","","false","","","false","Session","force","true","","","","","","9","","Apex Rest Services; Api Enabled; Api User Only; Can Access CE; Chatter Internal User; Manage Named Credentials; Password Never Expires; Run Flow; View Non Setup Flow","116","116","86","91","90","106","89","0","0","0","2018-06-18 05:10:21 UTC","2026-08-15 06:02:55 UTC","https://probomedical.my.salesforce.com/0PSRo0000005smBOAQ"
"0PSRo000000EOk1OAG","Read_only_for_Dragonfly","Read only for Dragonfly","Read only access to ProductItem, RMA, Invoice, Item Receipt, Customer Equipment and Work Order Asset for Project Dragonfly","false","","","true","Regular","","false","","","","","","0","","","11","11","0","0","0","10","0","519","0","0","2026-06-01 16:15:54 UTC","2026-06-01 16:19:56 UTC","https://probomedical.my.salesforce.com/0PSRo000000EOk1OAG"
"0PSRo0000006udsOAA","RebateManagementReadOnlyPsl","Rebate Management Read-Only Access","Gives users read-only access to Rebate Management features.","false","","","false","Standard","force","false","","","","","","0","","","12","12","0","0","0","0","0","0","0","0","2025-04-12 13:14:49 UTC","2026-08-15 06:02:59 UTC","https://probomedical.my.salesforce.com/0PSRo0000006udsOAA"
"0PSRo000000EsBpOAK","RebateAndAccrualMgmtAdvncdReadOnlyPsl","Rebate and Accrual Management Advanced Read Only","Gives users access to view advanced rebate and accrual management features.","false","","","false","Standard","force","false","","","","","","0","","","12","12","0","0","0","0","0","0","0","0","2026-06-13 04:27:40 UTC","2026-08-15 06:02:59 UTC","https://probomedical.my.salesforce.com/0PSRo000000EsBpOAK"
"0PS4O000000WtUCWA0","Record_Types_Harrisburg_Sales","Record Types- Harrisburg Sales","","false","","","true","Regular","","false","","","","","","0","","","1","1","1","1","1","0","0","121","0","0","2019-08-30 14:01:12 UTC","2025-05-30 21:01:41 UTC","https://probomedical.my.salesforce.com/0PS4O000000WtUCWA0"
"0PS5b000001QEaKGAW","Refurb_Test_Refurb_Part_Request_Permissions","Refurb Test & Refurb Part Request Permissions","","false","","","true","Regular","","false","","","","","","0","","","2","2","2","2","0","2","0","35","0","2","2024-01-08 19:54:28 UTC","2025-05-30 21:01:41 UTC","https://probomedical.my.salesforce.com/0PS5b000001QEaKGAW"
"0PSRo000000A1hBOAS","RegrelloC2CPermSet","RegrelloC2CPermSet","","false","","","false","Session","force","true","","","","","","29","Assign Permission Sets; Customize Application; Manage Internal Users; Manage Password Policies; Manage Profiles Permissionsets; Manage Roles; Manage Sharing; Manage Users; Reset Passwords","Apex Rest Services; Api Enabled; Api User Only; Assign Permission Sets; Can Access CE; Chatter Internal User; Customize Application; Delegated Two Factor; Email Template Management; External Client App Admin; External Client App Developer; External Client App Viewer; Freeze Users; Manage Custom Permissions; Manage Internal Users; Manage Ip Addresses; Manage Login Access Policies; Manage Password Policies; Manage Profiles Permissionsets; Manage Roles; Manage Sharing; Manage Users; Monitor Login History; Password Never Expires; Reset Passwords; View All Users; View Client Secret; View Roles; View Setup","116","116","87","92","91","106","89","0","0","0","2018-06-18 05:10:21 UTC","2026-08-15 06:02:55 UTC","https://probomedical.my.salesforce.com/0PSRo000000A1hBOAS"
"0PS0B000000b5ywWAA","Repairable_Fields","Repairable Fields","","false","","","true","Regular","","false","","","","","","0","","","0","0","0","0","0","0","0","2","0","0","2018-02-13 19:40:22 UTC","2025-05-30 21:01:41 UTC","https://probomedical.my.salesforce.com/0PS0B000000b5ywWAA"
"0PS0B000000b5tcWAA","Reports_and_Dashboards","Reports and Dashboards","","false","","","true","Regular","","false","","","","","","20","","Can Use New Dashboard Builder; Change Dashboard Colors; Create Customize Dashboards; Create Customize Reports; Create Dashboard Folders; Create Report Folders; Edit My Dashboards; Edit My Reports; Export Report; Manage Custom Report Types; Manage Dashbds In Pub Folders; Manage Reports In Pub Folders; New Report Builder; Run Reports; Schedule Job; Schedule Reports; View Public Dashboards; View Public Reports; View Roles; View Setup","0","0","0","0","0","0","0","0","0","0","2018-02-09 13:30:19 UTC","2025-05-30 21:01:41 UTC","https://probomedical.my.salesforce.com/0PS0B000000b5tcWAA"
"0PS5b000000HjoyGAC","Reports_and_Dashboards_with_View_All_Data","Reports and Dashboards with View All Data","","false","","","true","Regular","","false","","","","","","23","View All Data","Can Use New Dashboard Builder; Change Dashboard Colors; Create Customize Dashboards; Create Customize Reports; Create Dashboard Folders; Create Report Folders; Create Report In Lightning; Edit My Dashboards; Edit My Reports; Export Report; Manage Custom Report Types; Manage Dashbds In Pub Folders; Manage Reports In Pub Folders; New Report Builder; Run Reports; Schedule Job; Schedule Reports; View All Data; View Event Log Files; View Public Dashboards; View Public Reports; View Roles; View Setup","360","360","0","0","0","344","0","0","0","0","2022-03-03 18:22:56 UTC","2025-05-30 21:01:41 UTC","https://probomedical.my.salesforce.com/0PS5b000000HjoyGAC"
"0PS4O000000WtRXWA0","Return_Opportunities","Return Opportunities","","false","","","true","Regular","","false","","","","","","0","","","1","1","1","1","1","1","1","118","0","1","2019-08-12 16:30:32 UTC","2025-05-30 21:01:41 UTC","https://probomedical.my.salesforce.com/0PS4O000000WtRXWA0"
"0PS4O000000zpLlWAI","Return_from_Sale_RMA","Return from Sale RMA","","false","","","true","Regular","","false","","","","","","0","","","1","1","1","1","1","1","0","0","0","1","2020-08-18 17:52:16 UTC","2025-05-30 21:01:41 UTC","https://probomedical.my.salesforce.com/0PS4O000000zpLlWAI"
"0PSRo0000004gWvOAI","BREDesigner","Rule Engine Designer","Provides read and edit access to the calculate run time objects.","false","","","false","Standard","force","false","","","","","","3","","Interaction Calc Admin Perm; Run Decision Matrix; Run Expression Set","13","13","12","12","12","0","0","0","0","0","2024-10-17 01:36:06 UTC","2026-08-15 06:02:59 UTC","https://probomedical.my.salesforce.com/0PSRo0000004gWvOAI"
"0PSRo0000004gWwOAI","BRERuntime","Rule Engine Runtime","Provides read access to the calculate run time objects.","false","","","false","Standard","force","false","","","","","","3","","Interaction Calc User Perm; Run Decision Matrix; Run Expression Set","13","13","0","0","0","0","0","0","0","0","2024-10-17 01:36:06 UTC","2026-08-15 06:02:59 UTC","https://probomedical.my.salesforce.com/0PSRo0000004gWwOAI"
"0PSRo0000008ukzOAA","Run_Convert_Proforma","Run Convert Proforma","","false","","","true","Regular","","false","","","","","","0","","","0","0","0","0","0","0","0","0","1","0","2025-09-22 13:59:51 UTC","2025-09-22 13:59:51 UTC","https://probomedical.my.salesforce.com/0PSRo0000008ukzOAA"
"0PSRo0000008PHgOAM","sfdc_scrt2","SCRT2 Integration User","Give SCRT2 Integration User necessary access","false","","","true","Session","sfdcInternalInt","true","","","","","","0","","","1","1","0","0","0","1","0","0","0","0","2025-08-01 04:08:33 UTC","2025-08-01 04:08:34 UTC","https://probomedical.my.salesforce.com/0PSRo0000008PHgOAM"
"0PSRo000000BGELOA4","SSO_Avoid","SSO Avoid","","false","","","true","Regular","","false","","","","","","0","","","0","0","0","0","0","0","0","0","0","0","2026-01-19 14:27:01 UTC","2026-01-19 14:27:37 UTC","https://probomedical.my.salesforce.com/0PSRo000000BGELOA4"
"0PS4O000000zptSWAQ","SWO_HWO","SWO/HWO","","false","","","true","Regular","","false","","","","","","0","","","2","2","2","2","2","2","2","14","1","2","2020-10-22 16:02:07 UTC","2025-05-30 21:01:41 UTC","https://probomedical.my.salesforce.com/0PS4O000000zptSWAQ"
"0PSRo0000006IOrOAM","SalesActionPlans","Sales Action Plans","Gives users access to Sales Action Plans.","false","","","false","Standard","force","false","","","","","","1","","Sales Action Plans User Access","2","2","0","0","0","0","0","0","0","0","2025-02-27 23:09:14 UTC","2026-08-15 06:02:59 UTC","https://probomedical.my.salesforce.com/0PSRo0000006IOrOAM"
"0PSRo0000008PHaOAM","SalesCloudEinsteinIncluded","Sales Cloud Einstein Included","Grants access to Einstein Opportunity score, Einstein Lead Score, Einstein Forecasting and Einstein Automated Contacts.","false","","","false","Standard","force","false","","","","","","5","","Can Run Analysis; Lead Score User; Opportunity Score User; View Forecasting Predictive; View Only Embedded App User","0","0","0","0","0","0","0","0","0","0","2025-08-01 04:08:22 UTC","2026-08-15 06:02:59 UTC","https://probomedical.my.salesforce.com/0PSRo0000008PHaOAM"
"0PSRo0000008PHcOAM","SalesCloudUnlimitedIncluded","Sales Cloud Included Bundle","Grants sales users access to Sales Cloud Included features.","false","","","false","Standard","force","false","","","","","","18","","AI View Insight Objects; Automatic Activity Capture; Call Coaching User; Create Ltng Temp In Pub; Edit Task; Email Single; Lead Score User; Opportunity Score User; Run Flow; SCE View All Data; Salesforce IQ Inbox; Salesforce Meetings User Perm; Video Conference Meet User; Video Conference Teams User; Video Conference Zoom User; View Forecasting Predictive; View Only Embedded App User; View Roles","5","5","3","3","3","0","0","0","0","0","2025-08-01 04:08:22 UTC","2026-08-15 06:02:59 UTC","https://probomedical.my.salesforce.com/0PSRo0000008PHcOAM"
"0PS0B000000b5wmWAA","SalesUserPsl","Sales Cloud User","Denotes that the user is a Sales Cloud user.","false","","","false","Standard","force","false","","","","","","2","","Campaign Influence2; Pardot User","2","2","2","2","2","1","1","0","0","0","2016-08-17 17:12:13 UTC","2026-08-15 06:02:59 UTC","https://probomedical.my.salesforce.com/0PS0B000000b5wmWAA"
"0PS5b000000DoxgGAC","SalesEngagementBasicUser","Sales Engagement Basic User","Access basic sales automation and email productivity features, including Quick Cadences, automated email, email tracking, and insert availability..","false","","","false","Standard","force","false","","","","","","5","","Create Ltng Temp In Pub; Edit Task; Email Single; Run Flow; Salesforce IQ Inbox","3","3","2","2","2","0","0","0","0","0","2023-07-22 05:49:40 UTC","2026-08-15 06:02:59 UTC","https://probomedical.my.salesforce.com/0PS5b000000DoxgGAC"
"0PSRo0000008PHUOA2","HighVelocitySalesCadenceCreatorIncluded","Sales Engagement Cadence Creator Included","Lets sales manager users access the Sales Engagement app, and create and edit Cadences.","false","","","false","Standard","force","false","","","","","","10","","Create Ltng Temp In Pub; Edit Task; Email Single; Lead Score User; Run Flow; Salesforce IQ Inbox; Video Conference Meet User; Video Conference Teams User; Video Conference Zoom User; View Only Embedded App User","3","3","2","2","2","0","0","0","0","0","2025-08-01 04:08:22 UTC","2026-08-15 06:02:59 UTC","https://probomedical.my.salesforce.com/0PSRo0000008PHUOA2"
"0PSRo0000008PHVOA2","HighVelocitySalesQuickCadenceCreatorIncluded","Sales Engagement Quick Cadence Creator Included","Lets reps access the Sales Engagement app, and create and edit Quick Cadences.","false","","","false","Standard","force","false","","","","","","10","","Create Ltng Temp In Pub; Edit Task; Email Single; Lead Score User; Run Flow; Salesforce IQ Inbox; Video Conference Meet User; Video Conference Teams User; Video Conference Zoom User; View Only Embedded App User","3","3","2","2","2","0","0","0","0","0","2025-08-01 04:08:22 UTC","2026-08-15 06:02:59 UTC","https://probomedical.my.salesforce.com/0PSRo0000008PHVOA2"
"0PSRo0000008PHWOA2","HighVelocitySalesUserIncluded","Sales Engagement User Included","Lets users access the Sales Engagement app, add buyers to Cadences, and contact them via Work Queue.","false","","","false","Standard","force","false","","","","","","9","","Edit Task; Email Single; Lead Score User; Run Flow; Salesforce IQ Inbox; Video Conference Meet User; Video Conference Teams User; Video Conference Zoom User; View Only Embedded App User","3","3","1","2","2","0","0","0","0","0","2025-08-01 04:08:22 UTC","2026-08-15 06:02:59 UTC","https://probomedical.my.salesforce.com/0PSRo0000008PHWOA2"
"0PS4O000000zpzBWAQ","Sales_Opp","Sales Opp","","false","","","true","Regular","","false","","","","","","0","","","0","0","0","0","0","0","0","4","0","1","2020-11-02 14:52:00 UTC","2025-05-30 21:01:41 UTC","https://probomedical.my.salesforce.com/0PS4O000000zpzBWAQ"
"0PS4O0000009WesWAE","Sales_Opportunity_Access","Sales Opportunity Access","","false","","","true","Regular","","false","","","","","","1","","Edit Opp Line Item Unit Price","0","0","0","0","0","0","0","0","0","0","2021-01-04 15:41:38 UTC","2025-05-30 21:01:41 UTC","https://probomedical.my.salesforce.com/0PS4O0000009WesWAE"
"0PSRo000000AqTaOAK","SalesWorkspace","Sales Workspace User","Access sales metrics, recommended actions, and agent activity in Sales Workspace","false","","","false","Standard","force","false","","","","","","0","","","0","0","0","0","0","0","0","0","0","0","2025-10-28 03:34:17 UTC","2026-08-15 06:02:59 UTC","https://probomedical.my.salesforce.com/0PSRo000000AqTaOAK"
"0PS4O000000WtbDWAS","Sales_and_Return_Opps","Sales and Return Opps","Added for Joanna in Harrisburg to improve Vendor Return process","false","","","true","Regular","","false","","","","","","0","","","1","1","1","1","0","0","0","138","0","0","2019-10-09 20:12:51 UTC","2025-05-30 21:01:41 UTC","https://probomedical.my.salesforce.com/0PS4O000000WtbDWAS"
"0PSRo000000FlZiOAK","SalesCloudCallCoachingSeller","SalesCloudCallCoachingSeller","","false","","","true","Group","force","false","","","","","","3","","Std Automatic Activity Capture; View Only Embedded App User; View Roles","1","1","0","0","0","0","0","0","0","0","2026-07-07 22:36:48 UTC","2026-07-07 22:39:06 UTC","https://probomedical.my.salesforce.com/0PSRo000000FlZiOAK"
"0PSRo000000EsBrOAK","SalesCloudSeller","SalesCloudSeller","","false","","","true","Group","force","false","","","","","","7","","Call Coaching User; Std Automatic Activity Capture; Video Conference Meet User; Video Conference Teams User; Video Conference Zoom User; View Only Embedded App User; View Roles","1","1","0","0","0","0","0","0","0","0","2026-06-13 04:27:41 UTC","2026-06-13 04:30:12 UTC","https://probomedical.my.salesforce.com/0PSRo000000EsBrOAK"
"0PSRo000000EsBqOAK","SalesCloudSellerUnlimited","SalesCloudSellerUnlimited","","false","","","true","Group","force","false","","","","","","18","","AI View Insight Objects; Automatic Activity Capture; Call Coaching User; Create Ltng Temp In Pub; Edit Task; Email Single; Lead Score User; Opportunity Score User; Run Flow; SCE View All Data; Salesforce IQ Inbox; Salesforce Meetings User Perm; Video Conference Meet User; Video Conference Teams User; Video Conference Zoom User; View Forecasting Predictive; View Only Embedded App User; View Roles","5","5","3","3","3","0","0","0","0","0","2026-06-13 04:27:41 UTC","2026-06-13 04:30:19 UTC","https://probomedical.my.salesforce.com/0PSRo000000EsBqOAK"
"0PSRo000000AadJOAS","SalesWorkspacePSG","SalesWorkspacePSG","","false","","","true","Group","force","false","","","","","","1","","View Roles","1","1","0","0","0","0","0","0","0","0","2025-12-20 06:34:43 UTC","2026-01-09 08:07:13 UTC","https://probomedical.my.salesforce.com/0PSRo000000AadJOAS"
"0PS5b000001V2HuGAK","ApexGuruStandardPermSet","Salesforce Apex Guru","Gives Apex Guru access to analyze code for anti patterns.","false","","","false","Session","force","true","","","","","","9","Author Apex; Modify Metadata","Apex Rest Services; Api Enabled; Api User Only; Author Apex; Chatter Internal User; Modify Metadata; Password Never Expires; View Roles; View Setup","0","0","0","0","0","0","0","0","0","0","2018-06-18 05:10:21 UTC","2026-08-15 06:02:55 UTC","https://probomedical.my.salesforce.com/0PS5b000001V2HuGAK"
"0PS4O000000WuGkWAK","C2CHeadlessCMSAccessPermSet","Salesforce CMS Integration Admin","Gives the admin data access and the permissions to integrate Salesforce CMS with any endpoint.","false","","","false","Session","force","true","","","","","","7","","Apex Rest Services; Api Enabled; Api User Only; Can Access CE; Chatter Internal User; Headless CMS Access; Password Never Expires","115","115","86","91","90","105","89","0","0","0","2018-06-18 05:10:21 UTC","2026-08-15 06:02:55 UTC","https://probomedical.my.salesforce.com/0PS4O000000WuGkWAK"
"0PS0B000000icISWAY","SalesConsoleUser","Salesforce Console User","Enable Salesforce Console User","false","","","false","Standard","force","false","","","","","","1","","Sales Console","0","0","0","0","0","0","0","0","0","0","2016-05-07 20:10:06 UTC","2026-08-15 06:02:59 UTC","https://probomedical.my.salesforce.com/0PS0B000000icISWAY"
"0PS0B0000009LJ5WAM","Sales_Edge","Salesforce Engage","This Permission Set grants users access to Salesforce Engage components","false","","","true","Regular","pi","false","","","","","","0","","","2","2","2","2","2","0","0","18","197","4","2016-09-14 19:31:20 UTC","2025-05-30 21:01:41 UTC","https://probomedical.my.salesforce.com/0PS0B0000009LJ5WAM"
"0PSRo0000008PHeOAM","SalesforceMeetings","Salesforce Meetings","Grants access to use Salesforce Meetings","false","","","false","Standard","force","false","","","","","","2","","Salesforce Meetings User Perm; Video Conference Zoom User","0","0","0","0","0","0","0","0","0","0","2025-08-01 04:08:22 UTC","2026-08-15 06:02:59 UTC","https://probomedical.my.salesforce.com/0PSRo0000008PHeOAM"
"0PSRo0000008PHdOAM","SalesMeetingsIncluded","Salesforce Meetings Included","Grants access to use Salesforce Meetings.","false","","","false","Standard","force","false","","","","","","4","","Salesforce Meetings User Perm; Video Conference Meet User; Video Conference Teams User; Video Conference Zoom User","0","0","0","0","0","0","0","0","0","0","2025-08-01 04:08:22 UTC","2026-08-15 06:02:59 UTC","https://probomedical.my.salesforce.com/0PSRo0000008PHdOAM"
"0PSRo0000008PHfOAM","ScaleCenterStandardPS","Scale Center Standard Permission Set","Gives the user access to the Scale Center standard features.","false","","","false","Standard","force","false","","","","","","2","","Org Performance Access; Performance Analysis Access","0","0","0","0","0","0","0","0","0","0","2025-08-01 04:08:22 UTC","2026-08-15 06:02:59 UTC","https://probomedical.my.salesforce.com/0PSRo0000008PHfOAM"
"0PSRo0000008PFlOAM","ScaleCenterUsers","ScaleCenterUsers","","false","","","true","Group","force","false","","","","","","2","","Org Performance Access; Performance Analysis Access","0","0","0","0","0","0","0","0","0","0","2025-08-01 04:08:24 UTC","2025-08-01 04:08:34 UTC","https://probomedical.my.salesforce.com/0PSRo0000008PFlOAM"
"0PS5b000000Dk3ZGAS","Scan_to_Salesforce","Scan to Salesforce","Grant permissions to edit SSCard, and show the tab. / SSCardへの書き込み権限を付与して、タブを表示をします。","false","","","true","Regular","sansancard","false","","","","","","0","","","2","2","2","2","2","2","2","23","5","1","2023-01-11 22:02:39 UTC","2025-05-30 21:01:41 UTC","https://probomedical.my.salesforce.com/0PS5b000000Dk3ZGAS"
"0PS5b000000Dk3aGAC","Scan_to_Salesforce_Admin","Scan to Salesforce Admin","Grant Scan to Salesforce admin permission","false","","","true","Regular","sansancard","false","","","","","","0","","","2","2","2","2","2","2","2","23","5","1","2023-01-11 22:02:40 UTC","2025-05-30 21:01:41 UTC","https://probomedical.my.salesforce.com/0PS5b000000Dk3aGAC"
"0PS5b000001V2HvGAK","SeasIndexingPermSet","SeaS Indexing C2C User Perm","Allows the user to access entities indexed by SeaS indexing pipeline.","false","","","false","Session","force","true","","","","","","6","","Apex Rest Services; Api Enabled; Api User Only; Can Access CE; Chatter Internal User; Password Never Expires","115","115","86","91","90","105","89","0","0","0","2018-06-18 05:10:21 UTC","2026-08-15 06:02:55 UTC","https://probomedical.my.salesforce.com/0PS5b000001V2HvGAK"
"0PSRo0000004W4cOAE","SalesCloudMobileUser","Seller-Focused Sales Mobile Experience","Use an experience that’s tailored for sellers on mobile. Easily view and update key information, contact with a swipe, and keep deals on track.","false","","","false","Standard","force","false","","","","","","1","","Enhanced Sales Mobile Exp","0","0","0","0","0","0","0","0","0","0","2014-05-16 18:55:04 UTC","2026-08-15 06:02:55 UTC","https://probomedical.my.salesforce.com/0PSRo0000004W4cOAE"
"0PS5b000000Dp2gGAC","Send_Email_Through_External_Systems","Send Email Through External Systems","","false","","","true","Regular","","false","","","","","","1","","Send External Email Available","0","0","0","0","0","0","0","0","0","0","2023-07-25 15:37:49 UTC","2025-05-30 21:01:41 UTC","https://probomedical.my.salesforce.com/0PS5b000000Dp2gGAC"
"0PSRo0000002vQROAY","ServiceCatalogAgent","Service Catalog Agent","Access Service Catalog and run catalog items for contacts and users.","false","","","false","Standard","force","false","","","","","","3","","Run Catalog Items On Behalf Of; Run Flow; Use Svc Catalog","2","2","2","0","0","0","0","0","0","0","2023-12-30 00:24:21 UTC","2026-08-15 06:02:59 UTC","https://probomedical.my.salesforce.com/0PSRo0000002vQROAY"
"0PS5b000001QEYLGA4","ServiceCatalogBuilder","Service Catalog Builder","Manage Service Catalog and update all Service Catalog requests.","false","","","false","Standard","force","false","","","","","","7","","Manage Interaction; Manage Orch Insts And Work Items; Manage Svc Catalog; Run Flow; Use Svc Catalog; View Roles; View Setup","2","2","2","2","2","2","2","0","0","0","2023-12-30 00:24:21 UTC","2026-08-15 06:02:59 UTC","https://probomedical.my.salesforce.com/0PS5b000001QEYLGA4"
"0PS5b000001QEYMGA4","ServiceCatalogUser","Service Catalog User","Gives access to Service Catalog.","false","","","false","Standard","force","false","","","","","","2","","Run Flow; Use Svc Catalog","2","2","2","0","0","0","0","0","0","0","2023-12-30 00:24:21 UTC","2026-08-15 06:02:59 UTC","https://probomedical.my.salesforce.com/0PS5b000001QEYMGA4"
"0PSRo0000002WLaOAM","ServiceUserPsl","Service Cloud User","Denotes that the user is a Service Cloud user.","false","","","false","Standard","force","false","","","","","","2","","Campaign Influence2; Pardot User","2","2","2","2","2","1","1","0","0","0","2024-05-15 04:04:40 UTC","2026-08-15 06:02:59 UTC","https://probomedical.my.salesforce.com/0PSRo0000002WLaOAM"
"0PS4O000000vMrYWAU","Service_Contract_Start_and_End_Date_Only","Service Contract - Start and End Date Only","","false","","","true","Regular","","false","","","","","","0","","","1","1","1","1","0","0","0","2","0","0","2021-06-02 17:12:59 UTC","2025-05-30 21:01:41 UTC","https://probomedical.my.salesforce.com/0PS4O000000vMrYWAU"
"0PS4O000000WtWmWAK","Service_Contract_Management","Service Contract Management","This permission set gives users the ability to manipulate the service objects such as service contracts, cases, entitlements, work orders, contract line items, and contract coverages.","false","","","true","Regular","","false","","","","","","0","","","7","7","6","6","6","3","2","178","0","4","2019-09-25 00:40:02 UTC","2026-06-04 14:05:43 UTC","https://probomedical.my.salesforce.com/0PS4O000000WtWmWAK"
"0PSRo000000E2RlOAK","Service_Territory_Member_Create_and_Edit_Access","Service Territory Member - Create and Edit Access","","false","","","true","Regular","","false","","","","","","0","","","0","0","0","0","0","0","0","5","0","0","2026-05-07 09:28:09 UTC","2026-06-26 10:38:40 UTC","https://probomedical.my.salesforce.com/0PSRo000000E2RlOAK"
"0PSRo000000Bbc9OAC","Set_Audit_Fields_Upon_Record_Creation","Set Audit Fields Upon Record Creation","","false","","","true","Regular","","false","","","","","","1","","Create Audit Fields","0","0","0","0","0","0","0","0","0","0","2026-02-12 18:32:48 UTC","2026-02-12 18:33:23 UTC","https://probomedical.my.salesforce.com/0PSRo000000Bbc9OAC"
"0PSRo0000006uduOAA","ShipAndDebitManagementReadOnlyPsl","Ship and Debit Read-Only Access","Gives users read-only access to Ship and Debit features.","false","","","false","Standard","force","false","","","","","","0","","","4","4","0","0","0","0","0","0","0","0","2025-04-12 13:14:49 UTC","2026-08-15 06:02:59 UTC","https://probomedical.my.salesforce.com/0PSRo0000006uduOAA"
"0PS5b000000HiEaGAK","Ship_to_Account_Opp","Ship to Account Opp","","false","","","true","Regular","","false","","","","","","0","","","0","0","0","0","0","0","0","1","0","0","2021-12-06 19:37:19 UTC","2025-05-30 21:01:41 UTC","https://probomedical.my.salesforce.com/0PS5b000000HiEaGAK"
"0PSRo000000CgczOAC","Shipment_Information_Fields_Permission_Set","Shipment Information Fields Permission Set","","false","","","true","Regular","","false","","","","","","0","","","0","0","0","0","0","0","0","9","0","0","2026-03-25 13:20:29 UTC","2026-06-01 13:43:02 UTC","https://probomedical.my.salesforce.com/0PSRo000000CgczOAC"
"0PS5b000000HiSwGAK","Shipping_Account_Number_Opps","Shipping Account Number - Opps","","false","","","true","Regular","","false","","","","","","0","","","0","0","0","0","0","0","0","1","0","0","2021-12-21 20:46:19 UTC","2025-05-30 21:01:41 UTC","https://probomedical.my.salesforce.com/0PS5b000000HiSwGAK"
"0PS4O0000009WeiWAE","Shipping_Cost","Shipping Cost","","false","","","true","Regular","","false","","","","","","0","","","0","0","0","0","0","0","0","1","0","0","2021-01-04 14:58:21 UTC","2025-05-30 21:01:41 UTC","https://probomedical.my.salesforce.com/0PS4O0000009WeiWAE"
"0PS5b000000HiFEGA0","Shipping_Team","Shipping Team","Loaners, Shipments, Work Orders","false","","","true","Regular","","false","","","","","","0","","","4","4","3","4","1","4","1","274","3","2","2021-12-07 15:19:30 UTC","2026-06-02 21:44:35 UTC","https://probomedical.my.salesforce.com/0PS5b000000HiFEGA0"
"0PS0B000000b6NmWAI","Shipping_Receiving","Shipping/Receiving","Assets, Opps, RMAs","false","","","true","Regular","","false","","","","","","0","","","2","2","2","2","0","1","0","48","0","1","2018-04-23 19:30:24 UTC","2026-02-11 20:05:19 UTC","https://probomedical.my.salesforce.com/0PS0B000000b6NmWAI"
"0PS5b000000HkUXGA0","SlackServiceUser","Slack Service User","Lets users run the flows for swarming with Service Cloud for Slack.","false","","","false","Standard","force","false","","","","","","1","","Run Flow","0","0","0","0","0","0","0","0","0","0","2022-04-17 05:51:21 UTC","2026-08-15 06:02:59 UTC","https://probomedical.my.salesforce.com/0PS5b000000HkUXGA0"
"0PSRo0000003K8fOAE","Sold","Sold","","false","","","true","Regular","","false","","","","","","0","","","0","0","0","0","0","0","0","1","0","0","2024-07-16 13:47:51 UTC","2025-05-30 21:01:41 UTC","https://probomedical.my.salesforce.com/0PSRo0000003K8fOAE"
"0PS4O000000vLGNWA2","Sourcing_Request","Sourcing Request","","false","","","true","Regular","","false","","","","","","0","","","2","2","1","1","1","1","1","11","1","1","2020-07-10 00:14:42 UTC","2025-05-30 21:01:41 UTC","https://probomedical.my.salesforce.com/0PS4O000000vLGNWA2"
"0PSRo000000DVvdOAG","StandardEinsteinActivityCapture2Psl","Standard Einstein Activity Capture","Access to Standard Einstein Activity Capture","false","","","false","Standard","force","false","","","","","","2","","Std Automatic Activity Capture; View Only Embedded App User","0","0","0","0","0","0","0","0","0","0","2026-04-19 03:32:01 UTC","2026-08-15 06:02:59 UTC","https://probomedical.my.salesforce.com/0PSRo000000DVvdOAG"
"0PS0B000000b6rNWAQ","StandardEinsteinActivityCapturePsl","Standard Einstein Activity Capture","Access to Standard Einstein Activity Capture","false","","","false","Standard","force","false","","","","","","2","","Std Automatic Activity Capture; View Only Embedded App User","0","0","0","0","0","0","0","0","0","0","2018-06-18 05:10:23 UTC","2026-08-15 06:02:59 UTC","https://probomedical.my.salesforce.com/0PS0B000000b6rNWAQ"
"0PSRo000000BnJxOAK","StockRotationReadOnlyPsl","Stock Rotation Read-Only User","Allow read-only access to Stock Rotation.","false","","","false","Standard","force","false","","","","","","0","","","4","4","0","0","0","0","0","0","0","0","2026-02-21 05:14:57 UTC","2026-08-15 06:02:59 UTC","https://probomedical.my.salesforce.com/0PSRo000000BnJxOAK"
"0PS4O000000zpj9WAA","Switch_to_Lightning","Switch to Lightning","","false","","","true","Regular","","false","","","","","","2","","Lightning Console Allowed For User; Lightning Experience User","0","0","0","0","0","0","0","0","0","0","2020-10-01 17:23:50 UTC","2025-05-30 21:01:41 UTC","https://probomedical.my.salesforce.com/0PS4O000000zpj9WAA"
"0PSRo0000004umnOAA","System_Work_Order_Scrap_Asset","System Work Order - Scrap Asset","","false","","","true","Regular","","false","","","","","","0","","","2","2","1","2","1","2","0","14","1","2","2024-11-04 04:30:13 UTC","2025-05-30 21:01:41 UTC","https://probomedical.my.salesforce.com/0PSRo0000004umnOAA"
"0PS0B000000b5KSWAY","Systems_Test","Systems Test","","false","","","true","Regular","","false","","","","","","0","","","1","1","1","1","0","1","0","204","1","1","2017-11-09 17:31:35 UTC","2025-05-30 21:01:41 UTC","https://probomedical.my.salesforce.com/0PS0B000000b5KSWAY"
"0PSRo0000005VMYOA2","TableauIncludedAppManager","Tableau Included App Manager","Allow manage Tableau Included Apps.","false","","","false","Standard","force","false","","","","","","3","","App Framework Manage App; App Framework Manage Template; App Framework View App","0","0","0","0","0","0","0","0","0","0","2025-01-10 05:06:54 UTC","2026-08-15 06:02:59 UTC","https://probomedical.my.salesforce.com/0PSRo0000005VMYOA2"
"0PSRo0000005VMXOA2","TableauEinsteinIncludedAppBusinessUser","Tableau Next Included App Business User","Allows manage access for the pre-packaged Tableau Next analytics installed in orgs.","false","","","false","Standard","force","false","","","","","","1","","App Framework View App","0","0","0","0","0","0","0","0","0","0","2025-01-10 05:06:54 UTC","2026-08-15 06:02:59 UTC","https://probomedical.my.salesforce.com/0PSRo0000005VMXOA2"
"0PS4O0000009SkvWAE","Total_Cost_of_Assets","Total Cost of Assets","","false","","","true","Regular","","false","","","","","","0","","","0","0","0","0","0","0","0","1","0","1","2019-06-19 17:58:54 UTC","2025-05-30 21:01:41 UTC","https://probomedical.my.salesforce.com/0PS4O0000009SkvWAE"
"0PSRo000000BFq9OAG","Training_Class_Class_Attendance_Access","Training Class/Class Attendance Access","To use in conjunction with training opportunitys","false","","","true","Regular","","false","","","","","","0","","","3","3","2","2","0","3","0","29","0","2","2026-01-16 17:05:08 UTC","2026-01-16 17:39:13 UTC","https://probomedical.my.salesforce.com/0PSRo000000BFq9OAG"
"0PS4O000000zpS8WAI","Trigger_Handlers","Trigger Handlers","","false","","","true","Regular","","false","","","","","","4","Author Apex; Modify Metadata","Author Apex; Modify Metadata; View Roles; View Setup","0","0","0","0","0","0","0","0","0","0","2020-09-03 01:06:42 UTC","2025-05-30 21:01:41 UTC","https://probomedical.my.salesforce.com/0PS4O000000zpS8WAI"
"0PS0B000000zmzdWAA","Trisonics_User","Trisonics User","Allows users to edit Trisonics Contacts, Accounts, and Opportunities, bypassing the validation rules currently in place on those objects","false","","","true","Regular","","false","","","","","","0","","","0","0","0","0","0","0","0","0","1","0","2019-03-29 15:10:49 UTC","2025-05-30 21:01:41 UTC","https://probomedical.my.salesforce.com/0PS0B000000zmzdWAA"
"0PS4O000000zpstWAA","TrustCardManagerPsl","Trust Card Manager","Lets users create, read, edit, and delete trust measures for their location's trust card. Also lets users preview and copy the trust card code snippet for their location.","false","","","false","Standard","force","false","","","","","","5","","Create Customize Filters; Edit Public Filters; Lightning Experience User; Manage Trust Measures; View Trust Measures","2","2","1","1","1","0","0","0","0","0","2020-10-19 03:20:45 UTC","2026-08-15 06:02:59 UTC","https://probomedical.my.salesforce.com/0PS4O000000zpstWAA"
"0PS4O000000Wu0rWAC","Two_Factor_Authentication_Required","Two Factor Authentication Required","2FA Required.","false","","","true","Regular","","false","","","","","","1","","Force Two Factor","0","0","0","0","0","0","0","0","0","0","2020-01-16 18:35:55 UTC","2025-05-30 21:01:41 UTC","https://probomedical.my.salesforce.com/0PS4O000000Wu0rWAC"
"0PS5b000000Hm2kGAC","UK_Admin_Permission_Set","UK Admin Permission Set","for UK Admin Permissions - Jon Kean and Jordan Reeves only","false","","","true","Regular","","false","","","","","","87","Assign Permission Sets; Customize Application; Edit Readonly Fields; Manage Internal Users; Manage Password Policies; Manage Profiles Permissionsets; Manage Roles; Manage Sharing; Manage Users; Modify All Data; Modify Metadata; Reset Passwords; View All Data","Access Content Builder; Assign Permission Sets; Assign Topics; Can Use New Dashboard Builder; Change Dashboard Colors; Connect Org To Environment Hub; Convert Leads; Create Customize Dashboards; Create Customize Filters; Create Customize Reports; Create Dashboard Folders; Create Ltng Temp Folder; Create Report Folders; Create Report In Lightning; Create Topics; Customize Application; Delegated Two Factor; Delete Topics; Edit Billing Info; Edit Event; Edit Html Templates; Edit My Dashboards; Edit My Reports; Edit Public Documents; Edit Public Filters; Edit Public Templates; Edit Readonly Fields; Edit Task; Edit Topics; Email Mass; Email Single; Freeze Users; Import Leads; Isotope Access; Isotope LEX; Lightning Experience User; Manage Categories; Manage Custom Permissions; Manage Custom Report Types; Manage Dashbds In Pub Folders; Manage Email Content; Manage Exchange Config; Manage Interaction; Manage Internal Users; Manage Ip Addresses; Manage Login Access Policies; Manage Networks; Manage Password Policies; Manage Profiles Permissionsets; Manage Pvt Rpts And Dashbds; Manage Remote Access; Manage Reports In Pub Folders; Manage Roles; Manage Sharing; Manage Users; Mass Inline Edit; Moderate Chatter; Moderate Network Files; Modify All Data; Modify Metadata; Monitor Login History; New Report Builder; Reset Passwords; Run Flow; Run Reports; Schedule Job; Schedule Reports; Select Files From Salesforce; Solution Import; Subscribe Dashboard Roles Grps; Subscribe Dashboard To Other Users; Subscribe Report Roles Grps; Subscribe Report To Other Users; Subscribe Reports Run As User; Subscribe To Lightning Dashboards; Subscribe To Lightning Reports; Transfer Any Entity; Transfer Any Lead; Use Team Reassign Wizards; View All Data; View All Foreign Key Names; View All Users; View Event Log Files; View Public Dashboards; View Public Reports; View Roles; View Setup","516","516","516","503","503","500","500","82","0","2","2022-07-05 14:13:06 UTC","2026-02-02 15:29:16 UTC","https://probomedical.my.salesforce.com/0PS5b000000Hm2kGAC"
"0PSRo00000052PNOAY","UK_Audit_permissions","UK Audit permissions","","false","","","true","Regular","","false","","","","","","0","","","0","0","0","0","0","0","0","3","0","0","2024-11-15 11:29:04 UTC","2025-05-30 21:01:41 UTC","https://probomedical.my.salesforce.com/0PSRo00000052PNOAY"
"0PSRo000000BYkjOAG","US_FSL","US FSL","","false","","","true","Group","","false","","","","","","6","","Custom Apps On FS Mobile; Field Service Access; Field Service Mobile App; Field Service Scheduling; Lightning On FS Mobile; View SA Lifecycle","48","48","20","15","11","8","1","1480","92","7","2026-02-09 21:19:12 UTC","2026-08-06 07:56:14 UTC","https://probomedical.my.salesforce.com/0PSRo000000BYkjOAG"
"0PSRo0000008WAnOAM","US_FSL_V1_Perm","US FSL V1 Perm","08/13/2025 - Kyle/Delegate Created to provide US FSL Users / testers the ability to see all V1 object, fields, etc","false","","","true","Regular","","false","","","","","","0","","","13","13","12","12","4","13","1","2477","0","8","2025-08-14 00:02:39 UTC","2026-03-12 15:11:33 UTC","https://probomedical.my.salesforce.com/0PSRo0000008WAnOAM"
"0PS5b000000DjNnGAK","USF_Flow_Screen_Component_Custom_Objects","USF Flow Screen Component - Custom Objects","","false","","","true","Regular","","false","","","","","","0","","","2","2","2","2","2","0","0","32","0","0","2022-12-13 15:44:25 UTC","2025-05-30 21:01:41 UTC","https://probomedical.my.salesforce.com/0PS5b000000DjNnGAK"
"0PS5b000000DjNsGAK","USF_Flow_Screen_Component_Datatable","USF Flow Screen Component - Datatable","Permission Set that gives access to the @AuraEnabled Apex Classes that are part of the Datatable Flow Screen LWC","false","","","true","Regular","","false","","","","","","1","","Run Flow","1","1","1","1","1","0","0","12","3","0","2022-12-13 15:52:30 UTC","2025-05-30 21:01:41 UTC","https://probomedical.my.salesforce.com/0PS5b000000DjNsGAK"
"0PS0B000000b6UdWAI","Unable_to_further_improve_cosmetic","Unable to further improve - cosmetic","","false","","","true","Regular","","false","","","","","","0","","","0","0","0","0","0","0","0","2","0","1","2018-05-09 15:51:01 UTC","2025-05-30 21:01:41 UTC","https://probomedical.my.salesforce.com/0PS0B000000b6UdWAI"
"0PS0B000000b5NMWAY","Unable_to_further_improve","Unable to further improve - functional and cosmetic","","false","","","true","Regular","","false","","","","","","0","","","0","0","0","0","0","0","0","4","0","1","2017-11-21 16:25:44 UTC","2025-05-30 21:01:41 UTC","https://probomedical.my.salesforce.com/0PS0B000000b5NMWAY"
"0PS4O000000Wtb3WAC","Uncheck_reserve_box","Uncheck reserve box","","false","","","true","Regular","","false","","","","","","0","","","0","0","0","0","0","0","0","3","0","1","2019-10-09 17:24:35 UTC","2025-05-30 21:01:41 UTC","https://probomedical.my.salesforce.com/0PS4O000000Wtb3WAC"
"0PSRo000000CNsAOAW","UnifiedCatalogAdmin","Unified Catalog Admin","Enables the user to setup unified catalog","false","","","false","Standard","force","false","","","","","","10","Author Apex; Modify Metadata","Apex Rest Services; App Framework Manage App; App Framework Manage Template; Author Apex; Manage Interaction; Modify Metadata; Run Flow; Unified Catalog Admin Perm; View Roles; View Setup","12","12","9","9","8","1","0","1","0","0","2026-03-06 18:16:58 UTC","2026-08-15 06:02:59 UTC","https://probomedical.my.salesforce.com/0PSRo000000CNsAOAW"
"0PSRo000000CNsBOAW","UnifiedCatalogAgent","Unified Catalog Agent","Enables the agent to run service process","false","","","false","Standard","force","false","","","","","","2","","Run Flow; Unified Catalog Agent Perm","12","12","2","2","2","0","0","1","0","0","2026-03-06 18:16:58 UTC","2026-08-15 06:02:59 UTC","https://probomedical.my.salesforce.com/0PSRo000000CNsBOAW"
"0PSRo000000CNsCOAW","UnifiedCatalogCommunityUser","Unified Catalog Community User","Enables the Community User to run unified catalog service process","false","","","false","Standard","force","false","","","","","","3","","Access To Service Process; Run Flow; Unified Catalog Runtime Perm","12","12","2","2","2","0","0","1","0","0","2026-03-06 18:16:58 UTC","2026-08-15 06:02:59 UTC","https://probomedical.my.salesforce.com/0PSRo000000CNsCOAW"
"0PSRo000000CNorOAG","UnifiedCatalogAdminPsl","UnifiedCatalogAdminPsl","","false","","","true","Group","force","false","","","","","","20","Author Apex; Modify Metadata","Apex Rest Services; App Framework Manage App; App Framework Manage Template; Assessment Platform User; Author Apex; Decimal Quantity Designtime; Financial Services2 User Access; Interaction Calc Admin Perm; Manage Interaction; Manage Product Catalog; Manage Product Discovery; Modify Metadata; Product Catalog Api Access; Product Discovery User; Run Decision Matrix; Run Expression Set; Run Flow; Unified Catalog Admin Perm; View Roles; View Setup","52","52","43","43","43","1","0","151","1","14","2026-03-06 18:17:00 UTC","2026-06-13 07:01:47 UTC","https://probomedical.my.salesforce.com/0PSRo000000CNorOAG"
"0PSRo000000CNosOAG","UnifiedCatalogAgentPsl","UnifiedCatalogAgentPsl","","false","","","true","Group","force","false","","","","","","11","","Assessment Platform User; Decimal Quantity Runtime; Financial Services2 User Access; Interaction Calc User Perm; Product Catalog Api Access; Product Discovery User; Run Decision Matrix; Run Expression Set; Run Flow; Unified Catalog Agent Perm; View Product Catalog Objects","52","52","2","2","2","0","0","151","0","14","2026-03-06 18:17:01 UTC","2026-06-13 07:01:45 UTC","https://probomedical.my.salesforce.com/0PSRo000000CNosOAG"
"0PSRo000000CNotOAG","UnifiedCatalogCommunityUserPsl","UnifiedCatalogCommunityUserPsl","","false","","","true","Group","force","false","","","","","","12","","Access To Service Process; Assessment Platform User; Decimal Quantity Runtime; Financial Services2 User Access; Interaction Calc User Perm; Product Catalog Api Access; Product Discovery User; Run Decision Matrix; Run Expression Set; Run Flow; Unified Catalog Runtime Perm; View Product Catalog Objects","52","52","2","2","2","0","0","151","0","14","2026-03-06 18:17:02 UTC","2026-06-13 07:01:45 UTC","https://probomedical.my.salesforce.com/0PSRo000000CNotOAG"
"0PSRo000000CpGTOA0","ArticleRecommendationsForCasesOnDC","Use Agentforce Article Recommendations for Cases","Grants users access to Agentforce Article Recommendations for Cases.","false","","","false","Standard","force","false","","","","","","0","","","0","0","0","0","0","0","0","0","0","0","2026-03-27 16:20:17 UTC","2026-08-15 06:02:59 UTC","https://probomedical.my.salesforce.com/0PSRo000000CpGTOA0"
"0PS5b000000HiQCGA0","Use_Lightning_Content_Builder_With_CMS","Use Pardot Content Experience","Create and edit access to Pardot content experience builders and access to Salesforce CMS workspaces and channels.","false","","","true","Regular","","false","","","","","","3","","Access Content Builder; Automate Email Content; Manage Email Content","0","0","0","0","0","0","0","0","1","2","2021-12-20 16:58:25 UTC","2025-05-30 21:01:41 UTC","https://probomedical.my.salesforce.com/0PS5b000000HiQCGA0"
"0PSRo0000004PcXOAU","Profiles_to_Perm_Set_App_Access","User Access & Permissions Assistant Access","Grant access to User Access & Permissions Assistant app customizations and Connected App with this permission set. Additional user permissions like Customize Application and Manage Profiles & Permission Sets may be required.","false","","","true","Regular","Profile2PermSet","false","","","","","","0","","","0","0","0","0","0","0","0","0","13","4","2024-10-09 09:24:22 UTC","2025-05-30 21:01:41 UTC","https://probomedical.my.salesforce.com/0PSRo0000004PcXOAU"
"0PSRo000000D1KrOAK","VeeamDataCloudBackupAndRestoreUserEinsteinGPTPromptTemplatesPsl","Veeam Data Cloud backup and restore user EinsteinGPTPromptTemplatesPsl","Permissions required for backup, restore and archive data","false","","","true","Regular","","false","","","","","","2","","Execute Prompt Templates; Manage Prompt Templates","0","0","0","0","0","0","0","0","0","0","2026-04-07 00:00:29 UTC","2026-04-07 00:00:29 UTC","https://probomedical.my.salesforce.com/0PSRo000000D1KrOAK"
"0PSRo0000008zxZOAQ","VeeamDataCloudBackupAndRestoreUserSFDC","Veeam Data Cloud backup and restore user SFDC","Permissions required for backup, restore and archive data","false","","","true","Regular","","false","","","","","","68","Assign Permission Sets; Author Apex; Bulk Api Hard Delete; Customize Application; Manage Auth Providers; Manage Internal Users; Manage Password Policies; Manage Profiles Permissionsets; Manage Roles; Manage Sharing; Manage Users; Modify All Data; Modify Metadata; Reset Passwords; View All Data","Allow View Edit Converted Leads; Allow View Knowledge; Assign Permission Sets; Assign Topics; Author Apex; Bulk Api Hard Delete; Can Update Email Message; Connect Org To Environment Hub; Content Administrator; Convert Leads; Create Audit Fields; Create Customize Dashboards; Create Customize Filters; Create Customize Reports; Create Dashboard Folders; Create Report Folders; Create Topics; Customize Application; Delegated Two Factor; Delete Topics; Edit Event; Edit Knowledge; Edit My Dashboards; Edit My Reports; Edit Public Documents; Edit Public Filters; Edit Public Templates; Edit Task; Edit Topics; Freeze Users; Import Leads; Manage Auth Providers; Manage Categories; Manage Content Permissions; Manage Custom Permissions; Manage Dashbds In Pub Folders; Manage Data Categories; Manage Internal Users; Manage Ip Addresses; Manage Knowledge; Manage Login Access Policies; Manage Networks; Manage Password Policies; Manage Profiles Permissionsets; Manage Reports In Pub Folders; Manage Roles; Manage Sharing; Manage Users; Modify All Data; Modify Metadata; Monitor Login History; Query All Files; Reset Passwords; Run Reports; Solution Import; Transfer Any Entity; Transfer Any Lead; Update With Inactive Owner; Use Team Reassign Wizards; View All Data; View All Users; View Data Categories; View Encrypted Data; View Event Log Files; View Public Dashboards; View Public Reports; View Roles; View Setup","516","516","516","503","503","500","500","0","0","0","2025-10-02 15:18:23 UTC","2026-08-19 00:00:27 UTC","https://probomedical.my.salesforce.com/0PSRo0000008zxZOAQ"
"0PS4O0000009SkqWAE","Vendor_Sourcing","Vendor Sourcing","","false","","","true","Regular","","false","","","","","","0","","","2","2","1","1","1","2","1","5","0","2","2019-06-18 20:48:18 UTC","2025-05-30 21:01:41 UTC","https://probomedical.my.salesforce.com/0PS4O0000009SkqWAE"
"0PS4O000000WtYYWA0","Vendor_Sourcing_Full_Access","Vendor Sourcing Full Access","","false","","","true","Regular","","false","","","","","","0","","","3","3","2","2","2","3","2","26","0","2","2019-10-02 20:51:06 UTC","2025-05-30 21:01:41 UTC","https://probomedical.my.salesforce.com/0PS4O000000WtYYWA0"
"0PS4O0000009WrXWAU","Vendor_information_on_Asset_Page","Vendor information on Asset Page","","false","","","true","Regular","","false","","","","","","0","","","0","0","0","0","0","0","0","6","0","0","2021-02-06 15:04:54 UTC","2025-05-30 21:01:41 UTC","https://probomedical.my.salesforce.com/0PS4O0000009WrXWAU"
"0PS4O000000vL4lWAE","View_Customer_Satisfaction_Surveys","View Customer Satisfaction Surveys","","false","","","true","Regular","","false","","","","","","0","","","2","2","1","1","1","1","1","14","0","1","2020-06-12 03:19:53 UTC","2025-05-30 21:01:41 UTC","https://probomedical.my.salesforce.com/0PS4O000000vL4lWAE"
"0PS4O000000WtRDWA0","View_FSR_Attached_Field","View FSR Attached Field","","false","","","true","Regular","","false","","","","","","0","","","1","1","0","0","0","1","0","1","0","0","2019-08-08 12:47:37 UTC","2025-05-30 21:01:41 UTC","https://probomedical.my.salesforce.com/0PS4O000000WtRDWA0"
"0PSRo0000009qYrOAI","View_Flows","View Flows","","false","","","true","Regular","","false","","","","","","3","","View Non Setup Flow; View Roles; View Setup","0","0","0","0","0","0","0","0","0","0","2025-11-04 11:32:47 UTC","2025-11-04 11:47:10 UTC","https://probomedical.my.salesforce.com/0PSRo0000009qYrOAI"
"0PS0B000000b4r1WAA","View_Global_Header","View Global Header","","false","","","true","Regular","","false","","","","","","6","","Access CMC; Govern Networks; Manage Networks; Moderate Network Files; Moderate Network Users; View Global Header","0","0","0","0","0","0","0","0","0","0","2017-08-09 15:18:10 UTC","2025-05-30 21:01:41 UTC","https://probomedical.my.salesforce.com/0PS0B000000b4r1WAA"
"0PSRo0000004gofOAA","View_Harvest_Work_Orders","View Harvest Work Orders","","false","","","true","Regular","","false","","","","","","0","","","2","2","0","0","0","1","0","8","0","0","2024-10-17 09:04:01 UTC","2025-05-30 21:01:41 UTC","https://probomedical.my.salesforce.com/0PSRo0000004gofOAA"
"0PSRo000000BL5xOAG","View_Only_ProductTestDatas","View Only - ProductTestDatas","","false","","","true","Regular","","false","","","","","","0","","","1","1","0","0","0","1","0","8","0","1","2026-01-26 18:41:18 UTC","2026-01-26 18:41:52 UTC","https://probomedical.my.salesforce.com/0PSRo000000BL5xOAG"
"0PS0B000000b83gWAA","View_Only_Access_to_Evaluations","View Only Access to Evaluations","","false","","","true","Regular","","false","","","","","","0","","","1","1","0","0","0","1","0","103","0","1","2018-12-20 19:19:16 UTC","2025-05-30 21:01:41 UTC","https://probomedical.my.salesforce.com/0PS0B000000b83gWAA"
"0PSRo000000C1oLOAS","UnifiedEngagementHistoryDashboardViewerUserPermSet","View Unified Engagement History Dashboards","Gives a user access to view Unified Engagement History Dashboards.","false","","","false","Standard","force","false","","","","","","1","","Unified EHD Viewer","0","0","0","0","0","0","0","0","0","0","2026-02-21 05:14:57 UTC","2026-08-15 06:02:59 UTC","https://probomedical.my.salesforce.com/0PSRo000000C1oLOAS"
"0PSRo000000815NOAQ","Waive_MFA","Waive MFA","","false","","","true","Regular","","false","","","","","","0","","","0","0","0","0","0","0","0","0","0","0","2025-06-19 12:44:19 UTC","2025-06-19 12:46:09 UTC","https://probomedical.my.salesforce.com/0PSRo000000815NOAQ"
"0PSRo0000006snJOAQ","Warehouse_FSL_Visibility_Permission_Set","Warehouse FSL Visibility Permission Set","To enable warehouse teams to view and update Service appointment records for shipping.","false","","","true","Regular","","false","","","","","","0","","","4","4","0","1","0","4","0","1194","0","3","2025-04-09 14:48:37 UTC","2025-05-30 21:01:41 UTC","https://probomedical.my.salesforce.com/0PSRo0000006snJOAQ"
"0PS4O000000vMvQWAU","Warranty_claims_and_products","Warranty claims and products","","false","","","true","Regular","","false","","","","","","0","","","4","4","2","2","0","2","0","41","0","0","2021-06-16 18:22:06 UTC","2025-05-30 21:01:41 UTC","https://probomedical.my.salesforce.com/0PS4O000000vMvQWAU"
"0PS4O000000vMMWWA2","Work_Order_Line_Items","Work Order Line Items","","false","","","true","Regular","","false","","","","","","0","","","0","0","0","0","0","0","0","0","0","0","2021-03-08 16:43:08 UTC","2025-05-30 21:01:41 UTC","https://probomedical.my.salesforce.com/0PS4O000000vMMWWA2"
"0PS5b000000HiCPGA0","Work_Order_Shipping_Sales_Ops","Work Order Shipping - Sales Ops","","false","","","true","Regular","","false","","","","","","0","","","1","1","1","1","0","1","0","6","0","0","2021-12-03 20:03:47 UTC","2025-05-30 21:01:41 UTC","https://probomedical.my.salesforce.com/0PS5b000000HiCPGA0"
"0PSRo0000007YcwOAE","YourAccountFeatureDataPermSet","YourAccountFeatureDataPermSet","","false","","","false","Session","force","true","","","","","","6","","Apex Rest Services; Api Enabled; Api User Only; Can Access CE; Chatter Internal User; Password Never Expires","115","115","86","91","90","105","89","0","0","0","2018-06-18 05:10:21 UTC","2026-08-15 06:02:55 UTC","https://probomedical.my.salesforce.com/0PSRo0000007YcwOAE"
"0PSRo0000003nqbOAA","YourAccountNotifierPermSet","YourAccountNotifierPermSet","","false","","","false","Session","force","true","","","","","","7","","Apex Rest Services; Api Enabled; Api User Only; Can Access CE; Chatter Internal User; Password Never Expires; Your Account CDA Publish Events","115","115","86","91","90","105","89","0","0","0","2018-06-18 05:10:21 UTC","2026-08-15 06:02:55 UTC","https://probomedical.my.salesforce.com/0PSRo0000003nqbOAA"
"0PS4O000000WtTxWAK","ZenkraftAdmin","Zenkraft - Admin","Created from a profile that included only standard access setup by Zenkraft at install using Profile to Permission Set Converter. This profile includes access to all the admin functions of Zenkraft.","false","","","true","Regular","","false","","","","","","0","","","41","41","40","40","40","0","0","2573","964","3","2019-08-28 21:17:02 UTC","2025-05-30 21:01:41 UTC","https://probomedical.my.salesforce.com/0PS4O000000WtTxWAK"
"0PS5b000000HlzvGAC","Zenkraft_Full_Access","Zenkraft - Full Access","","false","","","true","Regular","zkmulti","false","","","","","","0","","","25","25","25","24","24","24","24","876","78","6","2022-06-30 01:13:54 UTC","2026-02-04 03:23:12 UTC","https://probomedical.my.salesforce.com/0PS5b000000HlzvGAC"
"0PS5b000000HlzwGAC","Zenkraft_Read_Only","Zenkraft - Read Only","","false","","","true","Regular","zkmulti","false","","","","","","0","","","25","25","0","0","0","0","0","876","1","6","2022-06-30 01:13:57 UTC","2026-02-04 03:23:14 UTC","https://probomedical.my.salesforce.com/0PS5b000000HlzwGAC"
"0PS4O000000WtTyWAK","Zenkraft_Read_Only_User","Zenkraft - Read-Only User","Cloned from the Zenkraft admin user with removed permissions.  This permission set only includes access to read shipping information.","false","","","true","Regular","","false","","","","","","0","","","41","41","0","0","0","0","0","2573","964","0","2019-08-28 21:17:09 UTC","2025-05-30 21:01:41 UTC","https://probomedical.my.salesforce.com/0PS4O000000WtTyWAK"
"0PS4O000000WtTzWAK","Zenkraft_Standard_User","Zenkraft - Standard User","Cloned from the Zenkraft admin user with removed permissions.  This permission set includes access to create and edit records, but not access to the admin functions of the app.","false","","","true","Regular","","false","","","","","","0","","","40","40","35","35","35","0","0","2572","964","0","2019-08-28 21:17:13 UTC","2025-05-30 21:01:41 UTC","https://probomedical.my.salesforce.com/0PS4O000000WtTzWAK"
"0PSRo000000BTbNOAW","Zenkraft_Tracking","Zenkraft - Tracking","","false","","","true","Regular","zkmulti","false","","","","","","0","","","6","6","6","4","0","0","0","353","1","0","2026-02-04 03:23:14 UTC","2026-02-04 03:23:14 UTC","https://probomedical.my.salesforce.com/0PSRo000000BTbNOAW"
"0PS5b000001QE8GGAW","ZoomInfo_Admin","ZoomInfo Admin","Enables access to ZoomInfo related tabs, visualforce pages, custom objects, custom metadata types and edit access to managed fields.","false","","","true","Regular","DOZISF","false","","","","","","0","","","3","3","3","3","3","0","0","134","7","4","2023-10-26 12:59:31 UTC","2025-05-30 21:01:41 UTC","https://probomedical.my.salesforce.com/0PS5b000001QE8GGAW"
"0PS5b000001QE8HGAW","ZoomInfo_User","ZoomInfo User","Enables user access to ZoomInfo related tabs, visualforce pages, custom objects, and edit access to managed fields.","false","","","true","Regular","DOZISF","false","","","","","","0","","","3","3","3","3","3","0","0","134","7","4","2023-10-26 12:59:33 UTC","2025-05-30 21:01:41 UTC","https://probomedical.my.salesforce.com/0PS5b000001QE8HGAW"
"0PS4O000000bAiDWAU","e2a_Administrator","e2a Administrator","Permission Set - e2a Administrator","false","","","true","Regular","ortoo_e2a","false","","","","","","0","","","0","0","0","0","0","0","0","0","88","7","2020-05-05 18:52:12 UTC","2025-05-30 21:01:41 UTC","https://probomedical.my.salesforce.com/0PS4O000000bAiDWAU"
"0PS4O000000bAiEWAU","e2a_Community_User","e2a Community User","This will give a user permission to use email (send, read, reply, etc.) and to view and change their own email settings and any other personal settings for E2A.
Access to view unmatched emails and match them.","false","","","true","Regular","ortoo_e2a","false","","","","","","0","","","0","0","0","0","0","0","0","0","57","4","2020-05-05 18:52:14 UTC","2025-05-30 21:01:41 UTC","https://probomedical.my.salesforce.com/0PS4O000000bAiEWAU"
"0PS4O000000bAiFWAU","e2a_Email_Manager","e2a Email Manager","This will give access to everything that e2a Email User permission set does, but also allow managing other email settings that are global, or not user specific, but won't give access to creating and editing email rules/mappings.","false","","","true","Regular","ortoo_e2a","false","","","","","","0","","","0","0","0","0","0","0","0","0","78","6","2020-05-05 18:52:15 UTC","2025-05-30 21:01:41 UTC","https://probomedical.my.salesforce.com/0PS4O000000bAiFWAU"
"0PS4O000000bAiGWAU","e2a_Email_User","e2a Email User","This will give a user permission to use email (send, read, reply, etc.) and to view and change their own email settings and any other personal settings for E2A.
Access to view unmatched emails and match them.","false","","","true","Regular","ortoo_e2a","false","","","","","","0","","","0","0","0","0","0","0","0","0","64","4","2020-05-05 18:52:17 UTC","2025-05-30 21:01:41 UTC","https://probomedical.my.salesforce.com/0PS4O000000bAiGWAU"
"0PSRo000000GIYrOAO","sfdc_activityplatform","sfdc.activityplatform","Permset for the 'sfdc.activityplatform' C2C integration","false","","","true","Session","sfdcInternalInt","true","","","","","","5","","Activities Access; Automatic Activity Capture; Email Template Management; Salesforce IQ Internal; View All Users","2","2","0","0","0","0","0","0","0","0","2026-07-16 15:25:50 UTC","2026-07-16 15:25:51 UTC","https://probomedical.my.salesforce.com/0PSRo000000GIYrOAO"
"0PSRo000000D0mzOAC","sfdc_aiplanner_service_permset","sfdc.aiplanner.service.permset","","false","","","true","Session","","true","","","","","","4","","Apex Rest Services; Api Enabled; View Roles; View Setup","0","0","0","0","0","0","0","0","0","0","2026-04-06 13:08:53 UTC","2026-04-06 13:08:53 UTC","https://probomedical.my.salesforce.com/0PSRo000000D0mzOAC"
