Id,ParentId,Name,Visibility
01P4O00001HsOgaUAF,0PS4O0000009SkvWAE,standard-Opportunity,DefaultOff
01P4O00001JckPnUAJ,0PS4O000000zq0oWAA,dlrs__LookupRollupCalculateJob__c,DefaultOff
01P4O00001JckPoUAJ,0PS4O000000zq0oWAA,dlrs__LookupRollupSummaryLog__c,DefaultOff
01P4O00001JckPpUAJ,0PS4O000000zq0oWAA,dlrs__LookupRollupSummaryScheduleItems__c,DefaultOff
01P4O00001JckPqUAJ,0PS4O000000zq0oWAA,dlrs__LookupRollupSummary__c,DefaultOff
01P4O00001JckPrUAJ,0PS4O000000zq0oWAA,dlrs__ManageLookupRollupSummaries,DefaultOff
01P4O00001JckPsUAJ,0PS4O000000zq0oWAA,dlrs__Welcome,DefaultOff
01P5b00003JPupOEAT,0PS5b000000HhorGAC,Product_Repair__c,DefaultOff
01P5b00003MmpMMEAZ,0PS5b000001QE8GGAW,DOZISF__ZoomInfo_Intent__c,DefaultOff
01P5b00003MmpMOEAZ,0PS5b000001QE8GGAW,DOZISF__ZoomInfo_Scoop__c,DefaultOff
01P5b00003MmpMQEAZ,0PS5b000001QE8HGAW,DOZISF__ZoomInfo_Intent__c,DefaultOff
01P5b00003MmpMSEAZ,0PS5b000001QE8HGAW,DOZISF__ZoomInfo_Scoop__c,DefaultOff
01PRo000004JHqsMAG,0PS4O0000009WmcWAE,Credit_Memo_Line_Item__c,DefaultOff
01PRo000004NtRvMAK,0PS0B0000009LQnWAM,standard-EngagementAttendee,DefaultOff
01PRo000004NtRxMAK,0PS0B000000b4c1WAA,standard-EngagementAttendee,DefaultOff
01PRo000004NtRyMAK,0PS0B000000b4c6WAA,standard-EngagementAttendee,DefaultOff
01PRo000004NtS1MAK,0PS0B000000b4fFWAQ,standard-EngagementAttendee,DefaultOff
01PRo000004NtS3MAK,0PS0B000000b52dWAA,standard-EngagementAttendee,DefaultOff
01PRo000004NtS4MAK,0PS0B000000b5LQWAY,standard-EngagementAttendee,DefaultOff
01PRo000004NtS6MAK,0PS0B000000b5ycWAA,standard-EngagementAttendee,DefaultOff
01PRo000004NtS9MAK,0PS0B000000b6MAWAY,standard-EngagementAttendee,DefaultOff
01PRo000004NtSDMA0,0PS0B000000b7CVWAY,standard-EngagementAttendee,DefaultOff
01PRo000004NtSGMA0,0PS0B000000b7EHWAY,standard-EngagementAttendee,DefaultOff
01PRo000004NtSIMA0,0PS0B000000b7tgWAA,standard-EngagementAttendee,DefaultOff
01PRo000004NtSUMA0,0PS4O000000zpNwWAI,standard-EngagementAttendee,DefaultOff
01PRo000004NtSZMA0,0PS4O000000vMbWWAU,standard-EngagementAttendee,DefaultOff
01PRo000004NtSbMAK,0PS5b000000HhLQGA0,standard-EngagementAttendee,DefaultOff
01PRo000004NtScMAK,0PS5b000000HhLVGA0,standard-EngagementAttendee,DefaultOff
01PRo000004NtSeMAK,0PS5b000000HhtwGAC,standard-EngagementAttendee,DefaultOff
01PRo000004NtSfMAK,0PS5b000000HiifGAC,standard-EngagementAttendee,DefaultOff
01PRo000004NtSgMAK,0PS5b000000HitsGAC,standard-EngagementAttendee,DefaultOff
01PRo000004NtSqMAK,0PS5b000000HjYMGA0,standard-EngagementAttendee,DefaultOff
01PRo000004NtSuMAK,0PS5b000000Hk7RGAS,standard-EngagementAttendee,DefaultOff
01PRo000004NtSyMAK,0PS5b000001QDXjGAO,standard-EngagementAttendee,DefaultOff
01PRo000004NtT3MAK,0PSRo0000003QXROA2,standard-EngagementAttendee,DefaultOff
01PRo000004NtT4MAK,0PSRo0000003QijOAE,standard-EngagementAttendee,DefaultOff
01PRo000004NtT7MAK,0PSU00000009L7gOAE,standard-EngagementAttendee,DefaultOff
01PRo000004NtT8MAK,0PSU0000000OFj0OAG,standard-EngagementAttendee,DefaultOff
01PRo000004NtTDMA0,0PSU0000000WbfXOAS,standard-EngagementAttendee,DefaultOff
01PRo000004NtTEMA0,0PSU0000000WbfYOAS,standard-EngagementAttendee,DefaultOff
01PRo000004NtTFMA0,0PSU0000000WbfZOAS,standard-EngagementAttendee,DefaultOff
01PRo000004NtTGMA0,0PSU0000000WbfaOAC,standard-EngagementAttendee,DefaultOff
01PRo000004NtTHMA0,0PSU0000000WcpEOAS,standard-EngagementAttendee,DefaultOff
01PRo000004NtTJMA0,0PSU0000000SUL1OAO,standard-EngagementAttendee,DefaultOff
01PRo000004NtTPMA0,0PS0B0000009LQnWAM,standard-EngagementInteraction,DefaultOff
01PRo000004NtTRMA0,0PS0B000000b4c1WAA,standard-EngagementInteraction,DefaultOff
01PRo000004NtTSMA0,0PS0B000000b4c6WAA,standard-EngagementInteraction,DefaultOff
01PRo000004NtTVMA0,0PS0B000000b4fFWAQ,standard-EngagementInteraction,DefaultOff
01PRo000004NtTXMA0,0PS0B000000b52dWAA,standard-EngagementInteraction,DefaultOff
01PRo000004NtTYMA0,0PS0B000000b5LQWAY,standard-EngagementInteraction,DefaultOff
01PRo000004NtTaMAK,0PS0B000000b5ycWAA,standard-EngagementInteraction,DefaultOff
01PRo000004NtTdMAK,0PS0B000000b6MAWAY,standard-EngagementInteraction,DefaultOff
01PRo000004NtThMAK,0PS0B000000b7CVWAY,standard-EngagementInteraction,DefaultOff
01PRo000004NtTkMAK,0PS0B000000b7EHWAY,standard-EngagementInteraction,DefaultOff
01PRo000004NtTmMAK,0PS0B000000b7tgWAA,standard-EngagementInteraction,DefaultOff
01PRo000004NtTyMAK,0PS4O000000zpNwWAI,standard-EngagementInteraction,DefaultOff
01PRo000004NtU3MAK,0PS4O000000vMbWWAU,standard-EngagementInteraction,DefaultOff
01PRo000004NtU5MAK,0PS5b000000HhLQGA0,standard-EngagementInteraction,DefaultOff
01PRo000004NtU6MAK,0PS5b000000HhLVGA0,standard-EngagementInteraction,DefaultOff
01PRo000004NtU8MAK,0PS5b000000HhtwGAC,standard-EngagementInteraction,DefaultOff
01PRo000004NtU9MAK,0PS5b000000HiifGAC,standard-EngagementInteraction,DefaultOff
01PRo000004NtUAMA0,0PS5b000000HitsGAC,standard-EngagementInteraction,DefaultOff
01PRo000004NtUKMA0,0PS5b000000HjYMGA0,standard-EngagementInteraction,DefaultOff
01PRo000004NtUOMA0,0PS5b000000Hk7RGAS,standard-EngagementInteraction,DefaultOff
01PRo000004NtUSMA0,0PS5b000001QDXjGAO,standard-EngagementInteraction,DefaultOff
01PRo000004NtUXMA0,0PSRo0000003QXROA2,standard-EngagementInteraction,DefaultOff
01PRo000004NtUYMA0,0PSRo0000003QijOAE,standard-EngagementInteraction,DefaultOff
01PRo000004NtUbMAK,0PSU00000009L7gOAE,standard-EngagementInteraction,DefaultOff
01PRo000004NtUcMAK,0PSU0000000OFj0OAG,standard-EngagementInteraction,DefaultOff
01PRo000004NtUhMAK,0PSU0000000WbfXOAS,standard-EngagementInteraction,DefaultOff
01PRo000004NtUiMAK,0PSU0000000WbfYOAS,standard-EngagementInteraction,DefaultOff
01PRo000004NtUjMAK,0PSU0000000WbfZOAS,standard-EngagementInteraction,DefaultOff
01PRo000004NtUkMAK,0PSU0000000WbfaOAC,standard-EngagementInteraction,DefaultOff
01PRo000004NtUlMAK,0PSU0000000WcpEOAS,standard-EngagementInteraction,DefaultOff
01PRo000004NtUnMAK,0PSU0000000SUL1OAO,standard-EngagementInteraction,DefaultOff
01PRo000004NtUtMAK,0PS0B0000009LQnWAM,standard-EngagementTopic,DefaultOff
01PRo000004NtUvMAK,0PS0B000000b4c1WAA,standard-EngagementTopic,DefaultOff
01PRo000004NtUwMAK,0PS0B000000b4c6WAA,standard-EngagementTopic,DefaultOff
01PRo000004NtUzMAK,0PS0B000000b4fFWAQ,standard-EngagementTopic,DefaultOff
01PRo000004NtV1MAK,0PS0B000000b52dWAA,standard-EngagementTopic,DefaultOff
01PRo000004NtV2MAK,0PS0B000000b5LQWAY,standard-EngagementTopic,DefaultOff
01PRo000004NtV4MAK,0PS0B000000b5ycWAA,standard-EngagementTopic,DefaultOff
01PRo000004NtV7MAK,0PS0B000000b6MAWAY,standard-EngagementTopic,DefaultOff
01PRo000004NtVBMA0,0PS0B000000b7CVWAY,standard-EngagementTopic,DefaultOff
01PRo000004NtVEMA0,0PS0B000000b7EHWAY,standard-EngagementTopic,DefaultOff
01PRo000004NtVGMA0,0PS0B000000b7tgWAA,standard-EngagementTopic,DefaultOff
01PRo000004NtVSMA0,0PS4O000000zpNwWAI,standard-EngagementTopic,DefaultOff
01PRo000004NtVXMA0,0PS4O000000vMbWWAU,standard-EngagementTopic,DefaultOff
01PRo000004NtVZMA0,0PS5b000000HhLQGA0,standard-EngagementTopic,DefaultOff
01PRo000004NtVaMAK,0PS5b000000HhLVGA0,standard-EngagementTopic,DefaultOff
01PRo000004NtVcMAK,0PS5b000000HhtwGAC,standard-EngagementTopic,DefaultOff
01PRo000004NtVdMAK,0PS5b000000HiifGAC,standard-EngagementTopic,DefaultOff
01PRo000004NtVeMAK,0PS5b000000HitsGAC,standard-EngagementTopic,DefaultOff
01PRo000004NtVoMAK,0PS5b000000HjYMGA0,standard-EngagementTopic,DefaultOff
01PRo000004NtVsMAK,0PS5b000000Hk7RGAS,standard-EngagementTopic,DefaultOff
01PRo000004NtVwMAK,0PS5b000001QDXjGAO,standard-EngagementTopic,DefaultOff
01PRo000004NtW1MAK,0PSRo0000003QXROA2,standard-EngagementTopic,DefaultOff
01PRo000004NtW2MAK,0PSRo0000003QijOAE,standard-EngagementTopic,DefaultOff
01PRo000004NtW5MAK,0PSU00000009L7gOAE,standard-EngagementTopic,DefaultOff
01PRo000004NtW6MAK,0PSU0000000OFj0OAG,standard-EngagementTopic,DefaultOff
01PRo000004NtWBMA0,0PSU0000000WbfXOAS,standard-EngagementTopic,DefaultOff
01PRo000004NtWCMA0,0PSU0000000WbfYOAS,standard-EngagementTopic,DefaultOff
01PRo000004NtWDMA0,0PSU0000000WbfZOAS,standard-EngagementTopic,DefaultOff
01PRo000004NtWEMA0,0PSU0000000WbfaOAC,standard-EngagementTopic,DefaultOff
01PRo000004NtWFMA0,0PSU0000000WcpEOAS,standard-EngagementTopic,DefaultOff
01PRo000004NtWHMA0,0PSU0000000SUL1OAO,standard-EngagementTopic,DefaultOff
01PRo000005cfiPMAQ,0PSRo0000005hU9OAI,Item_Receipt__c,DefaultOff
01PRo000006GeShMAK,0PSRo0000005hltOAA,Credit_Memo__c,DefaultOff
01PRo000006v8nPMAQ,0PSRo0000007CCXOA2,standard-EngagementAttendee,DefaultOff
01PRo000006v8nQMAQ,0PSRo0000007CCXOA2,standard-EngagementInteraction,DefaultOff
01PRo000006v8nRMAQ,0PSRo0000007CCXOA2,standard-EngagementTopic,DefaultOff
01PRo000006vdj9MAA,0PSRo0000007CFlOAM,standard-EngagementAttendee,DefaultOff
01PRo000006vdjAMAQ,0PSRo0000007CFlOAM,standard-EngagementInteraction,DefaultOff
01PRo000006vdjBMAQ,0PSRo0000007CFlOAM,standard-EngagementTopic,DefaultOff
01PRo000006xnFlMAI,0PSRo0000007DN7OAM,standard-Lead,DefaultOff
01PRo000008GUITMA4,0PSRo0000008WAnOAM,standard-Asset,DefaultOff
01PRo000008GUIUMA4,0PSRo0000008WAnOAM,standard-Contact,DefaultOff
01PRo000008GUIVMA4,0PSRo0000008WAnOAM,standard-Lead,DefaultOff
01PRo000008GUIWMA4,0PSRo0000008WAnOAM,standard-Location,DefaultOff
01PRo000008GUIXMA4,0PSRo0000008WAnOAM,standard-ServiceAppointment,DefaultOff
01PRo000008GUIYMA4,0PSRo0000008WAnOAM,standard-WorkOrder,DefaultOff
01PRo000008GUIZMA4,0PSRo0000008WAnOAM,Inventory_Adjustment__c,DefaultOff
01PRo000008GUIaMAO,0PSRo0000008WAnOAM,RMA__c,DefaultOff
01PRo000008HlltMAC,0PSRo0000008ZwfOAE,standard-Asset,DefaultOff
01PRo000008HlluMAC,0PSRo0000008ZwfOAE,standard-Location,DefaultOff
01PRo000008HllvMAC,0PSRo0000008ZwfOAE,standard-Opportunity,DefaultOff
01PRo000008HllwMAC,0PSRo0000008ZwfOAE,standard-Product2,DefaultOff
01PRo000008HllxMAC,0PSRo0000008ZwfOAE,standard-ProductTransfer,DefaultOff
01PRo000008HllyMAC,0PSRo0000008ZwfOAE,standard-ServiceAppointment,DefaultOff
01PRo000008HllzMAC,0PSRo0000008ZwfOAE,standard-TimeSheet,DefaultOff
01PRo000008Hlm0MAC,0PSRo0000008ZwfOAE,standard-WorkOrder,DefaultOff
01PRo000009bM2nMAE,0PSRo000000A1CXOA0,ctu__Clone_This_User,DefaultOff
01PRo000009bM2oMAE,0PSRo000000A1CXOA0,ctu__Clone_This_User_lwc,DefaultOff
01PRo000009rIpdMAE,0PSRo000000AQm1OAG,standard-ServiceAppointment,DefaultOff
01PRo000009rJ2XMAU,0PSRo000000AQndOAG,standard-ContractLineItem,DefaultOff
01PRo000009xzDZMAY,0PSRo000000Anc9OAC,Review_Status__c,DefaultOff
01PRo00000A7XcbMAF,0PSRo000000BFq9OAG,Class_Attendee__c,DefaultOff
01PRo00000A7XccMAF,0PSRo000000BFq9OAG,Training_Class__c,DefaultOff
01PRo00000AOag3MAD,0PS0B000000b4UMWAY,Field_Service_Engineer__c,DefaultOff
01PRo00000AOagHMAT,0PS0B000000b4UMWAY,standard-EngagementTopic,DefaultOff
01PRo00000AOagLMAT,0PS0B000000b4UMWAY,Warranty__c,DefaultOff
01PRo00000AOagOMAT,0PS0B000000b4UMWAY,Technician_Ship_Location__c,DefaultOff
01PRo00000AOagQMAT,0PS0B000000b4UMWAY,Dashboard_Page,DefaultOff
01PRo00000AOagSMAT,0PS0B000000b4UMWAY,Tech_Ship_Location_Junction__c,DefaultOff
01PRo00000AOaguMAD,0PS0B000000b4UMWAY,Loaner_Asset__c,DefaultOff
01PRo00000AOagwMAD,0PS0B000000b4UMWAY,Equipment__c,DefaultOff
01PRo00000AOah4MAD,0PS0B000000b4UMWAY,Review_Status__c,DefaultOff
01PRo00000AOahAMAT,0PS0B000000b4UMWAY,Product_Repair__c,DefaultOff
01PRo00000AOahHMAT,0PS0B000000b4UMWAY,Capital_Asset_Transfer__c,DefaultOff
01PRo00000AOaifMAD,0PS0B000000b4UMWAY,Intercompany_Transfer__c,DefaultOff
01PRo00000AOaiuMAD,0PS0B000000b4UMWAY,standard-EngagementAttendee,DefaultOff
01PRo00000AOajAMAT,0PS0B000000b4UMWAY,Change_Log__c,DefaultOff
01PRo00000AOajRMAT,0PS0B000000b4UMWAY,standard-EngagementInteraction,DefaultOff
01PRo00000AOajvMAD,0PS0B000000b4UMWAY,standard-CmsAuthorHome,DefaultOff
01PRo00000AOakAMAT,0PS0B000000b4UMWAY,ProductTest__c,DefaultOff
01PRo00000AOakSMAT,0PS0B000000b4dTWAQ,Field_Service_Engineer__c,DefaultOff
01PRo00000AOakeMAD,0PS0B000000b4dTWAQ,standard-EngagementTopic,DefaultOff
01PRo00000AOakiMAD,0PS0B000000b4dTWAQ,Warranty__c,DefaultOff
01PRo00000AOaklMAD,0PS0B000000b4dTWAQ,Technician_Ship_Location__c,DefaultOff
01PRo00000AOaknMAD,0PS0B000000b4dTWAQ,Dashboard_Page,DefaultOff
01PRo00000AOakpMAD,0PS0B000000b4dTWAQ,Tech_Ship_Location_Junction__c,DefaultOff
01PRo00000AOalCMAT,0PS0B000000b4dTWAQ,Loaner_Asset__c,DefaultOff
01PRo00000AOalJMAT,0PS0B000000b4dTWAQ,Review_Status__c,DefaultOff
01PRo00000AOalVMAT,0PS0B000000b4dTWAQ,Capital_Asset_Transfer__c,DefaultOff
01PRo00000AOalhMAD,0PS0B000000b4dTWAQ,standard-ServiceContract,DefaultOff
01PRo00000AOallMAD,0PS0B000000b4dTWAQ,standard-Entitlement,DefaultOff
01PRo00000AOamJMAT,0PS0B000000b4dTWAQ,Sourcing_Request_Item__c,DefaultOff
01PRo00000AOamTMAT,0PS0B000000b4dTWAQ,Intercompany_Transfer__c,DefaultOff
01PRo00000AOamfMAD,0PS0B000000b4dTWAQ,standard-EngagementAttendee,DefaultOff
01PRo00000AOan4MAD,0PS0B000000b4dTWAQ,standard-EngagementInteraction,DefaultOff
01PRo00000AOanRMAT,0PS0B000000b4dTWAQ,standard-CmsAuthorHome,DefaultOff
01PRo00000AOaniMAD,0PS0B000000b4dnWAA,About_Mass_Update_and_Mass_Edit,DefaultOff
01PRo00000AOanmMAD,0PS0B000000b4dnWAA,pi__Sales_Cloud_Engage_License_Assignment,DefaultOff
01PRo00000AOannMAD,0PS0B000000b4dnWAA,pi__ProspectInsight,DefaultOff
01PRo00000AOanpMAD,0PS0B000000b4dnWAA,pi__Pardot_LeadDeck,DefaultOff
01PRo00000AOanqMAD,0PS0B000000b4dnWAA,pi__Lead_Deck,DefaultOff
01PRo00000AOansMAD,0PS0B000000b4dnWAA,pi__EngageSalesTools,DefaultOff
01PRo00000AOanxMAD,0PS0B000000b4dnWAA,Field_Service_Engineer__c,DefaultOff
01PRo00000AOanyMAD,0PS0B000000b4dnWAA,standard-StreamingChannel,DefaultOff
01PRo00000AOao5MAD,0PS0B000000b4dnWAA,pi__Sales_Edge_Reports,DefaultOff
01PRo00000AOao6MAD,0PS0B000000b4dnWAA,pi__Sales_Edge,DefaultOff
01PRo00000AOao8MAD,0PS0B000000b4dnWAA,standard-EngagementTopic,DefaultOff
01PRo00000AOaoAMAT,0PS0B000000b4dnWAA,Warranty__c,DefaultOff
01PRo00000AOaoCMAT,0PS0B000000b4dnWAA,Technician_Ship_Location__c,DefaultOff
01PRo00000AOaoDMAT,0PS0B000000b4dnWAA,Dashboard_Page,DefaultOff
01PRo00000AOaoEMAT,0PS0B000000b4dnWAA,Tech_Ship_Location_Junction__c,DefaultOff
01PRo00000AOaoKMAT,0PS0B000000b4dnWAA,standard-SocialPost,DefaultOff
01PRo00000AOaoPMAT,0PS0B000000b4dnWAA,standard-IdeaTheme,DefaultOff
01PRo00000AOaoZMAT,0PS0B000000b4dnWAA,Loaner_Asset__c,DefaultOff
01PRo00000AOaobMAD,0PS0B000000b4dnWAA,Equipment__c,DefaultOff
01PRo00000AOaoiMAD,0PS0B000000b4dnWAA,Review_Status__c,DefaultOff
01PRo00000AOaomMAD,0PS0B000000b4dnWAA,Product_Repair__c,DefaultOff
01PRo00000AOaosMAD,0PS0B000000b4dnWAA,Capital_Asset_Transfer__c,DefaultOff
01PRo00000AOaouMAD,0PS0B000000b4dnWAA,standard-Forecasting3,DefaultOff
01PRo00000AOapKMAT,0PS0B000000b4dnWAA,standard-Pricebook2,DefaultOff
01PRo00000AOapTMAT,0PS0B000000b4dnWAA,ProductTestData__c,DefaultOff
01PRo00000AOapYMAT,0PS0B000000b4dnWAA,Getting_Started,DefaultOff
01PRo00000AOapcMAD,0PS0B000000b4dnWAA,standard-Lead,DefaultOff
01PRo00000AOapdMAD,0PS0B000000b4dnWAA,standard-DuplicateRecordSet,DefaultOff
01PRo00000AOaphMAD,0PS0B000000b4dnWAA,Sourcing_Request_Item__c,DefaultOff
01PRo00000AOapiMAD,0PS0B000000b4dnWAA,standard-Solution,DefaultOff
01PRo00000AOappMAD,0PS0B000000b4dnWAA,Intercompany_Transfer__c,DefaultOff
01PRo00000AOaq4MAD,0PS0B000000b4dnWAA,standard-EngagementAttendee,DefaultOff
01PRo00000AOaqGMAT,0PS0B000000b4dnWAA,Change_Log__c,DefaultOff
01PRo00000AOaqLMAT,0PS0B000000b4dnWAA,standard-Order,DefaultOff
01PRo00000AOaqTMAT,0PS0B000000b4dnWAA,standard-EngagementInteraction,DefaultOff
01PRo00000AOaqcMAD,0PS0B000000b4dnWAA,standard-Macro,DefaultOff
01PRo00000AOaqmMAD,0PS0B000000b4dnWAA,standard-CmsAuthorHome,DefaultOff
01PRo00000AOarIMAT,0PS0B000000b4wuWAA,Field_Service_Engineer__c,DefaultOff
01PRo00000AOarTMAT,0PS0B000000b4wuWAA,standard-EngagementTopic,DefaultOff
01PRo00000AOarXMAT,0PS0B000000b4wuWAA,Warranty__c,DefaultOff
01PRo00000AOaraMAD,0PS0B000000b4wuWAA,Technician_Ship_Location__c,DefaultOff
01PRo00000AOareMAD,0PS0B000000b4wuWAA,Tech_Ship_Location_Junction__c,DefaultOff
01PRo00000AOarwMAD,0PS0B000000b4wuWAA,Loaner_Asset__c,DefaultOff
01PRo00000AOas3MAD,0PS0B000000b4wuWAA,Review_Status__c,DefaultOff
01PRo00000AOasFMAT,0PS0B000000b4wuWAA,Capital_Asset_Transfer__c,DefaultOff
01PRo00000AOasyMAD,0PS0B000000b4wuWAA,Sourcing_Request_Item__c,DefaultOff
01PRo00000AOat8MAD,0PS0B000000b4wuWAA,Intercompany_Transfer__c,DefaultOff
01PRo00000AOatKMAT,0PS0B000000b4wuWAA,standard-EngagementAttendee,DefaultOff
01PRo00000AOatjMAD,0PS0B000000b4wuWAA,standard-EngagementInteraction,DefaultOff
01PRo00000AOau5MAD,0PS0B000000b4wuWAA,standard-CmsAuthorHome,DefaultOff
01PRo00000AOaufMAD,0PS0B000000b5SRWAY,Field_Service_Engineer__c,DefaultOff
01PRo00000AOauiMAD,0PS0B000000b5SRWAY,standard-StreamingChannel,DefaultOff
01PRo00000AOauuMAD,0PS0B000000b5SRWAY,standard-EngagementTopic,DefaultOff
01PRo00000AOauyMAD,0PS0B000000b5SRWAY,Warranty__c,DefaultOff
01PRo00000AOav1MAD,0PS0B000000b5SRWAY,Technician_Ship_Location__c,DefaultOff
01PRo00000AOav3MAD,0PS0B000000b5SRWAY,Dashboard_Page,DefaultOff
01PRo00000AOav5MAD,0PS0B000000b5SRWAY,Tech_Ship_Location_Junction__c,DefaultOff
01PRo00000AOavXMAT,0PS0B000000b5SRWAY,Loaner_Asset__c,DefaultOff
01PRo00000AOavaMAD,0PS0B000000b5SRWAY,Equipment__c,DefaultOff
01PRo00000AOavhMAD,0PS0B000000b5SRWAY,Review_Status__c,DefaultOff
01PRo00000AOavnMAD,0PS0B000000b5SRWAY,Product_Repair__c,DefaultOff
01PRo00000AOavuMAD,0PS0B000000b5SRWAY,Capital_Asset_Transfer__c,DefaultOff
01PRo00000AOaxIMAT,0PS0B000000b5SRWAY,Intercompany_Transfer__c,DefaultOff
01PRo00000AOaxXMAT,0PS0B000000b5SRWAY,standard-EngagementAttendee,DefaultOff
01PRo00000AOaxnMAD,0PS0B000000b5SRWAY,Change_Log__c,DefaultOff
01PRo00000AOay4MAD,0PS0B000000b5SRWAY,standard-EngagementInteraction,DefaultOff
01PRo00000AOayYMAT,0PS0B000000b5SRWAY,standard-CmsAuthorHome,DefaultOff
01PRo00000AOaynMAD,0PS0B000000b5SRWAY,ProductTest__c,DefaultOff
01PRo00000AOaz5MAD,0PS0B000000b5yhWAA,Field_Service_Engineer__c,DefaultOff
01PRo00000AOazGMAT,0PS0B000000b5yhWAA,standard-EngagementTopic,DefaultOff
01PRo00000AOazKMAT,0PS0B000000b5yhWAA,Warranty__c,DefaultOff
01PRo00000AOazNMAT,0PS0B000000b5yhWAA,Technician_Ship_Location__c,DefaultOff
01PRo00000AOazRMAT,0PS0B000000b5yhWAA,Tech_Ship_Location_Junction__c,DefaultOff
01PRo00000AOazkMAD,0PS0B000000b5yhWAA,Loaner_Asset__c,DefaultOff
01PRo00000AOazrMAD,0PS0B000000b5yhWAA,Review_Status__c,DefaultOff
01PRo00000AOb03MAD,0PS0B000000b5yhWAA,Capital_Asset_Transfer__c,DefaultOff
01PRo00000AOb0mMAD,0PS0B000000b5yhWAA,Sourcing_Request_Item__c,DefaultOff
01PRo00000AOb0wMAD,0PS0B000000b5yhWAA,Intercompany_Transfer__c,DefaultOff
01PRo00000AOb18MAD,0PS0B000000b5yhWAA,standard-EngagementAttendee,DefaultOff
01PRo00000AOb1XMAT,0PS0B000000b5yhWAA,standard-EngagementInteraction,DefaultOff
01PRo00000AOb1tMAD,0PS0B000000b5yhWAA,standard-CmsAuthorHome,DefaultOff
01PRo00000AOb2OMAT,0PS0B000000b6FJWAY,Field_Service_Engineer__c,DefaultOff
01PRo00000AOb2bMAD,0PS0B000000b6FJWAY,standard-EngagementTopic,DefaultOff
01PRo00000AOb2eMAD,0PS0B000000b6FJWAY,standard-Employee,DefaultOff
01PRo00000AOb2gMAD,0PS0B000000b6FJWAY,Warranty__c,DefaultOff
01PRo00000AOb2kMAD,0PS0B000000b6FJWAY,Technician_Ship_Location__c,DefaultOff
01PRo00000AOb2nMAD,0PS0B000000b6FJWAY,Tech_Ship_Location_Junction__c,DefaultOff
01PRo00000AOb3FMAT,0PS0B000000b6FJWAY,Loaner_Asset__c,DefaultOff
01PRo00000AOb3YMAT,0PS0B000000b6FJWAY,Capital_Asset_Transfer__c,DefaultOff
01PRo00000AOb3pMAD,0PS0B000000b6FJWAY,standard-ServiceContract,DefaultOff
01PRo00000AOb3vMAD,0PS0B000000b6FJWAY,standard-Entitlement,DefaultOff
01PRo00000AOb4NMAT,0PS0B000000b6FJWAY,standard-EmpUserProvisioningProcess,DefaultOff
01PRo00000AOb4dMAD,0PS0B000000b6FJWAY,Sourcing_Request_Item__c,DefaultOff
01PRo00000AOb4oMAD,0PS0B000000b6FJWAY,standard-ProcessException,DefaultOff
01PRo00000AOb4qMAD,0PS0B000000b6FJWAY,Intercompany_Transfer__c,DefaultOff
01PRo00000AOb56MAD,0PS0B000000b6FJWAY,standard-EngagementAttendee,DefaultOff
01PRo00000AOb5MMAT,0PS0B000000b6FJWAY,Change_Log__c,DefaultOff
01PRo00000AOb5RMAT,0PS0B000000b6FJWAY,standard-ActionPlanTemplate,DefaultOff
01PRo00000AOb5WMAT,0PS0B000000b6FJWAY,standard-ActionPlan,DefaultOff
01PRo00000AOb5eMAD,0PS0B000000b6FJWAY,standard-EngagementInteraction,DefaultOff
01PRo00000AOb69MAD,0PS0B000000b6FJWAY,standard-CmsAuthorHome,DefaultOff
01PRo00000AOb6EMAT,0PS0B000000b6FJWAY,standard-InternalOrganizationUnit,DefaultOff
01PRo00000AOb6hMAD,0PS0B000000b6MFWAY,Field_Service_Engineer__c,DefaultOff
01PRo00000AOb6sMAD,0PS0B000000b6MFWAY,standard-EngagementTopic,DefaultOff
01PRo00000AOb6wMAD,0PS0B000000b6MFWAY,Warranty__c,DefaultOff
01PRo00000AOb6zMAD,0PS0B000000b6MFWAY,Technician_Ship_Location__c,DefaultOff
01PRo00000AOb73MAD,0PS0B000000b6MFWAY,Tech_Ship_Location_Junction__c,DefaultOff
01PRo00000AOb7LMAT,0PS0B000000b6MFWAY,Loaner_Asset__c,DefaultOff
01PRo00000AOb7SMAT,0PS0B000000b6MFWAY,Review_Status__c,DefaultOff
01PRo00000AOb7eMAD,0PS0B000000b6MFWAY,Capital_Asset_Transfer__c,DefaultOff
01PRo00000AOb8NMAT,0PS0B000000b6MFWAY,Sourcing_Request_Item__c,DefaultOff
01PRo00000AOb8XMAT,0PS0B000000b6MFWAY,Intercompany_Transfer__c,DefaultOff
01PRo00000AOb8jMAD,0PS0B000000b6MFWAY,standard-EngagementAttendee,DefaultOff
01PRo00000AOb98MAD,0PS0B000000b6MFWAY,standard-EngagementInteraction,DefaultOff
01PRo00000AOb9UMAT,0PS0B000000b6MFWAY,standard-CmsAuthorHome,DefaultOff
01PRo00000AOb9tMAD,0PS0B000000b6NNWAY,standard-ProcessInstanceWorkitem,DefaultOff
01PRo00000AOb9wMAD,0PS0B000000b6NNWAY,Field_Service_Engineer__c,DefaultOff
01PRo00000AObAGMA1,0PS0B000000b6NNWAY,standard-EngagementTopic,DefaultOff
01PRo00000AObAIMA1,0PS0B000000b6NNWAY,Warranty__c,DefaultOff
01PRo00000AObANMA1,0PS0B000000b6NNWAY,Technician_Ship_Location__c,DefaultOff
01PRo00000AObAOMA1,0PS0B000000b6NNWAY,Dashboard_Page,DefaultOff
01PRo00000AObARMA1,0PS0B000000b6NNWAY,Tech_Ship_Location_Junction__c,DefaultOff
01PRo00000AObAZMA1,0PS0B000000b6NNWAY,standard-Case,DefaultOff
01PRo00000AObAaMAL,0PS0B000000b6NNWAY,standard-SocialPost,DefaultOff
01PRo00000AObAdMAL,0PS0B000000b6NNWAY,Training_Item__c,DefaultOff
01PRo00000AObAlMAL,0PS0B000000b6NNWAY,standard-DuplicateRecordSet,DefaultOff
01PRo00000AObAqMAL,0PS0B000000b6NNWAY,Sourcing_Request_Item__c,DefaultOff
01PRo00000AObAvMAL,0PS0B000000b6NNWAY,Complaint__c,DefaultOff
01PRo00000AObB2MAL,0PS0B000000b6NNWAY,Intercompany_Transfer__c,DefaultOff
01PRo00000AObB5MAL,0PS0B000000b6NNWAY,Loaner_Asset__c,DefaultOff
01PRo00000AObBCMA1,0PS0B000000b6NNWAY,Equipment__c,DefaultOff
01PRo00000AObBKMA1,0PS0B000000b6NNWAY,standard-EngagementAttendee,DefaultOff
01PRo00000AObBPMA1,0PS0B000000b6NNWAY,Review_Status__c,DefaultOff
01PRo00000AObBVMA1,0PS0B000000b6NNWAY,standard-SocialPersona,DefaultOff
01PRo00000AObBsMAL,0PS0B000000b6NNWAY,Capital_Asset_Transfer__c,DefaultOff
01PRo00000AObBuMAL,0PS0B000000b6NNWAY,standard-EngagementInteraction,DefaultOff
01PRo00000AObByMAL,0PS0B000000b6NNWAY,standard-Forecasting3,DefaultOff
01PRo00000AObC3MAL,0PS0B000000b6NNWAY,standard-Macro,DefaultOff
01PRo00000AObCRMA1,0PS0B000000b6NNWAY,standard-CmsAuthorHome,DefaultOff
01PRo00000AObCZMA1,0PS0B000000b6NNWAY,pandadoc__PandaDocDocument__c,DefaultOff
01PRo00000AObD7MAL,0PS0B000000b6o9WAA,standard-EngagementTopic,DefaultOff
01PRo00000AObDAMA1,0PS0B000000b6o9WAA,standard-Employee,DefaultOff
01PRo00000AObE9MAL,0PS0B000000b6o9WAA,standard-ServiceContract,DefaultOff
01PRo00000AObEFMA1,0PS0B000000b6o9WAA,standard-Entitlement,DefaultOff
01PRo00000AObEdMAL,0PS0B000000b6o9WAA,standard-EmpUserProvisioningProcess,DefaultOff
01PRo00000AObF2MAL,0PS0B000000b6o9WAA,standard-ProcessException,DefaultOff
01PRo00000AObFGMA1,0PS0B000000b6o9WAA,standard-EngagementAttendee,DefaultOff
01PRo00000AObFZMA1,0PS0B000000b6o9WAA,standard-ActionPlanTemplate,DefaultOff
01PRo00000AObFeMAL,0PS0B000000b6o9WAA,standard-ActionPlan,DefaultOff
01PRo00000AObFmMAL,0PS0B000000b6o9WAA,standard-EngagementInteraction,DefaultOff
01PRo00000AObGDMA1,0PS0B000000b6o9WAA,standard-CmsAuthorHome,DefaultOff
01PRo00000AObGIMA1,0PS0B000000b6o9WAA,standard-InternalOrganizationUnit,DefaultOff
01PRo00000AObGkMAL,0PS0B000000b7CfWAI,Field_Service_Engineer__c,DefaultOff
01PRo00000AObGvMAL,0PS0B000000b7CfWAI,standard-EngagementTopic,DefaultOff
01PRo00000AObGzMAL,0PS0B000000b7CfWAI,Warranty__c,DefaultOff
01PRo00000AObH2MAL,0PS0B000000b7CfWAI,Technician_Ship_Location__c,DefaultOff
01PRo00000AObH6MAL,0PS0B000000b7CfWAI,Tech_Ship_Location_Junction__c,DefaultOff
01PRo00000AObHOMA1,0PS0B000000b7CfWAI,Loaner_Asset__c,DefaultOff
01PRo00000AObHVMA1,0PS0B000000b7CfWAI,Review_Status__c,DefaultOff
01PRo00000AObHhMAL,0PS0B000000b7CfWAI,Capital_Asset_Transfer__c,DefaultOff
01PRo00000AObIRMA1,0PS0B000000b7CfWAI,Sourcing_Request_Item__c,DefaultOff
01PRo00000AObIaMAL,0PS0B000000b7CfWAI,Intercompany_Transfer__c,DefaultOff
01PRo00000AObImMAL,0PS0B000000b7CfWAI,standard-EngagementAttendee,DefaultOff
01PRo00000AObJ0MAL,0PS0B000000b7CfWAI,Change_Log__c,DefaultOff
01PRo00000AObJCMA1,0PS0B000000b7CfWAI,standard-EngagementInteraction,DefaultOff
01PRo00000AObJYMA1,0PS0B000000b7CfWAI,standard-CmsAuthorHome,DefaultOff
01PRo00000AObK1MAL,0PS0B000000b7ECWAY,Field_Service_Engineer__c,DefaultOff
01PRo00000AObKCMA1,0PS0B000000b7ECWAY,standard-EngagementTopic,DefaultOff
01PRo00000AObKGMA1,0PS0B000000b7ECWAY,Warranty__c,DefaultOff
01PRo00000AObKJMA1,0PS0B000000b7ECWAY,Technician_Ship_Location__c,DefaultOff
01PRo00000AObKNMA1,0PS0B000000b7ECWAY,Tech_Ship_Location_Junction__c,DefaultOff
01PRo00000AObKgMAL,0PS0B000000b7ECWAY,Loaner_Asset__c,DefaultOff
01PRo00000AObKnMAL,0PS0B000000b7ECWAY,Review_Status__c,DefaultOff
01PRo00000AObKzMAL,0PS0B000000b7ECWAY,Capital_Asset_Transfer__c,DefaultOff
01PRo00000AObLiMAL,0PS0B000000b7ECWAY,Sourcing_Request_Item__c,DefaultOff
01PRo00000AObLsMAL,0PS0B000000b7ECWAY,Intercompany_Transfer__c,DefaultOff
01PRo00000AObM4MAL,0PS0B000000b7ECWAY,standard-EngagementAttendee,DefaultOff
01PRo00000AObMUMA1,0PS0B000000b7ECWAY,standard-EngagementInteraction,DefaultOff
01PRo00000AObMqMAL,0PS0B000000b7ECWAY,standard-CmsAuthorHome,DefaultOff
01PRo00000AObQbMAL,0PS0B000000b7tlWAA,Field_Service_Engineer__c,DefaultOff
01PRo00000AObQmMAL,0PS0B000000b7tlWAA,standard-EngagementTopic,DefaultOff
01PRo00000AObQqMAL,0PS0B000000b7tlWAA,Warranty__c,DefaultOff
01PRo00000AObQtMAL,0PS0B000000b7tlWAA,Technician_Ship_Location__c,DefaultOff
01PRo00000AObQxMAL,0PS0B000000b7tlWAA,Tech_Ship_Location_Junction__c,DefaultOff
01PRo00000AObRFMA1,0PS0B000000b7tlWAA,Loaner_Asset__c,DefaultOff
01PRo00000AObRMMA1,0PS0B000000b7tlWAA,Review_Status__c,DefaultOff
01PRo00000AObRYMA1,0PS0B000000b7tlWAA,Capital_Asset_Transfer__c,DefaultOff
01PRo00000AObSHMA1,0PS0B000000b7tlWAA,Sourcing_Request_Item__c,DefaultOff
01PRo00000AObSRMA1,0PS0B000000b7tlWAA,Intercompany_Transfer__c,DefaultOff
01PRo00000AObSdMAL,0PS0B000000b7tlWAA,standard-EngagementAttendee,DefaultOff
01PRo00000AObSrMAL,0PS0B000000b7tlWAA,Change_Log__c,DefaultOff
01PRo00000AObT3MAL,0PS0B000000b7tlWAA,standard-EngagementInteraction,DefaultOff
01PRo00000AObTPMA1,0PS0B000000b7tlWAA,standard-CmsAuthorHome,DefaultOff
01PRo00000AObTgMAL,0PS0B000000ic4uWAA,About_Mass_Update_and_Mass_Edit,DefaultOff
01PRo00000AObTiMAL,0PS0B000000ic4uWAA,pi__Sales_Cloud_Engage_License_Assignment,DefaultOff
01PRo00000AObTjMAL,0PS0B000000ic4uWAA,pi__ProspectInsight,DefaultOff
01PRo00000AObTlMAL,0PS0B000000ic4uWAA,pi__Pardot_LeadDeck,DefaultOff
01PRo00000AObTmMAL,0PS0B000000ic4uWAA,pi__Lead_Deck,DefaultOff
01PRo00000AObToMAL,0PS0B000000ic4uWAA,pi__EngageSalesTools,DefaultOff
01PRo00000AObTuMAL,0PS0B000000ic4uWAA,Field_Service_Engineer__c,DefaultOff
01PRo00000AObTvMAL,0PS0B000000ic4uWAA,standard-StreamingChannel,DefaultOff
01PRo00000AObU3MAL,0PS0B000000ic4uWAA,pi__Sales_Edge_Reports,DefaultOff
01PRo00000AObU4MAL,0PS0B000000ic4uWAA,pi__Sales_Edge,DefaultOff
01PRo00000AObU6MAL,0PS0B000000ic4uWAA,standard-EngagementTopic,DefaultOff
01PRo00000AObU8MAL,0PS0B000000ic4uWAA,Warranty__c,DefaultOff
01PRo00000AObUAMA1,0PS0B000000ic4uWAA,Technician_Ship_Location__c,DefaultOff
01PRo00000AObUBMA1,0PS0B000000ic4uWAA,Dashboard_Page,DefaultOff
01PRo00000AObUDMA1,0PS0B000000ic4uWAA,Tech_Ship_Location_Junction__c,DefaultOff
01PRo00000AObUIMA1,0PS0B000000ic4uWAA,standard-SocialPost,DefaultOff
01PRo00000AObUMMA1,0PS0B000000ic4uWAA,standard-IdeaTheme,DefaultOff
01PRo00000AObUWMA1,0PS0B000000ic4uWAA,Loaner_Asset__c,DefaultOff
01PRo00000AObUfMAL,0PS0B000000ic4uWAA,Review_Status__c,DefaultOff
01PRo00000AObUoMAL,0PS0B000000ic4uWAA,Capital_Asset_Transfer__c,DefaultOff
01PRo00000AObUqMAL,0PS0B000000ic4uWAA,standard-Forecasting3,DefaultOff
01PRo00000AObV8MAL,0PS0B000000ic4uWAA,standard-Account,DefaultOff
01PRo00000AObVKMA1,0PS0B000000ic4uWAA,standard-Pricebook2,DefaultOff
01PRo00000AObVTMA1,0PS0B000000ic4uWAA,ProductTestData__c,DefaultOff
01PRo00000AObVYMA1,0PS0B000000ic4uWAA,Getting_Started,DefaultOff
01PRo00000AObVcMAL,0PS0B000000ic4uWAA,standard-Lead,DefaultOff
01PRo00000AObVdMAL,0PS0B000000ic4uWAA,standard-DuplicateRecordSet,DefaultOff
01PRo00000AObVhMAL,0PS0B000000ic4uWAA,standard-Solution,DefaultOff
01PRo00000AObViMAL,0PS0B000000ic4uWAA,Sourcing_Request_Item__c,DefaultOff
01PRo00000AObVpMAL,0PS0B000000ic4uWAA,Intercompany_Transfer__c,DefaultOff
01PRo00000AObW3MAL,0PS0B000000ic4uWAA,standard-EngagementAttendee,DefaultOff
01PRo00000AObWKMA1,0PS0B000000ic4uWAA,standard-Order,DefaultOff
01PRo00000AObWRMA1,0PS0B000000ic4uWAA,standard-EngagementInteraction,DefaultOff
01PRo00000AObWaMAL,0PS0B000000ic4uWAA,standard-Macro,DefaultOff
01PRo00000AObWmMAL,0PS0B000000ic4uWAA,standard-CmsAuthorHome,DefaultOff
01PRo00000AObXMMA1,0PS0B000000icB2WAI,Field_Service_Engineer__c,DefaultOff
01PRo00000AObXbMAL,0PS0B000000icB2WAI,standard-EngagementTopic,DefaultOff
01PRo00000AObXfMAL,0PS0B000000icB2WAI,Warranty__c,DefaultOff
01PRo00000AObXiMAL,0PS0B000000icB2WAI,Technician_Ship_Location__c,DefaultOff
01PRo00000AObXkMAL,0PS0B000000icB2WAI,Dashboard_Page,DefaultOff
01PRo00000AObXmMAL,0PS0B000000icB2WAI,Tech_Ship_Location_Junction__c,DefaultOff
01PRo00000AObXtMAL,0PS0B000000icB2WAI,standard-SocialPost,DefaultOff
01PRo00000AObYFMA1,0PS0B000000icB2WAI,Loaner_Asset__c,DefaultOff
01PRo00000AObYIMA1,0PS0B000000icB2WAI,Equipment__c,DefaultOff
01PRo00000AObYOMA1,0PS0B000000icB2WAI,Review_Status__c,DefaultOff
01PRo00000AObYUMA1,0PS0B000000icB2WAI,Product_Repair__c,DefaultOff
01PRo00000AObYbMAL,0PS0B000000icB2WAI,Capital_Asset_Transfer__c,DefaultOff
01PRo00000AObYhMAL,0PS0B000000icB2WAI,standard-Forecasting3,DefaultOff
01PRo00000AObZnMAL,0PS0B000000icB2WAI,Sourcing_Request_Item__c,DefaultOff
01PRo00000AOba1MAD,0PS0B000000icB2WAI,Intercompany_Transfer__c,DefaultOff
01PRo00000AObaGMAT,0PS0B000000icB2WAI,standard-EngagementAttendee,DefaultOff
01PRo00000AObaPMAT,0PS0B000000icB2WAI,standard-SocialPersona,DefaultOff
01PRo00000AObaXMAT,0PS0B000000icB2WAI,Change_Log__c,DefaultOff
01PRo00000AObaoMAD,0PS0B000000icB2WAI,standard-EngagementInteraction,DefaultOff
01PRo00000AObayMAD,0PS0B000000icB2WAI,standard-Macro,DefaultOff
01PRo00000AObbJMAT,0PS0B000000icB2WAI,standard-CmsAuthorHome,DefaultOff
01PRo00000AObbYMAT,0PS0B000000icB2WAI,ProductTest__c,DefaultOff
01PRo00000AObmuMAD,0PS0B000000icDDWAY,standard-Account,DefaultOff
01PRo00000AObmvMAD,0PS0B000000icDDWAY,About_Mass_Update_and_Mass_Edit,DefaultOff
01PRo00000AObn0MAD,0PS0B000000icDDWAY,pi__Sales_Cloud_Engage_License_Assignment,DefaultOff
01PRo00000AObn1MAD,0PS0B000000icDDWAY,pi__ProspectInsight,DefaultOff
01PRo00000AObn2MAD,0PS0B000000icDDWAY,pi__Pardot_LeadDeck,DefaultOff
01PRo00000AObn4MAD,0PS0B000000icDDWAY,pi__Lead_Deck,DefaultOff
01PRo00000AObn5MAD,0PS0B000000icDDWAY,pi__EngageSalesTools,DefaultOff
01PRo00000AObnBMAT,0PS0B000000icDDWAY,Field_Service_Engineer__c,DefaultOff
01PRo00000AObnGMAT,0PS0B000000icDDWAY,standard-StreamingChannel,DefaultOff
01PRo00000AObnHMAT,0PS0B000000icDDWAY,standard-Pricebook2,DefaultOff
01PRo00000AObnWMAT,0PS0B000000icDDWAY,pi__Sales_Edge_Reports,DefaultOff
01PRo00000AObnXMAT,0PS0B000000icDDWAY,pi__Sales_Edge,DefaultOff
01PRo00000AObnYMAT,0PS0B000000icDDWAY,standard-EngagementTopic,DefaultOff
01PRo00000AObnbMAD,0PS0B000000icDDWAY,Warranty__c,DefaultOff
01PRo00000AObndMAD,0PS0B000000icDDWAY,ProductTestData__c,DefaultOff
01PRo00000AObnfMAD,0PS0B000000icDDWAY,Technician_Ship_Location__c,DefaultOff
01PRo00000AObngMAD,0PS0B000000icDDWAY,Dashboard_Page,DefaultOff
01PRo00000AObnhMAD,0PS0B000000icDDWAY,Tech_Ship_Location_Junction__c,DefaultOff
01PRo00000AObnqMAD,0PS0B000000icDDWAY,standard-Case,DefaultOff
01PRo00000AObnrMAD,0PS0B000000icDDWAY,Getting_Started,DefaultOff
01PRo00000AObnsMAD,0PS0B000000icDDWAY,standard-SocialPost,DefaultOff
01PRo00000AObnwMAD,0PS0B000000icDDWAY,standard-IdeaTheme,DefaultOff
01PRo00000AObnyMAD,0PS0B000000icDDWAY,standard-Lead,DefaultOff
01PRo00000AObnzMAD,0PS0B000000icDDWAY,standard-DuplicateRecordSet,DefaultOff
01PRo00000AObo4MAD,0PS0B000000icDDWAY,Sourcing_Request_Item__c,DefaultOff
01PRo00000AObo5MAD,0PS0B000000icDDWAY,standard-Solution,DefaultOff
01PRo00000AOboHMAT,0PS0B000000icDDWAY,Intercompany_Transfer__c,DefaultOff
01PRo00000AOboJMAT,0PS0B000000icDDWAY,Loaner_Asset__c,DefaultOff
01PRo00000AOboSMAT,0PS0B000000icDDWAY,Equipment__c,DefaultOff
01PRo00000AObodMAD,0PS0B000000icDDWAY,standard-EngagementAttendee,DefaultOff
01PRo00000AObogMAD,0PS0B000000icDDWAY,Review_Status__c,DefaultOff
01PRo00000AOborMAD,0PS0B000000icDDWAY,Change_Log__c,DefaultOff
01PRo00000AOboyMAD,0PS0B000000icDDWAY,standard-Order,DefaultOff
01PRo00000AObp9MAD,0PS0B000000icDDWAY,Capital_Asset_Transfer__c,DefaultOff
01PRo00000AObpCMAT,0PS0B000000icDDWAY,standard-EngagementInteraction,DefaultOff
01PRo00000AObpHMAT,0PS0B000000icDDWAY,standard-Forecasting3,DefaultOff
01PRo00000AObpPMAT,0PS0B000000icDDWAY,standard-Macro,DefaultOff
01PRo00000AObpfMAD,0PS0B000000icDDWAY,standard-CmsAuthorHome,DefaultOff
01PRo00000AObvBMAT,0PS4O000000OaNjWAK,Field_Service_Engineer__c,DefaultOff
01PRo00000AObvEMAT,0PS4O000000OaNjWAK,standard-StreamingChannel,DefaultOff
01PRo00000AObvQMAT,0PS4O000000OaNjWAK,standard-EngagementTopic,DefaultOff
01PRo00000AObvUMAT,0PS4O000000OaNjWAK,Warranty__c,DefaultOff
01PRo00000AObvXMAT,0PS4O000000OaNjWAK,Technician_Ship_Location__c,DefaultOff
01PRo00000AObvZMAT,0PS4O000000OaNjWAK,Dashboard_Page,DefaultOff
01PRo00000AObvbMAD,0PS4O000000OaNjWAK,Tech_Ship_Location_Junction__c,DefaultOff
01PRo00000AObw3MAD,0PS4O000000OaNjWAK,Loaner_Asset__c,DefaultOff
01PRo00000AObw6MAD,0PS4O000000OaNjWAK,Equipment__c,DefaultOff
01PRo00000AObwDMAT,0PS4O000000OaNjWAK,Review_Status__c,DefaultOff
01PRo00000AObwJMAT,0PS4O000000OaNjWAK,Product_Repair__c,DefaultOff
01PRo00000AObwQMAT,0PS4O000000OaNjWAK,Capital_Asset_Transfer__c,DefaultOff
01PRo00000AObxoMAD,0PS4O000000OaNjWAK,Intercompany_Transfer__c,DefaultOff
01PRo00000AOby3MAD,0PS4O000000OaNjWAK,standard-EngagementAttendee,DefaultOff
01PRo00000AObyZMAT,0PS4O000000OaNjWAK,standard-EngagementInteraction,DefaultOff
01PRo00000AObz3MAD,0PS4O000000OaNjWAK,standard-CmsAuthorHome,DefaultOff
01PRo00000AObzIMAT,0PS4O000000OaNjWAK,ProductTest__c,DefaultOff
01PRo00000AObziMAD,0PS4O000000WtUHWA0,Field_Service_Engineer__c,DefaultOff
01PRo00000AObzwMAD,0PS4O000000WtUHWA0,standard-EngagementTopic,DefaultOff
01PRo00000AOc00MAD,0PS4O000000WtUHWA0,Warranty__c,DefaultOff
01PRo00000AOc03MAD,0PS4O000000WtUHWA0,Technician_Ship_Location__c,DefaultOff
01PRo00000AOc05MAD,0PS4O000000WtUHWA0,Dashboard_Page,DefaultOff
01PRo00000AOc07MAD,0PS4O000000WtUHWA0,Tech_Ship_Location_Junction__c,DefaultOff
01PRo00000AOc0EMAT,0PS4O000000WtUHWA0,standard-SocialPost,DefaultOff
01PRo00000AOc0aMAD,0PS4O000000WtUHWA0,Loaner_Asset__c,DefaultOff
01PRo00000AOc0dMAD,0PS4O000000WtUHWA0,Equipment__c,DefaultOff
01PRo00000AOc0jMAD,0PS4O000000WtUHWA0,Review_Status__c,DefaultOff
01PRo00000AOc0pMAD,0PS4O000000WtUHWA0,Product_Repair__c,DefaultOff
01PRo00000AOc0wMAD,0PS4O000000WtUHWA0,Capital_Asset_Transfer__c,DefaultOff
01PRo00000AOc12MAD,0PS4O000000WtUHWA0,standard-Forecasting3,DefaultOff
01PRo00000AOc28MAD,0PS4O000000WtUHWA0,Sourcing_Request_Item__c,DefaultOff
01PRo00000AOc2MMAT,0PS4O000000WtUHWA0,Intercompany_Transfer__c,DefaultOff
01PRo00000AOc2bMAD,0PS4O000000WtUHWA0,standard-EngagementAttendee,DefaultOff
01PRo00000AOc2kMAD,0PS4O000000WtUHWA0,standard-SocialPersona,DefaultOff
01PRo00000AOc2sMAD,0PS4O000000WtUHWA0,Change_Log__c,DefaultOff
01PRo00000AOc39MAD,0PS4O000000WtUHWA0,standard-EngagementInteraction,DefaultOff
01PRo00000AOc3JMAT,0PS4O000000WtUHWA0,standard-Macro,DefaultOff
01PRo00000AOc3tMAD,0PS4O000000WtUHWA0,ProductTest__c,DefaultOff
01PRo00000AOc8ZMAT,0PS4O000000zpdaWAA,Field_Service_Engineer__c,DefaultOff
01PRo00000AOc8rMAD,0PS4O000000zpdaWAA,standard-EngagementTopic,DefaultOff
01PRo00000AOc8tMAD,0PS4O000000zpdaWAA,standard-Employee,DefaultOff
01PRo00000AOc8uMAD,0PS4O000000zpdaWAA,Warranty__c,DefaultOff
01PRo00000AOc8wMAD,0PS4O000000zpdaWAA,standard-EmpUserProvisioningProcess,DefaultOff
01PRo00000AOc8yMAD,0PS4O000000zpdaWAA,Technician_Ship_Location__c,DefaultOff
01PRo00000AOc91MAD,0PS4O000000zpdaWAA,Tech_Ship_Location_Junction__c,DefaultOff
01PRo00000AOc9SMAT,0PS4O000000zpdaWAA,standard-ProcessException,DefaultOff
01PRo00000AOc9TMAT,0PS4O000000zpdaWAA,Intercompany_Transfer__c,DefaultOff
01PRo00000AOc9WMAT,0PS4O000000zpdaWAA,Loaner_Asset__c,DefaultOff
01PRo00000AOc9hMAD,0PS4O000000zpdaWAA,standard-EngagementAttendee,DefaultOff
01PRo00000AOc9yMAD,0PS4O000000zpdaWAA,standard-ActionPlanTemplate,DefaultOff
01PRo00000AOcA3MAL,0PS4O000000zpdaWAA,standard-ActionPlan,DefaultOff
01PRo00000AOcA7MAL,0PS4O000000zpdaWAA,Capital_Asset_Transfer__c,DefaultOff
01PRo00000AOcA9MAL,0PS4O000000zpdaWAA,standard-EngagementInteraction,DefaultOff
01PRo00000AOcAcMAL,0PS4O000000zpdaWAA,standard-InternalOrganizationUnit,DefaultOff
01PRo00000AOcENMA1,0PS4O000000vLJgWAM,Field_Service_Engineer__c,DefaultOff
01PRo00000AOcGFMA1,0PS4O000000vLJgWAM,standard-EngagementTopic,DefaultOff
01PRo00000AOcGGMA1,0PS4O000000vLJgWAM,standard-Employee,DefaultOff
01PRo00000AOcGHMA1,0PS4O000000vLJgWAM,Warranty__c,DefaultOff
01PRo00000AOcGJMA1,0PS4O000000vLJgWAM,standard-EmpUserProvisioningProcess,DefaultOff
01PRo00000AOcGLMA1,0PS4O000000vLJgWAM,Technician_Ship_Location__c,DefaultOff
01PRo00000AOcGOMA1,0PS4O000000vLJgWAM,Tech_Ship_Location_Junction__c,DefaultOff
01PRo00000AOcGnMAL,0PS4O000000vLJgWAM,Intercompany_Transfer__c,DefaultOff
01PRo00000AOcGpMAL,0PS4O000000vLJgWAM,Loaner_Asset__c,DefaultOff
01PRo00000AOcH0MAL,0PS4O000000vLJgWAM,standard-EngagementAttendee,DefaultOff
01PRo00000AOcHDMA1,0PS4O000000vLJgWAM,Change_Log__c,DefaultOff
01PRo00000AOcHHMA1,0PS4O000000vLJgWAM,standard-ActionPlanTemplate,DefaultOff
01PRo00000AOcHMMA1,0PS4O000000vLJgWAM,standard-ActionPlan,DefaultOff
01PRo00000AOcHQMA1,0PS4O000000vLJgWAM,Capital_Asset_Transfer__c,DefaultOff
01PRo00000AOcHSMA1,0PS4O000000vLJgWAM,standard-EngagementInteraction,DefaultOff
01PRo00000AOcHqMAL,0PS4O000000vLJgWAM,standard-InternalOrganizationUnit,DefaultOff
01PRo00000AOcHuMAL,0PS4O000000vLJgWAM,standard-Location,DefaultOff
01PRo00000AOcIJMA1,0PS4O000000vMZVWA2,Field_Service_Engineer__c,DefaultOff
01PRo00000AOcIMMA1,0PS4O000000vMZVWA2,standard-StreamingChannel,DefaultOff
01PRo00000AOcIXMA1,0PS4O000000vMZVWA2,standard-EngagementTopic,DefaultOff
01PRo00000AOcIbMAL,0PS4O000000vMZVWA2,Warranty__c,DefaultOff
01PRo00000AOcIeMAL,0PS4O000000vMZVWA2,Technician_Ship_Location__c,DefaultOff
01PRo00000AOcIiMAL,0PS4O000000vMZVWA2,Tech_Ship_Location_Junction__c,DefaultOff
01PRo00000AOcJMMA1,0PS4O000000vMZVWA2,Review_Status__c,DefaultOff
01PRo00000AOcJZMA1,0PS4O000000vMZVWA2,Capital_Asset_Transfer__c,DefaultOff
01PRo00000AOcJfMAL,0PS4O000000vMZVWA2,standard-Forecasting3,DefaultOff
01PRo00000AOcJvMAL,0PS4O000000vMZVWA2,standard-ServiceContract,DefaultOff
01PRo00000AOcK1MAL,0PS4O000000vMZVWA2,standard-Entitlement,DefaultOff
01PRo00000AOcKhMAL,0PS4O000000vMZVWA2,ProductTestData__c,DefaultOff
01PRo00000AOcKtMAL,0PS4O000000vMZVWA2,Getting_Started,DefaultOff
01PRo00000AOcLEMA1,0PS4O000000vMZVWA2,standard-ProcessException,DefaultOff
01PRo00000AOcLGMA1,0PS4O000000vMZVWA2,Intercompany_Transfer__c,DefaultOff
01PRo00000AOcLVMA1,0PS4O000000vMZVWA2,standard-EngagementAttendee,DefaultOff
01PRo00000AOcM2MAL,0PS4O000000vMZVWA2,standard-EngagementInteraction,DefaultOff
01PRo00000AOcMDMA1,0PS4O000000vMZVWA2,standard-Macro,DefaultOff
01PRo00000AOcNDMA1,0PS5b000000DhJ5GAK,Field_Service_Engineer__c,DefaultOff
01PRo00000AOcNHMA1,0PS5b000000DhJ5GAK,standard-StreamingChannel,DefaultOff
01PRo00000AOcNRMA1,0PS5b000000DhJ5GAK,standard-EngagementTopic,DefaultOff
01PRo00000AOcNTMA1,0PS5b000000DhJ5GAK,Warranty__c,DefaultOff
01PRo00000AOcNVMA1,0PS5b000000DhJ5GAK,Technician_Ship_Location__c,DefaultOff
01PRo00000AOcNYMA1,0PS5b000000DhJ5GAK,Tech_Ship_Location_Junction__c,DefaultOff
01PRo00000AOcO1MAL,0PS5b000000DhJ5GAK,Review_Status__c,DefaultOff
01PRo00000AOcOAMA1,0PS5b000000DhJ5GAK,Capital_Asset_Transfer__c,DefaultOff
01PRo00000AOcODMA1,0PS5b000000DhJ5GAK,standard-Forecasting3,DefaultOff
01PRo00000AOcOPMA1,0PS5b000000DhJ5GAK,standard-ServiceContract,DefaultOff
01PRo00000AOcOVMA1,0PS5b000000DhJ5GAK,standard-Entitlement,DefaultOff
01PRo00000AOcP3MAL,0PS5b000000DhJ5GAK,ProductTestData__c,DefaultOff
01PRo00000AOcPAMA1,0PS5b000000DhJ5GAK,Getting_Started,DefaultOff
01PRo00000AOcPQMA1,0PS5b000000DhJ5GAK,standard-ProcessException,DefaultOff
01PRo00000AOcPSMA1,0PS5b000000DhJ5GAK,Intercompany_Transfer__c,DefaultOff
01PRo00000AOcPiMAL,0PS5b000000DhJ5GAK,standard-EngagementAttendee,DefaultOff
01PRo00000AOcQ9MAL,0PS5b000000DhJ5GAK,standard-EngagementInteraction,DefaultOff
01PRo00000AOcQJMA1,0PS5b000000DhJ5GAK,standard-Macro,DefaultOff
01PRo00000AOcR2MAL,0PS5b000000HhLaGAK,Field_Service_Engineer__c,DefaultOff
01PRo00000AOcRDMA1,0PS5b000000HhLaGAK,standard-EngagementTopic,DefaultOff
01PRo00000AOcRHMA1,0PS5b000000HhLaGAK,Warranty__c,DefaultOff
01PRo00000AOcRKMA1,0PS5b000000HhLaGAK,Technician_Ship_Location__c,DefaultOff
01PRo00000AOcROMA1,0PS5b000000HhLaGAK,Tech_Ship_Location_Junction__c,DefaultOff
01PRo00000AOcRgMAL,0PS5b000000HhLaGAK,Loaner_Asset__c,DefaultOff
01PRo00000AOcRnMAL,0PS5b000000HhLaGAK,Review_Status__c,DefaultOff
01PRo00000AOcRzMAL,0PS5b000000HhLaGAK,Capital_Asset_Transfer__c,DefaultOff
01PRo00000AOcSiMAL,0PS5b000000HhLaGAK,Sourcing_Request_Item__c,DefaultOff
01PRo00000AOcSsMAL,0PS5b000000HhLaGAK,Intercompany_Transfer__c,DefaultOff
01PRo00000AOcT4MAL,0PS5b000000HhLaGAK,standard-EngagementAttendee,DefaultOff
01PRo00000AOcTTMA1,0PS5b000000HhLaGAK,standard-EngagementInteraction,DefaultOff
01PRo00000AOcTpMAL,0PS5b000000HhLaGAK,standard-CmsAuthorHome,DefaultOff
01PRo00000AOcUIMA1,0PS5b000000HitxGAC,Field_Service_Engineer__c,DefaultOff
01PRo00000AOcUTMA1,0PS5b000000HitxGAC,standard-EngagementTopic,DefaultOff
01PRo00000AOcUXMA1,0PS5b000000HitxGAC,Warranty__c,DefaultOff
01PRo00000AOcUaMAL,0PS5b000000HitxGAC,Technician_Ship_Location__c,DefaultOff
01PRo00000AOcUeMAL,0PS5b000000HitxGAC,Tech_Ship_Location_Junction__c,DefaultOff
01PRo00000AOcUwMAL,0PS5b000000HitxGAC,Loaner_Asset__c,DefaultOff
01PRo00000AOcV3MAL,0PS5b000000HitxGAC,Review_Status__c,DefaultOff
01PRo00000AOcVFMA1,0PS5b000000HitxGAC,Capital_Asset_Transfer__c,DefaultOff
01PRo00000AOcVyMAL,0PS5b000000HitxGAC,Sourcing_Request_Item__c,DefaultOff
01PRo00000AOcW8MAL,0PS5b000000HitxGAC,Intercompany_Transfer__c,DefaultOff
01PRo00000AOcWKMA1,0PS5b000000HitxGAC,standard-EngagementAttendee,DefaultOff
01PRo00000AOcWjMAL,0PS5b000000HitxGAC,standard-EngagementInteraction,DefaultOff
01PRo00000AOcX5MAL,0PS5b000000HitxGAC,standard-CmsAuthorHome,DefaultOff
01PRo00000AOcXhMAL,0PS5b000000HjUyGAK,Field_Service_Engineer__c,DefaultOff
01PRo00000AOcXkMAL,0PS5b000000HjUyGAK,standard-StreamingChannel,DefaultOff
01PRo00000AOcXvMAL,0PS5b000000HjUyGAK,standard-EngagementTopic,DefaultOff
01PRo00000AOcXzMAL,0PS5b000000HjUyGAK,Warranty__c,DefaultOff
01PRo00000AOcY2MAL,0PS5b000000HjUyGAK,Technician_Ship_Location__c,DefaultOff
01PRo00000AOcY6MAL,0PS5b000000HjUyGAK,Tech_Ship_Location_Junction__c,DefaultOff
01PRo00000AOcYkMAL,0PS5b000000HjUyGAK,Review_Status__c,DefaultOff
01PRo00000AOcYxMAL,0PS5b000000HjUyGAK,Capital_Asset_Transfer__c,DefaultOff
01PRo00000AOcZ3MAL,0PS5b000000HjUyGAK,standard-Forecasting3,DefaultOff
01PRo00000AOcZJMA1,0PS5b000000HjUyGAK,standard-ServiceContract,DefaultOff
01PRo00000AOcZPMA1,0PS5b000000HjUyGAK,standard-Entitlement,DefaultOff
01PRo00000AOca5MAD,0PS5b000000HjUyGAK,ProductTestData__c,DefaultOff
01PRo00000AOcaHMAT,0PS5b000000HjUyGAK,Getting_Started,DefaultOff
01PRo00000AOcacMAD,0PS5b000000HjUyGAK,standard-ProcessException,DefaultOff
01PRo00000AOcaeMAD,0PS5b000000HjUyGAK,Intercompany_Transfer__c,DefaultOff
01PRo00000AOcatMAD,0PS5b000000HjUyGAK,standard-EngagementAttendee,DefaultOff
01PRo00000AOcbQMAT,0PS5b000000HjUyGAK,standard-EngagementInteraction,DefaultOff
01PRo00000AOcbbMAD,0PS5b000000HjUyGAK,standard-Macro,DefaultOff
01PRo00000AOcmLMAT,0PS5b000000HjVNGA0,Field_Service_Engineer__c,DefaultOff
01PRo00000AOcmWMAT,0PS5b000000HjVNGA0,standard-EngagementTopic,DefaultOff
01PRo00000AOcmaMAD,0PS5b000000HjVNGA0,Warranty__c,DefaultOff
01PRo00000AOcmdMAD,0PS5b000000HjVNGA0,Technician_Ship_Location__c,DefaultOff
01PRo00000AOcmhMAD,0PS5b000000HjVNGA0,Tech_Ship_Location_Junction__c,DefaultOff
01PRo00000AOcmzMAD,0PS5b000000HjVNGA0,Loaner_Asset__c,DefaultOff
01PRo00000AOcn6MAD,0PS5b000000HjVNGA0,Review_Status__c,DefaultOff
01PRo00000AOcnIMAT,0PS5b000000HjVNGA0,Capital_Asset_Transfer__c,DefaultOff
01PRo00000AOco1MAD,0PS5b000000HjVNGA0,Sourcing_Request_Item__c,DefaultOff
01PRo00000AOcoBMAT,0PS5b000000HjVNGA0,Intercompany_Transfer__c,DefaultOff
01PRo00000AOcoNMAT,0PS5b000000HjVNGA0,standard-EngagementAttendee,DefaultOff
01PRo00000AOcobMAD,0PS5b000000HjVNGA0,Change_Log__c,DefaultOff
01PRo00000AOconMAD,0PS5b000000HjVNGA0,standard-EngagementInteraction,DefaultOff
01PRo00000AOcp9MAD,0PS5b000000HjVNGA0,standard-CmsAuthorHome,DefaultOff
01PRo00000AOcpeMAD,0PS5b000000HjVSGA0,Field_Service_Engineer__c,DefaultOff
01PRo00000AOcpfMAD,0PS5b000000HjVSGA0,standard-StreamingChannel,DefaultOff
01PRo00000AOcppMAD,0PS5b000000HjVSGA0,standard-EngagementTopic,DefaultOff
01PRo00000AOcprMAD,0PS5b000000HjVSGA0,Warranty__c,DefaultOff
01PRo00000AOcptMAD,0PS5b000000HjVSGA0,Technician_Ship_Location__c,DefaultOff
01PRo00000AOcpwMAD,0PS5b000000HjVSGA0,Tech_Ship_Location_Junction__c,DefaultOff
01PRo00000AOcqGMAT,0PS5b000000HjVSGA0,Equipment__c,DefaultOff
01PRo00000AOcqNMAT,0PS5b000000HjVSGA0,Review_Status__c,DefaultOff
01PRo00000AOcqRMAT,0PS5b000000HjVSGA0,Product_Repair__c,DefaultOff
01PRo00000AOcqWMAT,0PS5b000000HjVSGA0,Capital_Asset_Transfer__c,DefaultOff
01PRo00000AOcr8MAD,0PS5b000000HjVSGA0,zkmulti__MCShipment__c,DefaultOff
01PRo00000AOcrYMAT,0PS5b000000HjVSGA0,Intercompany_Transfer__c,DefaultOff
01PRo00000AOcrmMAD,0PS5b000000HjVSGA0,standard-EngagementAttendee,DefaultOff
01PRo00000AOcryMAD,0PS5b000000HjVSGA0,Change_Log__c,DefaultOff
01PRo00000AOcsAMAT,0PS5b000000HjVSGA0,standard-EngagementInteraction,DefaultOff
01PRo00000AOcsUMAT,0PS5b000000HjVSGA0,standard-CmsAuthorHome,DefaultOff
01PRo00000AOcwKMAT,0PS5b000000HjVhGAK,Field_Service_Engineer__c,DefaultOff
01PRo00000AOcwLMAT,0PS5b000000HjVhGAK,standard-StreamingChannel,DefaultOff
01PRo00000AOcwVMAT,0PS5b000000HjVhGAK,standard-EngagementTopic,DefaultOff
01PRo00000AOcwXMAT,0PS5b000000HjVhGAK,Warranty__c,DefaultOff
01PRo00000AOcwZMAT,0PS5b000000HjVhGAK,Technician_Ship_Location__c,DefaultOff
01PRo00000AOcwcMAD,0PS5b000000HjVhGAK,Tech_Ship_Location_Junction__c,DefaultOff
01PRo00000AOcwuMAD,0PS5b000000HjVhGAK,Loaner_Asset__c,DefaultOff
01PRo00000AOcwwMAD,0PS5b000000HjVhGAK,Master_Draw__c,DefaultOff
01PRo00000AOcwxMAD,0PS5b000000HjVhGAK,Equipment__c,DefaultOff
01PRo00000AOcx4MAD,0PS5b000000HjVhGAK,Review_Status__c,DefaultOff
01PRo00000AOcx8MAD,0PS5b000000HjVhGAK,Product_Repair__c,DefaultOff
01PRo00000AOcxDMAT,0PS5b000000HjVhGAK,Capital_Asset_Transfer__c,DefaultOff
01PRo00000AOcxaMAD,0PS5b000000HjVhGAK,standard-WorkOrder,DefaultOff
01PRo00000AOcxdMAD,0PS5b000000HjVhGAK,Loaner__c,DefaultOff
01PRo00000AOcyGMAT,0PS5b000000HjVhGAK,Intercompany_Transfer__c,DefaultOff
01PRo00000AOcyUMAT,0PS5b000000HjVhGAK,standard-EngagementAttendee,DefaultOff
01PRo00000AOcysMAD,0PS5b000000HjVhGAK,standard-EngagementInteraction,DefaultOff
01PRo00000AOczNMAT,0PS5b000000HjVhGAK,ProductTest__c,DefaultOff
01PRo00000AOczfMAD,0PS5b000000HjYRGA0,Field_Service_Engineer__c,DefaultOff
01PRo00000AOczqMAD,0PS5b000000HjYRGA0,standard-EngagementTopic,DefaultOff
01PRo00000AOczuMAD,0PS5b000000HjYRGA0,Warranty__c,DefaultOff
01PRo00000AOczxMAD,0PS5b000000HjYRGA0,Technician_Ship_Location__c,DefaultOff
01PRo00000AOd01MAD,0PS5b000000HjYRGA0,Tech_Ship_Location_Junction__c,DefaultOff
01PRo00000AOd0JMAT,0PS5b000000HjYRGA0,Loaner_Asset__c,DefaultOff
01PRo00000AOd0QMAT,0PS5b000000HjYRGA0,Review_Status__c,DefaultOff
01PRo00000AOd0cMAD,0PS5b000000HjYRGA0,Capital_Asset_Transfer__c,DefaultOff
01PRo00000AOd1LMAT,0PS5b000000HjYRGA0,Sourcing_Request_Item__c,DefaultOff
01PRo00000AOd1VMAT,0PS5b000000HjYRGA0,Intercompany_Transfer__c,DefaultOff
01PRo00000AOd1hMAD,0PS5b000000HjYRGA0,standard-EngagementAttendee,DefaultOff
01PRo00000AOd1vMAD,0PS5b000000HjYRGA0,Change_Log__c,DefaultOff
01PRo00000AOd27MAD,0PS5b000000HjYRGA0,standard-EngagementInteraction,DefaultOff
01PRo00000AOd2TMAT,0PS5b000000HjYRGA0,standard-CmsAuthorHome,DefaultOff
01PRo00000AOd2pMAD,0PS5b000000Hk2qGAC,Field_Service_Engineer__c,DefaultOff
01PRo00000AOd34MAD,0PS5b000000Hk2qGAC,standard-EngagementTopic,DefaultOff
01PRo00000AOd35MAD,0PS5b000000Hk2qGAC,standard-Employee,DefaultOff
01PRo00000AOd38MAD,0PS5b000000Hk2qGAC,standard-EmpUserProvisioningProcess,DefaultOff
01PRo00000AOd3AMAT,0PS5b000000Hk2qGAC,Technician_Ship_Location__c,DefaultOff
01PRo00000AOd3DMAT,0PS5b000000Hk2qGAC,Tech_Ship_Location_Junction__c,DefaultOff
01PRo00000AOd3YMAT,0PS5b000000Hk2qGAC,Intercompany_Transfer__c,DefaultOff
01PRo00000AOd3nMAD,0PS5b000000Hk2qGAC,standard-EngagementAttendee,DefaultOff
01PRo00000AOd43MAD,0PS5b000000Hk2qGAC,standard-ActionPlanTemplate,DefaultOff
01PRo00000AOd48MAD,0PS5b000000Hk2qGAC,standard-ActionPlan,DefaultOff
01PRo00000AOd4CMAT,0PS5b000000Hk2qGAC,Capital_Asset_Transfer__c,DefaultOff
01PRo00000AOd4EMAT,0PS5b000000Hk2qGAC,standard-EngagementInteraction,DefaultOff
01PRo00000AOd4dMAD,0PS5b000000Hk2qGAC,standard-InternalOrganizationUnit,DefaultOff
01PRo00000AOd4hMAD,0PS5b000000Hk2qGAC,standard-Location,DefaultOff
01PRo00000AOd4qMAD,0PS5b000000Hk2rGAC,Field_Service_Engineer__c,DefaultOff
01PRo00000AOd55MAD,0PS5b000000Hk2rGAC,standard-EngagementTopic,DefaultOff
01PRo00000AOd56MAD,0PS5b000000Hk2rGAC,standard-Employee,DefaultOff
01PRo00000AOd59MAD,0PS5b000000Hk2rGAC,standard-EmpUserProvisioningProcess,DefaultOff
01PRo00000AOd5BMAT,0PS5b000000Hk2rGAC,Technician_Ship_Location__c,DefaultOff
01PRo00000AOd5EMAT,0PS5b000000Hk2rGAC,Tech_Ship_Location_Junction__c,DefaultOff
01PRo00000AOd5ZMAT,0PS5b000000Hk2rGAC,Intercompany_Transfer__c,DefaultOff
01PRo00000AOd5oMAD,0PS5b000000Hk2rGAC,standard-EngagementAttendee,DefaultOff
01PRo00000AOd64MAD,0PS5b000000Hk2rGAC,standard-ActionPlanTemplate,DefaultOff
01PRo00000AOd69MAD,0PS5b000000Hk2rGAC,standard-ActionPlan,DefaultOff
01PRo00000AOd6DMAT,0PS5b000000Hk2rGAC,Capital_Asset_Transfer__c,DefaultOff
01PRo00000AOd6FMAT,0PS5b000000Hk2rGAC,standard-EngagementInteraction,DefaultOff
01PRo00000AOd6eMAD,0PS5b000000Hk2rGAC,standard-InternalOrganizationUnit,DefaultOff
01PRo00000AOd6iMAD,0PS5b000000Hk2rGAC,standard-Location,DefaultOff
01PRo00000AOd6yMAD,0PS5b000000Hk7WGAS,Field_Service_Engineer__c,DefaultOff
01PRo00000AOd79MAD,0PS5b000000Hk7WGAS,standard-EngagementTopic,DefaultOff
01PRo00000AOd7DMAT,0PS5b000000Hk7WGAS,Warranty__c,DefaultOff
01PRo00000AOd7GMAT,0PS5b000000Hk7WGAS,Technician_Ship_Location__c,DefaultOff
01PRo00000AOd7KMAT,0PS5b000000Hk7WGAS,Tech_Ship_Location_Junction__c,DefaultOff
01PRo00000AOd7cMAD,0PS5b000000Hk7WGAS,Loaner_Asset__c,DefaultOff
01PRo00000AOd7jMAD,0PS5b000000Hk7WGAS,Review_Status__c,DefaultOff
01PRo00000AOd7vMAD,0PS5b000000Hk7WGAS,Capital_Asset_Transfer__c,DefaultOff
01PRo00000AOd8eMAD,0PS5b000000Hk7WGAS,Sourcing_Request_Item__c,DefaultOff
01PRo00000AOd8oMAD,0PS5b000000Hk7WGAS,Intercompany_Transfer__c,DefaultOff
01PRo00000AOd90MAD,0PS5b000000Hk7WGAS,standard-EngagementAttendee,DefaultOff
01PRo00000AOd9PMAT,0PS5b000000Hk7WGAS,standard-EngagementInteraction,DefaultOff
01PRo00000AOd9lMAD,0PS5b000000Hk7WGAS,standard-CmsAuthorHome,DefaultOff
01PRo00000AOdDUMA1,0PS5b000001V0jhGAC,standard-EngagementAttendee,DefaultOff
01PRo00000AOdDtMAL,0PS5b000001V0jhGAC,standard-EngagementTopic,DefaultOff
01PRo00000AOdDvMAL,0PS5b000001V0jhGAC,Capital_Asset_Transfer__c,DefaultOff
01PRo00000AOdDwMAL,0PS5b000001V0jhGAC,standard-Employee,DefaultOff
01PRo00000AOdDyMAL,0PS5b000001V0jhGAC,standard-EngagementInteraction,DefaultOff
01PRo00000AOdE1MAL,0PS5b000001V0jhGAC,standard-EmpUserProvisioningProcess,DefaultOff
01PRo00000AOdEeMAL,0PS5b000001V0jhGAC,Intercompany_Transfer__c,DefaultOff
01PRo00000AOdEgMAL,0PS5b000001V0jhGAC,standard-InternalOrganizationUnit,DefaultOff
01PRo00000AOdEsMAL,0PS5b000001V0jhGAC,standard-Location,DefaultOff
01PRo00000AOdF8MAL,0PS5b000001QDXoGAO,Field_Service_Engineer__c,DefaultOff
01PRo00000AOdFJMA1,0PS5b000001QDXoGAO,standard-EngagementTopic,DefaultOff
01PRo00000AOdFNMA1,0PS5b000001QDXoGAO,Warranty__c,DefaultOff
01PRo00000AOdFQMA1,0PS5b000001QDXoGAO,Technician_Ship_Location__c,DefaultOff
01PRo00000AOdFUMA1,0PS5b000001QDXoGAO,Tech_Ship_Location_Junction__c,DefaultOff
01PRo00000AOdFmMAL,0PS5b000001QDXoGAO,Loaner_Asset__c,DefaultOff
01PRo00000AOdFtMAL,0PS5b000001QDXoGAO,Review_Status__c,DefaultOff
01PRo00000AOdG5MAL,0PS5b000001QDXoGAO,Capital_Asset_Transfer__c,DefaultOff
01PRo00000AOdGoMAL,0PS5b000001QDXoGAO,Sourcing_Request_Item__c,DefaultOff
01PRo00000AOdGyMAL,0PS5b000001QDXoGAO,Intercompany_Transfer__c,DefaultOff
01PRo00000AOdHAMA1,0PS5b000001QDXoGAO,standard-EngagementAttendee,DefaultOff
01PRo00000AOdHZMA1,0PS5b000001QDXoGAO,standard-EngagementInteraction,DefaultOff
01PRo00000AOdHvMAL,0PS5b000001QDXoGAO,standard-CmsAuthorHome,DefaultOff
01PRo00000AOdICMA1,0PS5b000001QDdhGAG,standard-EngagementAttendee,DefaultOff
01PRo00000AOdIaMAL,0PS5b000001QDdhGAG,standard-EngagementTopic,DefaultOff
01PRo00000AOdIcMAL,0PS5b000001QDdhGAG,Capital_Asset_Transfer__c,DefaultOff
01PRo00000AOdIeMAL,0PS5b000001QDdhGAG,standard-EngagementInteraction,DefaultOff
01PRo00000AOdJIMA1,0PS5b000001QDdhGAG,Intercompany_Transfer__c,DefaultOff
01PRo00000AOdJYMA1,0PS5b000001QDdiGAG,standard-EngagementAttendee,DefaultOff
01PRo00000AOdJwMAL,0PS5b000001QDdiGAG,standard-EngagementTopic,DefaultOff
01PRo00000AOdJyMAL,0PS5b000001QDdiGAG,Capital_Asset_Transfer__c,DefaultOff
01PRo00000AOdK0MAL,0PS5b000001QDdiGAG,standard-EngagementInteraction,DefaultOff
01PRo00000AOdKeMAL,0PS5b000001QDdiGAG,Intercompany_Transfer__c,DefaultOff
01PRo00000AOdL9MAL,0PSRo0000003KDVOA2,Field_Service_Engineer__c,DefaultOff
01PRo00000AOdLAMA1,0PSRo0000003KDVOA2,standard-StreamingChannel,DefaultOff
01PRo00000AOdLKMA1,0PSRo0000003KDVOA2,standard-EngagementTopic,DefaultOff
01PRo00000AOdLMMA1,0PSRo0000003KDVOA2,Warranty__c,DefaultOff
01PRo00000AOdLOMA1,0PSRo0000003KDVOA2,Technician_Ship_Location__c,DefaultOff
01PRo00000AOdLPMA1,0PSRo0000003KDVOA2,Dashboard_Page,DefaultOff
01PRo00000AOdLRMA1,0PSRo0000003KDVOA2,Tech_Ship_Location_Junction__c,DefaultOff
01PRo00000AOdLlMAL,0PSRo0000003KDVOA2,Equipment__c,DefaultOff
01PRo00000AOdNUMA1,0PSRo0000003KDVOA2,Review_Status__c,DefaultOff
01PRo00000AOdNYMA1,0PSRo0000003KDVOA2,Product_Repair__c,DefaultOff
01PRo00000AOdNdMAL,0PSRo0000003KDVOA2,Capital_Asset_Transfer__c,DefaultOff
01PRo00000AOdOFMA1,0PSRo0000003KDVOA2,zkmulti__MCShipment__c,DefaultOff
01PRo00000AOdOfMAL,0PSRo0000003KDVOA2,Intercompany_Transfer__c,DefaultOff
01PRo00000AOdOtMAL,0PSRo0000003KDVOA2,standard-EngagementAttendee,DefaultOff
01PRo00000AOdP5MAL,0PSRo0000003KDVOA2,Change_Log__c,DefaultOff
01PRo00000AOdPHMA1,0PSRo0000003KDVOA2,standard-EngagementInteraction,DefaultOff
01PRo00000AOdPbMAL,0PSRo0000003KDVOA2,standard-CmsAuthorHome,DefaultOff
01PRo00000AOdPmMAL,0PSRo0000003KDVOA2,ProductTest__c,DefaultOff
01PRo00000AOdQ5MAL,0PSRo0000003QlxOAE,Field_Service_Engineer__c,DefaultOff
01PRo00000AOdQGMA1,0PSRo0000003QlxOAE,standard-EngagementTopic,DefaultOff
01PRo00000AOdQKMA1,0PSRo0000003QlxOAE,Warranty__c,DefaultOff
01PRo00000AOdQNMA1,0PSRo0000003QlxOAE,Technician_Ship_Location__c,DefaultOff
01PRo00000AOdQRMA1,0PSRo0000003QlxOAE,Tech_Ship_Location_Junction__c,DefaultOff
01PRo00000AOdQjMAL,0PSRo0000003QlxOAE,Loaner_Asset__c,DefaultOff
01PRo00000AOdQqMAL,0PSRo0000003QlxOAE,Review_Status__c,DefaultOff
01PRo00000AOdR2MAL,0PSRo0000003QlxOAE,Capital_Asset_Transfer__c,DefaultOff
01PRo00000AOdRlMAL,0PSRo0000003QlxOAE,Sourcing_Request_Item__c,DefaultOff
01PRo00000AOdRvMAL,0PSRo0000003QlxOAE,Intercompany_Transfer__c,DefaultOff
01PRo00000AOdS7MAL,0PSRo0000003QlxOAE,standard-EngagementAttendee,DefaultOff
01PRo00000AOdSLMA1,0PSRo0000003QlxOAE,Change_Log__c,DefaultOff
01PRo00000AOdSXMA1,0PSRo0000003QlxOAE,standard-EngagementInteraction,DefaultOff
01PRo00000AOdStMAL,0PSRo0000003QlxOAE,standard-CmsAuthorHome,DefaultOff
01PRo00000AOdTOMA1,0PSRo0000004xEPOAY,Field_Service_Engineer__c,DefaultOff
01PRo00000AOdTPMA1,0PSRo0000004xEPOAY,standard-StreamingChannel,DefaultOff
01PRo00000AOdTZMA1,0PSRo0000004xEPOAY,standard-EngagementTopic,DefaultOff
01PRo00000AOdTbMAL,0PSRo0000004xEPOAY,Warranty__c,DefaultOff
01PRo00000AOdTdMAL,0PSRo0000004xEPOAY,Technician_Ship_Location__c,DefaultOff
01PRo00000AOdTeMAL,0PSRo0000004xEPOAY,Dashboard_Page,DefaultOff
01PRo00000AOdTgMAL,0PSRo0000004xEPOAY,Tech_Ship_Location_Junction__c,DefaultOff
01PRo00000AOdU0MAL,0PSRo0000004xEPOAY,Equipment__c,DefaultOff
01PRo00000AOdU7MAL,0PSRo0000004xEPOAY,Review_Status__c,DefaultOff
01PRo00000AOdUBMA1,0PSRo0000004xEPOAY,Product_Repair__c,DefaultOff
01PRo00000AOdUGMA1,0PSRo0000004xEPOAY,Capital_Asset_Transfer__c,DefaultOff
01PRo00000AOdUsMAL,0PSRo0000004xEPOAY,zkmulti__MCShipment__c,DefaultOff
01PRo00000AOdVIMA1,0PSRo0000004xEPOAY,Intercompany_Transfer__c,DefaultOff
01PRo00000AOdVWMA1,0PSRo0000004xEPOAY,standard-EngagementAttendee,DefaultOff
01PRo00000AOdViMAL,0PSRo0000004xEPOAY,Change_Log__c,DefaultOff
01PRo00000AOdVuMAL,0PSRo0000004xEPOAY,standard-EngagementInteraction,DefaultOff
01PRo00000AOdWEMA1,0PSRo0000004xEPOAY,standard-CmsAuthorHome,DefaultOff
01PRo00000AOdWPMA1,0PSRo0000004xEPOAY,ProductTest__c,DefaultOff
01PRo00000AOdWhMAL,0PSRo00000052QzOAI,Field_Service_Engineer__c,DefaultOff
01PRo00000AOdWxMAL,0PSRo00000052QzOAI,standard-EngagementTopic,DefaultOff
01PRo00000AOdWyMAL,0PSRo00000052QzOAI,standard-Employee,DefaultOff
01PRo00000AOdWzMAL,0PSRo00000052QzOAI,Warranty__c,DefaultOff
01PRo00000AOdX1MAL,0PSRo00000052QzOAI,standard-EmpUserProvisioningProcess,DefaultOff
01PRo00000AOdX3MAL,0PSRo00000052QzOAI,Technician_Ship_Location__c,DefaultOff
01PRo00000AOdX6MAL,0PSRo00000052QzOAI,Tech_Ship_Location_Junction__c,DefaultOff
01PRo00000AOdXVMA1,0PSRo00000052QzOAI,Intercompany_Transfer__c,DefaultOff
01PRo00000AOdXXMA1,0PSRo00000052QzOAI,Loaner_Asset__c,DefaultOff
01PRo00000AOdXiMAL,0PSRo00000052QzOAI,standard-EngagementAttendee,DefaultOff
01PRo00000AOdXvMAL,0PSRo00000052QzOAI,Change_Log__c,DefaultOff
01PRo00000AOdY6MAL,0PSRo00000052QzOAI,Capital_Asset_Transfer__c,DefaultOff
01PRo00000AOdY8MAL,0PSRo00000052QzOAI,standard-EngagementInteraction,DefaultOff
01PRo00000AOdYWMA1,0PSRo00000052QzOAI,standard-InternalOrganizationUnit,DefaultOff
01PRo00000AOdYaMAL,0PSRo00000052QzOAI,standard-Location,DefaultOff
01PRo00000AOdYnMAL,0PSRo0000005rDNOAY,standard-ActionPlanTemplate,DefaultOff
01PRo00000AOdYrMAL,0PSRo0000005rDNOAY,standard-ActionPlan,DefaultOff
01PRo00000AOdYuMAL,0PSRo0000005rDNOAY,Capital_Asset_Transfer__c,DefaultOff
01PRo00000AOdZIMA1,0PSRo0000005rDNOAY,Intercompany_Transfer__c,DefaultOff
01PRo00000AOdZeMAL,0PSRo0000007CE9OAM,Field_Service_Engineer__c,DefaultOff
01PRo00000AOdZpMAL,0PSRo0000007CE9OAM,standard-EngagementTopic,DefaultOff
01PRo00000AOdZtMAL,0PSRo0000007CE9OAM,Warranty__c,DefaultOff
01PRo00000AOdZwMAL,0PSRo0000007CE9OAM,Technician_Ship_Location__c,DefaultOff
01PRo00000AOda0MAD,0PSRo0000007CE9OAM,Tech_Ship_Location_Junction__c,DefaultOff
01PRo00000AOdaIMAT,0PSRo0000007CE9OAM,Loaner_Asset__c,DefaultOff
01PRo00000AOdaPMAT,0PSRo0000007CE9OAM,Review_Status__c,DefaultOff
01PRo00000AOdabMAD,0PSRo0000007CE9OAM,Capital_Asset_Transfer__c,DefaultOff
01PRo00000AOdbKMAT,0PSRo0000007CE9OAM,Sourcing_Request_Item__c,DefaultOff
01PRo00000AOdbUMAT,0PSRo0000007CE9OAM,Intercompany_Transfer__c,DefaultOff
01PRo00000AOdbgMAD,0PSRo0000007CE9OAM,standard-EngagementAttendee,DefaultOff
01PRo00000AOdc5MAD,0PSRo0000007CE9OAM,standard-EngagementInteraction,DefaultOff
01PRo00000AOdcRMAT,0PSRo0000007CE9OAM,standard-CmsAuthorHome,DefaultOff
01PRo00000AOdgIMAT,0PSU00000009Kj9OAE,Field_Service_Engineer__c,DefaultOff
01PRo00000AOdgLMAT,0PSU00000009Kj9OAE,standard-StreamingChannel,DefaultOff
01PRo00000AOdgUMAT,0PSU00000009Kj9OAE,standard-EngagementTopic,DefaultOff
01PRo00000AOdgXMAT,0PSU00000009Kj9OAE,Warranty__c,DefaultOff
01PRo00000AOdgZMAT,0PSU00000009Kj9OAE,Technician_Ship_Location__c,DefaultOff
01PRo00000AOdgaMAD,0PSU00000009Kj9OAE,Dashboard_Page,DefaultOff
01PRo00000AOdgbMAD,0PSU00000009Kj9OAE,Tech_Ship_Location_Junction__c,DefaultOff
01PRo00000AOdgrMAD,0PSU00000009Kj9OAE,Loaner_Asset__c,DefaultOff
01PRo00000AOdgtMAD,0PSU00000009Kj9OAE,Equipment__c,DefaultOff
01PRo00000AOdh2MAD,0PSU00000009Kj9OAE,Product_Repair__c,DefaultOff
01PRo00000AOdh8MAD,0PSU00000009Kj9OAE,Capital_Asset_Transfer__c,DefaultOff
01PRo00000AOdhLMAT,0PSU00000009Kj9OAE,standard-Chatter,DefaultOff
01PRo00000AOdhcMAD,0PSU00000009Kj9OAE,Training_Class__c,DefaultOff
01PRo00000AOdhjMAD,0PSU00000009Kj9OAE,zkmulti__Pickup_Custom_Address_Source__c,DefaultOff
01PRo00000AOdhmMAD,0PSU00000009Kj9OAE,zkmulti__MCPickup__c,DefaultOff
01PRo00000AOdi7MAD,0PSU00000009Kj9OAE,Intercompany_Transfer__c,DefaultOff
01PRo00000AOdiLMAT,0PSU00000009Kj9OAE,standard-EngagementAttendee,DefaultOff
01PRo00000AOdihMAD,0PSU00000009Kj9OAE,standard-EngagementInteraction,DefaultOff
01PRo00000AOdipMAD,0PSU00000009Kj9OAE,standard-Macro,DefaultOff
01PRo00000AOdiqMAD,0PSU00000009Kj9OAE,FSL_Flow_Launch_Record__c,DefaultOff
01PRo00000AOdj0MAD,0PSU00000009Kj9OAE,standard-CmsAuthorHome,DefaultOff
01PRo00000AOdjPMAT,0PSU0000000OJT7OAO,standard-Document,DefaultOff
01PRo00000AOdjYMAT,0PSU0000000OJT7OAO,Field_Service_Engineer__c,DefaultOff
01PRo00000AOdjmMAD,0PSU0000000OJT7OAO,standard-EngagementTopic,DefaultOff
01PRo00000AOdjqMAD,0PSU0000000OJT7OAO,Warranty__c,DefaultOff
01PRo00000AOdjuMAD,0PSU0000000OJT7OAO,Technician_Ship_Location__c,DefaultOff
01PRo00000AOdjwMAD,0PSU0000000OJT7OAO,Dashboard_Page,DefaultOff
01PRo00000AOdjyMAD,0PSU0000000OJT7OAO,Tech_Ship_Location_Junction__c,DefaultOff
01PRo00000AOdkMMAT,0PSU0000000OJT7OAO,Loaner_Asset__c,DefaultOff
01PRo00000AOdkPMAT,0PSU0000000OJT7OAO,Equipment__c,DefaultOff
01PRo00000AOdkWMAT,0PSU0000000OJT7OAO,Review_Status__c,DefaultOff
01PRo00000AOdkcMAD,0PSU0000000OJT7OAO,Product_Repair__c,DefaultOff
01PRo00000AOdkjMAD,0PSU0000000OJT7OAO,Capital_Asset_Transfer__c,DefaultOff
01PRo00000AOdlkMAD,0PSU0000000OJT7OAO,Sourcing_Request_Item__c,DefaultOff
01PRo00000AOdlwMAD,0PSU0000000OJT7OAO,Intercompany_Transfer__c,DefaultOff
01PRo00000AOdmBMAT,0PSU0000000OJT7OAO,standard-EngagementAttendee,DefaultOff
01PRo00000AOdmfMAD,0PSU0000000OJT7OAO,standard-EngagementInteraction,DefaultOff
01PRo00000AOdn8MAD,0PSU0000000OJT7OAO,standard-Contact,DefaultOff
01PRo00000AOdnLMAT,0PSU0000000OJT7OAO,ProductTest__c,DefaultOff
01PRo00000AOdnkMAD,0PSU0000000OKzxOAG,Field_Service_Engineer__c,DefaultOff
01PRo00000AOdnyMAD,0PSU0000000OKzxOAG,standard-EngagementTopic,DefaultOff
01PRo00000AOdo2MAD,0PSU0000000OKzxOAG,Warranty__c,DefaultOff
01PRo00000AOdo5MAD,0PSU0000000OKzxOAG,Technician_Ship_Location__c,DefaultOff
01PRo00000AOdo7MAD,0PSU0000000OKzxOAG,Dashboard_Page,DefaultOff
01PRo00000AOdo9MAD,0PSU0000000OKzxOAG,Tech_Ship_Location_Junction__c,DefaultOff
01PRo00000AOdobMAD,0PSU0000000OKzxOAG,Loaner_Asset__c,DefaultOff
01PRo00000AOdoeMAD,0PSU0000000OKzxOAG,Equipment__c,DefaultOff
01PRo00000AOdolMAD,0PSU0000000OKzxOAG,Review_Status__c,DefaultOff
01PRo00000AOdorMAD,0PSU0000000OKzxOAG,Product_Repair__c,DefaultOff
01PRo00000AOdoyMAD,0PSU0000000OKzxOAG,Capital_Asset_Transfer__c,DefaultOff
01PRo00000AOdqMMAT,0PSU0000000OKzxOAG,Intercompany_Transfer__c,DefaultOff
01PRo00000AOdqbMAD,0PSU0000000OKzxOAG,standard-EngagementAttendee,DefaultOff
01PRo00000AOdqrMAD,0PSU0000000OKzxOAG,Change_Log__c,DefaultOff
01PRo00000AOdr8MAD,0PSU0000000OKzxOAG,standard-EngagementInteraction,DefaultOff
01PRo00000AOdrcMAD,0PSU0000000OKzxOAG,standard-CmsAuthorHome,DefaultOff
01PRo00000AOdrrMAD,0PSU0000000OKzxOAG,ProductTest__c,DefaultOff
01PRo00000AOdsBMAT,0PSU0000000OMREOA4,Field_Service_Engineer__c,DefaultOff
01PRo00000AOdsCMAT,0PSU0000000OMREOA4,standard-StreamingChannel,DefaultOff
01PRo00000AOdsLMAT,0PSU0000000OMREOA4,standard-EngagementTopic,DefaultOff
01PRo00000AOdsOMAT,0PSU0000000OMREOA4,Warranty__c,DefaultOff
01PRo00000AOdsRMAT,0PSU0000000OMREOA4,Dashboard_Page,DefaultOff
01PRo00000AOdsSMAT,0PSU0000000OMREOA4,Tech_Ship_Location_Junction__c,DefaultOff
01PRo00000AOdslMAD,0PSU0000000OMREOA4,Equipment__c,DefaultOff
01PRo00000AOdssMAD,0PSU0000000OMREOA4,Review_Status__c,DefaultOff
01PRo00000AOdsvMAD,0PSU0000000OMREOA4,Product_Repair__c,DefaultOff
01PRo00000AOdt1MAD,0PSU0000000OMREOA4,Capital_Asset_Transfer__c,DefaultOff
01PRo00000AOdtaMAD,0PSU0000000OMREOA4,zkmulti__MCShipment__c,DefaultOff
01PRo00000AOdtyMAD,0PSU0000000OMREOA4,Intercompany_Transfer__c,DefaultOff
01PRo00000AOduCMAT,0PSU0000000OMREOA4,standard-EngagementAttendee,DefaultOff
01PRo00000AOduOMAT,0PSU0000000OMREOA4,Change_Log__c,DefaultOff
01PRo00000AOduZMAT,0PSU0000000OMREOA4,standard-EngagementInteraction,DefaultOff
01PRo00000AOdupMAD,0PSU0000000OMREOA4,standard-CmsAuthorHome,DefaultOff
01PRo00000AOdv0MAD,0PSU0000000OMREOA4,ProductTest__c,DefaultOff
01PRo00000AOdvPMAT,0PSU0000000ORDhOAO,Field_Service_Engineer__c,DefaultOff
01PRo00000AOdvSMAT,0PSU0000000ORDhOAO,standard-StreamingChannel,DefaultOff
01PRo00000AOdveMAD,0PSU0000000ORDhOAO,standard-EngagementTopic,DefaultOff
01PRo00000AOdviMAD,0PSU0000000ORDhOAO,Warranty__c,DefaultOff
01PRo00000AOdvlMAD,0PSU0000000ORDhOAO,Technician_Ship_Location__c,DefaultOff
01PRo00000AOdvnMAD,0PSU0000000ORDhOAO,Dashboard_Page,DefaultOff
01PRo00000AOdvpMAD,0PSU0000000ORDhOAO,Tech_Ship_Location_Junction__c,DefaultOff
01PRo00000AOdwHMAT,0PSU0000000ORDhOAO,Loaner_Asset__c,DefaultOff
01PRo00000AOdwKMAT,0PSU0000000ORDhOAO,Equipment__c,DefaultOff
01PRo00000AOdwQMAT,0PSU0000000ORDhOAO,Review_Status__c,DefaultOff
01PRo00000AOdwWMAT,0PSU0000000ORDhOAO,Product_Repair__c,DefaultOff
01PRo00000AOdwdMAD,0PSU0000000ORDhOAO,Capital_Asset_Transfer__c,DefaultOff
01PRo00000AOdzQMAT,0PSU0000000ORDhOAO,Sourcing_Request_Item__c,DefaultOff
01PRo00000AOdzdMAD,0PSU0000000ORDhOAO,Intercompany_Transfer__c,DefaultOff
01PRo00000AOdzrMAD,0PSU0000000ORDhOAO,standard-EngagementAttendee,DefaultOff
01PRo00000AOe07MAD,0PSU0000000ORDhOAO,Change_Log__c,DefaultOff
01PRo00000AOe0OMAT,0PSU0000000ORDhOAO,standard-EngagementInteraction,DefaultOff
01PRo00000AOe0sMAD,0PSU0000000ORDhOAO,standard-CmsAuthorHome,DefaultOff
01PRo00000AOe17MAD,0PSU0000000ORDhOAO,ProductTest__c,DefaultOff
01PRo00000AOe5tMAD,0PSU0000000SUL2OAO,Field_Service_Engineer__c,DefaultOff
01PRo00000AOe5wMAD,0PSU0000000SUL2OAO,standard-StreamingChannel,DefaultOff
01PRo00000AOe68MAD,0PSU0000000SUL2OAO,standard-EngagementTopic,DefaultOff
01PRo00000AOe6BMAT,0PSU0000000SUL2OAO,standard-Employee,DefaultOff
01PRo00000AOe6DMAT,0PSU0000000SUL2OAO,Warranty__c,DefaultOff
01PRo00000AOe6HMAT,0PSU0000000SUL2OAO,Technician_Ship_Location__c,DefaultOff
01PRo00000AOe6JMAT,0PSU0000000SUL2OAO,Dashboard_Page,DefaultOff
01PRo00000AOe6LMAT,0PSU0000000SUL2OAO,Tech_Ship_Location_Junction__c,DefaultOff
01PRo00000AOe6pMAD,0PSU0000000SUL2OAO,Loaner_Asset__c,DefaultOff
01PRo00000AOe6sMAD,0PSU0000000SUL2OAO,Equipment__c,DefaultOff
01PRo00000AOe70MAD,0PSU0000000SUL2OAO,Review_Status__c,DefaultOff
01PRo00000AOe75MAD,0PSU0000000SUL2OAO,Product_Repair__c,DefaultOff
01PRo00000AOe7DMAT,0PSU0000000SUL2OAO,Capital_Asset_Transfer__c,DefaultOff
01PRo00000AOe7XMAT,0PSU0000000SUL2OAO,standard-ServiceContract,DefaultOff
01PRo00000AOe7eMAD,0PSU0000000SUL2OAO,standard-Entitlement,DefaultOff
01PRo00000AOe87MAD,0PSU0000000SUL2OAO,standard-EmpUserProvisioningProcess,DefaultOff
01PRo00000AOe8QMAT,0PSU0000000SUL2OAO,Sourcing_Request_Item__c,DefaultOff
01PRo00000AOe8cMAD,0PSU0000000SUL2OAO,standard-ProcessException,DefaultOff
01PRo00000AOe8eMAD,0PSU0000000SUL2OAO,Intercompany_Transfer__c,DefaultOff
01PRo00000AOe8uMAD,0PSU0000000SUL2OAO,standard-EngagementAttendee,DefaultOff
01PRo00000AOe9EMAT,0PSU0000000SUL2OAO,standard-ActionPlanTemplate,DefaultOff
01PRo00000AOe9JMAT,0PSU0000000SUL2OAO,standard-ActionPlan,DefaultOff
01PRo00000AOe9RMAT,0PSU0000000SUL2OAO,standard-EngagementInteraction,DefaultOff
01PRo00000AOe9wMAD,0PSU0000000SUL2OAO,standard-CmsAuthorHome,DefaultOff
01PRo00000AOeA1MAL,0PSU0000000SUL2OAO,standard-InternalOrganizationUnit,DefaultOff
01PRo00000AOeADMA1,0PSU0000000SUL2OAO,ProductTest__c,DefaultOff
01PRo00000AOeAeMAL,0PSU0000000SUL3OAO,Field_Service_Engineer__c,DefaultOff
01PRo00000AOeAwMAL,0PSU0000000SUL3OAO,standard-EngagementTopic,DefaultOff
01PRo00000AOeB0MAL,0PSU0000000SUL3OAO,Warranty__c,DefaultOff
01PRo00000AOeB5MAL,0PSU0000000SUL3OAO,Technician_Ship_Location__c,DefaultOff
01PRo00000AOeB7MAL,0PSU0000000SUL3OAO,Dashboard_Page,DefaultOff
01PRo00000AOeB9MAL,0PSU0000000SUL3OAO,Tech_Ship_Location_Junction__c,DefaultOff
01PRo00000AOeBHMA1,0PSU0000000SUL3OAO,standard-SocialPost,DefaultOff
01PRo00000AOeBkMAL,0PSU0000000SUL3OAO,Loaner_Asset__c,DefaultOff
01PRo00000AOeBnMAL,0PSU0000000SUL3OAO,Equipment__c,DefaultOff
01PRo00000AOeBwMAL,0PSU0000000SUL3OAO,Review_Status__c,DefaultOff
01PRo00000AOeC2MAL,0PSU0000000SUL3OAO,Product_Repair__c,DefaultOff
01PRo00000AOeCBMA1,0PSU0000000SUL3OAO,Capital_Asset_Transfer__c,DefaultOff
01PRo00000AOeCIMA1,0PSU0000000SUL3OAO,standard-Forecasting3,DefaultOff
01PRo00000AOeDkMAL,0PSU0000000SUL3OAO,Sourcing_Request_Item__c,DefaultOff
01PRo00000AOeDxMAL,0PSU0000000SUL3OAO,standard-ProcessException,DefaultOff
01PRo00000AOeDzMAL,0PSU0000000SUL3OAO,Intercompany_Transfer__c,DefaultOff
01PRo00000AOeEGMA1,0PSU0000000SUL3OAO,standard-EngagementAttendee,DefaultOff
01PRo00000AOeEQMA1,0PSU0000000SUL3OAO,standard-SocialPersona,DefaultOff
01PRo00000AOeEoMAL,0PSU0000000SUL3OAO,standard-EngagementInteraction,DefaultOff
01PRo00000AOeF0MAL,0PSU0000000SUL3OAO,standard-Macro,DefaultOff
01PRo00000AOeFPMA1,0PSU0000000SUL3OAO,standard-CmsAuthorHome,DefaultOff
01PRo00000AOeFjMAL,0PSU0000000SUL3OAO,ProductTest__c,DefaultOff
01PRo00000AOeGBMA1,0PSU0000000SUL4OAO,Field_Service_Engineer__c,DefaultOff
01PRo00000AOeGTMA1,0PSU0000000SUL4OAO,standard-EngagementTopic,DefaultOff
01PRo00000AOeGWMA1,0PSU0000000SUL4OAO,standard-Employee,DefaultOff
01PRo00000AOeGYMA1,0PSU0000000SUL4OAO,Warranty__c,DefaultOff
01PRo00000AOeGdMAL,0PSU0000000SUL4OAO,Technician_Ship_Location__c,DefaultOff
01PRo00000AOeGfMAL,0PSU0000000SUL4OAO,Dashboard_Page,DefaultOff
01PRo00000AOeGhMAL,0PSU0000000SUL4OAO,Tech_Ship_Location_Junction__c,DefaultOff
01PRo00000AOeGrMAL,0PSU0000000SUL4OAO,standard-SocialPost,DefaultOff
01PRo00000AOeHKMA1,0PSU0000000SUL4OAO,Loaner_Asset__c,DefaultOff
01PRo00000AOeHNMA1,0PSU0000000SUL4OAO,Equipment__c,DefaultOff
01PRo00000AOeHWMA1,0PSU0000000SUL4OAO,Review_Status__c,DefaultOff
01PRo00000AOeHbMAL,0PSU0000000SUL4OAO,Product_Repair__c,DefaultOff
01PRo00000AOeHlMAL,0PSU0000000SUL4OAO,Capital_Asset_Transfer__c,DefaultOff
01PRo00000AOeHsMAL,0PSU0000000SUL4OAO,standard-Forecasting3,DefaultOff
01PRo00000AOeIzMAL,0PSU0000000SUL4OAO,standard-EmpUserProvisioningProcess,DefaultOff
01PRo00000AOeJMMA1,0PSU0000000SUL4OAO,Sourcing_Request_Item__c,DefaultOff
01PRo00000AOeJZMA1,0PSU0000000SUL4OAO,standard-ProcessException,DefaultOff
01PRo00000AOeJbMAL,0PSU0000000SUL4OAO,Intercompany_Transfer__c,DefaultOff
01PRo00000AOeJtMAL,0PSU0000000SUL4OAO,standard-EngagementAttendee,DefaultOff
01PRo00000AOeK3MAL,0PSU0000000SUL4OAO,standard-SocialPersona,DefaultOff
01PRo00000AOeKGMA1,0PSU0000000SUL4OAO,standard-ActionPlanTemplate,DefaultOff
01PRo00000AOeKMMA1,0PSU0000000SUL4OAO,standard-ActionPlan,DefaultOff
01PRo00000AOeKUMA1,0PSU0000000SUL4OAO,standard-EngagementInteraction,DefaultOff
01PRo00000AOeKgMAL,0PSU0000000SUL4OAO,standard-Macro,DefaultOff
01PRo00000AOeL6MAL,0PSU0000000SUL4OAO,standard-CmsAuthorHome,DefaultOff
01PRo00000AOeLFMA1,0PSU0000000SUL4OAO,standard-InternalOrganizationUnit,DefaultOff
01PRo00000AOeLRMA1,0PSU0000000SUL4OAO,ProductTest__c,DefaultOff
01PRo00000AOeLrMAL,0PSU0000000SUL5OAO,Field_Service_Engineer__c,DefaultOff
01PRo00000AOeM6MAL,0PSU0000000SUL5OAO,standard-EngagementTopic,DefaultOff
01PRo00000AOeM9MAL,0PSU0000000SUL5OAO,standard-Employee,DefaultOff
01PRo00000AOeMBMA1,0PSU0000000SUL5OAO,Warranty__c,DefaultOff
01PRo00000AOeMEMA1,0PSU0000000SUL5OAO,Technician_Ship_Location__c,DefaultOff
01PRo00000AOeMGMA1,0PSU0000000SUL5OAO,Dashboard_Page,DefaultOff
01PRo00000AOeMIMA1,0PSU0000000SUL5OAO,Tech_Ship_Location_Junction__c,DefaultOff
01PRo00000AOeMRMA1,0PSU0000000SUL5OAO,standard-SocialPost,DefaultOff
01PRo00000AOeMoMAL,0PSU0000000SUL5OAO,Loaner_Asset__c,DefaultOff
01PRo00000AOeMrMAL,0PSU0000000SUL5OAO,Equipment__c,DefaultOff
01PRo00000AOeMyMAL,0PSU0000000SUL5OAO,Review_Status__c,DefaultOff
01PRo00000AOeN3MAL,0PSU0000000SUL5OAO,Product_Repair__c,DefaultOff
01PRo00000AOeNBMA1,0PSU0000000SUL5OAO,Capital_Asset_Transfer__c,DefaultOff
01PRo00000AOeNHMA1,0PSU0000000SUL5OAO,standard-Forecasting3,DefaultOff
01PRo00000AOeNXMA1,0PSU0000000SUL5OAO,standard-ServiceContract,DefaultOff
01PRo00000AOeNdMAL,0PSU0000000SUL5OAO,standard-Entitlement,DefaultOff
01PRo00000AOeO8MAL,0PSU0000000SUL5OAO,standard-EmpUserProvisioningProcess,DefaultOff
01PRo00000AOeOTMA1,0PSU0000000SUL5OAO,Sourcing_Request_Item__c,DefaultOff
01PRo00000AOeOgMAL,0PSU0000000SUL5OAO,standard-ProcessException,DefaultOff
01PRo00000AOeOiMAL,0PSU0000000SUL5OAO,Intercompany_Transfer__c,DefaultOff
01PRo00000AOeOyMAL,0PSU0000000SUL5OAO,standard-EngagementAttendee,DefaultOff
01PRo00000AOeP7MAL,0PSU0000000SUL5OAO,standard-SocialPersona,DefaultOff
01PRo00000AOePFMA1,0PSU0000000SUL5OAO,Change_Log__c,DefaultOff
01PRo00000AOePKMA1,0PSU0000000SUL5OAO,standard-ActionPlanTemplate,DefaultOff
01PRo00000AOePQMA1,0PSU0000000SUL5OAO,standard-ActionPlan,DefaultOff
01PRo00000AOePYMA1,0PSU0000000SUL5OAO,standard-EngagementInteraction,DefaultOff
01PRo00000AOePiMAL,0PSU0000000SUL5OAO,standard-Macro,DefaultOff
01PRo00000AOeQ4MAL,0PSU0000000SUL5OAO,standard-CmsAuthorHome,DefaultOff
01PRo00000AOeQ9MAL,0PSU0000000SUL5OAO,standard-InternalOrganizationUnit,DefaultOff
01PRo00000AOeQLMA1,0PSU0000000SUL5OAO,ProductTest__c,DefaultOff
01PRo00000AOeQmMAL,0PSU0000000SUL6OAO,Field_Service_Engineer__c,DefaultOff
01PRo00000AOeR4MAL,0PSU0000000SUL6OAO,standard-EngagementTopic,DefaultOff
01PRo00000AOeR7MAL,0PSU0000000SUL6OAO,standard-Employee,DefaultOff
01PRo00000AOeR9MAL,0PSU0000000SUL6OAO,Warranty__c,DefaultOff
01PRo00000AOeREMA1,0PSU0000000SUL6OAO,Technician_Ship_Location__c,DefaultOff
01PRo00000AOeRGMA1,0PSU0000000SUL6OAO,Dashboard_Page,DefaultOff
01PRo00000AOeRIMA1,0PSU0000000SUL6OAO,Tech_Ship_Location_Junction__c,DefaultOff
01PRo00000AOeRSMA1,0PSU0000000SUL6OAO,standard-SocialPost,DefaultOff
01PRo00000AOeRvMAL,0PSU0000000SUL6OAO,Loaner_Asset__c,DefaultOff
01PRo00000AOeRyMAL,0PSU0000000SUL6OAO,Equipment__c,DefaultOff
01PRo00000AOeS7MAL,0PSU0000000SUL6OAO,Review_Status__c,DefaultOff
01PRo00000AOeSCMA1,0PSU0000000SUL6OAO,Product_Repair__c,DefaultOff
01PRo00000AOeSMMA1,0PSU0000000SUL6OAO,Capital_Asset_Transfer__c,DefaultOff
01PRo00000AOeSTMA1,0PSU0000000SUL6OAO,standard-Forecasting3,DefaultOff
01PRo00000AOeTaMAL,0PSU0000000SUL6OAO,standard-EmpUserProvisioningProcess,DefaultOff
01PRo00000AOeTxMAL,0PSU0000000SUL6OAO,Sourcing_Request_Item__c,DefaultOff
01PRo00000AOeUAMA1,0PSU0000000SUL6OAO,standard-ProcessException,DefaultOff
01PRo00000AOeUCMA1,0PSU0000000SUL6OAO,Intercompany_Transfer__c,DefaultOff
01PRo00000AOeUUMA1,0PSU0000000SUL6OAO,standard-EngagementAttendee,DefaultOff
01PRo00000AOeUeMAL,0PSU0000000SUL6OAO,standard-SocialPersona,DefaultOff
01PRo00000AOeUqMAL,0PSU0000000SUL6OAO,standard-ActionPlanTemplate,DefaultOff
01PRo00000AOeUrMAL,0PSU0000000SUL6OAO,standard-Order,DefaultOff
01PRo00000AOeUwMAL,0PSU0000000SUL6OAO,standard-ActionPlan,DefaultOff
01PRo00000AOeV4MAL,0PSU0000000SUL6OAO,standard-EngagementInteraction,DefaultOff
01PRo00000AOeVGMA1,0PSU0000000SUL6OAO,standard-Macro,DefaultOff
01PRo00000AOeVgMAL,0PSU0000000SUL6OAO,standard-CmsAuthorHome,DefaultOff
01PRo00000AOeVpMAL,0PSU0000000SUL6OAO,standard-InternalOrganizationUnit,DefaultOff
01PRo00000AOeW1MAL,0PSU0000000SUL6OAO,ProductTest__c,DefaultOff
01PRo00000Am2zeMAB,0PS5b000000HjV3GAK,standard-Campaign,DefaultOff
01PRo00000Am2zwMAB,0PS5b000000HjV3GAK,standard-EngagementAttendee,DefaultOff
01PRo00000Am2zxMAB,0PS5b000000HjV3GAK,standard-EngagementInteraction,DefaultOff
01PRo00000Am2zyMAB,0PS5b000000HjV3GAK,standard-EngagementTopic,DefaultOff
01PRo00000Am30iMAB,0PS5b000000HjV3GAK,standard-StreamingChannel,DefaultOff
01PRo00000Am30nMAB,0PS5b000000HjV3GAK,standard-WaveHomeLightning,DefaultOff
01PRo00000Am30oMAB,0PS5b000000HjV3GAK,standard-WorkOrder,DefaultOff
01PRo00000Am30yMAB,0PS5b000000HjV3GAK,ProductTest__c,DefaultOff
01PRo00000Am311MAB,0PS5b000000HjV3GAK,Review_Status__c,DefaultOff
01PRo00000Am31BMAR,0PS5b000000HjV3GAK,Product_Repair__c,DefaultOff
01PRo00000Am31CMAR,0PS5b000000HjV3GAK,Equipment__c,DefaultOff
01PRo00000Am31OMAR,0PS5b000000HjV3GAK,Master_Draw__c,DefaultOff
01PRo00000Am31PMAR,0PS5b000000HjV3GAK,Loaner_Asset__c,DefaultOff
01PRo00000Am31RMAR,0PS5b000000HjV3GAK,Loaner__c,DefaultOff
01PRo00000Am31ZMAR,0PS5b000000HjV3GAK,Custom_Satisfaction_Survey__c,DefaultOff
01PRo00000Am31bMAB,0PS5b000000HjV3GAK,Warranty__c,DefaultOff
01PRo00000Am31hMAB,0PS5b000000HjV3GAK,Field_Service_Engineer__c,DefaultOff
01PRo00000Am31vMAB,0PS5b000000HjV3GAK,Change_Log__c,DefaultOff
01PRo00000Am320MAB,0PS5b000000HjV3GAK,Technician_Ship_Location__c,DefaultOff
01PRo00000Am321MAB,0PS5b000000HjV3GAK,Tech_Ship_Location_Junction__c,DefaultOff
01PRo00000Am329MAB,0PS5b000000HjV3GAK,AVA_SFCLOUD__AvaTax_Mapping__c,DefaultOff
01PRo00000Am32DMAR,0PS5b000000HjV3GAK,Intercompany_Transfer__c,DefaultOff
01PRo00000Am32EMAR,0PS5b000000HjV3GAK,Capital_Asset_Transfer__c,DefaultOff
01PRo00000ArVb3MAF,0PSRo000000CNotOAG,standard-ExpressionSet,DefaultOff
01PRo00000ArVcfMAF,0PSRo000000CNosOAG,standard-ExpressionSet,DefaultOff
01PRo00000Asm6lMAB,0PS0B000000b7CfWAI,Document_Review__c,DefaultOff
01PRo00000Asm6mMAB,0PS5b000001QDdhGAG,Document_Review__c,DefaultOff
01PRo00000Asm6nMAB,0PS5b000001QDdiGAG,Document_Review__c,DefaultOff
01PRo00000Asm6oMAB,0PSRo0000005rDNOAY,Document_Review__c,DefaultOff
01PRo00000Asm6pMAB,0PS0B000000b6FJWAY,Document_Review__c,DefaultOff
01PRo00000Asm6qMAB,0PS5b000001QDXoGAO,Document_Review__c,DefaultOff
01PRo00000Asm6rMAB,0PS0B000000b7tlWAA,Document_Review__c,DefaultOff
01PRo00000Asm6tMAB,0PS5b000000HjV3GAK,Document_Review__c,DefaultOff
01PRo00000Asm6vMAB,0PS0B000000b4wuWAA,Document_Review__c,DefaultOff
01PRo00000Asm6wMAB,0PS0B000000b5yhWAA,Document_Review__c,DefaultOff
01PRo00000Asm6xMAB,0PSU0000000SUL6OAO,Document_Review__c,DefaultOff
01PRo00000Asm6yMAB,0PSRo0000003KDVOA2,Document_Review__c,DefaultOff
01PRo00000Asm6zMAB,0PS0B000000b4dTWAQ,Document_Review__c,DefaultOff
01PRo00000Asm71MAB,0PS5b000000HjVNGA0,Document_Review__c,DefaultOff
01PRo00000Asm72MAB,0PSU0000000ORDhOAO,Document_Review__c,DefaultOff
01PRo00000Asm73MAB,0PSU0000000OJT7OAO,Document_Review__c,DefaultOff
01PRo00000Asm74MAB,0PS5b000000HhLaGAK,Document_Review__c,DefaultOff
01PRo00000Asm75MAB,0PSRo00000052QzOAI,Document_Review__c,DefaultOff
01PRo00000Asm76MAB,0PS4O000000zpdaWAA,Document_Review__c,DefaultOff
01PRo00000Asm77MAB,0PS5b000000DhJ5GAK,Document_Review__c,DefaultOff
01PRo00000Asm78MAB,0PS5b000000HjVhGAK,Document_Review__c,DefaultOff
01PRo00000Asm79MAB,0PS5b000000HjUyGAK,Document_Review__c,DefaultOff
01PRo00000Asm7AMAR,0PS0B000000icB2WAI,Document_Review__c,DefaultOff
01PRo00000Asm7BMAR,0PS4O000000WtUHWA0,Document_Review__c,DefaultOff
01PRo00000Asm7CMAR,0PSU0000000SUL5OAO,Document_Review__c,DefaultOff
01PRo00000Asm7DMAR,0PS5b000000HjYRGA0,Document_Review__c,DefaultOff
01PRo00000Asm7EMAR,0PSRo0000000uQPOAY,Document_Review__c,DefaultOff
01PRo00000Asm7FMAR,0PS4O000000vLJgWAM,Document_Review__c,DefaultOff
01PRo00000Asm7GMAR,0PS0B000000b7ECWAY,Document_Review__c,DefaultOff
01PRo00000Asm7HMAR,0PS0B000000b6MFWAY,Document_Review__c,DefaultOff
01PRo00000Asm7IMAR,0PSRo0000007CE9OAM,Document_Review__c,DefaultOff
01PRo00000Asm7JMAR,0PS5b000000HjVSGA0,Document_Review__c,DefaultOff
01PRo00000Asm7LMAR,0PSU0000000OKzxOAG,Document_Review__c,DefaultOff
01PRo00000Asm7MMAR,0PS0B000000b4UMWAY,Document_Review__c,DefaultOff
01PRo00000Asm7NMAR,0PS0B000000icDDWAY,Document_Review__c,DefaultOff
01PRo00000Asm7PMAR,0PS0B000000b4dnWAA,Document_Review__c,DefaultOff
01PRo00000Asm7RMAR,0PSU0000000SUL3OAO,Document_Review__c,DefaultOff
01PRo00000Asm7SMAR,0PS0B000000b6NNWAY,Document_Review__c,DefaultOff
01PRo00000Asm7TMAR,0PS5b000000Hk7WGAS,Document_Review__c,DefaultOff
01PRo00000Asm7UMAR,0PS0B000000ic4uWAA,Document_Review__c,DefaultOff
01PRo00000Asm7WMAR,0PS5b000001V0jhGAC,Document_Review__c,DefaultOff
01PRo00000Asm7XMAR,0PS5b000000Hk2rGAC,Document_Review__c,DefaultOff
01PRo00000Asm7YMAR,0PS5b000000Hk2qGAC,Document_Review__c,DefaultOff
01PRo00000Asm7aMAB,0PSU0000000OMREOA4,Document_Review__c,DefaultOff
01PRo00000Asm7bMAB,0PS0B000000b5SRWAY,Document_Review__c,DefaultOff
01PRo00000Asm7dMAB,0PS5b000000HitxGAC,Document_Review__c,DefaultOff
01PRo00000Asm7eMAB,0PSU0000000SUL4OAO,Document_Review__c,DefaultOff
01PRo00000Asm7fMAB,0PSRo0000004xEPOAY,Document_Review__c,DefaultOff
01PRo00000Asm7gMAB,0PSU0000000SUL2OAO,Document_Review__c,DefaultOff
01PRo00000Asm7hMAB,0PS4O000000vMZVWA2,Document_Review__c,DefaultOff
01PRo00000Asm7kMAB,0PSU00000009Kj9OAE,Document_Review__c,DefaultOff
01PRo00000Asm7lMAB,0PSRo0000003QlxOAE,Document_Review__c,DefaultOff
01PRo00000Asm7mMAB,0PS4O000000OaNjWAK,Document_Review__c,DefaultOff
01PRo00000B0uTjMAJ,0PS0B000000b7CfWAI,Change_Request__c,DefaultOff
01PRo00000B0uTkMAJ,0PS5b000001QDdhGAG,Change_Request__c,DefaultOff
01PRo00000B0uTlMAJ,0PS5b000001QDdiGAG,Change_Request__c,DefaultOff
01PRo00000B0uTmMAJ,0PSRo0000005rDNOAY,Change_Request__c,DefaultOff
01PRo00000B0uTnMAJ,0PS0B000000b6FJWAY,Change_Request__c,DefaultOff
01PRo00000B0uToMAJ,0PS5b000001QDXoGAO,Change_Request__c,DefaultOff
01PRo00000B0uTpMAJ,0PS0B000000b7tlWAA,Change_Request__c,DefaultOff
01PRo00000B0uTrMAJ,0PS5b000000HjV3GAK,Change_Request__c,DefaultOff
01PRo00000B0uTtMAJ,0PS0B000000b4wuWAA,Change_Request__c,DefaultOff
01PRo00000B0uTuMAJ,0PS0B000000b5yhWAA,Change_Request__c,DefaultOff
01PRo00000B0uTvMAJ,0PSU0000000SUL6OAO,Change_Request__c,DefaultOff
01PRo00000B0uTwMAJ,0PSRo0000003KDVOA2,Change_Request__c,DefaultOff
01PRo00000B0uTxMAJ,0PS0B000000b4dTWAQ,Change_Request__c,DefaultOff
01PRo00000B0uTzMAJ,0PS5b000000HjVNGA0,Change_Request__c,DefaultOff
01PRo00000B0uU0MAJ,0PSU0000000ORDhOAO,Change_Request__c,DefaultOff
01PRo00000B0uU1MAJ,0PSU0000000OJT7OAO,Change_Request__c,DefaultOff
01PRo00000B0uU2MAJ,0PS5b000000HhLaGAK,Change_Request__c,DefaultOff
01PRo00000B0uU3MAJ,0PSRo00000052QzOAI,Change_Request__c,DefaultOff
01PRo00000B0uU4MAJ,0PS4O000000zpdaWAA,Change_Request__c,DefaultOff
01PRo00000B0uU5MAJ,0PS5b000000DhJ5GAK,Change_Request__c,DefaultOff
01PRo00000B0uU6MAJ,0PS5b000000HjVhGAK,Change_Request__c,DefaultOff
01PRo00000B0uU7MAJ,0PS5b000000HjUyGAK,Change_Request__c,DefaultOff
01PRo00000B0uU8MAJ,0PS0B000000icB2WAI,Change_Request__c,DefaultOff
01PRo00000B0uU9MAJ,0PS4O000000WtUHWA0,Change_Request__c,DefaultOff
01PRo00000B0uUAMAZ,0PSU0000000SUL5OAO,Change_Request__c,DefaultOff
01PRo00000B0uUBMAZ,0PS5b000000HjYRGA0,Change_Request__c,DefaultOff
01PRo00000B0uUCMAZ,0PSRo0000000uQPOAY,Change_Request__c,DefaultOff
01PRo00000B0uUDMAZ,0PS4O000000vLJgWAM,Change_Request__c,DefaultOff
01PRo00000B0uUEMAZ,0PS0B000000b7ECWAY,Change_Request__c,DefaultOff
01PRo00000B0uUFMAZ,0PS0B000000b6MFWAY,Change_Request__c,DefaultOff
01PRo00000B0uUGMAZ,0PSRo0000007CE9OAM,Change_Request__c,DefaultOff
01PRo00000B0uUHMAZ,0PS5b000000HjVSGA0,Change_Request__c,DefaultOff
01PRo00000B0uUJMAZ,0PSU0000000OKzxOAG,Change_Request__c,DefaultOff
01PRo00000B0uUKMAZ,0PS0B000000b4UMWAY,Change_Request__c,DefaultOff
01PRo00000B0uULMAZ,0PS0B000000icDDWAY,Change_Request__c,DefaultOff
01PRo00000B0uUNMAZ,0PS0B000000b4dnWAA,Change_Request__c,DefaultOff
01PRo00000B0uUPMAZ,0PSU0000000SUL3OAO,Change_Request__c,DefaultOff
01PRo00000B0uUQMAZ,0PS0B000000b6NNWAY,Change_Request__c,DefaultOff
01PRo00000B0uURMAZ,0PS5b000000Hk7WGAS,Change_Request__c,DefaultOff
01PRo00000B0uUSMAZ,0PS0B000000ic4uWAA,Change_Request__c,DefaultOff
01PRo00000B0uUUMAZ,0PS5b000001V0jhGAC,Change_Request__c,DefaultOff
01PRo00000B0uUVMAZ,0PS5b000000Hk2rGAC,Change_Request__c,DefaultOff
01PRo00000B0uUWMAZ,0PS5b000000Hk2qGAC,Change_Request__c,DefaultOff
01PRo00000B0uUYMAZ,0PSU0000000OMREOA4,Change_Request__c,DefaultOff
01PRo00000B0uUZMAZ,0PS0B000000b5SRWAY,Change_Request__c,DefaultOff
01PRo00000B0uUbMAJ,0PS5b000000HitxGAC,Change_Request__c,DefaultOff
01PRo00000B0uUcMAJ,0PSU0000000SUL4OAO,Change_Request__c,DefaultOff
01PRo00000B0uUdMAJ,0PSRo0000004xEPOAY,Change_Request__c,DefaultOff
01PRo00000B0uUeMAJ,0PSU0000000SUL2OAO,Change_Request__c,DefaultOff
01PRo00000B0uUfMAJ,0PS4O000000vMZVWA2,Change_Request__c,DefaultOff
01PRo00000B0uUiMAJ,0PSU00000009Kj9OAE,Change_Request__c,DefaultOff
01PRo00000B0uUjMAJ,0PSRo0000003QlxOAE,Change_Request__c,DefaultOff
01PRo00000B0uUkMAJ,0PS4O000000OaNjWAK,Change_Request__c,DefaultOff
01PRo00000BAIYXMA5,0PSRo000000Ckn3OAC,ProductTest__c,DefaultOff
01PRo00000BAIYZMA5,0PSRo000000Ckn3OAC,Dashboard_Page,DefaultOff
01PRo00000BAIYaMAP,0PSRo000000Ckn3OAC,Review_Status__c,DefaultOff
01PRo00000BAIYcMAP,0PSRo000000Ckn3OAC,Sourcing_Request_Item__c,DefaultOff
01PRo00000BAIYkMAP,0PSRo000000Ckn3OAC,Product_Repair__c,DefaultOff
01PRo00000BAIYlMAP,0PSRo000000Ckn3OAC,Equipment__c,DefaultOff
01PRo00000BAIYwMAP,0PSRo000000Ckn3OAC,Loaner_Asset__c,DefaultOff
01PRo00000BAIZ6MAP,0PSRo000000Ckn3OAC,Warranty__c,DefaultOff
01PRo00000BAIZCMA5,0PSRo000000Ckn3OAC,Field_Service_Engineer__c,DefaultOff
01PRo00000BAIZUMA5,0PSRo000000Ckn3OAC,Technician_Ship_Location__c,DefaultOff
01PRo00000BAIZVMA5,0PSRo000000Ckn3OAC,Tech_Ship_Location_Junction__c,DefaultOff
01PRo00000BAIZhMAP,0PSRo000000Ckn3OAC,Intercompany_Transfer__c,DefaultOff
01PRo00000BAIZiMAP,0PSRo000000Ckn3OAC,Capital_Asset_Transfer__c,DefaultOff
01PRo00000BAIZmMAP,0PSRo000000Ckn3OAC,Document_Review__c,DefaultOff
01PRo00000BAIZnMAP,0PSRo000000Ckn3OAC,Change_Request__c,DefaultOff
01PRo00000BAIZyMAP,0PSRo000000Ckn3OAC,standard-ActionPlan,DefaultOff
01PRo00000BAIZzMAP,0PSRo000000Ckn3OAC,standard-ActionPlanTemplate,DefaultOff
01PRo00000BAKR9MAP,0PSRo000000Ckn3OAC,standard-CmsAuthorHome,DefaultOff
01PRo00000BAKRaMAP,0PSRo000000Ckn3OAC,standard-EmpUserProvisioningProcess,DefaultOff
01PRo00000BAKRbMAP,0PSRo000000Ckn3OAC,standard-Employee,DefaultOff
01PRo00000BAKRcMAP,0PSRo000000Ckn3OAC,standard-EngagementAttendee,DefaultOff
01PRo00000BAKRdMAP,0PSRo000000Ckn3OAC,standard-EngagementInteraction,DefaultOff
01PRo00000BAKRfMAP,0PSRo000000Ckn3OAC,standard-EngagementTopic,DefaultOff
01PRo00000BAKRiMAP,0PSRo000000Ckn3OAC,standard-Entitlement,DefaultOff
01PRo00000BAKS5MAP,0PSRo000000Ckn3OAC,standard-InternalOrganizationUnit,DefaultOff
01PRo00000BAKStMAP,0PSRo000000Ckn3OAC,standard-ProcessException,DefaultOff
01PRo00000BAKTLMA5,0PSRo000000Ckn3OAC,standard-ServiceContract,DefaultOff
01PRo00000BAKTRMA5,0PSRo000000Ckn3OAC,standard-StreamingChannel,DefaultOff
01PRo00000BAKX2MAP,0PS0B000000b7CfWAI,Disaster_Recovery_Project__c,DefaultOff
01PRo00000BAKX3MAP,0PS5b000001QDdhGAG,Disaster_Recovery_Project__c,DefaultOff
01PRo00000BAKX4MAP,0PS5b000001QDdiGAG,Disaster_Recovery_Project__c,DefaultOff
01PRo00000BAKX5MAP,0PSRo0000005rDNOAY,Disaster_Recovery_Project__c,DefaultOff
01PRo00000BAKX6MAP,0PS0B000000b6FJWAY,Disaster_Recovery_Project__c,DefaultOff
01PRo00000BAKX7MAP,0PS5b000001QDXoGAO,Disaster_Recovery_Project__c,DefaultOff
01PRo00000BAKX8MAP,0PS0B000000b7tlWAA,Disaster_Recovery_Project__c,DefaultOff
01PRo00000BAKXAMA5,0PS5b000000HjV3GAK,Disaster_Recovery_Project__c,DefaultOff
01PRo00000BAKXCMA5,0PS0B000000b4wuWAA,Disaster_Recovery_Project__c,DefaultOff
01PRo00000BAKXDMA5,0PS0B000000b5yhWAA,Disaster_Recovery_Project__c,DefaultOff
01PRo00000BAKXEMA5,0PSU0000000SUL6OAO,Disaster_Recovery_Project__c,DefaultOff
01PRo00000BAKXFMA5,0PSRo0000003KDVOA2,Disaster_Recovery_Project__c,DefaultOff
01PRo00000BAKXGMA5,0PS0B000000b4dTWAQ,Disaster_Recovery_Project__c,DefaultOff
01PRo00000BAKXIMA5,0PS5b000000HjVNGA0,Disaster_Recovery_Project__c,DefaultOff
01PRo00000BAKXJMA5,0PSU0000000ORDhOAO,Disaster_Recovery_Project__c,DefaultOff
01PRo00000BAKXKMA5,0PSU0000000OJT7OAO,Disaster_Recovery_Project__c,DefaultOff
01PRo00000BAKXLMA5,0PS5b000000HhLaGAK,Disaster_Recovery_Project__c,DefaultOff
01PRo00000BAKXMMA5,0PSRo00000052QzOAI,Disaster_Recovery_Project__c,DefaultOff
01PRo00000BAKXNMA5,0PS4O000000zpdaWAA,Disaster_Recovery_Project__c,DefaultOff
01PRo00000BAKXOMA5,0PS5b000000DhJ5GAK,Disaster_Recovery_Project__c,DefaultOff
01PRo00000BAKXPMA5,0PS5b000000HjVhGAK,Disaster_Recovery_Project__c,DefaultOff
01PRo00000BAKXQMA5,0PS5b000000HjUyGAK,Disaster_Recovery_Project__c,DefaultOff
01PRo00000BAKXRMA5,0PS0B000000icB2WAI,Disaster_Recovery_Project__c,DefaultOff
01PRo00000BAKXSMA5,0PS4O000000WtUHWA0,Disaster_Recovery_Project__c,DefaultOff
01PRo00000BAKXTMA5,0PSU0000000SUL5OAO,Disaster_Recovery_Project__c,DefaultOff
01PRo00000BAKXUMA5,0PSRo000000Ckn3OAC,Disaster_Recovery_Project__c,DefaultOff
01PRo00000BAKXVMA5,0PS5b000000HjYRGA0,Disaster_Recovery_Project__c,DefaultOff
01PRo00000BAKXWMA5,0PSRo0000000uQPOAY,Disaster_Recovery_Project__c,DefaultOff
01PRo00000BAKXXMA5,0PS4O000000vLJgWAM,Disaster_Recovery_Project__c,DefaultOff
01PRo00000BAKXYMA5,0PS0B000000b7ECWAY,Disaster_Recovery_Project__c,DefaultOff
01PRo00000BAKXZMA5,0PS0B000000b6MFWAY,Disaster_Recovery_Project__c,DefaultOff
01PRo00000BAKXaMAP,0PSRo0000007CE9OAM,Disaster_Recovery_Project__c,DefaultOff
01PRo00000BAKXbMAP,0PS5b000000HjVSGA0,Disaster_Recovery_Project__c,DefaultOff
01PRo00000BAKXdMAP,0PSU0000000OKzxOAG,Disaster_Recovery_Project__c,DefaultOff
01PRo00000BAKXeMAP,0PS0B000000b4UMWAY,Disaster_Recovery_Project__c,DefaultOff
01PRo00000BAKXfMAP,0PS0B000000icDDWAY,Disaster_Recovery_Project__c,DefaultOff
01PRo00000BAKXhMAP,0PS0B000000b4dnWAA,Disaster_Recovery_Project__c,DefaultOff
01PRo00000BAKXjMAP,0PSU0000000SUL3OAO,Disaster_Recovery_Project__c,DefaultOff
01PRo00000BAKXkMAP,0PS0B000000b6NNWAY,Disaster_Recovery_Project__c,DefaultOff
01PRo00000BAKXlMAP,0PS5b000000Hk7WGAS,Disaster_Recovery_Project__c,DefaultOff
01PRo00000BAKXmMAP,0PS0B000000ic4uWAA,Disaster_Recovery_Project__c,DefaultOff
01PRo00000BAKXoMAP,0PS5b000001V0jhGAC,Disaster_Recovery_Project__c,DefaultOff
01PRo00000BAKXpMAP,0PS5b000000Hk2rGAC,Disaster_Recovery_Project__c,DefaultOff
01PRo00000BAKXqMAP,0PS5b000000Hk2qGAC,Disaster_Recovery_Project__c,DefaultOff
01PRo00000BAKXsMAP,0PSU0000000OMREOA4,Disaster_Recovery_Project__c,DefaultOff
01PRo00000BAKXtMAP,0PS0B000000b5SRWAY,Disaster_Recovery_Project__c,DefaultOff
01PRo00000BAKXvMAP,0PS5b000000HitxGAC,Disaster_Recovery_Project__c,DefaultOff
01PRo00000BAKXwMAP,0PSU0000000SUL4OAO,Disaster_Recovery_Project__c,DefaultOff
01PRo00000BAKXxMAP,0PSRo0000004xEPOAY,Disaster_Recovery_Project__c,DefaultOff
01PRo00000BAKXyMAP,0PSU0000000SUL2OAO,Disaster_Recovery_Project__c,DefaultOff
01PRo00000BAKXzMAP,0PS4O000000vMZVWA2,Disaster_Recovery_Project__c,DefaultOff
01PRo00000BAKY2MAP,0PSU00000009Kj9OAE,Disaster_Recovery_Project__c,DefaultOff
01PRo00000BAKY3MAP,0PSRo0000003QlxOAE,Disaster_Recovery_Project__c,DefaultOff
01PRo00000BAKY4MAP,0PS4O000000OaNjWAK,Disaster_Recovery_Project__c,DefaultOff
01PRo00000BAKf5MAH,0PS0B000000b7CfWAI,Project_Charge__c,DefaultOff
01PRo00000BAKf6MAH,0PS5b000001QDdhGAG,Project_Charge__c,DefaultOff
01PRo00000BAKf7MAH,0PS5b000001QDdiGAG,Project_Charge__c,DefaultOff
01PRo00000BAKf8MAH,0PSRo0000005rDNOAY,Project_Charge__c,DefaultOff
01PRo00000BAKf9MAH,0PS0B000000b6FJWAY,Project_Charge__c,DefaultOff
01PRo00000BAKfAMAX,0PS5b000001QDXoGAO,Project_Charge__c,DefaultOff
01PRo00000BAKfBMAX,0PS0B000000b7tlWAA,Project_Charge__c,DefaultOff
01PRo00000BAKfDMAX,0PS5b000000HjV3GAK,Project_Charge__c,DefaultOff
01PRo00000BAKfFMAX,0PS0B000000b4wuWAA,Project_Charge__c,DefaultOff
01PRo00000BAKfGMAX,0PS0B000000b5yhWAA,Project_Charge__c,DefaultOff
01PRo00000BAKfHMAX,0PSU0000000SUL6OAO,Project_Charge__c,DefaultOff
01PRo00000BAKfIMAX,0PSRo0000003KDVOA2,Project_Charge__c,DefaultOff
01PRo00000BAKfJMAX,0PS0B000000b4dTWAQ,Project_Charge__c,DefaultOff
01PRo00000BAKfLMAX,0PS5b000000HjVNGA0,Project_Charge__c,DefaultOff
01PRo00000BAKfMMAX,0PSU0000000ORDhOAO,Project_Charge__c,DefaultOff
01PRo00000BAKfNMAX,0PSU0000000OJT7OAO,Project_Charge__c,DefaultOff
01PRo00000BAKfOMAX,0PS5b000000HhLaGAK,Project_Charge__c,DefaultOff
01PRo00000BAKfPMAX,0PSRo00000052QzOAI,Project_Charge__c,DefaultOff
01PRo00000BAKfQMAX,0PS4O000000zpdaWAA,Project_Charge__c,DefaultOff
01PRo00000BAKfRMAX,0PS5b000000DhJ5GAK,Project_Charge__c,DefaultOff
01PRo00000BAKfSMAX,0PS5b000000HjVhGAK,Project_Charge__c,DefaultOff
01PRo00000BAKfTMAX,0PS5b000000HjUyGAK,Project_Charge__c,DefaultOff
01PRo00000BAKfUMAX,0PS0B000000icB2WAI,Project_Charge__c,DefaultOff
01PRo00000BAKfVMAX,0PS4O000000WtUHWA0,Project_Charge__c,DefaultOff
01PRo00000BAKfWMAX,0PSU0000000SUL5OAO,Project_Charge__c,DefaultOff
01PRo00000BAKfXMAX,0PSRo000000Ckn3OAC,Project_Charge__c,DefaultOff
01PRo00000BAKfYMAX,0PS5b000000HjYRGA0,Project_Charge__c,DefaultOff
01PRo00000BAKfZMAX,0PSRo0000000uQPOAY,Project_Charge__c,DefaultOff
01PRo00000BAKfaMAH,0PS4O000000vLJgWAM,Project_Charge__c,DefaultOff
01PRo00000BAKfbMAH,0PS0B000000b7ECWAY,Project_Charge__c,DefaultOff
01PRo00000BAKfcMAH,0PS0B000000b6MFWAY,Project_Charge__c,DefaultOff
01PRo00000BAKfdMAH,0PSRo0000007CE9OAM,Project_Charge__c,DefaultOff
01PRo00000BAKfeMAH,0PS5b000000HjVSGA0,Project_Charge__c,DefaultOff
01PRo00000BAKfgMAH,0PSU0000000OKzxOAG,Project_Charge__c,DefaultOff
01PRo00000BAKfhMAH,0PS0B000000b4UMWAY,Project_Charge__c,DefaultOff
01PRo00000BAKfiMAH,0PS0B000000icDDWAY,Project_Charge__c,DefaultOff
01PRo00000BAKfkMAH,0PS0B000000b4dnWAA,Project_Charge__c,DefaultOff
01PRo00000BAKfmMAH,0PSU0000000SUL3OAO,Project_Charge__c,DefaultOff
01PRo00000BAKfnMAH,0PS0B000000b6NNWAY,Project_Charge__c,DefaultOff
01PRo00000BAKfoMAH,0PS5b000000Hk7WGAS,Project_Charge__c,DefaultOff
01PRo00000BAKfpMAH,0PS0B000000ic4uWAA,Project_Charge__c,DefaultOff
01PRo00000BAKfrMAH,0PS5b000001V0jhGAC,Project_Charge__c,DefaultOff
01PRo00000BAKfsMAH,0PS5b000000Hk2rGAC,Project_Charge__c,DefaultOff
01PRo00000BAKftMAH,0PS5b000000Hk2qGAC,Project_Charge__c,DefaultOff
01PRo00000BAKfvMAH,0PSU0000000OMREOA4,Project_Charge__c,DefaultOff
01PRo00000BAKfwMAH,0PS0B000000b5SRWAY,Project_Charge__c,DefaultOff
01PRo00000BAKfyMAH,0PS5b000000HitxGAC,Project_Charge__c,DefaultOff
01PRo00000BAKfzMAH,0PSU0000000SUL4OAO,Project_Charge__c,DefaultOff
01PRo00000BAKg0MAH,0PSRo0000004xEPOAY,Project_Charge__c,DefaultOff
01PRo00000BAKg1MAH,0PSU0000000SUL2OAO,Project_Charge__c,DefaultOff
01PRo00000BAKg2MAH,0PS4O000000vMZVWA2,Project_Charge__c,DefaultOff
01PRo00000BAKg5MAH,0PSU00000009Kj9OAE,Project_Charge__c,DefaultOff
01PRo00000BAKg6MAH,0PSRo0000003QlxOAE,Project_Charge__c,DefaultOff
01PRo00000BAKg7MAH,0PS4O000000OaNjWAK,Project_Charge__c,DefaultOff
01PRo00000BAKiJMAX,0PS0B000000b7CfWAI,Project_Charge_Line_Item__c,DefaultOff
01PRo00000BAKiKMAX,0PS5b000001QDdhGAG,Project_Charge_Line_Item__c,DefaultOff
01PRo00000BAKiLMAX,0PS5b000001QDdiGAG,Project_Charge_Line_Item__c,DefaultOff
01PRo00000BAKiMMAX,0PSRo0000005rDNOAY,Project_Charge_Line_Item__c,DefaultOff
01PRo00000BAKiNMAX,0PS0B000000b6FJWAY,Project_Charge_Line_Item__c,DefaultOff
01PRo00000BAKiOMAX,0PS5b000001QDXoGAO,Project_Charge_Line_Item__c,DefaultOff
01PRo00000BAKiPMAX,0PS0B000000b7tlWAA,Project_Charge_Line_Item__c,DefaultOff
01PRo00000BAKiRMAX,0PS5b000000HjV3GAK,Project_Charge_Line_Item__c,DefaultOff
01PRo00000BAKiTMAX,0PS0B000000b4wuWAA,Project_Charge_Line_Item__c,DefaultOff
01PRo00000BAKiUMAX,0PS0B000000b5yhWAA,Project_Charge_Line_Item__c,DefaultOff
01PRo00000BAKiVMAX,0PSU0000000SUL6OAO,Project_Charge_Line_Item__c,DefaultOff
01PRo00000BAKiWMAX,0PSRo0000003KDVOA2,Project_Charge_Line_Item__c,DefaultOff
01PRo00000BAKiXMAX,0PS0B000000b4dTWAQ,Project_Charge_Line_Item__c,DefaultOff
01PRo00000BAKiZMAX,0PS5b000000HjVNGA0,Project_Charge_Line_Item__c,DefaultOff
01PRo00000BAKiaMAH,0PSU0000000ORDhOAO,Project_Charge_Line_Item__c,DefaultOff
01PRo00000BAKibMAH,0PSU0000000OJT7OAO,Project_Charge_Line_Item__c,DefaultOff
01PRo00000BAKicMAH,0PS5b000000HhLaGAK,Project_Charge_Line_Item__c,DefaultOff
01PRo00000BAKidMAH,0PSRo00000052QzOAI,Project_Charge_Line_Item__c,DefaultOff
01PRo00000BAKieMAH,0PS4O000000zpdaWAA,Project_Charge_Line_Item__c,DefaultOff
01PRo00000BAKifMAH,0PS5b000000DhJ5GAK,Project_Charge_Line_Item__c,DefaultOff
01PRo00000BAKigMAH,0PS5b000000HjVhGAK,Project_Charge_Line_Item__c,DefaultOff
01PRo00000BAKihMAH,0PS5b000000HjUyGAK,Project_Charge_Line_Item__c,DefaultOff
01PRo00000BAKiiMAH,0PS0B000000icB2WAI,Project_Charge_Line_Item__c,DefaultOff
01PRo00000BAKijMAH,0PS4O000000WtUHWA0,Project_Charge_Line_Item__c,DefaultOff
01PRo00000BAKikMAH,0PSU0000000SUL5OAO,Project_Charge_Line_Item__c,DefaultOff
01PRo00000BAKilMAH,0PSRo000000Ckn3OAC,Project_Charge_Line_Item__c,DefaultOff
01PRo00000BAKimMAH,0PS5b000000HjYRGA0,Project_Charge_Line_Item__c,DefaultOff
01PRo00000BAKinMAH,0PSRo0000000uQPOAY,Project_Charge_Line_Item__c,DefaultOff
01PRo00000BAKioMAH,0PS4O000000vLJgWAM,Project_Charge_Line_Item__c,DefaultOff
01PRo00000BAKipMAH,0PS0B000000b7ECWAY,Project_Charge_Line_Item__c,DefaultOff
01PRo00000BAKiqMAH,0PS0B000000b6MFWAY,Project_Charge_Line_Item__c,DefaultOff
01PRo00000BAKirMAH,0PSRo0000007CE9OAM,Project_Charge_Line_Item__c,DefaultOff
01PRo00000BAKisMAH,0PS5b000000HjVSGA0,Project_Charge_Line_Item__c,DefaultOff
01PRo00000BAKiuMAH,0PSU0000000OKzxOAG,Project_Charge_Line_Item__c,DefaultOff
01PRo00000BAKivMAH,0PS0B000000b4UMWAY,Project_Charge_Line_Item__c,DefaultOff
01PRo00000BAKiwMAH,0PS0B000000icDDWAY,Project_Charge_Line_Item__c,DefaultOff
01PRo00000BAKiyMAH,0PS0B000000b4dnWAA,Project_Charge_Line_Item__c,DefaultOff
01PRo00000BAKj0MAH,0PSU0000000SUL3OAO,Project_Charge_Line_Item__c,DefaultOff
01PRo00000BAKj1MAH,0PS0B000000b6NNWAY,Project_Charge_Line_Item__c,DefaultOff
01PRo00000BAKj2MAH,0PS5b000000Hk7WGAS,Project_Charge_Line_Item__c,DefaultOff
01PRo00000BAKj3MAH,0PS0B000000ic4uWAA,Project_Charge_Line_Item__c,DefaultOff
01PRo00000BAKj5MAH,0PS5b000001V0jhGAC,Project_Charge_Line_Item__c,DefaultOff
01PRo00000BAKj6MAH,0PS5b000000Hk2rGAC,Project_Charge_Line_Item__c,DefaultOff
01PRo00000BAKj7MAH,0PS5b000000Hk2qGAC,Project_Charge_Line_Item__c,DefaultOff
01PRo00000BAKj9MAH,0PSU0000000OMREOA4,Project_Charge_Line_Item__c,DefaultOff
01PRo00000BAKjAMAX,0PS0B000000b5SRWAY,Project_Charge_Line_Item__c,DefaultOff
01PRo00000BAKjCMAX,0PS5b000000HitxGAC,Project_Charge_Line_Item__c,DefaultOff
01PRo00000BAKjDMAX,0PSU0000000SUL4OAO,Project_Charge_Line_Item__c,DefaultOff
01PRo00000BAKjEMAX,0PSRo0000004xEPOAY,Project_Charge_Line_Item__c,DefaultOff
01PRo00000BAKjFMAX,0PSU0000000SUL2OAO,Project_Charge_Line_Item__c,DefaultOff
01PRo00000BAKjGMAX,0PS4O000000vMZVWA2,Project_Charge_Line_Item__c,DefaultOff
01PRo00000BAKjJMAX,0PSU00000009Kj9OAE,Project_Charge_Line_Item__c,DefaultOff
01PRo00000BAKjKMAX,0PSRo0000003QlxOAE,Project_Charge_Line_Item__c,DefaultOff
01PRo00000BAKjLMAX,0PS4O000000OaNjWAK,Project_Charge_Line_Item__c,DefaultOff
01PRo00000BAKjvMAH,0PS0B000000b7CfWAI,Disaster_Recovery_Billing_Rule__c,DefaultOff
01PRo00000BAKjwMAH,0PS5b000001QDdhGAG,Disaster_Recovery_Billing_Rule__c,DefaultOff
01PRo00000BAKjxMAH,0PS5b000001QDdiGAG,Disaster_Recovery_Billing_Rule__c,DefaultOff
01PRo00000BAKjyMAH,0PSRo0000005rDNOAY,Disaster_Recovery_Billing_Rule__c,DefaultOff
01PRo00000BAKjzMAH,0PS0B000000b6FJWAY,Disaster_Recovery_Billing_Rule__c,DefaultOff
01PRo00000BAKk0MAH,0PS5b000001QDXoGAO,Disaster_Recovery_Billing_Rule__c,DefaultOff
01PRo00000BAKk1MAH,0PS0B000000b7tlWAA,Disaster_Recovery_Billing_Rule__c,DefaultOff
01PRo00000BAKk3MAH,0PS5b000000HjV3GAK,Disaster_Recovery_Billing_Rule__c,DefaultOff
01PRo00000BAKk5MAH,0PS0B000000b4wuWAA,Disaster_Recovery_Billing_Rule__c,DefaultOff
01PRo00000BAKk6MAH,0PS0B000000b5yhWAA,Disaster_Recovery_Billing_Rule__c,DefaultOff
01PRo00000BAKk7MAH,0PSU0000000SUL6OAO,Disaster_Recovery_Billing_Rule__c,DefaultOff
01PRo00000BAKk8MAH,0PSRo0000003KDVOA2,Disaster_Recovery_Billing_Rule__c,DefaultOff
01PRo00000BAKk9MAH,0PS0B000000b4dTWAQ,Disaster_Recovery_Billing_Rule__c,DefaultOff
01PRo00000BAKkBMAX,0PS5b000000HjVNGA0,Disaster_Recovery_Billing_Rule__c,DefaultOff
01PRo00000BAKkCMAX,0PSU0000000ORDhOAO,Disaster_Recovery_Billing_Rule__c,DefaultOff
01PRo00000BAKkDMAX,0PSU0000000OJT7OAO,Disaster_Recovery_Billing_Rule__c,DefaultOff
01PRo00000BAKkEMAX,0PS5b000000HhLaGAK,Disaster_Recovery_Billing_Rule__c,DefaultOff
01PRo00000BAKkFMAX,0PSRo00000052QzOAI,Disaster_Recovery_Billing_Rule__c,DefaultOff
01PRo00000BAKkGMAX,0PS4O000000zpdaWAA,Disaster_Recovery_Billing_Rule__c,DefaultOff
01PRo00000BAKkHMAX,0PS5b000000DhJ5GAK,Disaster_Recovery_Billing_Rule__c,DefaultOff
01PRo00000BAKkIMAX,0PS5b000000HjVhGAK,Disaster_Recovery_Billing_Rule__c,DefaultOff
01PRo00000BAKkJMAX,0PS5b000000HjUyGAK,Disaster_Recovery_Billing_Rule__c,DefaultOff
01PRo00000BAKkKMAX,0PS0B000000icB2WAI,Disaster_Recovery_Billing_Rule__c,DefaultOff
01PRo00000BAKkLMAX,0PS4O000000WtUHWA0,Disaster_Recovery_Billing_Rule__c,DefaultOff
01PRo00000BAKkMMAX,0PSU0000000SUL5OAO,Disaster_Recovery_Billing_Rule__c,DefaultOff
01PRo00000BAKkNMAX,0PSRo000000Ckn3OAC,Disaster_Recovery_Billing_Rule__c,DefaultOff
01PRo00000BAKkOMAX,0PS5b000000HjYRGA0,Disaster_Recovery_Billing_Rule__c,DefaultOff
01PRo00000BAKkPMAX,0PSRo0000000uQPOAY,Disaster_Recovery_Billing_Rule__c,DefaultOff
01PRo00000BAKkQMAX,0PS4O000000vLJgWAM,Disaster_Recovery_Billing_Rule__c,DefaultOff
01PRo00000BAKkRMAX,0PS0B000000b7ECWAY,Disaster_Recovery_Billing_Rule__c,DefaultOff
01PRo00000BAKkSMAX,0PS0B000000b6MFWAY,Disaster_Recovery_Billing_Rule__c,DefaultOff
01PRo00000BAKkTMAX,0PSRo0000007CE9OAM,Disaster_Recovery_Billing_Rule__c,DefaultOff
01PRo00000BAKkUMAX,0PS5b000000HjVSGA0,Disaster_Recovery_Billing_Rule__c,DefaultOff
01PRo00000BAKkWMAX,0PSU0000000OKzxOAG,Disaster_Recovery_Billing_Rule__c,DefaultOff
01PRo00000BAKkXMAX,0PS0B000000b4UMWAY,Disaster_Recovery_Billing_Rule__c,DefaultOff
01PRo00000BAKkYMAX,0PS0B000000icDDWAY,Disaster_Recovery_Billing_Rule__c,DefaultOff
01PRo00000BAKkaMAH,0PS0B000000b4dnWAA,Disaster_Recovery_Billing_Rule__c,DefaultOff
01PRo00000BAKkcMAH,0PSU0000000SUL3OAO,Disaster_Recovery_Billing_Rule__c,DefaultOff
01PRo00000BAKkdMAH,0PS0B000000b6NNWAY,Disaster_Recovery_Billing_Rule__c,DefaultOff
01PRo00000BAKkeMAH,0PS5b000000Hk7WGAS,Disaster_Recovery_Billing_Rule__c,DefaultOff
01PRo00000BAKkfMAH,0PS0B000000ic4uWAA,Disaster_Recovery_Billing_Rule__c,DefaultOff
01PRo00000BAKkhMAH,0PS5b000001V0jhGAC,Disaster_Recovery_Billing_Rule__c,DefaultOff
01PRo00000BAKkiMAH,0PS5b000000Hk2rGAC,Disaster_Recovery_Billing_Rule__c,DefaultOff
01PRo00000BAKkjMAH,0PS5b000000Hk2qGAC,Disaster_Recovery_Billing_Rule__c,DefaultOff
01PRo00000BAKklMAH,0PSU0000000OMREOA4,Disaster_Recovery_Billing_Rule__c,DefaultOff
01PRo00000BAKkmMAH,0PS0B000000b5SRWAY,Disaster_Recovery_Billing_Rule__c,DefaultOff
01PRo00000BAKkoMAH,0PS5b000000HitxGAC,Disaster_Recovery_Billing_Rule__c,DefaultOff
01PRo00000BAKkpMAH,0PSU0000000SUL4OAO,Disaster_Recovery_Billing_Rule__c,DefaultOff
01PRo00000BAKkqMAH,0PSRo0000004xEPOAY,Disaster_Recovery_Billing_Rule__c,DefaultOff
01PRo00000BAKkrMAH,0PSU0000000SUL2OAO,Disaster_Recovery_Billing_Rule__c,DefaultOff
01PRo00000BAKksMAH,0PS4O000000vMZVWA2,Disaster_Recovery_Billing_Rule__c,DefaultOff
01PRo00000BAKkvMAH,0PSU00000009Kj9OAE,Disaster_Recovery_Billing_Rule__c,DefaultOff
01PRo00000BAKkwMAH,0PSRo0000003QlxOAE,Disaster_Recovery_Billing_Rule__c,DefaultOff
01PRo00000BAKkxMAH,0PS4O000000OaNjWAK,Disaster_Recovery_Billing_Rule__c,DefaultOff
01PRo00000BTqMfMAL,0PSRo000000DUZlOAO,standard-Product2,DefaultOff
01PRo00000BWFPMMA5,0PSRo0000009hTxOAI,standard-Case,DefaultOff
01PRo00000BWFPOMA5,0PSRo0000009hTxOAI,standard-CmsAuthorHome,DefaultOff
01PRo00000BWFPZMA5,0PSRo0000009hTxOAI,standard-DuplicateRecordSet,DefaultOff
01PRo00000BWFPbMAP,0PSRo0000009hTxOAI,standard-EngagementAttendee,DefaultOff
01PRo00000BWFPcMAP,0PSRo0000009hTxOAI,standard-EngagementInteraction,DefaultOff
01PRo00000BWFPdMAP,0PSRo0000009hTxOAI,standard-EngagementTopic,DefaultOff
01PRo00000BWFPqMAP,0PSRo0000009hTxOAI,standard-Forecasting3,DefaultOff
01PRo00000BWFPuMAP,0PSRo0000009hTxOAI,standard-IdeaTheme,DefaultOff
01PRo00000BWFPxMAP,0PSRo0000009hTxOAI,standard-Lead,DefaultOff
01PRo00000BWFQ4MAP,0PSRo0000009hTxOAI,standard-Macro,DefaultOff
01PRo00000BWFQ9MAP,0PSRo0000009hTxOAI,standard-Order,DefaultOff
01PRo00000BWFQCMA5,0PSRo0000009hTxOAI,standard-Pricebook2,DefaultOff
01PRo00000BWFQQMA5,0PSRo0000009hTxOAI,standard-SocialPost,DefaultOff
01PRo00000BWFQRMA5,0PSRo0000009hTxOAI,standard-Solution,DefaultOff
01PRo00000BWFQSMA5,0PSRo0000009hTxOAI,standard-StreamingChannel,DefaultOff
01PRo00000BWFQcMAP,0PSRo0000009hTxOAI,pi__EngageSalesTools,DefaultOff
01PRo00000BWFQdMAP,0PSRo0000009hTxOAI,pi__Lead_Deck,DefaultOff
01PRo00000BWFQeMAP,0PSRo0000009hTxOAI,pi__Pardot_LeadDeck,DefaultOff
01PRo00000BWFQfMAP,0PSRo0000009hTxOAI,pi__ProspectInsight,DefaultOff
01PRo00000BWFQgMAP,0PSRo0000009hTxOAI,pi__Sales_Cloud_Engage_License_Assignment,DefaultOff
01PRo00000BWFQhMAP,0PSRo0000009hTxOAI,pi__Sales_Edge,DefaultOff
01PRo00000BWFQiMAP,0PSRo0000009hTxOAI,pi__Sales_Edge_Reports,DefaultOff
01PRo00000BWFQlMAP,0PSRo0000009hTxOAI,Dashboard_Page,DefaultOff
01PRo00000BWFQmMAP,0PSRo0000009hTxOAI,Review_Status__c,DefaultOff
01PRo00000BWFQwMAP,0PSRo0000009hTxOAI,Product_Repair__c,DefaultOff
01PRo00000BWFQxMAP,0PSRo0000009hTxOAI,Equipment__c,DefaultOff
01PRo00000BWFR8MAP,0PSRo0000009hTxOAI,Loaner_Asset__c,DefaultOff
01PRo00000BWFRIMA5,0PSRo0000009hTxOAI,Warranty__c,DefaultOff
01PRo00000BWFROMA5,0PSRo0000009hTxOAI,Field_Service_Engineer__c,DefaultOff
01PRo00000BWFRcMAP,0PSRo0000009hTxOAI,Change_Log__c,DefaultOff
01PRo00000BWFRhMAP,0PSRo0000009hTxOAI,Technician_Ship_Location__c,DefaultOff
01PRo00000BWFRiMAP,0PSRo0000009hTxOAI,Tech_Ship_Location_Junction__c,DefaultOff
01PRo00000BWFRuMAP,0PSRo0000009hTxOAI,Intercompany_Transfer__c,DefaultOff
01PRo00000BWFRvMAP,0PSRo0000009hTxOAI,Capital_Asset_Transfer__c,DefaultOff
01PRo00000BWFRzMAP,0PSRo0000009hTxOAI,Document_Review__c,DefaultOff
01PRo00000BWFS1MAP,0PSRo0000009hTxOAI,Disaster_Recovery_Project__c,DefaultOff
01PRo00000BWFS2MAP,0PSRo0000009hTxOAI,Project_Charge__c,DefaultOff
01PRo00000BWFS3MAP,0PSRo0000009hTxOAI,Project_Charge_Line_Item__c,DefaultOff
01PRo00000BWFS4MAP,0PSRo0000009hTxOAI,Disaster_Recovery_Billing_Rule__c,DefaultOff
01PRo00000BWFS5MAP,0PSRo0000009hTxOAI,About_Mass_Update_and_Mass_Edit,DefaultOff
01PRo00000BWFS7MAP,0PSRo0000009hTxOAI,ProductTestData__c,DefaultOff
01PRo00000BWFS9MAP,0PSRo0000009hTxOAI,Getting_Started,DefaultOff
01PRo00000BsbIpMAJ,0PS0B000000b7CfWAI,Documentation__c,DefaultOff
01PRo00000BsbIqMAJ,0PS5b000001QDdhGAG,Documentation__c,DefaultOff
01PRo00000BsbIrMAJ,0PS5b000001QDdiGAG,Documentation__c,DefaultOff
01PRo00000BsbIsMAJ,0PSRo0000005rDNOAY,Documentation__c,DefaultOff
01PRo00000BsbItMAJ,0PS0B000000b6FJWAY,Documentation__c,DefaultOff
01PRo00000BsbIuMAJ,0PS5b000001QDXoGAO,Documentation__c,DefaultOff
01PRo00000BsbIvMAJ,0PS0B000000b7tlWAA,Documentation__c,DefaultOff
01PRo00000BsbIxMAJ,0PS5b000000HjV3GAK,Documentation__c,DefaultOff
01PRo00000BsbIzMAJ,0PS0B000000b4wuWAA,Documentation__c,DefaultOff
01PRo00000BsbJ0MAJ,0PS0B000000b5yhWAA,Documentation__c,DefaultOff
01PRo00000BsbJ1MAJ,0PSU0000000SUL6OAO,Documentation__c,DefaultOff
01PRo00000BsbJ2MAJ,0PSRo0000003KDVOA2,Documentation__c,DefaultOff
01PRo00000BsbJ3MAJ,0PS0B000000b4dTWAQ,Documentation__c,DefaultOff
01PRo00000BsbJ5MAJ,0PS5b000000HjVNGA0,Documentation__c,DefaultOff
01PRo00000BsbJ6MAJ,0PSU0000000ORDhOAO,Documentation__c,DefaultOff
01PRo00000BsbJ7MAJ,0PSU0000000OJT7OAO,Documentation__c,DefaultOff
01PRo00000BsbJ8MAJ,0PS5b000000HhLaGAK,Documentation__c,DefaultOff
01PRo00000BsbJ9MAJ,0PSRo00000052QzOAI,Documentation__c,DefaultOff
01PRo00000BsbJAMAZ,0PS4O000000zpdaWAA,Documentation__c,DefaultOff
01PRo00000BsbJBMAZ,0PS5b000000DhJ5GAK,Documentation__c,DefaultOff
01PRo00000BsbJCMAZ,0PS5b000000HjVhGAK,Documentation__c,DefaultOff
01PRo00000BsbJDMAZ,0PS5b000000HjUyGAK,Documentation__c,DefaultOff
01PRo00000BsbJEMAZ,0PS0B000000icB2WAI,Documentation__c,DefaultOff
01PRo00000BsbJFMAZ,0PS4O000000WtUHWA0,Documentation__c,DefaultOff
01PRo00000BsbJGMAZ,0PSU0000000SUL5OAO,Documentation__c,DefaultOff
01PRo00000BsbJHMAZ,0PSRo000000Ckn3OAC,Documentation__c,DefaultOff
01PRo00000BsbJIMAZ,0PS5b000000HjYRGA0,Documentation__c,DefaultOff
01PRo00000BsbJJMAZ,0PSRo0000000uQPOAY,Documentation__c,DefaultOff
01PRo00000BsbJKMAZ,0PS4O000000vLJgWAM,Documentation__c,DefaultOff
01PRo00000BsbJLMAZ,0PS0B000000b7ECWAY,Documentation__c,DefaultOff
01PRo00000BsbJMMAZ,0PS0B000000b6MFWAY,Documentation__c,DefaultOff
01PRo00000BsbJNMAZ,0PSRo0000007CE9OAM,Documentation__c,DefaultOff
01PRo00000BsbJOMAZ,0PS5b000000HjVSGA0,Documentation__c,DefaultOff
01PRo00000BsbJQMAZ,0PSU0000000OKzxOAG,Documentation__c,DefaultOff
01PRo00000BsbJRMAZ,0PS0B000000b4UMWAY,Documentation__c,DefaultOff
01PRo00000BsbJSMAZ,0PS0B000000icDDWAY,Documentation__c,DefaultOff
01PRo00000BsbJUMAZ,0PS0B000000b4dnWAA,Documentation__c,DefaultOff
01PRo00000BsbJVMAZ,0PSRo0000009hTxOAI,Documentation__c,DefaultOff
01PRo00000BsbJWMAZ,0PSU0000000SUL3OAO,Documentation__c,DefaultOff
01PRo00000BsbJXMAZ,0PS0B000000b6NNWAY,Documentation__c,DefaultOff
01PRo00000BsbJYMAZ,0PS5b000000Hk7WGAS,Documentation__c,DefaultOff
01PRo00000BsbJZMAZ,0PS0B000000ic4uWAA,Documentation__c,DefaultOff
01PRo00000BsbJbMAJ,0PS5b000001V0jhGAC,Documentation__c,DefaultOff
01PRo00000BsbJcMAJ,0PS5b000000Hk2rGAC,Documentation__c,DefaultOff
01PRo00000BsbJdMAJ,0PS5b000000Hk2qGAC,Documentation__c,DefaultOff
01PRo00000BsbJfMAJ,0PSU0000000OMREOA4,Documentation__c,DefaultOff
01PRo00000BsbJgMAJ,0PS0B000000b5SRWAY,Documentation__c,DefaultOff
01PRo00000BsbJiMAJ,0PS5b000000HitxGAC,Documentation__c,DefaultOff
01PRo00000BsbJjMAJ,0PSU0000000SUL4OAO,Documentation__c,DefaultOff
01PRo00000BsbJkMAJ,0PSRo0000004xEPOAY,Documentation__c,DefaultOff
01PRo00000BsbJlMAJ,0PSU0000000SUL2OAO,Documentation__c,DefaultOff
01PRo00000BsbJmMAJ,0PS4O000000vMZVWA2,Documentation__c,DefaultOff
01PRo00000BsbJpMAJ,0PSU00000009Kj9OAE,Documentation__c,DefaultOff
01PRo00000BsbJqMAJ,0PSRo0000003QlxOAE,Documentation__c,DefaultOff
01PRo00000BsbJrMAJ,0PS4O000000OaNjWAK,Documentation__c,DefaultOff
01PRo00000BsbaZMAR,0PS0B000000b7CfWAI,Supplier_Documentation__c,DefaultOff
01PRo00000BsbaaMAB,0PS5b000001QDdhGAG,Supplier_Documentation__c,DefaultOff
01PRo00000BsbabMAB,0PS5b000001QDdiGAG,Supplier_Documentation__c,DefaultOff
01PRo00000BsbacMAB,0PSRo0000005rDNOAY,Supplier_Documentation__c,DefaultOff
01PRo00000BsbadMAB,0PS0B000000b6FJWAY,Supplier_Documentation__c,DefaultOff
01PRo00000BsbaeMAB,0PS5b000001QDXoGAO,Supplier_Documentation__c,DefaultOff
01PRo00000BsbafMAB,0PS0B000000b7tlWAA,Supplier_Documentation__c,DefaultOff
01PRo00000BsbahMAB,0PS5b000000HjV3GAK,Supplier_Documentation__c,DefaultOff
01PRo00000BsbajMAB,0PS0B000000b4wuWAA,Supplier_Documentation__c,DefaultOff
01PRo00000BsbakMAB,0PS0B000000b5yhWAA,Supplier_Documentation__c,DefaultOff
01PRo00000BsbalMAB,0PSU0000000SUL6OAO,Supplier_Documentation__c,DefaultOff
01PRo00000BsbamMAB,0PSRo0000003KDVOA2,Supplier_Documentation__c,DefaultOff
01PRo00000BsbanMAB,0PS0B000000b4dTWAQ,Supplier_Documentation__c,DefaultOff
01PRo00000BsbapMAB,0PS5b000000HjVNGA0,Supplier_Documentation__c,DefaultOff
01PRo00000BsbaqMAB,0PSU0000000ORDhOAO,Supplier_Documentation__c,DefaultOff
01PRo00000BsbarMAB,0PSU0000000OJT7OAO,Supplier_Documentation__c,DefaultOff
01PRo00000BsbasMAB,0PS5b000000HhLaGAK,Supplier_Documentation__c,DefaultOff
01PRo00000BsbatMAB,0PSRo00000052QzOAI,Supplier_Documentation__c,DefaultOff
01PRo00000BsbauMAB,0PS4O000000zpdaWAA,Supplier_Documentation__c,DefaultOff
01PRo00000BsbavMAB,0PS5b000000DhJ5GAK,Supplier_Documentation__c,DefaultOff
01PRo00000BsbawMAB,0PS5b000000HjVhGAK,Supplier_Documentation__c,DefaultOff
01PRo00000BsbaxMAB,0PS5b000000HjUyGAK,Supplier_Documentation__c,DefaultOff
01PRo00000BsbayMAB,0PS0B000000icB2WAI,Supplier_Documentation__c,DefaultOff
01PRo00000BsbazMAB,0PS4O000000WtUHWA0,Supplier_Documentation__c,DefaultOff
01PRo00000Bsbb0MAB,0PSU0000000SUL5OAO,Supplier_Documentation__c,DefaultOff
01PRo00000Bsbb1MAB,0PSRo000000Ckn3OAC,Supplier_Documentation__c,DefaultOff
01PRo00000Bsbb2MAB,0PS5b000000HjYRGA0,Supplier_Documentation__c,DefaultOff
01PRo00000Bsbb3MAB,0PSRo0000000uQPOAY,Supplier_Documentation__c,DefaultOff
01PRo00000Bsbb4MAB,0PS4O000000vLJgWAM,Supplier_Documentation__c,DefaultOff
01PRo00000Bsbb5MAB,0PS0B000000b7ECWAY,Supplier_Documentation__c,DefaultOff
01PRo00000Bsbb6MAB,0PS0B000000b6MFWAY,Supplier_Documentation__c,DefaultOff
01PRo00000Bsbb7MAB,0PSRo0000007CE9OAM,Supplier_Documentation__c,DefaultOff
01PRo00000Bsbb8MAB,0PS5b000000HjVSGA0,Supplier_Documentation__c,DefaultOff
01PRo00000BsbbAMAR,0PSU0000000OKzxOAG,Supplier_Documentation__c,DefaultOff
01PRo00000BsbbBMAR,0PS0B000000b4UMWAY,Supplier_Documentation__c,DefaultOff
01PRo00000BsbbCMAR,0PS0B000000icDDWAY,Supplier_Documentation__c,DefaultOff
01PRo00000BsbbEMAR,0PS0B000000b4dnWAA,Supplier_Documentation__c,DefaultOff
01PRo00000BsbbFMAR,0PSRo0000009hTxOAI,Supplier_Documentation__c,DefaultOff
01PRo00000BsbbGMAR,0PSU0000000SUL3OAO,Supplier_Documentation__c,DefaultOff
01PRo00000BsbbHMAR,0PS0B000000b6NNWAY,Supplier_Documentation__c,DefaultOff
01PRo00000BsbbIMAR,0PS5b000000Hk7WGAS,Supplier_Documentation__c,DefaultOff
01PRo00000BsbbJMAR,0PS0B000000ic4uWAA,Supplier_Documentation__c,DefaultOff
01PRo00000BsbbLMAR,0PS5b000001V0jhGAC,Supplier_Documentation__c,DefaultOff
01PRo00000BsbbMMAR,0PS5b000000Hk2rGAC,Supplier_Documentation__c,DefaultOff
01PRo00000BsbbNMAR,0PS5b000000Hk2qGAC,Supplier_Documentation__c,DefaultOff
01PRo00000BsbbPMAR,0PSU0000000OMREOA4,Supplier_Documentation__c,DefaultOff
01PRo00000BsbbQMAR,0PS0B000000b5SRWAY,Supplier_Documentation__c,DefaultOff
01PRo00000BsbbSMAR,0PS5b000000HitxGAC,Supplier_Documentation__c,DefaultOff
01PRo00000BsbbTMAR,0PSU0000000SUL4OAO,Supplier_Documentation__c,DefaultOff
01PRo00000BsbbUMAR,0PSRo0000004xEPOAY,Supplier_Documentation__c,DefaultOff
01PRo00000BsbbVMAR,0PSU0000000SUL2OAO,Supplier_Documentation__c,DefaultOff
01PRo00000BsbbWMAR,0PS4O000000vMZVWA2,Supplier_Documentation__c,DefaultOff
01PRo00000BsbbZMAR,0PSU00000009Kj9OAE,Supplier_Documentation__c,DefaultOff
01PRo00000BsbbaMAB,0PSRo0000003QlxOAE,Supplier_Documentation__c,DefaultOff
01PRo00000BsbbbMAB,0PS4O000000OaNjWAK,Supplier_Documentation__c,DefaultOff
01PRo00000BuvgRMAR,0PS0B000000b7CfWAI,Product_Analytics__c,DefaultOff
01PRo00000BuvgSMAR,0PS5b000001QDdhGAG,Product_Analytics__c,DefaultOff
01PRo00000BuvgTMAR,0PS5b000001QDdiGAG,Product_Analytics__c,DefaultOff
01PRo00000BuvgUMAR,0PSRo0000005rDNOAY,Product_Analytics__c,DefaultOff
01PRo00000BuvgVMAR,0PS0B000000b6FJWAY,Product_Analytics__c,DefaultOff
01PRo00000BuvgWMAR,0PS5b000001QDXoGAO,Product_Analytics__c,DefaultOff
01PRo00000BuvgXMAR,0PS0B000000b7tlWAA,Product_Analytics__c,DefaultOff
01PRo00000BuvgZMAR,0PS5b000000HjV3GAK,Product_Analytics__c,DefaultOff
01PRo00000BuvgbMAB,0PS0B000000b4wuWAA,Product_Analytics__c,DefaultOff
01PRo00000BuvgcMAB,0PS0B000000b5yhWAA,Product_Analytics__c,DefaultOff
01PRo00000BuvgdMAB,0PSU0000000SUL6OAO,Product_Analytics__c,DefaultOff
01PRo00000BuvgeMAB,0PSRo0000003KDVOA2,Product_Analytics__c,DefaultOff
01PRo00000BuvgfMAB,0PS0B000000b4dTWAQ,Product_Analytics__c,DefaultOff
01PRo00000BuvghMAB,0PS5b000000HjVNGA0,Product_Analytics__c,DefaultOff
01PRo00000BuvgiMAB,0PSU0000000ORDhOAO,Product_Analytics__c,DefaultOff
01PRo00000BuvgjMAB,0PSU0000000OJT7OAO,Product_Analytics__c,DefaultOff
01PRo00000BuvgkMAB,0PS5b000000HhLaGAK,Product_Analytics__c,DefaultOff
01PRo00000BuvglMAB,0PSRo00000052QzOAI,Product_Analytics__c,DefaultOff
01PRo00000BuvgmMAB,0PS4O000000zpdaWAA,Product_Analytics__c,DefaultOff
01PRo00000BuvgnMAB,0PS5b000000DhJ5GAK,Product_Analytics__c,DefaultOff
01PRo00000BuvgoMAB,0PS5b000000HjVhGAK,Product_Analytics__c,DefaultOff
01PRo00000BuvgpMAB,0PS5b000000HjUyGAK,Product_Analytics__c,DefaultOff
01PRo00000BuvgqMAB,0PS0B000000icB2WAI,Product_Analytics__c,DefaultOff
01PRo00000BuvgrMAB,0PS4O000000WtUHWA0,Product_Analytics__c,DefaultOff
01PRo00000BuvgsMAB,0PSU0000000SUL5OAO,Product_Analytics__c,DefaultOff
01PRo00000BuvgtMAB,0PSRo000000Ckn3OAC,Product_Analytics__c,DefaultOff
01PRo00000BuvguMAB,0PS5b000000HjYRGA0,Product_Analytics__c,DefaultOff
01PRo00000BuvgvMAB,0PSRo0000000uQPOAY,Product_Analytics__c,DefaultOff
01PRo00000BuvgwMAB,0PS4O000000vLJgWAM,Product_Analytics__c,DefaultOff
01PRo00000BuvgxMAB,0PS0B000000b7ECWAY,Product_Analytics__c,DefaultOff
01PRo00000BuvgyMAB,0PS0B000000b6MFWAY,Product_Analytics__c,DefaultOff
01PRo00000BuvgzMAB,0PSRo0000007CE9OAM,Product_Analytics__c,DefaultOff
01PRo00000Buvh0MAB,0PS5b000000HjVSGA0,Product_Analytics__c,DefaultOff
01PRo00000Buvh2MAB,0PSU0000000OKzxOAG,Product_Analytics__c,DefaultOff
01PRo00000Buvh3MAB,0PS0B000000b4UMWAY,Product_Analytics__c,DefaultOff
01PRo00000Buvh4MAB,0PS0B000000icDDWAY,Product_Analytics__c,DefaultOff
01PRo00000Buvh6MAB,0PS0B000000b4dnWAA,Product_Analytics__c,DefaultOff
01PRo00000Buvh7MAB,0PSRo0000009hTxOAI,Product_Analytics__c,DefaultOff
01PRo00000Buvh8MAB,0PSU0000000SUL3OAO,Product_Analytics__c,DefaultOff
01PRo00000Buvh9MAB,0PS0B000000b6NNWAY,Product_Analytics__c,DefaultOff
01PRo00000BuvhAMAR,0PS5b000000Hk7WGAS,Product_Analytics__c,DefaultOff
01PRo00000BuvhBMAR,0PS0B000000ic4uWAA,Product_Analytics__c,DefaultOff
01PRo00000BuvhDMAR,0PS5b000001V0jhGAC,Product_Analytics__c,DefaultOff
01PRo00000BuvhEMAR,0PS5b000000Hk2rGAC,Product_Analytics__c,DefaultOff
01PRo00000BuvhFMAR,0PS5b000000Hk2qGAC,Product_Analytics__c,DefaultOff
01PRo00000BuvhHMAR,0PSU0000000OMREOA4,Product_Analytics__c,DefaultOff
01PRo00000BuvhIMAR,0PS0B000000b5SRWAY,Product_Analytics__c,DefaultOff
01PRo00000BuvhKMAR,0PS5b000000HitxGAC,Product_Analytics__c,DefaultOff
01PRo00000BuvhLMAR,0PSU0000000SUL4OAO,Product_Analytics__c,DefaultOff
01PRo00000BuvhMMAR,0PSRo0000004xEPOAY,Product_Analytics__c,DefaultOff
01PRo00000BuvhNMAR,0PSU0000000SUL2OAO,Product_Analytics__c,DefaultOff
01PRo00000BuvhOMAR,0PS4O000000vMZVWA2,Product_Analytics__c,DefaultOff
01PRo00000BuvhRMAR,0PSU00000009Kj9OAE,Product_Analytics__c,DefaultOff
01PRo00000BuvhSMAR,0PSRo0000003QlxOAE,Product_Analytics__c,DefaultOff
01PRo00000BuvhTMAR,0PS4O000000OaNjWAK,Product_Analytics__c,DefaultOff
01PRo00000C6P9rMAF,0PS0B000000b7CfWAI,Work_Order_Asset__c,DefaultOff
01PRo00000C6P9sMAF,0PS5b000001QDdhGAG,Work_Order_Asset__c,DefaultOff
01PRo00000C6P9tMAF,0PS5b000001QDdiGAG,Work_Order_Asset__c,DefaultOff
01PRo00000C6P9uMAF,0PSRo0000005rDNOAY,Work_Order_Asset__c,DefaultOff
01PRo00000C6P9vMAF,0PS0B000000b6FJWAY,Work_Order_Asset__c,DefaultOff
01PRo00000C6P9wMAF,0PS5b000001QDXoGAO,Work_Order_Asset__c,DefaultOff
01PRo00000C6P9xMAF,0PS0B000000b7tlWAA,Work_Order_Asset__c,DefaultOff
01PRo00000C6P9zMAF,0PS5b000000HjV3GAK,Work_Order_Asset__c,DefaultOff
01PRo00000C6PA1MAN,0PS0B000000b4wuWAA,Work_Order_Asset__c,DefaultOff
01PRo00000C6PA2MAN,0PS0B000000b5yhWAA,Work_Order_Asset__c,DefaultOff
01PRo00000C6PA3MAN,0PSU0000000SUL6OAO,Work_Order_Asset__c,DefaultOff
01PRo00000C6PA4MAN,0PSRo0000003KDVOA2,Work_Order_Asset__c,DefaultOff
01PRo00000C6PA5MAN,0PS0B000000b4dTWAQ,Work_Order_Asset__c,DefaultOff
01PRo00000C6PA7MAN,0PS5b000000HjVNGA0,Work_Order_Asset__c,DefaultOff
01PRo00000C6PA8MAN,0PSU0000000ORDhOAO,Work_Order_Asset__c,DefaultOff
01PRo00000C6PA9MAN,0PSU0000000OJT7OAO,Work_Order_Asset__c,DefaultOff
01PRo00000C6PAAMA3,0PS5b000000HhLaGAK,Work_Order_Asset__c,DefaultOff
01PRo00000C6PABMA3,0PSRo00000052QzOAI,Work_Order_Asset__c,DefaultOff
01PRo00000C6PACMA3,0PS4O000000zpdaWAA,Work_Order_Asset__c,DefaultOff
01PRo00000C6PADMA3,0PS5b000000DhJ5GAK,Work_Order_Asset__c,DefaultOff
01PRo00000C6PAEMA3,0PS5b000000HjVhGAK,Work_Order_Asset__c,DefaultOff
01PRo00000C6PAFMA3,0PS5b000000HjUyGAK,Work_Order_Asset__c,DefaultOff
01PRo00000C6PAGMA3,0PS0B000000icB2WAI,Work_Order_Asset__c,DefaultOff
01PRo00000C6PAHMA3,0PS4O000000WtUHWA0,Work_Order_Asset__c,DefaultOff
01PRo00000C6PAIMA3,0PSU0000000SUL5OAO,Work_Order_Asset__c,DefaultOff
01PRo00000C6PAJMA3,0PSRo000000Ckn3OAC,Work_Order_Asset__c,DefaultOff
01PRo00000C6PAKMA3,0PS5b000000HjYRGA0,Work_Order_Asset__c,DefaultOff
01PRo00000C6PALMA3,0PSRo0000000uQPOAY,Work_Order_Asset__c,DefaultOff
01PRo00000C6PAMMA3,0PS4O000000vLJgWAM,Work_Order_Asset__c,DefaultOff
01PRo00000C6PANMA3,0PS0B000000b7ECWAY,Work_Order_Asset__c,DefaultOff
01PRo00000C6PAOMA3,0PS0B000000b6MFWAY,Work_Order_Asset__c,DefaultOff
01PRo00000C6PAPMA3,0PSRo0000007CE9OAM,Work_Order_Asset__c,DefaultOff
01PRo00000C6PAQMA3,0PS5b000000HjVSGA0,Work_Order_Asset__c,DefaultOff
01PRo00000C6PASMA3,0PSU0000000OKzxOAG,Work_Order_Asset__c,DefaultOff
01PRo00000C6PATMA3,0PS0B000000b4UMWAY,Work_Order_Asset__c,DefaultOff
01PRo00000C6PAUMA3,0PS0B000000icDDWAY,Work_Order_Asset__c,DefaultOff
01PRo00000C6PAWMA3,0PS0B000000b4dnWAA,Work_Order_Asset__c,DefaultOff
01PRo00000C6PAXMA3,0PSRo0000009hTxOAI,Work_Order_Asset__c,DefaultOff
01PRo00000C6PAYMA3,0PSU0000000SUL3OAO,Work_Order_Asset__c,DefaultOff
01PRo00000C6PAZMA3,0PS0B000000b6NNWAY,Work_Order_Asset__c,DefaultOff
01PRo00000C6PAaMAN,0PS5b000000Hk7WGAS,Work_Order_Asset__c,DefaultOff
01PRo00000C6PAbMAN,0PS0B000000ic4uWAA,Work_Order_Asset__c,DefaultOff
01PRo00000C6PAdMAN,0PS5b000001V0jhGAC,Work_Order_Asset__c,DefaultOff
01PRo00000C6PAeMAN,0PS5b000000Hk2rGAC,Work_Order_Asset__c,DefaultOff
01PRo00000C6PAfMAN,0PS5b000000Hk2qGAC,Work_Order_Asset__c,DefaultOff
01PRo00000C6PAhMAN,0PSU0000000OMREOA4,Work_Order_Asset__c,DefaultOff
01PRo00000C6PAiMAN,0PS0B000000b5SRWAY,Work_Order_Asset__c,DefaultOff
01PRo00000C6PAkMAN,0PS5b000000HitxGAC,Work_Order_Asset__c,DefaultOff
01PRo00000C6PAlMAN,0PSU0000000SUL4OAO,Work_Order_Asset__c,DefaultOff
01PRo00000C6PAmMAN,0PSRo0000004xEPOAY,Work_Order_Asset__c,DefaultOff
01PRo00000C6PAnMAN,0PSU0000000SUL2OAO,Work_Order_Asset__c,DefaultOff
01PRo00000C6PAoMAN,0PS4O000000vMZVWA2,Work_Order_Asset__c,DefaultOff
01PRo00000C6PArMAN,0PSU00000009Kj9OAE,Work_Order_Asset__c,DefaultOff
01PRo00000C6PAsMAN,0PSRo0000003QlxOAE,Work_Order_Asset__c,DefaultOff
01PRo00000C6PAtMAN,0PS4O000000OaNjWAK,Work_Order_Asset__c,DefaultOff
01PRo00000CFzgzMAD,0PS0B000000icCtWAI,standard-Account,DefaultOff
01PRo00000CFzhNMAT,0PS0B000000icCtWAI,standard-CmsAuthorHome,DefaultOff
01PRo00000CFzhYMAT,0PS0B000000icCtWAI,standard-DuplicateRecordSet,DefaultOff
01PRo00000CFzhbMAD,0PS0B000000icCtWAI,standard-EngagementAttendee,DefaultOff
01PRo00000CFzhcMAD,0PS0B000000icCtWAI,standard-EngagementInteraction,DefaultOff
01PRo00000CFzhdMAD,0PS0B000000icCtWAI,standard-EngagementTopic,DefaultOff
01PRo00000CFzhqMAD,0PS0B000000icCtWAI,standard-Forecasting3,DefaultOff
01PRo00000CFzhuMAD,0PS0B000000icCtWAI,standard-IdeaTheme,DefaultOff
01PRo00000CFzhxMAD,0PS0B000000icCtWAI,standard-Lead,DefaultOff
01PRo00000CFzi4MAD,0PS0B000000icCtWAI,standard-Macro,DefaultOff
01PRo00000CFzi9MAD,0PS0B000000icCtWAI,standard-Order,DefaultOff
01PRo00000CFziCMAT,0PS0B000000icCtWAI,standard-Pricebook2,DefaultOff
01PRo00000CFziQMAT,0PS0B000000icCtWAI,standard-SocialPost,DefaultOff
01PRo00000CFziRMAT,0PS0B000000icCtWAI,standard-Solution,DefaultOff
01PRo00000CFziSMAT,0PS0B000000icCtWAI,standard-StreamingChannel,DefaultOff
01PRo00000CFzicMAD,0PS0B000000icCtWAI,pi__EngageSalesTools,DefaultOff
01PRo00000CFzidMAD,0PS0B000000icCtWAI,pi__Lead_Deck,DefaultOff
01PRo00000CFzieMAD,0PS0B000000icCtWAI,pi__Pardot_LeadDeck,DefaultOff
01PRo00000CFzifMAD,0PS0B000000icCtWAI,pi__ProspectInsight,DefaultOff
01PRo00000CFzigMAD,0PS0B000000icCtWAI,pi__Sales_Cloud_Engage_License_Assignment,DefaultOff
01PRo00000CFzihMAD,0PS0B000000icCtWAI,pi__Sales_Edge,DefaultOff
01PRo00000CFziiMAD,0PS0B000000icCtWAI,pi__Sales_Edge_Reports,DefaultOff
01PRo00000CFzilMAD,0PS0B000000icCtWAI,Dashboard_Page,DefaultOff
01PRo00000CFzimMAD,0PS0B000000icCtWAI,Review_Status__c,DefaultOff
01PRo00000CFzioMAD,0PS0B000000icCtWAI,Sourcing_Request_Item__c,DefaultOff
01PRo00000CFzixMAD,0PS0B000000icCtWAI,Equipment__c,DefaultOff
01PRo00000CFzj8MAD,0PS0B000000icCtWAI,Loaner_Asset__c,DefaultOff
01PRo00000CFzjAMAT,0PS0B000000icCtWAI,zkmulti__MCShipment__c,DefaultOff
01PRo00000CFzjJMAT,0PS0B000000icCtWAI,Warranty__c,DefaultOff
01PRo00000CFzjPMAT,0PS0B000000icCtWAI,Field_Service_Engineer__c,DefaultOff
01PRo00000CFzjhMAD,0PS0B000000icCtWAI,Technician_Ship_Location__c,DefaultOff
01PRo00000CFzjiMAD,0PS0B000000icCtWAI,Tech_Ship_Location_Junction__c,DefaultOff
01PRo00000CFzjuMAD,0PS0B000000icCtWAI,Intercompany_Transfer__c,DefaultOff
01PRo00000CFzjvMAD,0PS0B000000icCtWAI,Capital_Asset_Transfer__c,DefaultOff
01PRo00000CFzjzMAD,0PS0B000000icCtWAI,Document_Review__c,DefaultOff
01PRo00000CFzk0MAD,0PS0B000000icCtWAI,Change_Request__c,DefaultOff
01PRo00000CFzk1MAD,0PS0B000000icCtWAI,Disaster_Recovery_Project__c,DefaultOff
01PRo00000CFzk2MAD,0PS0B000000icCtWAI,Project_Charge__c,DefaultOff
01PRo00000CFzk3MAD,0PS0B000000icCtWAI,Project_Charge_Line_Item__c,DefaultOff
01PRo00000CFzk4MAD,0PS0B000000icCtWAI,Disaster_Recovery_Billing_Rule__c,DefaultOff
01PRo00000CFzk5MAD,0PS0B000000icCtWAI,Documentation__c,DefaultOff
01PRo00000CFzk6MAD,0PS0B000000icCtWAI,Supplier_Documentation__c,DefaultOff
01PRo00000CFzk7MAD,0PS0B000000icCtWAI,Product_Analytics__c,DefaultOff
01PRo00000CFzk8MAD,0PS0B000000icCtWAI,Work_Order_Asset__c,DefaultOff
01PRo00000CFzk9MAD,0PS0B000000icCtWAI,About_Mass_Update_and_Mass_Edit,DefaultOff
01PRo00000CFzkBMAT,0PS0B000000icCtWAI,ProductTestData__c,DefaultOff
01PRo00000CFzkDMAT,0PS0B000000icCtWAI,Getting_Started,DefaultOff
01PRo00000CGBQwMAP,0PS4O000000WtxEWAS,Field_Service_Engineer__c,DefaultOff
01PRo00000CGBR1MAP,0PS4O000000WtxEWAS,Disaster_Recovery_Billing_Rule__c,DefaultOff
01PRo00000CGBR2MAP,0PS4O000000WtxEWAS,standard-StreamingChannel,DefaultOff
01PRo00000CGBR9MAP,0PS4O000000WtxEWAS,Disaster_Recovery_Project__c,DefaultOff
01PRo00000CGBRCMA5,0PS4O000000WtxEWAS,standard-EngagementTopic,DefaultOff
01PRo00000CGBRFMA5,0PS4O000000WtxEWAS,Warranty__c,DefaultOff
01PRo00000CGBROMA5,0PS4O000000WtxEWAS,Supplier_Documentation__c,DefaultOff
01PRo00000CGBRdMAP,0PS4O000000WtxEWAS,Change_Request__c,DefaultOff
01PRo00000CGBRrMAP,0PS4O000000WtxEWAS,Project_Charge__c,DefaultOff
01PRo00000CGBRtMAP,0PS4O000000WtxEWAS,Loaner_Asset__c,DefaultOff
01PRo00000CGBVKMA5,0PS4O000000WtxEWAS,Review_Status__c,DefaultOff
01PRo00000CGBVZMA5,0PS4O000000WtxEWAS,Capital_Asset_Transfer__c,DefaultOff
01PRo00000CGBVfMAP,0PS4O000000WtxEWAS,standard-Forecasting3,DefaultOff
01PRo00000CGBVgMAP,0PS4O000000WtxEWAS,Document_Review__c,DefaultOff
01PRo00000CGBVoMAP,0PS4O000000WtxEWAS,Product_Analytics__c,DefaultOff
01PRo00000CGBVrMAP,0PS4O000000WtxEWAS,standard-ServiceContract,DefaultOff
01PRo00000CGBW4MAP,0PS4O000000WtxEWAS,Project_Charge_Line_Item__c,DefaultOff
01PRo00000CGBW5MAP,0PS4O000000WtxEWAS,standard-Entitlement,DefaultOff
01PRo00000CGBWgMAP,0PS4O000000WtxEWAS,ProductTestData__c,DefaultOff
01PRo00000CGBWmMAP,0PS4O000000WtxEWAS,Getting_Started,DefaultOff
01PRo00000CGBYaMAP,0PS4O000000WtxEWAS,Custom_Satisfaction_Survey__c,DefaultOff
01PRo00000CGBYmMAP,0PS4O000000WtxEWAS,Intercompany_Transfer__c,DefaultOff
01PRo00000CGBZ0MAP,0PS4O000000WtxEWAS,standard-EngagementAttendee,DefaultOff
01PRo00000CGBZ4MAP,0PS4O000000WtxEWAS,Documentation__c,DefaultOff
01PRo00000CGBZPMA5,0PS4O000000WtxEWAS,standard-EngagementInteraction,DefaultOff
01PRo00000CGBZTMA5,0PS4O000000WtxEWAS,Work_Order_Asset__c,DefaultOff
01PRo00000CGBZZMA5,0PS4O000000WtxEWAS,standard-Macro,DefaultOff
01PRo00000CGBZaMAP,0PS4O000000WtxEWAS,FSL_Flow_Launch_Record__c,DefaultOff
01PRo00000CGBbyMAH,0PSU0000000SUKzOAO,Field_Service_Engineer__c,DefaultOff
01PRo00000CGBc3MAH,0PSU0000000SUKzOAO,Disaster_Recovery_Billing_Rule__c,DefaultOff
01PRo00000CGBc4MAH,0PSU0000000SUKzOAO,standard-StreamingChannel,DefaultOff
01PRo00000CGBcBMAX,0PSU0000000SUKzOAO,Disaster_Recovery_Project__c,DefaultOff
01PRo00000CGBcEMAX,0PSU0000000SUKzOAO,standard-EngagementTopic,DefaultOff
01PRo00000CGBcHMAX,0PSU0000000SUKzOAO,standard-Employee,DefaultOff
01PRo00000CGBcIMAX,0PSU0000000SUKzOAO,Warranty__c,DefaultOff
01PRo00000CGBcKMAX,0PSU0000000SUKzOAO,Technician_Ship_Location__c,DefaultOff
01PRo00000CGBcMMAX,0PSU0000000SUKzOAO,Tech_Ship_Location_Junction__c,DefaultOff
01PRo00000CGBcSMAX,0PSU0000000SUKzOAO,Supplier_Documentation__c,DefaultOff
01PRo00000CGBcZMAX,0PSU0000000SUKzOAO,Change_Request__c,DefaultOff
01PRo00000CGBchMAH,0PSU0000000SUKzOAO,Project_Charge__c,DefaultOff
01PRo00000CGBcsMAH,0PSU0000000SUKzOAO,Review_Status__c,DefaultOff
01PRo00000CGBd2MAH,0PSU0000000SUKzOAO,Capital_Asset_Transfer__c,DefaultOff
01PRo00000CGBd8MAH,0PSU0000000SUKzOAO,standard-Forecasting3,DefaultOff
01PRo00000CGBd9MAH,0PSU0000000SUKzOAO,Document_Review__c,DefaultOff
01PRo00000CGBdHMAX,0PSU0000000SUKzOAO,Product_Analytics__c,DefaultOff
01PRo00000CGBdJMAX,0PSU0000000SUKzOAO,standard-ServiceContract,DefaultOff
01PRo00000CGBdWMAX,0PSU0000000SUKzOAO,Project_Charge_Line_Item__c,DefaultOff
01PRo00000CGBdXMAX,0PSU0000000SUKzOAO,standard-Entitlement,DefaultOff
01PRo00000CGBdtMAH,0PSU0000000SUKzOAO,standard-WaveHomeLightning,DefaultOff
01PRo00000CGBe6MAH,0PSU0000000SUKzOAO,ProductTestData__c,DefaultOff
01PRo00000CGBe7MAH,0PSU0000000SUKzOAO,standard-EmpUserProvisioningProcess,DefaultOff
01PRo00000CGBeDMAX,0PSU0000000SUKzOAO,Getting_Started,DefaultOff
01PRo00000CGBeQMAX,0PSU0000000SUKzOAO,standard-ProcessException,DefaultOff
01PRo00000CGBeSMAX,0PSU0000000SUKzOAO,Intercompany_Transfer__c,DefaultOff
01PRo00000CGBehMAH,0PSU0000000SUKzOAO,standard-EngagementAttendee,DefaultOff
01PRo00000CGBekMAH,0PSU0000000SUKzOAO,Documentation__c,DefaultOff
01PRo00000CGBezMAH,0PSU0000000SUKzOAO,standard-ActionPlanTemplate,DefaultOff
01PRo00000CGBf3MAH,0PSU0000000SUKzOAO,standard-ActionPlan,DefaultOff
01PRo00000CGBf9MAH,0PSU0000000SUKzOAO,standard-EngagementInteraction,DefaultOff
01PRo00000CGBfDMAX,0PSU0000000SUKzOAO,Work_Order_Asset__c,DefaultOff
01PRo00000CGBfKMAX,0PSU0000000SUKzOAO,standard-Macro,DefaultOff
01PRo00000CGBfLMAX,0PSU0000000SUKzOAO,FSL_Flow_Launch_Record__c,DefaultOff
01PRo00000CGBfcMAH,0PSU0000000SUKzOAO,standard-InternalOrganizationUnit,DefaultOff
01PRo00000CHFGfMAP,0PS5b000000HiFEGA0,standard-ServiceAppointment,DefaultOff
01PRo00000CdrtqMAB,0PS5b000000HjVDGA0,standard-CmsAuthorHome,DefaultOff
01PRo00000Cdru5MAB,0PS5b000000HjVDGA0,standard-EngagementAttendee,DefaultOff
01PRo00000Cdru6MAB,0PS5b000000HjVDGA0,standard-EngagementInteraction,DefaultOff
01PRo00000Cdru7MAB,0PS5b000000HjVDGA0,standard-EngagementTopic,DefaultOff
01PRo00000CdrutMAB,0PS5b000000HjVDGA0,standard-ServiceAppointment,DefaultOff
01PRo00000CdruwMAB,0PS5b000000HjVDGA0,standard-StreamingChannel,DefaultOff
01PRo00000Cdrv3MAB,0PS5b000000HjVDGA0,standard-WaveHomeLightning,DefaultOff
01PRo00000CdrvEMAR,0PS5b000000HjVDGA0,ProductTest__c,DefaultOff
01PRo00000CdrvGMAR,0PS5b000000HjVDGA0,Dashboard_Page,DefaultOff
01PRo00000CdrvHMAR,0PS5b000000HjVDGA0,Review_Status__c,DefaultOff
01PRo00000CdrvRMAR,0PS5b000000HjVDGA0,Product_Repair__c,DefaultOff
01PRo00000CdrvSMAR,0PS5b000000HjVDGA0,Equipment__c,DefaultOff
01PRo00000CdrvfMAB,0PS5b000000HjVDGA0,Loaner_Asset__c,DefaultOff
01PRo00000CdrvsMAB,0PS5b000000HjVDGA0,Warranty__c,DefaultOff
01PRo00000CdrvyMAB,0PS5b000000HjVDGA0,Field_Service_Engineer__c,DefaultOff
01PRo00000CdrwCMAR,0PS5b000000HjVDGA0,Change_Log__c,DefaultOff
01PRo00000CdrwHMAR,0PS5b000000HjVDGA0,Technician_Ship_Location__c,DefaultOff
01PRo00000CdrwIMAR,0PS5b000000HjVDGA0,Tech_Ship_Location_Junction__c,DefaultOff
01PRo00000CdrwUMAR,0PS5b000000HjVDGA0,Intercompany_Transfer__c,DefaultOff
01PRo00000CdrwVMAR,0PS5b000000HjVDGA0,Capital_Asset_Transfer__c,DefaultOff
01PRo00000CdrwZMAR,0PS5b000000HjVDGA0,Document_Review__c,DefaultOff
01PRo00000CdrwaMAB,0PS5b000000HjVDGA0,Change_Request__c,DefaultOff
01PRo00000CdrwbMAB,0PS5b000000HjVDGA0,Disaster_Recovery_Project__c,DefaultOff
01PRo00000CdrwcMAB,0PS5b000000HjVDGA0,Project_Charge__c,DefaultOff
01PRo00000CdrwdMAB,0PS5b000000HjVDGA0,Project_Charge_Line_Item__c,DefaultOff
01PRo00000CdrweMAB,0PS5b000000HjVDGA0,Disaster_Recovery_Billing_Rule__c,DefaultOff
01PRo00000CdrwfMAB,0PS5b000000HjVDGA0,Documentation__c,DefaultOff
01PRo00000CdrwgMAB,0PS5b000000HjVDGA0,Supplier_Documentation__c,DefaultOff
01PRo00000CdrwhMAB,0PS5b000000HjVDGA0,Work_Order_Asset__c,DefaultOff
01PRo00000CdsA5MAJ,0PS5b000000HmSJGA0,standard-CmsAuthorHome,DefaultOff
01PRo00000CdsAGMAZ,0PS5b000000HmSJGA0,standard-DuplicateRecordSet,DefaultOff
01PRo00000CdsAIMAZ,0PS5b000000HmSJGA0,standard-EngagementAttendee,DefaultOff
01PRo00000CdsAJMAZ,0PS5b000000HmSJGA0,standard-EngagementInteraction,DefaultOff
01PRo00000CdsAKMAZ,0PS5b000000HmSJGA0,standard-EngagementTopic,DefaultOff
01PRo00000CdsAXMAZ,0PS5b000000HmSJGA0,standard-Forecasting3,DefaultOff
01PRo00000CdsAcMAJ,0PS5b000000HmSJGA0,standard-IdeaTheme,DefaultOff
01PRo00000CdsAfMAJ,0PS5b000000HmSJGA0,standard-Lead,DefaultOff
01PRo00000CdsAmMAJ,0PS5b000000HmSJGA0,standard-Macro,DefaultOff
01PRo00000CdsArMAJ,0PS5b000000HmSJGA0,standard-Order,DefaultOff
01PRo00000CdsAuMAJ,0PS5b000000HmSJGA0,standard-Pricebook2,DefaultOff
01PRo00000CdsB8MAJ,0PS5b000000HmSJGA0,standard-SocialPost,DefaultOff
01PRo00000CdsB9MAJ,0PS5b000000HmSJGA0,standard-Solution,DefaultOff
01PRo00000CdsBAMAZ,0PS5b000000HmSJGA0,standard-StreamingChannel,DefaultOff
01PRo00000CdsBLMAZ,0PS5b000000HmSJGA0,pi__EngageSalesTools,DefaultOff
01PRo00000CdsBMMAZ,0PS5b000000HmSJGA0,pi__Lead_Deck,DefaultOff
01PRo00000CdsBNMAZ,0PS5b000000HmSJGA0,pi__Pardot_LeadDeck,DefaultOff
01PRo00000CdsBOMAZ,0PS5b000000HmSJGA0,pi__ProspectInsight,DefaultOff
01PRo00000CdsBPMAZ,0PS5b000000HmSJGA0,pi__Sales_Cloud_Engage_License_Assignment,DefaultOff
01PRo00000CdsBQMAZ,0PS5b000000HmSJGA0,pi__Sales_Edge,DefaultOff
01PRo00000CdsBRMAZ,0PS5b000000HmSJGA0,pi__Sales_Edge_Reports,DefaultOff
01PRo00000CdsBUMAZ,0PS5b000000HmSJGA0,Dashboard_Page,DefaultOff
01PRo00000CdsBVMAZ,0PS5b000000HmSJGA0,Review_Status__c,DefaultOff
01PRo00000CdsBXMAZ,0PS5b000000HmSJGA0,Sourcing_Request_Item__c,DefaultOff
01PRo00000CdsBfMAJ,0PS5b000000HmSJGA0,Product_Repair__c,DefaultOff
01PRo00000CdsBgMAJ,0PS5b000000HmSJGA0,Equipment__c,DefaultOff
01PRo00000CdsBrMAJ,0PS5b000000HmSJGA0,Loaner_Asset__c,DefaultOff
01PRo00000CdsC1MAJ,0PS5b000000HmSJGA0,Warranty__c,DefaultOff
01PRo00000CdsC8MAJ,0PS5b000000HmSJGA0,Field_Service_Engineer__c,DefaultOff
01PRo00000CdsCMMAZ,0PS5b000000HmSJGA0,Change_Log__c,DefaultOff
01PRo00000CdsCRMAZ,0PS5b000000HmSJGA0,Technician_Ship_Location__c,DefaultOff
01PRo00000CdsCSMAZ,0PS5b000000HmSJGA0,Tech_Ship_Location_Junction__c,DefaultOff
01PRo00000CdsCeMAJ,0PS5b000000HmSJGA0,Intercompany_Transfer__c,DefaultOff
01PRo00000CdsCfMAJ,0PS5b000000HmSJGA0,Capital_Asset_Transfer__c,DefaultOff
01PRo00000CdsCjMAJ,0PS5b000000HmSJGA0,Document_Review__c,DefaultOff
01PRo00000CdsCkMAJ,0PS5b000000HmSJGA0,Change_Request__c,DefaultOff
01PRo00000CdsClMAJ,0PS5b000000HmSJGA0,Disaster_Recovery_Project__c,DefaultOff
01PRo00000CdsCmMAJ,0PS5b000000HmSJGA0,Project_Charge__c,DefaultOff
01PRo00000CdsCnMAJ,0PS5b000000HmSJGA0,Project_Charge_Line_Item__c,DefaultOff
01PRo00000CdsCoMAJ,0PS5b000000HmSJGA0,Disaster_Recovery_Billing_Rule__c,DefaultOff
01PRo00000CdsCpMAJ,0PS5b000000HmSJGA0,Documentation__c,DefaultOff
01PRo00000CdsCqMAJ,0PS5b000000HmSJGA0,Supplier_Documentation__c,DefaultOff
01PRo00000CdsCsMAJ,0PS5b000000HmSJGA0,Work_Order_Asset__c,DefaultOff
01PRo00000CdsCtMAJ,0PS5b000000HmSJGA0,About_Mass_Update_and_Mass_Edit,DefaultOff
01PRo00000CdsCvMAJ,0PS5b000000HmSJGA0,ProductTestData__c,DefaultOff
01PRo00000CdsCxMAJ,0PS5b000000HmSJGA0,Getting_Started,DefaultOff
01PRo00000CpoPFMAZ,0PS0B000000icD3WAI,standard-CmsAuthorHome,DefaultOff
01PRo00000CpoPRMAZ,0PS0B000000icD3WAI,standard-DuplicateRecordSet,DefaultOff
01PRo00000CpoPTMAZ,0PS0B000000icD3WAI,standard-EngagementAttendee,DefaultOff
01PRo00000CpoPUMAZ,0PS0B000000icD3WAI,standard-EngagementInteraction,DefaultOff
01PRo00000CpoPVMAZ,0PS0B000000icD3WAI,standard-EngagementTopic,DefaultOff
01PRo00000CpoPiMAJ,0PS0B000000icD3WAI,standard-Forecasting3,DefaultOff
01PRo00000CpoPnMAJ,0PS0B000000icD3WAI,standard-IdeaTheme,DefaultOff
01PRo00000CpoPqMAJ,0PS0B000000icD3WAI,standard-Lead,DefaultOff
01PRo00000CpoPyMAJ,0PS0B000000icD3WAI,standard-Macro,DefaultOff
01PRo00000CpoQ3MAJ,0PS0B000000icD3WAI,standard-Order,DefaultOff
01PRo00000CpoQ6MAJ,0PS0B000000icD3WAI,standard-Pricebook2,DefaultOff
01PRo00000CpoQMMAZ,0PS0B000000icD3WAI,standard-SocialPost,DefaultOff
01PRo00000CpoQNMAZ,0PS0B000000icD3WAI,standard-Solution,DefaultOff
01PRo00000CpoQOMAZ,0PS0B000000icD3WAI,standard-StreamingChannel,DefaultOff
01PRo00000CpoQWMAZ,0PS0B000000icD3WAI,standard-WorkOrder,DefaultOff
01PRo00000CpoQZMAZ,0PS0B000000icD3WAI,pi__EngageSalesTools,DefaultOff
01PRo00000CpoQaMAJ,0PS0B000000icD3WAI,pi__Lead_Deck,DefaultOff
01PRo00000CpoQbMAJ,0PS0B000000icD3WAI,pi__Pardot_LeadDeck,DefaultOff
01PRo00000CpoQcMAJ,0PS0B000000icD3WAI,pi__ProspectInsight,DefaultOff
01PRo00000CpoQdMAJ,0PS0B000000icD3WAI,pi__Sales_Cloud_Engage_License_Assignment,DefaultOff
01PRo00000CpoQeMAJ,0PS0B000000icD3WAI,pi__Sales_Edge,DefaultOff
01PRo00000CpoQfMAJ,0PS0B000000icD3WAI,pi__Sales_Edge_Reports,DefaultOff
01PRo00000CpoQiMAJ,0PS0B000000icD3WAI,Dashboard_Page,DefaultOff
01PRo00000CpoQjMAJ,0PS0B000000icD3WAI,Review_Status__c,DefaultOff
01PRo00000CpoQlMAJ,0PS0B000000icD3WAI,Sourcing_Request_Item__c,DefaultOff
01PRo00000CpoQtMAJ,0PS0B000000icD3WAI,Product_Repair__c,DefaultOff
01PRo00000CpoQuMAJ,0PS0B000000icD3WAI,Equipment__c,DefaultOff
01PRo00000CpoR5MAJ,0PS0B000000icD3WAI,Loaner_Asset__c,DefaultOff
01PRo00000CpoRFMAZ,0PS0B000000icD3WAI,Warranty__c,DefaultOff
01PRo00000CpoRLMAZ,0PS0B000000icD3WAI,Field_Service_Engineer__c,DefaultOff
01PRo00000CpoRZMAZ,0PS0B000000icD3WAI,Change_Log__c,DefaultOff
01PRo00000CpoReMAJ,0PS0B000000icD3WAI,Technician_Ship_Location__c,DefaultOff
01PRo00000CpoRfMAJ,0PS0B000000icD3WAI,Tech_Ship_Location_Junction__c,DefaultOff
01PRo00000CpoRrMAJ,0PS0B000000icD3WAI,Intercompany_Transfer__c,DefaultOff
01PRo00000CpoRsMAJ,0PS0B000000icD3WAI,Capital_Asset_Transfer__c,DefaultOff
01PRo00000CpoRwMAJ,0PS0B000000icD3WAI,Document_Review__c,DefaultOff
01PRo00000CpoRxMAJ,0PS0B000000icD3WAI,Change_Request__c,DefaultOff
01PRo00000CpoRyMAJ,0PS0B000000icD3WAI,Disaster_Recovery_Project__c,DefaultOff
01PRo00000CpoRzMAJ,0PS0B000000icD3WAI,Project_Charge__c,DefaultOff
01PRo00000CpoS0MAJ,0PS0B000000icD3WAI,Project_Charge_Line_Item__c,DefaultOff
01PRo00000CpoS1MAJ,0PS0B000000icD3WAI,Disaster_Recovery_Billing_Rule__c,DefaultOff
01PRo00000CpoS2MAJ,0PS0B000000icD3WAI,Documentation__c,DefaultOff
01PRo00000CpoS3MAJ,0PS0B000000icD3WAI,Supplier_Documentation__c,DefaultOff
01PRo00000CpoS4MAJ,0PS0B000000icD3WAI,Product_Analytics__c,DefaultOff
01PRo00000CpoS5MAJ,0PS0B000000icD3WAI,Work_Order_Asset__c,DefaultOff
01PRo00000CpoS6MAJ,0PS0B000000icD3WAI,About_Mass_Update_and_Mass_Edit,DefaultOff
01PRo00000CpoS8MAJ,0PS0B000000icD3WAI,ProductTestData__c,DefaultOff
01PRo00000CpoSAMAZ,0PS0B000000icD3WAI,Getting_Started,DefaultOff
01PRo00000DWkQIMA1,0PS5b000000HjV8GAK,standard-CmsAuthorHome,DefaultOff
01PRo00000DWkQXMA1,0PS5b000000HjV8GAK,standard-EngagementAttendee,DefaultOff
01PRo00000DWkQYMA1,0PS5b000000HjV8GAK,standard-EngagementInteraction,DefaultOff
01PRo00000DWkQZMA1,0PS5b000000HjV8GAK,standard-EngagementTopic,DefaultOff
01PRo00000DWkRHMA1,0PS5b000000HjV8GAK,standard-ResourceAbsence,DefaultOff
01PRo00000DWkROMA1,0PS5b000000HjV8GAK,standard-ServiceResource,DefaultOff
01PRo00000DWkRQMA1,0PS5b000000HjV8GAK,standard-StreamingChannel,DefaultOff
01PRo00000DWkRiMAL,0PS5b000000HjV8GAK,ProductTest__c,DefaultOff
01PRo00000DWkRkMAL,0PS5b000000HjV8GAK,Dashboard_Page,DefaultOff
01PRo00000DWkRlMAL,0PS5b000000HjV8GAK,Review_Status__c,DefaultOff
01PRo00000DWkRvMAL,0PS5b000000HjV8GAK,Product_Repair__c,DefaultOff
01PRo00000DWkRwMAL,0PS5b000000HjV8GAK,Equipment__c,DefaultOff
01PRo00000DWkSAMA1,0PS5b000000HjV8GAK,zkmulti__MCShipment__c,DefaultOff
01PRo00000DWkSKMA1,0PS5b000000HjV8GAK,Warranty__c,DefaultOff
01PRo00000DWkSQMA1,0PS5b000000HjV8GAK,Field_Service_Engineer__c,DefaultOff
01PRo00000DWkSeMAL,0PS5b000000HjV8GAK,Change_Log__c,DefaultOff
01PRo00000DWkSjMAL,0PS5b000000HjV8GAK,Technician_Ship_Location__c,DefaultOff
01PRo00000DWkSkMAL,0PS5b000000HjV8GAK,Tech_Ship_Location_Junction__c,DefaultOff
01PRo00000DWkSwMAL,0PS5b000000HjV8GAK,Intercompany_Transfer__c,DefaultOff
01PRo00000DWkSxMAL,0PS5b000000HjV8GAK,Capital_Asset_Transfer__c,DefaultOff
01PRo00000DWkT1MAL,0PS5b000000HjV8GAK,Document_Review__c,DefaultOff
01PRo00000DWkT2MAL,0PS5b000000HjV8GAK,Change_Request__c,DefaultOff
01PRo00000DWkT3MAL,0PS5b000000HjV8GAK,Disaster_Recovery_Project__c,DefaultOff
01PRo00000DWkT4MAL,0PS5b000000HjV8GAK,Project_Charge__c,DefaultOff
01PRo00000DWkT5MAL,0PS5b000000HjV8GAK,Project_Charge_Line_Item__c,DefaultOff
01PRo00000DWkT6MAL,0PS5b000000HjV8GAK,Disaster_Recovery_Billing_Rule__c,DefaultOff
01PRo00000DWkT7MAL,0PS5b000000HjV8GAK,Documentation__c,DefaultOff
01PRo00000DWkT8MAL,0PS5b000000HjV8GAK,Supplier_Documentation__c,DefaultOff
01PRo00000DWkT9MAL,0PS5b000000HjV8GAK,Product_Analytics__c,DefaultOff
01PRo00000DWkTAMA1,0PS5b000000HjV8GAK,Work_Order_Asset__c,DefaultOff
01PRo00000DorQNMAZ,0PS0B000000icMyWAI,standard-EngagementAttendee,DefaultOff
01PRo00000DorQOMAZ,0PS0B000000icMyWAI,standard-EngagementInteraction,DefaultOff
01PRo00000DorQPMAZ,0PS0B000000icMyWAI,standard-EngagementTopic,DefaultOff
01PRo00000DorQuMAJ,0PS0B000000icMyWAI,standard-Opportunity,DefaultOff
01PRo00000DorREMAZ,0PS0B000000icMyWAI,standard-StreamingChannel,DefaultOff
01PRo00000DorRLMAZ,0PS0B000000icMyWAI,standard-WorkOrder,DefaultOff
01PRo00000DotDFMAZ,0PS0B000000icMyWAI,Review_Status__c,DefaultOff
01PRo00000DotDPMAZ,0PS0B000000icMyWAI,Product_Repair__c,DefaultOff
01PRo00000DotDQMAZ,0PS0B000000icMyWAI,Equipment__c,DefaultOff
01PRo00000DotDcMAJ,0PS0B000000icMyWAI,Master_Draw__c,DefaultOff
01PRo00000DotDdMAJ,0PS0B000000icMyWAI,Loaner_Asset__c,DefaultOff
01PRo00000DotDgMAJ,0PS0B000000icMyWAI,Loaner__c,DefaultOff
01PRo00000DotDwMAJ,0PS0B000000icMyWAI,Field_Service_Engineer__c,DefaultOff
01PRo00000DotEFMAZ,0PS0B000000icMyWAI,Technician_Ship_Location__c,DefaultOff
01PRo00000DotEGMAZ,0PS0B000000icMyWAI,Tech_Ship_Location_Junction__c,DefaultOff
01PRo00000DotEUMAZ,0PS0B000000icMyWAI,Intercompany_Transfer__c,DefaultOff
01PRo00000DotEVMAZ,0PS0B000000icMyWAI,Capital_Asset_Transfer__c,DefaultOff
01PRo00000DotEaMAJ,0PS0B000000icMyWAI,Document_Review__c,DefaultOff
01PRo00000DotEbMAJ,0PS0B000000icMyWAI,Change_Request__c,DefaultOff
01PRo00000DotEcMAJ,0PS0B000000icMyWAI,Disaster_Recovery_Project__c,DefaultOff
01PRo00000DotEdMAJ,0PS0B000000icMyWAI,Project_Charge__c,DefaultOff
01PRo00000DotEeMAJ,0PS0B000000icMyWAI,Project_Charge_Line_Item__c,DefaultOff
01PRo00000DotEfMAJ,0PS0B000000icMyWAI,Disaster_Recovery_Billing_Rule__c,DefaultOff
01PRo00000DotEgMAJ,0PS0B000000icMyWAI,Documentation__c,DefaultOff
01PRo00000DotEhMAJ,0PS0B000000icMyWAI,Supplier_Documentation__c,DefaultOff
01PRo00000DotEiMAJ,0PS0B000000icMyWAI,Product_Analytics__c,DefaultOff
01PRo00000DotEjMAJ,0PS0B000000icMyWAI,Work_Order_Asset__c,DefaultOff
01PRo00000DotjfMAB,0PS4O000000zpipWAA,standard-CmsAuthorHome,DefaultOff
01PRo00000DotjvMAB,0PS4O000000zpipWAA,standard-EngagementAttendee,DefaultOff
01PRo00000DotjwMAB,0PS4O000000zpipWAA,standard-EngagementInteraction,DefaultOff
01PRo00000DotjxMAB,0PS4O000000zpipWAA,standard-EngagementTopic,DefaultOff
01PRo00000DotknMAB,0PS4O000000zpipWAA,standard-StreamingChannel,DefaultOff
01PRo00000Dotl4MAB,0PS4O000000zpipWAA,ProductTest__c,DefaultOff
01PRo00000Dotl6MAB,0PS4O000000zpipWAA,Dashboard_Page,DefaultOff
01PRo00000Dotl7MAB,0PS4O000000zpipWAA,Review_Status__c,DefaultOff
01PRo00000DotlHMAR,0PS4O000000zpipWAA,Product_Repair__c,DefaultOff
01PRo00000DotlIMAR,0PS4O000000zpipWAA,Equipment__c,DefaultOff
01PRo00000DotlTMAR,0PS4O000000zpipWAA,Loaner_Asset__c,DefaultOff
01PRo00000DotleMAB,0PS4O000000zpipWAA,Warranty__c,DefaultOff
01PRo00000DotlkMAB,0PS4O000000zpipWAA,Field_Service_Engineer__c,DefaultOff
01PRo00000DotlyMAB,0PS4O000000zpipWAA,Change_Log__c,DefaultOff
01PRo00000Dotm3MAB,0PS4O000000zpipWAA,Technician_Ship_Location__c,DefaultOff
01PRo00000Dotm4MAB,0PS4O000000zpipWAA,Tech_Ship_Location_Junction__c,DefaultOff
01PRo00000DotmGMAR,0PS4O000000zpipWAA,Intercompany_Transfer__c,DefaultOff
01PRo00000DotmHMAR,0PS4O000000zpipWAA,Capital_Asset_Transfer__c,DefaultOff
01PRo00000DotmMMAR,0PS4O000000zpipWAA,Document_Review__c,DefaultOff
01PRo00000DotmNMAR,0PS4O000000zpipWAA,Change_Request__c,DefaultOff
01PRo00000DotmOMAR,0PS4O000000zpipWAA,Disaster_Recovery_Project__c,DefaultOff
01PRo00000DotmPMAR,0PS4O000000zpipWAA,Project_Charge__c,DefaultOff
01PRo00000DotmQMAR,0PS4O000000zpipWAA,Project_Charge_Line_Item__c,DefaultOff
01PRo00000DotmRMAR,0PS4O000000zpipWAA,Disaster_Recovery_Billing_Rule__c,DefaultOff
01PRo00000DotmSMAR,0PS4O000000zpipWAA,Documentation__c,DefaultOff
01PRo00000DotmTMAR,0PS4O000000zpipWAA,Supplier_Documentation__c,DefaultOff
01PRo00000DotmUMAR,0PS4O000000zpipWAA,Product_Analytics__c,DefaultOff
01PRo00000DotmVMAR,0PS4O000000zpipWAA,Work_Order_Asset__c,DefaultOff
01PRo00000DouakMAB,0PS0B000000icD8WAI,standard-Asset,DefaultOff
01PRo00000DouarMAB,0PS0B000000icD8WAI,standard-CmsAuthorHome,DefaultOff
01PRo00000Doub3MAB,0PS0B000000icD8WAI,standard-DuplicateRecordSet,DefaultOff
01PRo00000Doub5MAB,0PS0B000000icD8WAI,standard-EngagementAttendee,DefaultOff
01PRo00000Doub6MAB,0PS0B000000icD8WAI,standard-EngagementInteraction,DefaultOff
01PRo00000Doub7MAB,0PS0B000000icD8WAI,standard-EngagementTopic,DefaultOff
01PRo00000DoubKMAR,0PS0B000000icD8WAI,standard-Forecasting3,DefaultOff
01PRo00000DoubPMAR,0PS0B000000icD8WAI,standard-IdeaTheme,DefaultOff
01PRo00000DoubSMAR,0PS0B000000icD8WAI,standard-Lead,DefaultOff
01PRo00000DoubaMAB,0PS0B000000icD8WAI,standard-Macro,DefaultOff
01PRo00000DoubfMAB,0PS0B000000icD8WAI,standard-Order,DefaultOff
01PRo00000DoubiMAB,0PS0B000000icD8WAI,standard-Pricebook2,DefaultOff
01PRo00000DoubxMAB,0PS0B000000icD8WAI,standard-SocialPost,DefaultOff
01PRo00000DoubyMAB,0PS0B000000icD8WAI,standard-Solution,DefaultOff
01PRo00000DoubzMAB,0PS0B000000icD8WAI,standard-StreamingChannel,DefaultOff
01PRo00000Douc9MAB,0PS0B000000icD8WAI,pi__EngageSalesTools,DefaultOff
01PRo00000DoucAMAR,0PS0B000000icD8WAI,pi__Lead_Deck,DefaultOff
01PRo00000DoucBMAR,0PS0B000000icD8WAI,pi__Pardot_LeadDeck,DefaultOff
01PRo00000DoucCMAR,0PS0B000000icD8WAI,pi__ProspectInsight,DefaultOff
01PRo00000DoucDMAR,0PS0B000000icD8WAI,pi__Sales_Cloud_Engage_License_Assignment,DefaultOff
01PRo00000DoucEMAR,0PS0B000000icD8WAI,pi__Sales_Edge,DefaultOff
01PRo00000DoucFMAR,0PS0B000000icD8WAI,pi__Sales_Edge_Reports,DefaultOff
01PRo00000DoucIMAR,0PS0B000000icD8WAI,Dashboard_Page,DefaultOff
01PRo00000DoucJMAR,0PS0B000000icD8WAI,Review_Status__c,DefaultOff
01PRo00000DoucKMAR,0PS0B000000icD8WAI,Sourcing_Request_Item__c,DefaultOff
01PRo00000DoucSMAR,0PS0B000000icD8WAI,Product_Repair__c,DefaultOff
01PRo00000DoucTMAR,0PS0B000000icD8WAI,Equipment__c,DefaultOff
01PRo00000DoucgMAB,0PS0B000000icD8WAI,Loaner_Asset__c,DefaultOff
01PRo00000DoucsMAB,0PS0B000000icD8WAI,Warranty__c,DefaultOff
01PRo00000DoucyMAB,0PS0B000000icD8WAI,Field_Service_Engineer__c,DefaultOff
01PRo00000DoudCMAR,0PS0B000000icD8WAI,Change_Log__c,DefaultOff
01PRo00000DoudHMAR,0PS0B000000icD8WAI,Technician_Ship_Location__c,DefaultOff
01PRo00000DoudIMAR,0PS0B000000icD8WAI,Tech_Ship_Location_Junction__c,DefaultOff
01PRo00000DoudUMAR,0PS0B000000icD8WAI,Intercompany_Transfer__c,DefaultOff
01PRo00000DoudVMAR,0PS0B000000icD8WAI,Capital_Asset_Transfer__c,DefaultOff
01PRo00000DoudZMAR,0PS0B000000icD8WAI,Document_Review__c,DefaultOff
01PRo00000DoudaMAB,0PS0B000000icD8WAI,Change_Request__c,DefaultOff
01PRo00000DoudbMAB,0PS0B000000icD8WAI,Disaster_Recovery_Project__c,DefaultOff
01PRo00000DoudcMAB,0PS0B000000icD8WAI,Project_Charge__c,DefaultOff
01PRo00000DouddMAB,0PS0B000000icD8WAI,Project_Charge_Line_Item__c,DefaultOff
01PRo00000DoudeMAB,0PS0B000000icD8WAI,Disaster_Recovery_Billing_Rule__c,DefaultOff
01PRo00000DoudfMAB,0PS0B000000icD8WAI,Documentation__c,DefaultOff
01PRo00000DoudgMAB,0PS0B000000icD8WAI,Supplier_Documentation__c,DefaultOff
01PRo00000DoudhMAB,0PS0B000000icD8WAI,Product_Analytics__c,DefaultOff
01PRo00000DoudiMAB,0PS0B000000icD8WAI,Work_Order_Asset__c,DefaultOff
01PRo00000DoudjMAB,0PS0B000000icD8WAI,About_Mass_Update_and_Mass_Edit,DefaultOff
01PRo00000DoudlMAB,0PS0B000000icD8WAI,ProductTestData__c,DefaultOff
01PRo00000DoudnMAB,0PS0B000000icD8WAI,Getting_Started,DefaultOff
01PRo00000DoufaMAB,0PS0B000000b7VoWAI,standard-Asset,DefaultOff
01PRo00000DoufjMAB,0PS0B000000b7VoWAI,standard-CmsAuthorHome,DefaultOff
01PRo00000DoufzMAB,0PS0B000000b7VoWAI,standard-EngagementAttendee,DefaultOff
01PRo00000Doug0MAB,0PS0B000000b7VoWAI,standard-EngagementInteraction,DefaultOff
01PRo00000Doug1MAB,0PS0B000000b7VoWAI,standard-EngagementTopic,DefaultOff
01PRo00000DougrMAB,0PS0B000000b7VoWAI,standard-StreamingChannel,DefaultOff
01PRo00000Douh9MAB,0PS0B000000b7VoWAI,ProductTest__c,DefaultOff
01PRo00000DouhBMAR,0PS0B000000b7VoWAI,Dashboard_Page,DefaultOff
01PRo00000DouhCMAR,0PS0B000000b7VoWAI,Review_Status__c,DefaultOff
01PRo00000DouhMMAR,0PS0B000000b7VoWAI,Product_Repair__c,DefaultOff
01PRo00000DouhaMAB,0PS0B000000b7VoWAI,Loaner_Asset__c,DefaultOff
01PRo00000DouhmMAB,0PS0B000000b7VoWAI,Warranty__c,DefaultOff
01PRo00000DouhsMAB,0PS0B000000b7VoWAI,Field_Service_Engineer__c,DefaultOff
01PRo00000Doui6MAB,0PS0B000000b7VoWAI,Change_Log__c,DefaultOff
01PRo00000DouiBMAR,0PS0B000000b7VoWAI,Technician_Ship_Location__c,DefaultOff
01PRo00000DouiCMAR,0PS0B000000b7VoWAI,Tech_Ship_Location_Junction__c,DefaultOff
01PRo00000DouiPMAR,0PS0B000000b7VoWAI,Intercompany_Transfer__c,DefaultOff
01PRo00000DouiQMAR,0PS0B000000b7VoWAI,Capital_Asset_Transfer__c,DefaultOff
01PRo00000DouiUMAR,0PS0B000000b7VoWAI,Document_Review__c,DefaultOff
01PRo00000DouiVMAR,0PS0B000000b7VoWAI,Change_Request__c,DefaultOff
01PRo00000DouiWMAR,0PS0B000000b7VoWAI,Disaster_Recovery_Project__c,DefaultOff
01PRo00000DouiXMAR,0PS0B000000b7VoWAI,Project_Charge__c,DefaultOff
01PRo00000DouiYMAR,0PS0B000000b7VoWAI,Project_Charge_Line_Item__c,DefaultOff
01PRo00000DouiZMAR,0PS0B000000b7VoWAI,Disaster_Recovery_Billing_Rule__c,DefaultOff
01PRo00000DouiaMAB,0PS0B000000b7VoWAI,Documentation__c,DefaultOff
01PRo00000DouibMAB,0PS0B000000b7VoWAI,Supplier_Documentation__c,DefaultOff
01PRo00000DouicMAB,0PS0B000000b7VoWAI,Product_Analytics__c,DefaultOff
01PRo00000DouidMAB,0PS0B000000b7VoWAI,Work_Order_Asset__c,DefaultOff
01PRo00000DovGmMAJ,0PS4O000000WtUHWA0,standard-Asset,DefaultOff
01PRo00000DovGnMAJ,0PS0B000000b4UMWAY,standard-Asset,DefaultOff
01PRo00000DovGoMAJ,0PS0B000000b4dnWAA,standard-Asset,DefaultOff
01PRo00000DovGpMAJ,0PS0B000000icDDWAY,standard-Asset,DefaultOff
01PRo00000DovGqMAJ,0PS0B000000ic4uWAA,standard-Asset,DefaultOff
01PRo00000DovGrMAJ,0PS0B000000b5SRWAY,standard-Asset,DefaultOff
01PRo00000DovGtMAJ,0PSU0000000OKzxOAG,standard-Asset,DefaultOff
01PRo00000DovGuMAJ,0PS0B000000icCtWAI,standard-Asset,DefaultOff
01PRo00000DovGwMAJ,0PS0B000000icD3WAI,standard-Asset,DefaultOff
01PRo00000DovGxMAJ,0PSU0000000SUL4OAO,standard-Asset,DefaultOff
01PRo00000DovGzMAJ,0PS4O000000WtxEWAS,standard-Asset,DefaultOff
01PRo00000DugBwMAJ,0PS5b000000HjVcGAK,standard-Case,DefaultOff
01PRo00000DugByMAJ,0PS5b000000HjVcGAK,standard-CmsAuthorHome,DefaultOff
01PRo00000DugC9MAJ,0PS5b000000HjVcGAK,standard-DuplicateRecordSet,DefaultOff
01PRo00000DugCBMAZ,0PS5b000000HjVcGAK,standard-EngagementAttendee,DefaultOff
01PRo00000DugCCMAZ,0PS5b000000HjVcGAK,standard-EngagementInteraction,DefaultOff
01PRo00000DugCDMAZ,0PS5b000000HjVcGAK,standard-EngagementTopic,DefaultOff
01PRo00000DugCQMAZ,0PS5b000000HjVcGAK,standard-Forecasting3,DefaultOff
01PRo00000DugCVMAZ,0PS5b000000HjVcGAK,standard-IdeaTheme,DefaultOff
01PRo00000DugCYMAZ,0PS5b000000HjVcGAK,standard-Lead,DefaultOff
01PRo00000DugCfMAJ,0PS5b000000HjVcGAK,standard-Macro,DefaultOff
01PRo00000DugCkMAJ,0PS5b000000HjVcGAK,standard-Order,DefaultOff
01PRo00000DugCnMAJ,0PS5b000000HjVcGAK,standard-Pricebook2,DefaultOff
01PRo00000DugD2MAJ,0PS5b000000HjVcGAK,standard-ServiceAppointment,DefaultOff
01PRo00000DugD3MAJ,0PS5b000000HjVcGAK,standard-ServiceContract,DefaultOff
01PRo00000DugD4MAJ,0PS5b000000HjVcGAK,standard-SocialPost,DefaultOff
01PRo00000DugD5MAJ,0PS5b000000HjVcGAK,standard-Solution,DefaultOff
01PRo00000DugD6MAJ,0PS5b000000HjVcGAK,standard-StreamingChannel,DefaultOff
01PRo00000DugDHMAZ,0PS5b000000HjVcGAK,pi__EngageSalesTools,DefaultOff
01PRo00000DugDIMAZ,0PS5b000000HjVcGAK,pi__Lead_Deck,DefaultOff
01PRo00000DugDJMAZ,0PS5b000000HjVcGAK,pi__Pardot_LeadDeck,DefaultOff
01PRo00000DugDKMAZ,0PS5b000000HjVcGAK,pi__ProspectInsight,DefaultOff
01PRo00000DugDLMAZ,0PS5b000000HjVcGAK,pi__Sales_Cloud_Engage_License_Assignment,DefaultOff
01PRo00000DugDMMAZ,0PS5b000000HjVcGAK,pi__Sales_Edge,DefaultOff
01PRo00000DugDNMAZ,0PS5b000000HjVcGAK,pi__Sales_Edge_Reports,DefaultOff
01PRo00000DugDQMAZ,0PS5b000000HjVcGAK,Dashboard_Page,DefaultOff
01PRo00000DugDRMAZ,0PS5b000000HjVcGAK,Review_Status__c,DefaultOff
01PRo00000DugDbMAJ,0PS5b000000HjVcGAK,Product_Repair__c,DefaultOff
01PRo00000DugDcMAJ,0PS5b000000HjVcGAK,Equipment__c,DefaultOff
01PRo00000DugDnMAJ,0PS5b000000HjVcGAK,Loaner_Asset__c,DefaultOff
01PRo00000DugDxMAJ,0PS5b000000HjVcGAK,Warranty__c,DefaultOff
01PRo00000DugE3MAJ,0PS5b000000HjVcGAK,Field_Service_Engineer__c,DefaultOff
01PRo00000DugEHMAZ,0PS5b000000HjVcGAK,Change_Log__c,DefaultOff
01PRo00000DugEMMAZ,0PS5b000000HjVcGAK,Technician_Ship_Location__c,DefaultOff
01PRo00000DugENMAZ,0PS5b000000HjVcGAK,Tech_Ship_Location_Junction__c,DefaultOff
01PRo00000DugEZMAZ,0PS5b000000HjVcGAK,Intercompany_Transfer__c,DefaultOff
01PRo00000DugEaMAJ,0PS5b000000HjVcGAK,Capital_Asset_Transfer__c,DefaultOff
01PRo00000DugEeMAJ,0PS5b000000HjVcGAK,Document_Review__c,DefaultOff
01PRo00000DugEfMAJ,0PS5b000000HjVcGAK,Change_Request__c,DefaultOff
01PRo00000DugEgMAJ,0PS5b000000HjVcGAK,Disaster_Recovery_Project__c,DefaultOff
01PRo00000DugEhMAJ,0PS5b000000HjVcGAK,Project_Charge__c,DefaultOff
01PRo00000DugEiMAJ,0PS5b000000HjVcGAK,Project_Charge_Line_Item__c,DefaultOff
01PRo00000DugEjMAJ,0PS5b000000HjVcGAK,Disaster_Recovery_Billing_Rule__c,DefaultOff
01PRo00000DugEkMAJ,0PS5b000000HjVcGAK,Documentation__c,DefaultOff
01PRo00000DugElMAJ,0PS5b000000HjVcGAK,Supplier_Documentation__c,DefaultOff
01PRo00000DugEmMAJ,0PS5b000000HjVcGAK,Product_Analytics__c,DefaultOff
01PRo00000DugEnMAJ,0PS5b000000HjVcGAK,Work_Order_Asset__c,DefaultOff
01PRo00000DugEoMAJ,0PS5b000000HjVcGAK,About_Mass_Update_and_Mass_Edit,DefaultOff
01PRo00000DugEqMAJ,0PS5b000000HjVcGAK,ProductTestData__c,DefaultOff
01PRo00000DugEsMAJ,0PS5b000000HjVcGAK,Getting_Started,DefaultOff
0000000LZ0001tsAMA,0PSRo0000002WLZOA2,standard-TimeSheet,DefaultOff
0000000s70009QLAAY,0PSRo000000CNs7OAG,standard-ExpressionSet,DefaultOff
