Id,Name,Original_Stock_Checked__c,Original_Inventory_Count_Date__c,Location__c,Current_Location__c,Physical_Location__c
a06Ro00000BlLYaIAN,320818,,,"Salt Lake City, UT","Salt Lake City, UT | Main C 03B","Salt Lake City, UT"
a06Ro00000CO1IhIAL,324974,2026-03-20,2024-12-20,"Salt Lake City, UT","Salt Lake, UT  - Main - D06D",
a06Ro00000CO1IsIAL,324985,2025-12-11,2024-12-20,"Salt Lake City, UT","Salt Lake, UT  - Main - C12A",
a06Ro00000CO1byIAD,324994,2025-12-11,2024-12-20,"Salt Lake City, UT","Salt Lake, UT  - Main - C09A",
a06Ro00000CO1bzIAD,324995,2025-12-11,2024-12-20,"Salt Lake City, UT","Salt Lake, UT  - Main - C09A",
a06Ro00000CO1c0IAD,324996,2025-12-11,2024-12-20,"Salt Lake City, UT","Salt Lake, UT  - Main - C09A",
a06Ro00000CO1c1IAD,324997,2025-12-11,2024-12-20,"Salt Lake City, UT","Salt Lake, UT  - Main - C09A",
a06Ro00000CO1c2IAD,324998,2025-12-11,2024-12-20,"Salt Lake City, UT","Salt Lake, UT  - Main - C09A",
a06Ro00000CO1c3IAD,324999,2025-12-11,2024-12-20,"Salt Lake City, UT","Salt Lake, UT  - Main - C09A",
a06Ro00000CO1c4IAD,325000,2025-12-11,2024-12-20,"Salt Lake City, UT","Salt Lake, UT  - Main - C09A",
a06Ro00000CO1c5IAD,325001,2025-12-11,2024-12-20,"Salt Lake City, UT","Salt Lake, UT  - Main - C09A",
a06Ro00000CO1c6IAD,325002,2025-12-11,2024-12-20,"Salt Lake City, UT","Salt Lake, UT  - Main - D06D",
a06Ro00000CO1c7IAD,325003,2025-12-11,2024-12-20,"Salt Lake City, UT","Salt Lake, UT  - Main - D06D",
a06Ro00000CO1c8IAD,325004,2025-12-11,2024-12-20,"Salt Lake City, UT","Salt Lake, UT  - Main - D06D",
a06Ro00000CO1c9IAD,325005,2025-12-11,2024-12-20,"Salt Lake City, UT","Salt Lake, UT  - Main - D06D",
a06Ro00000CO1cAIAT,325006,2025-12-11,2024-12-20,"Salt Lake City, UT","Salt Lake, UT  - Main - D06D",
a06Ro00000CO1cNIAT,325019,2025-12-11,,"Salt Lake City, UT","Salt Lake City, UT | Main C 14C","Milwaukee, WI"
a06Ro00000CO1cOIAT,325020,2025-12-11,2024-12-20,"Salt Lake City, UT","Salt Lake, UT  - Main - C14C",
a06Ro00000CO1cPIAT,325021,2025-12-11,2024-12-20,"Salt Lake City, UT","Salt Lake, UT  - Main - C14C",
a06Ro00000CO1cTIAT,325025,2025-12-11,2024-12-20,"Salt Lake City, UT","Salt Lake, UT  - Main - C14C",
a06Ro00000CO1cVIAT,325027,2025-12-11,2024-12-20,"Salt Lake City, UT","Salt Lake, UT  - Main - C14C",
a06Ro00000CO1daIAD,325044,2025-12-11,2024-12-20,"Salt Lake City, UT","Salt Lake, UT  - Main - C13B",
a06Ro00000CO1dbIAD,325045,2025-12-11,2024-12-20,"Salt Lake City, UT","Salt Lake, UT  - Main - C13C",
a06Ro00000CO1dcIAD,325046,2025-12-11,2024-12-20,"Salt Lake City, UT","Salt Lake, UT  - Main - C13B",
a06Ro00000CO1ddIAD,325047,2025-12-11,2024-12-20,"Salt Lake City, UT","Salt Lake, UT  - Main - C13B",
a06Ro00000CO1deIAD,325048,2025-12-11,2024-12-20,"Salt Lake City, UT","Salt Lake, UT  - Main - C13B",
a06Ro00000CO1dfIAD,325049,2025-12-11,2024-12-20,"Salt Lake City, UT","Salt Lake, UT  - Main - C13B",
a06Ro00000CO1dkIAD,325054,2025-12-11,2024-12-20,"Salt Lake City, UT","Salt Lake, UT  - Main - C13A",
a06Ro00000CO1dmIAD,325056,2025-12-11,2024-12-20,"Salt Lake City, UT","Salt Lake, UT  - Main - C13A",
a06Ro00000CO1dnIAD,325057,2025-12-11,2024-12-20,"Salt Lake City, UT","Salt Lake, UT  - Main - C13A",
a06Ro00000CO1doIAD,325058,2025-12-11,2024-12-20,"Salt Lake City, UT","Salt Lake, UT  - Main - C13A",
a06Ro00000CO1duIAD,325064,2025-12-11,2024-12-20,"Salt Lake City, UT","Salt Lake City, UT | Main C 14C","Salt Lake City, UT"
a06Ro00000CO1dvIAD,325065,2025-12-11,2024-12-20,"Salt Lake City, UT","Salt Lake City, UT | Main C 13D","Milwaukee, WI"
a06Ro00000CO1dwIAD,325066,2025-12-11,2024-12-20,"Salt Lake City, UT","Salt Lake City, UT | Main C 13D","Milwaukee, WI"
a06Ro00000CO1dxIAD,325067,2025-12-11,2024-12-20,"Salt Lake City, UT","Salt Lake, UT  - Main - C13D",
a06Ro00000CO1dyIAD,325068,2025-12-11,2024-12-20,"Salt Lake City, UT","Salt Lake, UT  - Main - C13D",
a06Ro00000CO1dzIAD,325069,2025-12-11,2024-12-20,"Salt Lake City, UT","Salt Lake, UT  - Main - C13D",
a06Ro00000CO1e0IAD,325070,2025-12-11,2024-12-20,"Salt Lake City, UT","Salt Lake, UT  - Main - C13D",
a06Ro00000CO1e1IAD,325071,2025-12-11,2024-12-20,"Salt Lake City, UT","Salt Lake, UT  - Main - C13D",
a06Ro00000CO1e2IAD,325072,2025-12-11,2024-12-20,"Salt Lake City, UT","Salt Lake, UT  - Main - C13D",
a06Ro00000CO1e3IAD,325073,2025-12-11,2024-12-20,"Salt Lake City, UT","Salt Lake, UT  - Main - C13D",
a06Ro00000CO1e8IAD,325078,2025-12-11,2024-12-20,"Salt Lake City, UT","Salt Lake, UT  - Main - C13C",
a06Ro00000CO1e9IAD,325079,2025-12-11,2024-12-20,"Salt Lake City, UT","Salt Lake, UT  - Main - C09C",
a06Ro00000CO1eAIAT,325080,2025-12-11,2024-12-20,"Salt Lake City, UT","Salt Lake, UT  - Main - C09C",
a06Ro00000CO1eBIAT,325081,2025-12-11,2024-12-20,"Salt Lake City, UT","Salt Lake, UT  - Main - C09C",
a06Ro00000CO1eCIAT,325082,2025-12-11,2024-12-20,"Salt Lake City, UT","Salt Lake, UT  - Main - C09C",
a06Ro00000CO1eDIAT,325083,2025-12-11,2024-12-20,"Salt Lake City, UT","Salt Lake, UT  - Main - C09C",
a06Ro00000CO1eEIAT,325084,2025-12-11,2024-12-20,"Salt Lake City, UT","Salt Lake, UT  - Main - C09C",
a06Ro00000CO1eFIAT,325085,2025-12-11,2024-12-20,"Salt Lake City, UT","Salt Lake, UT  - Main - C11D",
a06Ro00000CO1eHIAT,325087,2025-12-11,2024-12-20,"Salt Lake City, UT","Salt Lake, UT  - Main - C09B",
a06Ro00000CO1eJIAT,325089,2025-12-11,2024-12-20,"Salt Lake City, UT","Salt Lake, UT  - Main - C09B",
a06Ro00000CO1eLIAT,325091,2025-12-11,2024-12-20,"Salt Lake City, UT","Salt Lake, UT  - Main - D18A",
a06Ro00000CO1eMIAT,325092,2025-12-11,2024-12-20,"Salt Lake City, UT","Salt Lake, UT  - Main - D18A",
a06Ro00000CO1g2IAD,325146,2025-12-11,2024-12-20,"Salt Lake City, UT","Salt Lake, UT  - Main - C09C",
a06Ro00000CO1g3IAD,325147,2025-12-11,2024-12-20,"Salt Lake City, UT","Salt Lake, UT  - Main - C09C",
a06Ro00000CO1g4IAD,325148,2025-12-11,2024-12-20,"Salt Lake City, UT","Salt Lake, UT  - Main - C09C",
a06Ro00000CO1g5IAD,325149,2025-12-11,2024-12-20,"Salt Lake City, UT","Salt Lake, UT  - Main - C09C",
a06Ro00000CO1g6IAD,325150,2025-12-11,2024-12-20,"Salt Lake City, UT","Salt Lake, UT  - Main - C09C",
a06Ro00000CO1g7IAD,325151,2025-12-11,2024-12-20,"Salt Lake City, UT","Salt Lake, UT  - Main - C09C",
a06Ro00000CO1g8IAD,325152,2025-12-11,2024-12-20,"Salt Lake City, UT","Salt Lake, UT  - Main - C09C",
a06Ro00000CO1g9IAD,325153,2025-12-11,2024-12-20,"Salt Lake City, UT","Salt Lake, UT  - Main - C09C",
a06Ro00000CO1gbIAD,325181,2025-12-11,2024-12-20,"Salt Lake City, UT","Salt Lake, UT  - Main - C13C",
a06Ro00000CO1gfIAD,325185,2025-12-11,2024-12-20,"Salt Lake City, UT","Salt Lake, UT  - Main - C13C",
a06Ro00000CO1hyIAD,325262,2025-12-11,2024-12-20,"Salt Lake City, UT","Salt Lake, UT  - Main - C09C",
a06Ro00000CO1hzIAD,325263,2025-12-11,2024-12-20,"Salt Lake City, UT","Salt Lake, UT  - Main - C09C",
a06Ro00000CO1i0IAD,325264,2025-12-11,2024-12-20,"Salt Lake City, UT","Salt Lake, UT  - Main - C09C",
a06Ro00000CO1j0IAD,325314,2025-12-11,2024-12-20,"Salt Lake City, UT","Salt Lake, UT  - Main - C09C",
a06Ro00000CO1BjIAL,325460,2025-12-11,2024-12-20,"Salt Lake City, UT","Salt Lake, UT  - Main - C02B",
a06Ro00000CNzXXIA1,325516,2025-12-11,2024-12-20,"Salt Lake City, UT","Salt Lake City, UT | Main C 03E","Salt Lake City, UT"
a06Ro00000CNzXYIA1,325517,2025-12-11,2024-12-20,"Salt Lake City, UT","Salt Lake, UT  - Main - C03E",
a06Ro00000CNzXZIA1,325518,2025-12-11,2024-12-20,"Salt Lake City, UT","Salt Lake, UT  - Main - C03E",
a06Ro00000CNzXaIAL,325519,2025-12-11,2024-12-20,"Salt Lake City, UT","Salt Lake, UT  - Main - C03E",
a06Ro00000CNzXbIAL,325520,2025-12-11,2024-12-20,"Salt Lake City, UT","Salt Lake, UT  - Main - C03E",
a06Ro00000CNzXcIAL,325521,2025-12-11,2024-12-20,"Salt Lake City, UT","Salt Lake, UT  - Main - C03E",
a06Ro00000CNzXeIAL,325523,2025-12-11,2024-12-20,"Salt Lake City, UT","Salt Lake, UT  - Main - C03E",
a06Ro00000CNzXfIAL,325524,2025-12-11,2024-12-20,"Salt Lake City, UT","Salt Lake, UT  - Main - C03E",
a06Ro00000CNzahIAD,325562,2025-12-11,2024-12-20,"Salt Lake City, UT","Salt Lake, UT  - Main - C03F",
a06Ro00000CNzaiIAD,325563,2025-12-11,2024-12-20,"Salt Lake City, UT","Salt Lake, UT  - Main - C03F",
a06Ro00000CNzajIAD,325564,2025-12-11,2024-12-20,"Salt Lake City, UT","Salt Lake, UT  - Main - C03F",
a06Ro00000CO3lvIAD,325813,2025-12-11,2024-12-20,"Salt Lake City, UT","Salt Lake City, UT | Main D 14E","Salt Lake City, UT"
a06Ro00000CO3m2IAD,325820,2025-12-11,2024-12-20,"Salt Lake City, UT","Salt Lake, UT  - Main - D18F",
a06Ro00000CO3m3IAD,325821,2025-12-11,2024-12-20,"Salt Lake City, UT","Salt Lake, UT  - Main - D18F",
a06Ro00000CO4BwIAL,325887,2025-12-11,2024-12-20,"Salt Lake City, UT","Salt Lake, UT  - Main - C09C",
a06Ro00000CO4C5IAL,325896,2025-12-11,2024-12-20,"Salt Lake City, UT","Salt Lake, UT  - Main - C02A",
a06Ro00000CO4C6IAL,325897,2025-12-11,2024-12-20,"Salt Lake City, UT","Salt Lake, UT  - Main - C02A",
a06Ro00000CO4EvIAL,325962,2025-12-11,,"Salt Lake City, UT","Salt Lake City, UT | Main C 03B","Salt Lake City, UT"
a06Ro00000CO4GXIA1,326112,2025-12-11,2024-12-20,"Salt Lake City, UT","Salt Lake City, UT | Main C 02H","Salt Lake City, UT"
a06Ro00000CO4IDIA1,326146,2025-12-11,2024-12-20,"Salt Lake City, UT","Salt Lake City, UT | Main C 04A",
a06Ro00000CO4IEIA1,326147,2025-12-11,2024-12-20,"Salt Lake City, UT","Salt Lake, UT  - Main - C04A",
a06Ro00000CO4IFIA1,326148,2025-12-11,2024-12-20,"Salt Lake City, UT","Salt Lake, UT  - Main - C04A",
a06Ro00000CO4MwIAL,326229,2025-12-11,2024-12-20,"Salt Lake City, UT","Salt Lake, UT  - Main - C05C",
a06Ro00000CO4MxIAL,326230,2025-12-11,2024-12-20,"Salt Lake City, UT","Salt Lake, UT  - Main - C05C",
a06Ro00000CO4MyIAL,326231,2025-12-11,2024-12-20,"Salt Lake City, UT","Salt Lake, UT  - Main - C04G",
a06Ro00000CO4MzIAL,326232,2025-12-11,2024-12-20,"Salt Lake City, UT","Salt Lake, UT  - Main - C04G",
a06Ro00000CO4N0IAL,326233,2025-12-11,2024-12-20,"Salt Lake City, UT","Salt Lake, UT  - Main - C04G",
a06Ro00000CO4N1IAL,326234,2025-12-11,2024-12-20,"Salt Lake City, UT","Salt Lake, UT  - Main - C04G",
a06Ro00000CO4QCIA1,326351,2025-12-11,2024-12-20,"Salt Lake City, UT","Salt Lake, UT  - Main - D18F",
a06Ro00000CO4QDIA1,326352,2025-12-11,2024-12-20,"Salt Lake City, UT","Salt Lake, UT  - Main - D18F",
a06Ro00000CO4QEIA1,326353,2025-12-11,2024-12-20,"Salt Lake City, UT","Salt Lake, UT  - Main - D18F",
a06Ro00000CO4QKIA1,326359,2025-12-11,2024-12-20,"Salt Lake City, UT","Salt Lake, UT  - Main - D18F",
a06Ro00000CO4QLIA1,326360,2025-12-11,2024-12-20,"Salt Lake City, UT","Salt Lake, UT  - Main - D18F",
a06Ro00000CO4TqIAL,326497,2025-12-11,2024-12-20,"Salt Lake City, UT","Salt Lake, UT  - Main - C09B",
a06Ro00000CO4UzIAL,326498,2025-12-11,2024-12-20,"Salt Lake City, UT","Salt Lake, UT  - Main - C09B",
a06Ro00000CO4V0IAL,326499,2025-12-11,2024-12-20,"Salt Lake City, UT","Salt Lake, UT  - Main - C09B",
a06Ro00000CO4V1IAL,326500,2025-12-11,2024-12-20,"Salt Lake City, UT","Salt Lake, UT  - Main - C09B",
a06Ro00000CO4V2IAL,326501,2025-12-11,2024-12-20,"Salt Lake City, UT","Salt Lake, UT  - Main - C09B",
a06Ro00000CO4V3IAL,326502,2025-12-11,2024-12-20,"Salt Lake City, UT","Salt Lake, UT  - Main - C09B",
a06Ro00000CO4WfIAL,326532,2025-12-11,2024-12-20,"Salt Lake City, UT","Salt Lake, UT  - Main - C04F",
a06Ro00000CO4WwIAL,326549,2025-12-11,2024-12-20,"Salt Lake City, UT","Salt Lake, UT  - Main - C12C",
a06Ro00000CO4WyIAL,326551,2025-12-11,2024-12-20,"Salt Lake City, UT","Salt Lake, UT  - Main - C12D",
a06Ro00000CO4WzIAL,326552,2025-12-11,2024-12-20,"Salt Lake City, UT","Salt Lake, UT  - Main - C12D",
a06Ro00000CO4X0IAL,326553,2025-12-11,2024-12-20,"Salt Lake City, UT","Salt Lake, UT  - Main - C12D",
a06Ro00000CO4YfIAL,326646,2025-12-11,2024-12-20,"Salt Lake City, UT","Salt Lake City, UT | Main C 15D","Milwaukee, WI"
a06Ro00000CO4YgIAL,326647,2025-12-11,2024-12-20,"Salt Lake City, UT","Salt Lake City, UT | Main C 15C","Milwaukee, WI"
a06Ro00000CNrRLIA1,326649,2024-08-06,,"Salt Lake City, UT","Salt Lake City, UT | Main C 15C","Salt Lake City, UT"
a06Ro00000CO4ZzIAL,326688,2025-12-11,2024-12-20,"Salt Lake City, UT","Salt Lake City, UT | Main D 06B","Salt Lake City, UT"
a06Ro00000CO4a0IAD,326689,2025-12-11,2024-12-20,"Salt Lake City, UT","Salt Lake, UT  - Main - D06B",
a06Ro00000CO4a1IAD,326690,2025-12-11,2024-12-20,"Salt Lake City, UT","Salt Lake, UT  - Main - D06B",
a06Ro00000CO4a2IAD,326691,2025-12-11,2024-12-20,"Salt Lake City, UT","Salt Lake, UT  - Main - D06B",
a06Ro00000CO4a3IAD,326692,2025-12-11,2024-12-20,"Salt Lake City, UT","Salt Lake, UT  - Main - D06A",
a06Ro00000CO4a4IAD,326693,2025-12-11,2024-12-20,"Salt Lake City, UT","Salt Lake, UT  - Main - D06A",
a06Ro00000CO4a5IAD,326694,2025-12-11,2024-12-20,"Salt Lake City, UT","Salt Lake, UT  - Main - D06A",
a06Ro00000CO4a6IAD,326695,2025-12-11,2024-12-20,"Salt Lake City, UT","Salt Lake, UT  - Main - D06A",
a06Ro00000CO4a7IAD,326696,2025-12-11,2024-12-20,"Salt Lake City, UT","Salt Lake, UT  - Main - D06A",
a06Ro00000CO4a8IAD,326697,2025-12-11,2024-12-20,"Salt Lake City, UT","Salt Lake, UT  - Main - D06A",
a06Ro00000CO4a9IAD,326698,2025-12-11,2024-12-20,"Salt Lake City, UT","Salt Lake, UT  - Main - D06A",
a06Ro00000CO4aAIAT,326699,2025-12-11,2024-12-20,"Salt Lake City, UT","Salt Lake, UT  - Main - D06A",
a06Ro00000CO4aBIAT,326700,2025-12-11,2024-12-20,"Salt Lake City, UT","Salt Lake, UT  - Main - D06A",
a06Ro00000CO4aCIAT,326701,2025-12-11,2024-12-20,"Salt Lake City, UT","Salt Lake, UT  - Main - D06A",
a06Ro00000CO4aDIAT,326702,2025-12-11,2024-12-20,"Salt Lake City, UT","Salt Lake, UT  - Main - D06A",
a06Ro00000CO4aEIAT,326703,2025-12-11,2024-12-20,"Salt Lake City, UT","Salt Lake, UT  - Main - D06A",
a06Ro00000CO4aFIAT,326704,2025-12-11,2024-12-20,"Salt Lake City, UT","Salt Lake, UT  - Main - D06A",
a06Ro00000CO4aGIAT,326705,2025-12-11,2024-12-20,"Salt Lake City, UT","Salt Lake, UT  - Main - D06A",
a06Ro00000CO4aIIAT,326707,2025-12-11,2024-12-20,"Salt Lake City, UT","Salt Lake, UT  - Main - D06A",
a06Ro00000CO2eVIAT,326708,2025-12-11,2024-12-20,"Salt Lake City, UT","Salt Lake, UT  - Main - D06A",
a06Ro00000CO2eWIAT,326709,2025-12-11,2024-12-20,"Salt Lake City, UT","Salt Lake, UT  - Main - D06A",
a06Ro00000CO2eXIAT,326710,2025-12-11,2024-12-20,"Salt Lake City, UT","Salt Lake, UT  - Main - D06A",
a06Ro00000CO2eYIAT,326711,2025-12-11,2024-12-20,"Salt Lake City, UT","Salt Lake, UT  - Main - D06A",
a06Ro00000CO2eZIAT,326712,2025-12-11,2024-12-20,"Salt Lake City, UT","Salt Lake, UT  - Main - D06A",
a06Ro00000CO2eaIAD,326713,2025-12-11,2024-12-20,"Salt Lake City, UT","Salt Lake, UT  - Main - D06A",
a06Ro00000CO2ebIAD,326714,2025-12-11,2024-12-20,"Salt Lake City, UT","Salt Lake, UT  - Main - D06A",
a06Ro00000CO2ecIAD,326715,2025-12-11,2024-12-20,"Salt Lake City, UT","Salt Lake, UT  - Main - D06A",
a06Ro00000CO2edIAD,326716,2025-12-11,2024-12-20,"Salt Lake City, UT","Salt Lake, UT  - Main - D06A",
a06Ro00000CO2eeIAD,326717,2025-12-11,2024-12-20,"Salt Lake City, UT","Salt Lake, UT  - Main - D06A",
a06Ro00000CO2efIAD,326718,2025-12-11,2024-12-20,"Salt Lake City, UT","Salt Lake, UT  - Main - D06A",
a06Ro00000CO2egIAD,326719,2025-12-11,2024-12-20,"Salt Lake City, UT","Salt Lake, UT  - Main - D06A",
a06Ro00000CO2ehIAD,326720,2025-12-11,2024-12-20,"Salt Lake City, UT","Salt Lake, UT  - Main - D06A",
a06Ro00000CO2eiIAD,326721,2025-12-11,2024-12-20,"Salt Lake City, UT","Salt Lake, UT  - Main - D06A",
a06Ro00000CO2ejIAD,326722,2025-12-11,2024-12-20,"Salt Lake City, UT","Salt Lake, UT  - Main - D06A",
a06Ro00000CO2ekIAD,326723,2025-12-11,2024-12-20,"Salt Lake City, UT","Salt Lake, UT  - Main - D06A",
a06Ro00000CO2elIAD,326724,2025-12-11,2024-12-20,"Salt Lake City, UT","Salt Lake, UT  - Main - D06A",
a06Ro00000CO2emIAD,326725,2025-12-11,2024-12-20,"Salt Lake City, UT","Salt Lake, UT  - Main - D06A",
a06Ro00000CO2eoIAD,326727,2025-12-11,2024-12-20,"Salt Lake City, UT","Salt Lake, UT  - Main - D06A",
a06Ro00000CO2epIAD,326728,2025-12-11,2024-12-20,"Salt Lake City, UT","Salt Lake, UT  - Main - D06A",
a06Ro00000CO2esIAD,326731,2025-12-11,2024-12-20,"Salt Lake City, UT","Salt Lake, UT  - Main - D04D",
a06Ro00000CO2etIAD,326732,2025-12-11,2024-12-20,"Salt Lake City, UT","Salt Lake, UT  - Main - D04D",
a06Ro00000CO2ewIAD,326735,2025-12-11,2024-12-20,"Salt Lake City, UT","Salt Lake, UT  - Main - D06A",
a06Ro00000CO4dEIAT,326899,2025-12-11,2024-12-20,"Salt Lake City, UT","Salt Lake, UT  - Main - D07H",
a06Ro00000CO4dFIAT,326900,2025-12-11,,"Salt Lake City, UT","Salt Lake City, UT | Main D 07A","Salt Lake City, UT"
a06Ro00000CO4dGIAT,326901,2025-12-11,2024-12-20,"Salt Lake City, UT","Salt Lake, UT  - Main - D07H",
a06Ro00000CO4dHIAT,326902,2025-12-11,2024-12-20,"Salt Lake City, UT","Salt Lake, UT  - Main - D07H",
a06Ro00000CO4dIIAT,326903,2025-12-11,2024-12-20,"Salt Lake City, UT","Salt Lake, UT  - Main - D07H",
a06Ro00000CO4dKIAT,326905,2025-12-11,2024-12-20,"Salt Lake City, UT","Salt Lake, UT  - Main - D07H",
a06Ro00000CO4dLIAT,326906,2025-12-11,2024-12-20,"Salt Lake City, UT","Salt Lake, UT  - Main - D07H",
a06Ro00000CO4dMIAT,326907,2025-12-11,2024-12-20,"Salt Lake City, UT","Salt Lake, UT  - Main - D07H",
a06Ro00000CO4dOIAT,326909,2025-12-11,2024-12-20,"Salt Lake City, UT","Salt Lake, UT  - Main - D07H",
a06Ro00000CO4dPIAT,326910,2025-12-11,2024-12-20,"Salt Lake City, UT","Salt Lake, UT  - Main - D07H",
a06Ro00000CO4dQIAT,326911,2025-12-11,2024-12-20,"Salt Lake City, UT","Salt Lake, UT  - Main - D07G",
a06Ro00000CO4dRIAT,326912,2025-12-11,2024-12-20,"Salt Lake City, UT","Salt Lake, UT  - Main - D07G",
a06Ro00000CO4dSIAT,326913,2025-12-11,2024-12-20,"Salt Lake City, UT","Salt Lake, UT  - Main - D07G",
a06Ro00000CO4dTIAT,326914,2025-12-11,2024-12-20,"Salt Lake City, UT","Salt Lake, UT  - Main - D07G",
a06Ro00000CO4dUIAT,326915,2025-12-11,2024-12-20,"Salt Lake City, UT","Salt Lake, UT  - Main - D07G",
a06Ro00000CO4dVIAT,326916,2025-12-11,2024-12-20,"Salt Lake City, UT","Salt Lake, UT  - Main - D07G",
a06Ro00000CO4dWIAT,326917,2025-12-11,2024-12-20,"Salt Lake City, UT","Salt Lake, UT  - Main - D07G",
a06Ro00000CO4efIAD,326918,2025-12-11,2024-12-20,"Salt Lake City, UT","Salt Lake, UT  - Main - D07G",
a06Ro00000CO4egIAD,326919,2025-12-11,2024-12-20,"Salt Lake City, UT","Salt Lake, UT  - Main - D07G",
a06Ro00000CO4eoIAD,326927,2025-12-11,2024-12-20,"Salt Lake City, UT","Salt Lake, UT  - Main - D07F",
a06Ro00000CO4eqIAD,326929,2025-12-11,2024-12-20,"Salt Lake City, UT","Salt Lake, UT  - Main - D07F",
a06Ro00000CO4erIAD,326930,2025-12-11,2024-12-20,"Salt Lake City, UT","Salt Lake, UT  - Main - D07F",
a06Ro00000CO4euIAD,326933,2025-12-11,2024-12-20,"Salt Lake City, UT","Salt Lake, UT  - Main - C09C",
a06Ro00000CO4eyIAD,326937,2025-12-11,2024-12-20,"Salt Lake City, UT","Salt Lake, UT  - Main - D07F",
a06Ro00000CO4ezIAD,326938,2025-12-11,2024-12-20,"Salt Lake City, UT","Salt Lake, UT  - Main - D07F",
a06Ro00000CO4f0IAD,326939,2025-12-11,2024-12-20,"Salt Lake City, UT","Salt Lake, UT  - Main - D07F",
a06Ro00000CO4f1IAD,326940,2025-12-11,2024-12-20,"Salt Lake City, UT","Salt Lake, UT  - Main - D07F",
a06Ro00000CO4f2IAD,326941,2025-12-11,2024-12-20,"Salt Lake City, UT","Salt Lake, UT  - Main - D07F",
a06Ro00000CO4f3IAD,326942,2025-12-11,2024-12-20,"Salt Lake City, UT","Salt Lake, UT  - Main - D07F",
a06Ro00000CO4f7IAD,326946,2025-12-11,2024-12-20,"Salt Lake City, UT","Salt Lake, UT  - Main - D07A",
a06Ro00000CO4f8IAD,326947,2025-12-11,2024-12-20,"Salt Lake City, UT","Salt Lake, UT  - Main - D07F",
a06Ro00000CO2zSIAT,326948,2025-12-11,2024-12-20,"Salt Lake City, UT","Salt Lake, UT  - Main - D04D",
a06Ro00000CO4gUIAT,326991,2025-12-11,2024-12-20,"Salt Lake City, UT","Salt Lake, UT  - Main - D07F",
a06Ro00000CO4gVIAT,326992,2025-12-11,2024-12-20,"Salt Lake City, UT","Salt Lake, UT  - Main - D07F",
a06Ro00000CO4gWIAT,326993,2025-12-11,2024-12-20,"Salt Lake City, UT","Salt Lake, UT  - Main - D07F",
a06Ro00000CO4hxIAD,327012,2025-12-11,2024-12-20,"Salt Lake City, UT","Salt Lake, UT  - Main - D07E",
a06Ro00000CO4i2IAD,327017,2025-12-11,2024-12-20,"Salt Lake City, UT","Salt Lake, UT  - Main - D07E",
a06Ro00000CO4i3IAD,327018,2025-12-11,2024-12-20,"Salt Lake City, UT","Salt Lake, UT  - Main - D07E",
a06Ro00000CO4i4IAD,327019,2025-12-11,2024-12-20,"Salt Lake City, UT","Salt Lake, UT  - Main - D07E",
a06Ro00000CO4zwIAD,327106,2025-12-11,2024-12-20,"Salt Lake City, UT","Salt Lake, UT  - Main - C04E",
a06Ro00000CO4zxIAD,327107,2025-12-11,2024-12-20,"Salt Lake City, UT","Salt Lake, UT  - Main - C05D","Salt Lake City, UT"
a06Ro00000CO4zzIAD,327109,2025-12-11,2024-12-20,"Salt Lake City, UT","Salt Lake, UT  - Main - C05D",
a06Ro00000CO500IAD,327110,2025-12-11,2024-12-20,"Salt Lake City, UT","Salt Lake, UT  - Main - C05D","Salt Lake City, UT"
a06Ro00000CO502IAD,327112,2025-12-11,2024-12-20,"Salt Lake City, UT","Salt Lake City, UT | Main D 05C","Salt Lake City, UT"
a06Ro00000CO503IAD,327113,2025-12-11,2024-12-20,"Salt Lake City, UT","Salt Lake City, UT | Main C 04A","Salt Lake City, UT"
a06Ro00000CO504IAD,327114,2025-12-11,2024-12-20,"Salt Lake City, UT","Salt Lake City, UT | Main C 04A",
a06Ro00000CO505IAD,327115,2025-12-11,2024-12-20,"Salt Lake City, UT","Salt Lake, UT  - Main - C04D","Salt Lake City, UT"
a06Ro00000CNzEBIA1,327124,2025-12-11,2024-12-20,"Salt Lake City, UT","Salt Lake, UT  - Main - D07D",
a06Ro00000CNzECIA1,327125,2025-12-11,2024-12-20,"Salt Lake City, UT","Salt Lake, UT  - Main - D07E",
a06Ro00000CNzEDIA1,327126,2025-12-11,2024-12-20,"Salt Lake City, UT","Salt Lake, UT  - Main - D07E",
a06Ro00000CNzEEIA1,327127,2025-12-11,2024-12-20,"Salt Lake City, UT","Salt Lake, UT  - Main - D07E",
a06Ro00000CNzEHIA1,327130,2025-12-11,2024-12-20,"Salt Lake City, UT","Salt Lake City, UT | Main D 14B","Milwaukee, WI"
a06Ro00000CNzEIIA1,327131,2025-12-11,2024-12-20,"Salt Lake City, UT","Salt Lake City, UT | Main D 14B","Salt Lake City, UT"
a06Ro00000CNzEJIA1,327132,2025-12-11,2024-12-20,"Salt Lake City, UT","Salt Lake, UT  - Main - D07D",
a06Ro00000CNzEKIA1,327133,2025-12-11,2024-12-20,"Salt Lake City, UT","Salt Lake, UT  - Main - D07D",
a06Ro00000CNzELIA1,327134,2025-12-11,2024-12-20,"Salt Lake City, UT","Salt Lake, UT  - Main - D07D",
a06Ro00000CNzEMIA1,327135,2025-12-11,2024-12-20,"Salt Lake City, UT","Salt Lake, UT  - Main - D07D",
a06Ro00000CNzENIA1,327136,2025-12-11,2024-12-20,"Salt Lake City, UT","Salt Lake, UT  - Main - D07D",
a06Ro00000CNzEOIA1,327137,2025-12-11,2024-12-20,"Salt Lake City, UT","Salt Lake, UT  - Main - D07D",
a06Ro00000CNzEPIA1,327138,2025-12-11,2024-12-20,"Salt Lake City, UT","Salt Lake, UT  - Main - D07D",
a06Ro00000CNzEQIA1,327139,2025-12-11,2024-12-20,"Salt Lake City, UT","Salt Lake, UT  - Main - D07D",
a06Ro00000CNzERIA1,327140,2025-12-11,2024-12-20,"Salt Lake City, UT","Salt Lake, UT  - Main - D07D",
a06Ro00000CNzESIA1,327141,2025-12-11,2024-12-20,"Salt Lake City, UT","Salt Lake, UT  - Main - D07D",
a06Ro00000CNzETIA1,327142,2025-12-11,2024-12-20,"Salt Lake City, UT","Salt Lake, UT  - Main - D07D",
a06Ro00000CNzEUIA1,327143,2025-12-11,2024-12-20,"Salt Lake City, UT","Salt Lake, UT  - Main - D07D",
a06Ro00000CNzEVIA1,327144,2025-12-11,2024-12-20,"Salt Lake City, UT","Salt Lake, UT  - Main - D07D",
a06Ro00000CO51GIAT,327148,2025-12-11,2024-12-20,"Salt Lake City, UT","Salt Lake, UT  - Main - D07D",
a06Ro00000CO51LIAT,327153,2025-12-11,2024-12-20,"Salt Lake City, UT","Salt Lake, UT  - Main - D07D",
a06Ro00000CO51MIAT,327154,2025-12-11,2024-12-20,"Salt Lake City, UT","Salt Lake, UT  - Main - D07D",
a06Ro00000CO51NIAT,327155,2025-12-11,2024-12-20,"Salt Lake City, UT","Salt Lake, UT  - Main - D07D",
a06Ro00000CO51OIAT,327156,2025-12-11,2024-12-20,"Salt Lake City, UT","Salt Lake, UT  - Main - D07D",
a06Ro00000CO51PIAT,327157,2025-12-11,2024-12-20,"Salt Lake City, UT","Salt Lake, UT  - Main - D07B",
a06Ro00000CO51QIAT,327158,2025-12-11,2024-12-20,"Salt Lake City, UT","Salt Lake, UT  - Main - D07B",
a06Ro00000CO51RIAT,327159,2025-12-11,2024-12-20,"Salt Lake City, UT","Salt Lake, UT  - Main - D07B",
a06Ro00000CO51SIAT,327160,2025-12-11,2024-12-20,"Salt Lake City, UT","Salt Lake, UT  - Main - D04D",
a06Ro00000CO51fIAD,327173,2025-12-11,2024-12-20,"Salt Lake City, UT","Salt Lake, UT  - Main - D07C",
a06Ro00000CO52wIAD,327182,2025-12-11,2024-12-20,"Salt Lake City, UT","Salt Lake, UT  - Main - D08G",
a06Ro00000CO52xIAD,327183,2025-12-11,2024-12-20,"Salt Lake City, UT","Salt Lake, UT  - Main - D08G",
a06Ro00000CO52zIAD,327185,2025-12-11,2024-12-20,"Salt Lake City, UT","Salt Lake, UT  - Main - D08G",
a06Ro00000CO530IAD,327186,2025-12-11,2024-12-20,"Salt Lake City, UT","Salt Lake, UT  - Main - D08G",
a06Ro00000CO533IAD,327189,2025-12-11,2024-12-20,"Salt Lake City, UT","Salt Lake, UT  - Main - D07A",
a06Ro00000CO534IAD,327190,2025-12-11,2024-12-20,"Salt Lake City, UT","Salt Lake, UT  - Main - D08G",
a06Ro00000CO535IAD,327191,2025-12-11,2024-12-20,"Salt Lake City, UT","Salt Lake, UT  - Main - D08G",
a06Ro00000CO536IAD,327192,2025-12-11,2024-12-20,"Salt Lake City, UT","Salt Lake, UT  - Main - D08G",
a06Ro00000CO537IAD,327193,2025-12-11,2024-12-20,"Salt Lake City, UT","Salt Lake, UT  - Main - D08G",
a06Ro00000CO538IAD,327194,2025-12-11,2024-12-20,"Salt Lake City, UT","Salt Lake City, UT | Main D 07A","Salt Lake City, UT"
a06Ro00000CO539IAD,327195,2025-12-11,2024-12-20,"Salt Lake City, UT","Salt Lake, UT  - Main - D07A",
a06Ro00000CO53AIAT,327196,2025-12-11,2024-12-20,"Salt Lake City, UT","Salt Lake City, UT | Main D 10C",
a06Ro00000CO53BIAT,327197,2025-12-11,2024-12-20,"Salt Lake City, UT","Salt Lake City, UT | Main D 10C",
a06Ro00000CO53DIAT,327199,2025-12-11,2024-12-20,"Salt Lake City, UT","Salt Lake, UT  - Main - D08G",
a06Ro00000CO53FIAT,327201,2025-12-11,2024-12-20,"Salt Lake City, UT","Salt Lake, UT  - Main - D08G",
a06Ro00000CO566IAD,327238,2025-12-11,2024-12-20,"Salt Lake City, UT","Salt Lake, UT  - Main - D08F",
a06Ro00000CO567IAD,327239,2025-12-11,2024-12-20,"Salt Lake City, UT","Salt Lake City, UT | Main D 08F","Milwaukee, WI"
a06Ro00000CO568IAD,327240,2025-12-11,2024-12-20,"Salt Lake City, UT","Salt Lake, UT  - Main - D08F",
a06Ro00000CO569IAD,327241,2025-12-11,2024-12-20,"Salt Lake City, UT","Salt Lake, UT  - Main - D08E","Salt Lake City, UT"
a06Ro00000CO56AIAT,327242,2025-12-11,2024-12-20,"Salt Lake City, UT","Salt Lake, UT  - Main - D08E",
a06Ro00000CO56EIAT,327246,2025-12-11,2024-12-20,"Salt Lake City, UT","Salt Lake, UT  - Main - D08E",
a06Ro00000CO56FIAT,327247,2025-12-11,2024-12-20,"Salt Lake City, UT","Salt Lake, UT  - Main - D08E",
a06Ro00000CO56GIAT,327248,2025-12-11,2024-12-20,"Salt Lake City, UT","Salt Lake, UT  - Main - D08E",
a06Ro00000CO56HIAT,327249,2025-12-11,2024-12-20,"Salt Lake City, UT","Salt Lake, UT  - Main - D08E",
a06Ro00000CO56IIAT,327250,2025-12-11,2024-12-20,"Salt Lake City, UT","Salt Lake, UT  - Main - D08E",
a06Ro00000CO56JIAT,327251,2025-12-11,2024-12-20,"Salt Lake City, UT","Salt Lake, UT  - Main - D08D",
a06Ro00000CO56KIAT,327252,2025-12-11,2024-12-20,"Salt Lake City, UT","Salt Lake, UT  - Main - D08D",
a06Ro00000CO56LIAT,327253,2025-12-11,2024-12-20,"Salt Lake City, UT","Salt Lake, UT  - Main - D08D",
a06Ro00000CO56MIAT,327254,2025-12-11,2024-12-20,"Salt Lake City, UT","Salt Lake, UT  - Main - D08D",
a06Ro00000CO56NIAT,327255,2025-12-11,2024-12-20,"Salt Lake City, UT","Salt Lake, UT  - Main - D08D",
a06Ro00000CO56OIAT,327256,2025-12-11,2024-12-20,"Salt Lake City, UT","Salt Lake, UT  - Main - D08D",
a06Ro00000CO56PIAT,327257,2025-12-11,2024-12-20,"Salt Lake City, UT","Salt Lake, UT  - Main - D08D",
a06Ro00000CO56QIAT,327258,2025-12-11,2024-12-20,"Salt Lake City, UT","Salt Lake, UT  - Main - D08D",
a06Ro00000CO56RIAT,327259,2025-12-11,2024-12-20,"Salt Lake City, UT","Salt Lake, UT  - Main - D08D",
a06Ro00000CO56SIAT,327260,2025-12-11,2024-12-20,"Salt Lake City, UT","Salt Lake, UT  - Main - D08D",
a06Ro00000CO56TIAT,327261,2025-12-11,2024-12-20,"Salt Lake City, UT","Salt Lake, UT  - Main - D08D",
a06Ro00000CO56UIAT,327262,2025-12-11,2024-12-20,"Salt Lake City, UT","Salt Lake, UT  - Main - D08D",
a06Ro00000CO56VIAT,327263,2025-12-11,2024-12-20,"Salt Lake City, UT","Salt Lake, UT  - Main - D08D",
a06Ro00000CO56WIAT,327264,2025-12-11,2024-12-20,"Salt Lake City, UT","Salt Lake, UT  - Main - D08D",
a06Ro00000CO56XIAT,327265,2025-12-11,2024-12-20,"Salt Lake City, UT","Salt Lake, UT  - Main - D08D",
a06Ro00000CO56YIAT,327266,2025-12-11,2024-12-20,"Salt Lake City, UT","Salt Lake, UT  - Main - D08D",
a06Ro00000CNuQpIAL,327267,2025-12-11,2024-12-20,"Salt Lake City, UT","Salt Lake, UT  - Main - D08D",
a06Ro00000CNuQqIAL,327268,2025-12-11,2024-12-20,"Salt Lake City, UT","Salt Lake, UT  - Main - D04C",
a06Ro00000CNuQrIAL,327269,2025-12-11,2024-12-20,"Salt Lake City, UT","Salt Lake, UT  - Main - D04C",
a06Ro00000CNuQsIAL,327270,2025-12-11,2024-12-20,"Salt Lake City, UT","Salt Lake, UT  - Main - D04C",
a06Ro00000CNuQvIAL,327273,2025-12-11,2024-12-20,"Salt Lake City, UT","Salt Lake, UT  - Main - D08A",
a06Ro00000CNuQwIAL,327274,2025-12-11,2024-12-20,"Salt Lake City, UT","Salt Lake, UT  - Main - D08A",
a06Ro00000CO57rIAD,327307,2025-12-11,2024-12-20,"Salt Lake City, UT","Salt Lake, UT  - Main - D08C",
a06Ro00000CO57sIAD,327308,2025-12-11,2024-12-20,"Salt Lake City, UT","Salt Lake, UT  - Main - D08C",
a06Ro00000CO57uIAD,327310,2025-12-11,2024-12-20,"Salt Lake City, UT","Salt Lake, UT  - Main - D08C",
a06Ro00000CO580IAD,327316,2025-12-11,2024-12-20,"Salt Lake City, UT","Salt Lake, UT  - Main - D08C","Salt Lake City, UT"
a06Ro00000CO581IAD,327317,2025-12-11,2024-12-20,"Salt Lake City, UT","Salt Lake, UT  - Main - D08C",
a06Ro00000CO582IAD,327318,2025-12-11,2024-12-20,"Salt Lake City, UT","Salt Lake, UT  - Main - D08C",
a06Ro00000CO583IAD,327319,2025-12-11,2024-12-20,"Salt Lake City, UT","Salt Lake, UT  - Main - D08B",
a06Ro00000CO586IAD,327322,2025-12-11,2024-12-20,"Salt Lake City, UT","Salt Lake, UT  - Main - D08B",
a06Ro00000CO587IAD,327323,2025-12-11,2024-12-20,"Salt Lake City, UT","Salt Lake, UT  - Main - D08B",
a06Ro00000CO588IAD,327324,2025-12-11,2024-12-20,"Salt Lake City, UT","Salt Lake, UT  - Main - D08B",
a06Ro00000CO589IAD,327325,2025-12-11,2024-12-20,"Salt Lake City, UT","Salt Lake, UT  - Main - D08B",
a06Ro00000CO58AIAT,327326,2025-12-11,2024-12-20,"Salt Lake City, UT","Salt Lake, UT  - Main - D08B",
a06Ro00000CO59JIAT,327327,2025-12-11,2024-12-20,"Salt Lake City, UT","Salt Lake City, UT | Main D 08B","Milwaukee, WI"
a06Ro00000CO59KIAT,327328,2025-12-11,2024-12-20,"Salt Lake City, UT","Salt Lake, UT  - Main - D10A",
a06Ro00000CO59LIAT,327329,2025-12-11,2024-12-20,"Salt Lake City, UT","Salt Lake, UT  - Main - D10A",
a06Ro00000CO59MIAT,327330,2025-12-11,2024-12-20,"Salt Lake City, UT","Salt Lake, UT  - Main - D10A",
a06Ro00000CO59PIAT,327333,2025-12-11,2024-12-20,"Salt Lake City, UT","Salt Lake, UT  - Main - D09A","Salt Lake City, UT"
a06Ro00000CO59QIAT,327334,2025-12-11,2024-12-20,"Salt Lake City, UT","Salt Lake, UT  - Main - D08A",
a06Ro00000CO59RIAT,327335,2025-12-11,2024-12-20,"Salt Lake City, UT","Salt Lake City, UT | Main D 08A","Milwaukee, WI"
a06Ro00000CO59TIAT,327337,2025-12-11,2024-12-20,"Salt Lake City, UT","Salt Lake, UT  - Main - D09G",
a06Ro00000CO59WIAT,327340,2025-12-11,2024-12-20,"Salt Lake City, UT","Salt Lake City, UT | Main D 12D","Milwaukee, WI"
a06Ro00000CO59YIAT,327342,2025-12-11,2024-12-20,"Salt Lake City, UT","Salt Lake, UT  - Main - C06A",
a06Ro00000CO59ZIAT,327343,2025-12-11,2024-12-20,"Salt Lake City, UT","Salt Lake, UT  - Main - C06A",
a06Ro00000CO59aIAD,327344,2025-12-11,2024-12-20,"Salt Lake City, UT","Salt Lake, UT  - Main - C06A",
a06Ro00000CO59bIAD,327345,2025-12-11,2024-12-20,"Salt Lake City, UT","Salt Lake, UT  - Main - C06A",
a06Ro00000CO59cIAD,327346,2025-12-11,2024-12-20,"Salt Lake City, UT","Salt Lake, UT  - Main - C06A",
a06Ro00000CO59dIAD,327347,2025-12-11,2024-12-20,"Salt Lake City, UT","Salt Lake, UT  - Main - D09H","Salt Lake City, UT"
a06Ro00000CO59fIAD,327349,2025-12-11,2024-12-20,"Salt Lake City, UT","Salt Lake, UT  - Main - D09H",
a06Ro00000CO59gIAD,327350,2025-12-11,2024-12-20,"Salt Lake City, UT","Salt Lake, UT  - Main - D09H",
a06Ro00000CO59hIAD,327351,2025-12-11,2024-12-20,"Salt Lake City, UT","Salt Lake, UT  - Main - D09H",
a06Ro00000CO59iIAD,327352,2025-12-11,2024-12-20,"Salt Lake City, UT","Salt Lake, UT  - Main - D09H",
a06Ro00000CO5BOIA1,327416,2025-12-11,2025-03-26,Shipping,Shipping,"Milwaukee, WI"
a06Ro00000CO5CXIA1,327417,2025-12-11,2024-12-20,"Salt Lake City, UT","Salt Lake City, UT | Main D 01B","Milwaukee, WI"
a06Ro00000CO5CYIA1,327418,2025-12-11,2024-12-20,"Salt Lake City, UT","Salt Lake, UT  - Main - D01B",
a06Ro00000CO5EDIA1,327451,2025-12-11,2024-12-20,"Salt Lake City, UT","Salt Lake, UT  - Main - D01B",
a06Ro00000CO5EEIA1,327452,2025-12-11,2024-12-20,"Salt Lake City, UT","Salt Lake, UT  - Main - D01B",
a06Ro00000CO5EFIA1,327453,2025-12-11,2024-12-20,"Salt Lake City, UT","Salt Lake, UT  - Main - D01B",
a06Ro00000CO5EGIA1,327454,2025-12-11,2024-12-20,"Salt Lake City, UT","Salt Lake, UT  - Main - D01B",
a06Ro00000CO5EHIA1,327455,2025-12-11,2024-12-20,"Salt Lake City, UT","Salt Lake, UT  - Main - D01B",
a06Ro00000CO5ENIA1,327461,2025-12-11,2024-12-20,"Salt Lake City, UT","Salt Lake, UT  - Main - D05C",
a06Ro00000CO5ETIA1,327467,2025-12-11,2024-12-20,"Salt Lake City, UT","Salt Lake, UT  - Main - D01B",
a06Ro00000CO5EUIA1,327468,2025-12-11,2024-12-20,"Salt Lake City, UT","Salt Lake, UT  - Main - D01B",
a06Ro00000CO5EVIA1,327469,2025-12-11,2024-12-20,"Salt Lake City, UT","Salt Lake, UT  - Main - D09G",
a06Ro00000CO5EWIA1,327470,2025-12-11,2024-12-20,"Salt Lake City, UT","Salt Lake City, UT | Main D 09G","Milwaukee, WI"
a06Ro00000CO5EYIA1,327472,2025-12-11,2024-12-20,"Salt Lake City, UT","Salt Lake, UT  - Main - D09G",
a06Ro00000CO5EZIA1,327473,2025-12-11,2024-12-20,"Salt Lake City, UT","Salt Lake City, UT | Main D 09G","Milwaukee, WI"
a06Ro00000CO5EaIAL,327474,2025-12-11,2024-12-20,"Salt Lake City, UT","Salt Lake, UT  - Main - D09G",
a06Ro00000CO5EbIAL,327475,2025-12-11,2024-12-20,"Salt Lake City, UT","Salt Lake, UT  - Main - D09G",
a06Ro00000CO5EcIAL,327476,2025-12-11,2024-12-20,"Salt Lake City, UT","Salt Lake, UT  - Main - D09G",
a06Ro00000CO5FlIAL,327477,2025-12-11,2024-12-20,"Salt Lake City, UT","Salt Lake, UT  - Main - D09G",
a06Ro00000CO5FmIAL,327478,2025-12-11,2024-12-20,"Salt Lake City, UT","Salt Lake, UT  - Main - D09G",
a06Ro00000CO5FnIAL,327479,2025-12-11,2024-12-20,"Salt Lake City, UT","Salt Lake City, UT | Main D 09G",
a06Ro00000CO5FoIAL,327480,2025-12-11,2024-12-20,"Salt Lake City, UT","Salt Lake, UT  - Main - D09G",
a06Ro00000CO5FpIAL,327481,2025-12-11,2024-12-20,"Salt Lake City, UT","Salt Lake, UT  - Main - D09G",
a06Ro00000CO5FqIAL,327482,2025-12-11,2024-12-20,"Salt Lake City, UT","Salt Lake, UT  - Main - D09G",
a06Ro00000CO5FrIAL,327483,2025-12-11,2024-12-20,"Salt Lake City, UT","Salt Lake, UT  - Main - D09G",
a06Ro00000CO5FsIAL,327484,2025-12-11,2024-12-20,"Salt Lake City, UT","Salt Lake, UT  - Main - D09G",
a06Ro00000CO5FtIAL,327485,2025-12-11,2024-12-20,"Salt Lake City, UT","Salt Lake, UT  - Main - D09G",
a06Ro00000CO5FuIAL,327486,2025-12-11,2024-12-20,"Salt Lake City, UT","Salt Lake City, UT | Main D 09G",
a06Ro00000CO5FvIAL,327487,2025-12-11,2024-12-20,"Salt Lake City, UT","Salt Lake, UT  - Main - D09G",
a06Ro00000CO5FwIAL,327488,2025-12-11,2024-12-20,"Salt Lake City, UT","Salt Lake, UT  - Main - D09G",
a06Ro00000CO5FxIAL,327489,2025-12-11,2024-12-20,"Salt Lake City, UT","Salt Lake, UT  - Main - D09G",
a06Ro00000CO5FyIAL,327490,2025-12-11,2024-12-20,"Salt Lake City, UT","Salt Lake, UT  - Main - D09G",
a06Ro00000CO5FzIAL,327491,2025-12-11,2024-12-20,"Salt Lake City, UT","Salt Lake, UT  - Main - D09G",
a06Ro00000CO5G0IAL,327492,2025-12-11,2024-12-20,"Salt Lake City, UT","Salt Lake, UT  - Main - D09G",
a06Ro00000CO5G3IAL,327495,2025-12-11,2024-12-20,"Salt Lake City, UT","Salt Lake City, UT | Main D 09F","Milwaukee, WI"
a06Ro00000CO5G4IAL,327496,2025-12-11,2024-12-20,"Salt Lake City, UT","Salt Lake, UT  - Main - D09F",
a06Ro00000CO5G5IAL,327497,2025-12-11,2024-12-20,"Salt Lake City, UT","Salt Lake, UT  - Main - D09F",
a06Ro00000CO5G6IAL,327498,2025-12-11,2024-12-20,"Salt Lake City, UT","Salt Lake, UT  - Main - D09F",
a06Ro00000CO5G8IAL,327500,2025-12-11,2024-12-20,"Salt Lake City, UT","Salt Lake City, UT | Main D 09F","Milwaukee, WI"
a06Ro00000CO5G9IAL,327501,2025-12-11,2024-12-20,"Salt Lake City, UT","Salt Lake City, UT | Main D 09A",
a06Ro00000CO5GAIA1,327502,2025-12-11,2024-12-20,"Salt Lake City, UT","Salt Lake, UT  - Main - D09E",
a06Ro00000CO5GBIA1,327503,2025-12-11,2024-12-20,"Salt Lake City, UT","Salt Lake, UT  - Main - D09E",
a06Ro00000CO5GCIA1,327504,2025-12-11,2024-12-20,"Salt Lake City, UT","Salt Lake, UT  - Main - D09E",
a06Ro00000CO5GDIA1,327505,2025-12-11,2024-12-20,"Salt Lake City, UT","Salt Lake, UT  - Main - D09E",
a06Ro00000CO5HNIA1,327507,2025-12-11,2024-12-20,"Salt Lake City, UT","Salt Lake City, UT | Main D 09F","Milwaukee, WI"
a06Ro00000CO5HOIA1,327508,2025-12-11,2024-12-20,"Salt Lake City, UT","Salt Lake, UT  - Main - D09F",
a06Ro00000CO5HPIA1,327509,2025-12-11,2024-12-20,"Salt Lake City, UT","Salt Lake, UT  - Main - D09F",
a06Ro00000CO5HQIA1,327510,2025-12-11,2024-12-20,"Salt Lake City, UT","Salt Lake, UT  - Main - D09F",
a06Ro00000CO5HSIA1,327512,2025-12-11,2024-12-20,"Salt Lake City, UT","Salt Lake, UT  - Main - D09F","Salt Lake City, UT"
a06Ro00000CO5HZIA1,327519,2025-12-11,2024-12-20,"Salt Lake City, UT","Salt Lake, UT  - Main - D09E",
a06Ro00000CO5HaIAL,327520,2025-12-11,2024-12-20,"Salt Lake City, UT","Salt Lake, UT  - Main - D09E",
a06Ro00000CO5HbIAL,327521,2025-12-11,2024-12-20,"Salt Lake City, UT","Salt Lake, UT  - Main - D09E",
a06Ro00000CO5HcIAL,327522,2025-12-11,2024-12-20,"Salt Lake City, UT","Salt Lake, UT  - Main - D09E",
a06Ro00000CO5HdIAL,327523,2025-12-11,2024-12-20,"Salt Lake City, UT","Salt Lake, UT  - Main - D09E",
a06Ro00000CO5HfIAL,327525,2025-12-11,2024-12-20,Shipping,Shipping,"Milwaukee, WI"
a06Ro00000CO5HgIAL,327526,2025-12-11,2024-12-20,"Salt Lake City, UT","Salt Lake City, UT | Main D 13B","Milwaukee, WI"
a06Ro00000CO5HhIAL,327527,2025-12-11,2024-12-20,"Salt Lake City, UT","Salt Lake, UT  - Main - D13B",
a06Ro00000CO5KgIAL,327602,2025-12-11,2024-12-20,"Salt Lake City, UT","Salt Lake City, UT | Main D 09A","Milwaukee, WI"
a06Ro00000CO5KsIAL,327614,2025-12-11,2024-12-20,"Salt Lake City, UT","Salt Lake, UT  - Main - D09D",
a06Ro00000CO5KyIAL,327620,2025-12-11,2024-12-20,"Salt Lake City, UT","Salt Lake, UT  - Main - D12G",
a06Ro00000CO5KzIAL,327621,2025-12-11,2024-12-20,"Salt Lake City, UT","Salt Lake, UT  - Main - D12G",
a06Ro00000CO5L0IAL,327622,2025-12-11,2024-12-20,"Salt Lake City, UT","Salt Lake, UT  - Main - D12G",
a06Ro00000CO5L1IAL,327623,2025-12-11,2024-12-20,"Salt Lake City, UT","Salt Lake, UT  - Main - D12G",
a06Ro00000CO5L2IAL,327624,2025-12-11,2024-12-20,"Salt Lake City, UT","Salt Lake, UT  - Main - D12G",
a06Ro00000CO5L3IAL,327625,2025-12-11,2024-12-20,"Salt Lake City, UT","Salt Lake, UT  - Main - D12G",
a06Ro00000CO5L4IAL,327626,2025-12-11,2024-12-20,"Salt Lake City, UT","Salt Lake, UT  - Main - D12G",
a06Ro00000CNs8tIAD,327627,2025-12-11,2024-12-20,"Salt Lake City, UT","Salt Lake, UT  - Main - D12G",
a06Ro00000CNs8uIAD,327628,2025-12-11,2024-12-20,"Salt Lake City, UT","Salt Lake, UT  - Main - D12G",
a06Ro00000CNs8vIAD,327629,2025-12-11,2024-12-20,"Salt Lake City, UT","Salt Lake, UT  - Main - D12G",
a06Ro00000CNs8wIAD,327630,2025-12-11,2024-12-20,"Salt Lake City, UT","Salt Lake, UT  - Main - D12G",
a06Ro00000CNs8xIAD,327631,2025-12-11,2024-12-20,"Salt Lake City, UT","Salt Lake, UT  - Main - D12G",
a06Ro00000CNs8yIAD,327632,2025-12-11,2024-12-20,"Salt Lake City, UT","Salt Lake, UT  - Main - D12G",
a06Ro00000CNs8zIAD,327633,2025-12-11,2024-12-20,"Salt Lake City, UT","Salt Lake, UT  - Main - D12G",
a06Ro00000CNs90IAD,327634,2025-12-11,2024-12-20,"Salt Lake City, UT","Salt Lake, UT  - Main - D12G",
a06Ro00000CNs91IAD,327635,2025-12-11,2024-12-20,"Salt Lake City, UT","Salt Lake, UT  - Main - D12G",
a06Ro00000CNs92IAD,327636,2025-12-11,2024-12-20,"Salt Lake City, UT","Salt Lake, UT  - Main - D12G",
a06Ro00000CNs93IAD,327637,2025-12-11,2024-12-20,"Salt Lake City, UT","Salt Lake, UT  - Main - D12G",
a06Ro00000CNs94IAD,327638,2025-12-11,2024-12-20,"Salt Lake City, UT","Salt Lake, UT  - Main - D12G",
a06Ro00000CNs95IAD,327639,2025-12-11,2024-12-20,"Salt Lake City, UT","Salt Lake, UT  - Main - D12G",
a06Ro00000CNs96IAD,327640,2025-12-11,2024-12-20,"Salt Lake City, UT","Salt Lake, UT  - Main - D12G",
a06Ro00000CNs97IAD,327641,2025-12-11,2024-12-20,"Salt Lake City, UT","Salt Lake, UT  - Main - D12G",
a06Ro00000CNs98IAD,327642,2025-12-11,2024-12-20,"Salt Lake City, UT","Salt Lake, UT  - Main - D12G",
a06Ro00000CNs99IAD,327643,2025-12-11,2024-12-20,"Salt Lake City, UT","Salt Lake, UT  - Main - D12G",
a06Ro00000CNs9AIAT,327644,2025-12-11,2024-12-20,"Salt Lake City, UT","Salt Lake, UT  - Main - D12G",
a06Ro00000CNs9BIAT,327645,2025-12-11,2024-12-20,"Salt Lake City, UT","Salt Lake, UT  - Main - D12G",
a06Ro00000CNs9CIAT,327646,2025-12-11,2024-12-20,"Salt Lake City, UT","Salt Lake, UT  - Main - D12G",
a06Ro00000CNs9DIAT,327647,2025-12-11,2024-12-20,"Salt Lake City, UT","Salt Lake, UT  - Main - D12G",
a06Ro00000CNs9EIAT,327648,2025-12-11,2024-12-20,"Salt Lake City, UT","Salt Lake, UT  - Main - D12G",
a06Ro00000CNs9FIAT,327649,2025-12-11,2024-12-20,"Salt Lake City, UT","Salt Lake, UT  - Main - D12G",
a06Ro00000CNs9GIAT,327650,2025-12-11,2024-12-20,"Salt Lake City, UT","Salt Lake, UT  - Main - D12G",
a06Ro00000CNs9HIAT,327651,2025-12-11,2024-12-20,"Salt Lake City, UT","Salt Lake, UT  - Main - D12G",
a06Ro00000CNs9IIAT,327652,2025-12-11,2024-12-20,"Salt Lake City, UT","Salt Lake, UT  - Main - D12G",
a06Ro00000CNs9JIAT,327653,2025-12-11,2024-12-20,"Salt Lake City, UT","Salt Lake, UT  - Main - D12G",
a06Ro00000CNs9KIAT,327654,2025-12-11,2024-12-20,"Salt Lake City, UT","Salt Lake, UT  - Main - D12G",
a06Ro00000CNs9LIAT,327655,2025-12-11,2024-12-20,"Salt Lake City, UT","Salt Lake, UT  - Main - D12G",
a06Ro00000CNs9MIAT,327656,2025-12-11,2024-12-20,"Salt Lake City, UT","Salt Lake, UT  - Main - D12G",
a06Ro00000CNwScIAL,327657,2025-12-11,2024-12-20,"Salt Lake City, UT","Salt Lake, UT  - Main - D12G",
a06Ro00000CNwSdIAL,327658,2025-12-11,2024-12-20,"Salt Lake City, UT","Salt Lake, UT  - Main - D12G",
a06Ro00000CNwSeIAL,327659,2025-12-11,2024-12-20,"Salt Lake City, UT","Salt Lake, UT  - Main - D12G",
a06Ro00000CNwSfIAL,327660,2025-12-11,2024-12-20,"Salt Lake City, UT","Salt Lake, UT  - Main - D12G",
a06Ro00000CNwSgIAL,327661,2025-12-11,2024-12-20,"Salt Lake City, UT","Salt Lake, UT  - Main - D12G",
a06Ro00000CNwShIAL,327662,2025-12-11,2024-12-20,"Salt Lake City, UT","Salt Lake, UT  - Main - D12G",
a06Ro00000CNwSiIAL,327663,2025-12-11,2024-12-20,"Salt Lake City, UT","Salt Lake, UT  - Main - D12G",
a06Ro00000CNwSjIAL,327664,2025-12-11,2024-12-20,"Salt Lake City, UT","Salt Lake, UT  - Main - D12G",
a06Ro00000CNwSkIAL,327665,2025-12-11,2024-12-20,"Salt Lake City, UT","Salt Lake, UT  - Main - D12G",
a06Ro00000CNwSlIAL,327666,2025-12-11,2024-12-20,"Salt Lake City, UT","Salt Lake, UT  - Main - D12G",
a06Ro00000CNwSmIAL,327667,2025-12-11,2024-12-20,"Salt Lake City, UT","Salt Lake, UT  - Main - D12G",
a06Ro00000CNwSnIAL,327668,2025-12-11,2024-12-20,"Salt Lake City, UT","Salt Lake, UT  - Main - D12G",
a06Ro00000CNwSoIAL,327669,2025-12-11,2024-12-20,"Salt Lake City, UT","Salt Lake, UT  - Main - D12G",
a06Ro00000CNwSpIAL,327670,2025-12-11,2024-12-20,"Salt Lake City, UT","Salt Lake, UT  - Main - D12G",
a06Ro00000CNwSqIAL,327671,2025-12-11,2024-12-20,"Salt Lake City, UT","Salt Lake, UT  - Main - D12G",
a06Ro00000CNwSrIAL,327672,2025-12-11,2024-12-20,"Salt Lake City, UT","Salt Lake, UT  - Main - D12G",
a06Ro00000CNwSsIAL,327673,2025-12-11,2024-12-20,"Salt Lake City, UT","Salt Lake, UT  - Main - D12G",
a06Ro00000CNwStIAL,327674,2025-12-11,2024-12-20,"Salt Lake City, UT","Salt Lake, UT  - Main - D12G",
a06Ro00000CNwSuIAL,327675,2025-12-11,2024-12-20,"Salt Lake City, UT","Salt Lake, UT  - Main - D12G",
a06Ro00000CNwSvIAL,327676,2025-12-11,2024-12-20,"Salt Lake City, UT","Salt Lake, UT  - Main - D12G",
a06Ro00000CNwSwIAL,327677,2025-12-11,2024-12-20,"Salt Lake City, UT","Salt Lake, UT  - Main - D12G",
a06Ro00000CNwSxIAL,327678,2025-12-11,2024-12-20,"Salt Lake City, UT","Salt Lake, UT  - Main - D09C",
a06Ro00000CNwSyIAL,327679,2025-12-11,2024-12-20,"Salt Lake City, UT","Salt Lake, UT  - Main - D09C","Salt Lake City, UT"
a06Ro00000CNwSzIAL,327680,2025-12-11,2024-12-20,"Salt Lake City, UT","Salt Lake, UT  - Main - D09C",
a06Ro00000CNwT0IAL,327681,2025-12-11,2024-12-20,"Salt Lake City, UT","Salt Lake, UT  - Main - D09C",
a06Ro00000CNwT1IAL,327682,2025-12-11,2024-12-20,"Salt Lake City, UT","Salt Lake, UT  - Main - D09B",
a06Ro00000CNwT2IAL,327683,2025-12-11,2024-12-20,"Salt Lake City, UT","Salt Lake, UT  - Main - D09B",
a06Ro00000CNwT3IAL,327684,2025-12-11,2024-12-20,"Salt Lake City, UT","Salt Lake, UT  - Main - D09B",
a06Ro00000CNwT4IAL,327685,2025-12-11,2024-12-20,"Salt Lake City, UT","Salt Lake, UT  - Main - D09B",
a06Ro00000CNz81IAD,327692,2025-12-11,2024-12-20,"Salt Lake City, UT","Salt Lake, UT  - Main - C07C",
a06Ro00000CNz82IAD,327693,2025-12-11,2024-12-20,"Salt Lake City, UT","Salt Lake, UT  - Main - C07C",
a06Ro00000CNz83IAD,327694,2025-12-11,2024-12-20,"Salt Lake City, UT","Salt Lake, UT  - Main - C07C",
a06Ro00000CNz84IAD,327695,2025-12-11,2024-12-20,"Salt Lake City, UT","Salt Lake, UT  - Main - C07C",
a06Ro00000CNz89IAD,327700,2026-03-27,2024-12-20,"Salt Lake City, UT","Salt Lake City, UT | Main D 17B","Salt Lake City, UT"
a06Ro00000CNz8BIAT,327702,2025-12-11,2024-12-20,"Salt Lake City, UT","Salt Lake City, UT | Main D 12G","Milwaukee, WI"
a06Ro00000CNz8CIAT,327703,2025-12-11,2024-12-20,"Salt Lake City, UT","Salt Lake, UT  - Main - D12G",
a06Ro00000CNz8JIAT,327710,2025-12-11,2024-12-20,"Salt Lake City, UT","Salt Lake City, UT | Main D 10D","Milwaukee, WI"
a06Ro00000CNz8KIAT,327711,2025-12-11,2024-12-20,"Salt Lake City, UT","Salt Lake, UT  - Main - D10D",
a06Ro00000CNz8MIAT,327713,2025-12-11,2024-12-20,"Salt Lake City, UT","Salt Lake, UT  - Main - D10E",
a06Ro00000CO0PxIAL,327757,2025-12-11,2024-12-20,"Salt Lake City, UT","Salt Lake, UT  - Main - D10C",
a06Ro00000CO0PyIAL,327758,2025-12-11,2024-12-20,"Salt Lake City, UT","Salt Lake, UT  - Main - D10C",
a06Ro00000CO0PzIAL,327759,2025-12-11,2024-12-20,"Salt Lake City, UT","Salt Lake City, UT | Main D 10C","Milwaukee, WI"
a06Ro00000CO0Q3IAL,327763,2025-12-11,2024-12-20,"Salt Lake City, UT","Salt Lake, UT  - Main - D10C",
a06Ro00000CO0Q5IAL,327765,2025-12-11,2024-12-20,"Salt Lake City, UT","Salt Lake City, UT | Main D 10C","Salt Lake City, UT"
a06Ro00000CO0Q6IAL,327766,2025-12-11,2024-12-20,"Salt Lake City, UT","Salt Lake City, UT | Main D 10C","Salt Lake City, UT"
a06Ro00000CO0Q8IAL,327768,2025-12-11,2024-12-20,"Salt Lake City, UT","Salt Lake, UT  - Main - D10C",
a06Ro00000CO0Q9IAL,327769,2025-12-11,2024-12-20,"Salt Lake City, UT","Salt Lake, UT  - Main - D10C","Salt Lake City, UT"
a06Ro00000CO0QCIA1,327772,2025-12-11,2024-12-20,"Salt Lake City, UT","Salt Lake, UT  - Main - D10C",
a06Ro00000CO0QDIA1,327773,2025-12-11,2024-12-20,"Salt Lake City, UT","Salt Lake, UT  - Main - D10C",
a06Ro00000CO0QEIA1,327774,2025-12-11,2024-12-20,"Salt Lake City, UT","Salt Lake, UT  - Main - D10C",
a06Ro00000CO0QFIA1,327775,2025-12-11,2024-12-20,"Salt Lake City, UT","Salt Lake, UT  - Main - D10C",
a06Ro00000CO0QGIA1,327776,2025-12-11,2024-12-20,"Salt Lake City, UT","Salt Lake, UT  - Main - D10C",
a06Ro00000CO5NpIAL,327777,2025-12-11,2024-12-20,"Salt Lake City, UT","Salt Lake, UT  - Main - D10C",
a06Ro00000CO5NqIAL,327778,2025-12-11,2024-12-20,"Salt Lake City, UT","Salt Lake, UT  - Main - D10C",
a06Ro00000CO5NrIAL,327779,2025-12-11,2024-12-20,"Salt Lake City, UT","Salt Lake City, UT | Main D 10B","Milwaukee, WI"
a06Ro00000CO5NuIAL,327782,2025-12-11,2024-12-20,"Salt Lake City, UT","Salt Lake, UT  - Main - D10B",
a06Ro00000CO5NwIAL,327784,2025-12-11,2024-12-20,"Salt Lake City, UT","Salt Lake, UT  - Main - D10B","Salt Lake City, UT"
a06Ro00000CO5NxIAL,327785,2025-12-11,2024-12-20,"Salt Lake City, UT","Salt Lake, UT  - Main - D10B",
a06Ro00000CO5NyIAL,327786,2025-12-11,2024-12-20,"Salt Lake City, UT","Salt Lake, UT  - Main - D10B",
a06Ro00000CO5O3IAL,327791,2025-12-11,2024-12-20,"Salt Lake City, UT","Salt Lake, UT  - Main - C05C",
a06Ro00000CO3OcIAL,327896,2025-12-11,2024-12-20,"Salt Lake City, UT","Salt Lake, UT  - Main - D11F",
a06Ro00000CO5R3IAL,327897,2025-12-11,2024-12-20,"Salt Lake City, UT","Salt Lake, UT  - Main - D11F",
a06Ro00000CO5R4IAL,327898,2025-12-11,2024-12-20,"Salt Lake City, UT","Salt Lake, UT  - Main - D11F",
a06Ro00000CO5R5IAL,327899,2025-12-11,2024-12-20,"Salt Lake City, UT","Salt Lake, UT  - Main - D11F",
a06Ro00000CO5R6IAL,327900,2025-12-11,2024-12-20,"Salt Lake City, UT","Salt Lake City, UT | Main D 11F","Milwaukee, WI"
a06Ro00000CO5R7IAL,327901,2025-12-11,2024-12-20,"Salt Lake City, UT","Salt Lake, UT  - Main - D11F",
a06Ro00000CO5R8IAL,327902,2025-12-11,2024-12-20,"Salt Lake City, UT","Salt Lake, UT  - Main - D11F",
a06Ro00000CO5R9IAL,327903,2025-12-11,2024-12-20,"Salt Lake City, UT","Salt Lake, UT  - Main - D11F",
a06Ro00000CO5RCIA1,327906,2025-12-11,2024-12-20,"Salt Lake City, UT","Salt Lake, UT  - Main - D11F",
a06Ro00000CO5RDIA1,327907,2025-12-11,2024-12-20,"Salt Lake City, UT","Salt Lake, UT  - Main - D11F",
a06Ro00000CO5REIA1,327908,2025-12-11,2024-12-20,"Salt Lake City, UT","Salt Lake, UT  - Main - D11F",
a06Ro00000CO5RHIA1,327911,2025-12-11,2024-12-20,"Salt Lake City, UT","Salt Lake, UT  - Main - D11F",
a06Ro00000CO5RIIA1,327912,2025-12-11,2024-12-20,"Salt Lake City, UT","Salt Lake, UT  - Main - D11F",
a06Ro00000CO5RMIA1,327916,2025-12-11,2024-12-20,"Salt Lake City, UT","Salt Lake City, UT | Main D 11G","Salt Lake City, UT"
a06Ro00000CO5RPIA1,327919,2025-12-11,2024-12-20,"Salt Lake City, UT","Salt Lake, UT  - Main - D11E",
a06Ro00000CO5RQIA1,327920,2025-12-11,2024-12-20,"Salt Lake City, UT","Salt Lake, UT  - Main - D11E",
a06Ro00000CO5RRIA1,327921,2025-12-11,2024-12-20,"Salt Lake City, UT","Salt Lake, UT  - Main - D11E",
a06Ro00000CO5RSIA1,327922,2025-12-11,2024-12-20,"Salt Lake City, UT","Salt Lake, UT  - Main - D11E",
a06Ro00000CO5RTIA1,327923,2025-12-11,2024-12-20,"Salt Lake City, UT","Salt Lake, UT  - Main - D11E",
a06Ro00000CO5RUIA1,327924,2025-12-11,2024-12-20,"Salt Lake City, UT","Salt Lake, UT  - Main - D11E",
a06Ro00000CO5RVIA1,327925,2025-12-11,2024-12-20,"Salt Lake City, UT","Salt Lake, UT  - Main - D11E",
a06Ro00000CO5RWIA1,327926,2025-12-11,2024-12-20,"Salt Lake City, UT","Salt Lake, UT  - Main - D11E",
a06Ro00000CNxWlIAL,327927,2025-12-11,2024-12-20,"Salt Lake City, UT","Salt Lake, UT  - Main - D11E",
a06Ro00000CNxWmIAL,327928,2025-12-11,2024-12-20,"Salt Lake City, UT","Salt Lake, UT  - Main - D11E",
a06Ro00000CNxWnIAL,327929,2025-12-11,2024-12-20,"Salt Lake City, UT","Salt Lake, UT  - Main - D11E",
a06Ro00000CNxWoIAL,327930,2025-12-11,2024-12-20,"Salt Lake City, UT","Salt Lake, UT  - Main - D11E",
a06Ro00000CNxWpIAL,327931,2025-12-11,2024-12-20,"Salt Lake City, UT","Salt Lake, UT  - Main - D11E",
a06Ro00000CNxWqIAL,327932,2025-12-11,2024-12-20,"Salt Lake City, UT","Salt Lake, UT  - Main - D11E",
a06Ro00000CNxWrIAL,327933,2025-12-11,2024-12-20,"Salt Lake City, UT","Salt Lake, UT  - Main - D11E",
a06Ro00000CNxWsIAL,327934,2025-12-11,2024-12-20,"Salt Lake City, UT","Salt Lake, UT  - Main - D11E",
a06Ro00000CNxWtIAL,327935,2025-12-11,2024-12-20,"Salt Lake City, UT","Salt Lake, UT  - Main - D11E",
a06Ro00000CNxWuIAL,327936,2025-12-11,2024-12-20,"Salt Lake City, UT","Salt Lake, UT  - Main - D11E",
a06Ro00000CNxWvIAL,327937,2025-12-11,2024-12-20,"Salt Lake City, UT","Salt Lake, UT  - Main - D11E",
a06Ro00000CNxWwIAL,327938,2025-12-11,2024-12-20,"Salt Lake City, UT","Salt Lake, UT  - Main - D11E",
a06Ro00000CNxWxIAL,327939,2025-12-11,2024-12-20,"Salt Lake City, UT","Salt Lake, UT  - Main - D11E",
a06Ro00000CNxWyIAL,327940,2025-12-11,2024-12-20,"Salt Lake City, UT","Salt Lake, UT  - Main - D11E",
a06Ro00000CNxWzIAL,327941,2025-12-11,2024-12-20,"Salt Lake City, UT","Salt Lake, UT  - Main - D11E",
a06Ro00000CNxX0IAL,327942,2025-12-11,2024-12-20,"Salt Lake City, UT","Salt Lake, UT  - Main - D11E",
a06Ro00000CNxX1IAL,327943,2025-12-11,2024-12-20,"Salt Lake City, UT","Salt Lake, UT  - Main - D11E",
a06Ro00000CNxX2IAL,327944,2025-12-11,2024-12-20,"Salt Lake City, UT","Salt Lake, UT  - Main - D11E",
a06Ro00000CNxX3IAL,327945,2025-12-11,2024-12-20,"Salt Lake City, UT","Salt Lake, UT  - Main - D11E",
a06Ro00000CNxX4IAL,327946,2025-12-11,2024-12-20,"Salt Lake City, UT","Salt Lake, UT  - Main - D11E",
a06Ro00000CNxX5IAL,327947,2025-12-11,2024-12-20,"Salt Lake City, UT","Salt Lake, UT  - Main - D11E",
a06Ro00000CNxX6IAL,327948,2025-12-11,2024-12-20,"Salt Lake City, UT","Salt Lake, UT  - Main - D11E",
a06Ro00000CNxX7IAL,327949,2025-12-11,2024-12-20,"Salt Lake City, UT","Salt Lake, UT  - Main - D11E",
a06Ro00000CNxX8IAL,327950,2025-12-11,2024-12-20,"Salt Lake City, UT","Salt Lake, UT  - Main - D11E",
a06Ro00000CNxX9IAL,327951,2025-12-11,2024-12-20,"Salt Lake City, UT","Salt Lake, UT  - Main - D11E",
a06Ro00000CNxXAIA1,327952,2025-12-11,2024-12-20,"Salt Lake City, UT","Salt Lake, UT  - Main - D11E",
a06Ro00000CNxXBIA1,327953,2025-12-11,2024-12-20,"Salt Lake City, UT","Salt Lake, UT  - Main - D11E",
a06Ro00000CNxXCIA1,327954,2025-12-11,2024-12-20,"Salt Lake City, UT","Salt Lake, UT  - Main - D11E",
a06Ro00000CNxXDIA1,327955,2025-12-11,2024-12-20,"Salt Lake City, UT","Salt Lake, UT  - Main - D11E",
a06Ro00000CO5RYIA1,327988,2025-12-11,2024-12-20,"Salt Lake City, UT","Salt Lake City, UT | Main D 11D","Salt Lake City, UT"
a06Ro00000CO5RZIA1,327989,2025-12-11,2024-12-20,"Salt Lake City, UT","Salt Lake City, UT | Main D 11D","Salt Lake City, UT"
a06Ro00000CO5RaIAL,327990,2025-12-11,2024-12-20,"Salt Lake City, UT","Salt Lake, UT  - Main - D11D",
a06Ro00000CO5RbIAL,327991,2025-12-11,2024-12-20,"Salt Lake City, UT","Salt Lake, UT  - Main - D11D",
a06Ro00000CO5RkIAL,328000,2025-12-11,2024-12-20,"Salt Lake City, UT","Salt Lake, UT  - Main - D11C",
a06Ro00000CO5RlIAL,328001,2025-12-11,2024-12-20,"Salt Lake City, UT","Salt Lake, UT  - Main - D11C",
a06Ro00000CO5RmIAL,328002,2025-12-11,2024-12-20,"Salt Lake City, UT","Salt Lake, UT  - Main - D11C",
a06Ro00000CO5RnIAL,328003,2025-12-11,2024-12-20,"Salt Lake City, UT","Salt Lake, UT  - Main - D11C",
a06Ro00000CO5RtIAL,328009,2025-12-11,2024-12-20,"Salt Lake City, UT","Salt Lake City, UT | Main D 11C","Salt Lake City, UT"
a06Ro00000CO5RuIAL,328010,2025-12-11,2024-12-20,"Salt Lake City, UT","Salt Lake City, UT | Main D 11C","Milwaukee, WI"
a06Ro00000CO5RvIAL,328011,2025-12-11,2024-12-20,"Salt Lake City, UT","Salt Lake, UT  - Main - C05C",
a06Ro00000CO5RwIAL,328012,2025-12-11,2024-12-20,"Salt Lake City, UT","Salt Lake, UT  - Main - C05C",
a06Ro00000CO5RyIAL,328014,2025-12-11,2024-12-20,"Salt Lake City, UT","Salt Lake, UT  - Main - C05C",
a06Ro00000CO5RzIAL,328015,2025-12-11,2024-12-20,"Salt Lake City, UT","Salt Lake, UT  - Main - C05C","Salt Lake City, UT"
a06Ro00000CO5S0IAL,328016,2025-12-11,2024-12-20,"Salt Lake City, UT","Salt Lake, UT  - Main - C05C",
a06Ro00000CO5UHIA1,328017,2025-12-11,2024-12-20,"Salt Lake City, UT","Salt Lake, UT  - Main - C05C",
a06Ro00000CO5UJIA1,328019,2025-12-11,2024-12-20,"Salt Lake City, UT","Salt Lake, UT  - Main - C05C",
a06Ro00000CO1xjIAD,328089,2025-12-11,2024-12-20,"Salt Lake City, UT","Salt Lake, UT  - Main - C14B",
a06Ro00000CO5VvIAL,328109,2025-12-11,2024-12-20,"Salt Lake City, UT","Salt Lake, UT  - Main - D11B",
a06Ro00000CO5VwIAL,328110,2025-12-11,2024-12-20,"Salt Lake City, UT","Salt Lake City, UT | Main D 11B","Salt Lake City, UT"
a06Ro00000CO5VxIAL,328111,2025-12-11,2024-12-20,"Salt Lake City, UT","Salt Lake, UT  - Main - D11B",
a06Ro00000CO5cMIAT,328258,2025-12-11,2024-12-20,"Salt Lake City, UT","Salt Lake, UT  - Main - C04D",
a06Ro00000CO56nIAD,328301,2025-12-11,2024-12-20,"Salt Lake City, UT","Salt Lake City, UT | Main C 04C","Salt Lake City, UT"
a06Ro00000CO56oIAD,328302,2025-12-11,2024-12-20,"Salt Lake City, UT","Salt Lake, UT  - Main - C04D",
a06Ro00000CO56qIAD,328304,2025-12-11,2024-12-20,"Salt Lake City, UT","Salt Lake, UT  - Main - C04D",
a06Ro00000CO0rIIAT,328323,2025-12-11,2024-12-20,"Salt Lake City, UT","Salt Lake, UT  - Main - D01C",
a06Ro00000CO0rJIAT,328324,2025-12-11,2024-12-20,"Salt Lake City, UT","Salt Lake, UT  - Main - D01C",
a06Ro00000CNwUYIA1,328396,2025-12-11,2024-12-20,"Salt Lake City, UT","Salt Lake, UT  - Main - C11B",
a06Ro00000CNwUZIA1,328397,2025-12-11,2024-12-20,"Salt Lake City, UT","Salt Lake, UT  - Main - C11B",
a06Ro00000CNwUaIAL,328398,2025-12-11,2024-12-20,"Salt Lake City, UT","Salt Lake, UT  - Main - C11B",
a06Ro00000CNwUbIAL,328399,2025-12-11,2024-12-20,"Salt Lake City, UT","Salt Lake, UT  - Main - C11B",
a06Ro00000CNwUcIAL,328400,2025-12-11,2024-12-20,"Salt Lake City, UT","Salt Lake, UT  - Main - C11B",
a06Ro00000CNwUdIAL,328401,2025-12-11,2024-12-20,"Salt Lake City, UT","Salt Lake, UT  - Main - C11B",
a06Ro00000CNwUeIAL,328402,2025-12-11,2024-12-20,"Salt Lake City, UT","Salt Lake, UT  - Main - C11B",
a06Ro00000CNwUgIAL,328404,2025-12-11,2024-12-20,"Salt Lake City, UT","Salt Lake, UT  - Main - C11B",
a06Ro00000CNwUhIAL,328405,2025-12-11,2024-12-20,"Salt Lake City, UT","Salt Lake, UT  - Main - C11B",
a06Ro00000CNwUiIAL,328406,2025-12-11,2024-12-20,"Salt Lake City, UT","Salt Lake, UT  - Main - C11B",
a06Ro00000CO5fZIAT,328407,2025-12-11,2024-12-20,"Salt Lake City, UT","Salt Lake, UT  - Main - C11B",
a06Ro00000CO5faIAD,328408,2025-12-11,2024-12-20,"Salt Lake City, UT","Salt Lake, UT  - Main - C11B",
a06Ro00000CO5fbIAD,328409,2025-12-11,2024-12-20,"Salt Lake City, UT","Salt Lake, UT  - Main - C11B",
a06Ro00000CO5fcIAD,328410,2025-12-11,2024-12-20,"Salt Lake City, UT","Salt Lake, UT  - Main - C11B",
a06Ro00000CO5fdIAD,328411,2025-12-11,2024-12-20,"Salt Lake City, UT","Salt Lake, UT  - Main - C11B",
a06Ro00000CO5feIAD,328412,2025-12-11,2024-12-20,"Salt Lake City, UT","Salt Lake, UT  - Main - C11B",
a06Ro00000CO5fkIAD,328418,2025-12-11,2024-12-20,"Salt Lake City, UT","Salt Lake, UT  - Main - C04A","Salt Lake City, UT"
a06Ro00000CO5sWIAT,328890,2025-12-11,2024-12-20,"Salt Lake City, UT","Salt Lake, UT  - Main - C05A",
a06Ro00000CO5sXIAT,328891,2025-12-11,2024-12-20,Shipping,Shipping,"Milwaukee, WI"
a06Ro00000CO3sJIAT,329007,2025-12-11,2024-12-20,"Salt Lake City, UT","Salt Lake, UT  - Main - C05D","Salt Lake City, UT"
a06Ro00000CO3sKIAT,329008,2025-12-11,2024-12-20,"Salt Lake City, UT","Salt Lake, UT  - Main - C05D",
a06Ro00000CO3sLIAT,329009,2025-12-11,2024-12-20,"Salt Lake City, UT","Salt Lake, UT  - Main - C05D",
a06Ro00000CO3sXIAT,329021,2025-12-11,2024-12-20,"Salt Lake City, UT","Salt Lake, UT  - Main - C03A",
a06Ro00000CO1p9IAD,329144,2025-12-11,2024-12-20,"Salt Lake City, UT","Salt Lake, UT  - Main - C11B",
a06Ro00000CO641IAD,329323,2025-12-11,2024-12-20,"Salt Lake City, UT","Salt Lake, UT  - Main - C16A","Salt Lake City, UT"
a06Ro00000CO643IAD,329325,2025-12-11,2024-12-20,"Salt Lake City, UT","Salt Lake, UT  - Main - C16A","Salt Lake City, UT"
a06Ro00000CO644IAD,329326,2025-12-11,2024-12-20,"Salt Lake City, UT","Salt Lake, UT  - Main - C16A","Salt Lake City, UT"
a06Ro00000CO645IAD,329327,2025-12-11,2024-12-20,"Salt Lake City, UT","Salt Lake, UT  - Main - C16A",
a06Ro00000CO646IAD,329328,2025-12-11,2024-12-20,"Salt Lake City, UT","Salt Lake, UT  - Main - C16A",
a06Ro00000CO647IAD,329329,2025-12-11,2024-12-20,"Salt Lake City, UT","Salt Lake, UT  - Main - C16A",
a06Ro00000CO648IAD,329330,2025-12-11,2024-12-20,"Salt Lake City, UT","Salt Lake, UT  - Main - C16A",
a06Ro00000CO64AIAT,329332,2025-12-11,2024-12-20,"Salt Lake City, UT","Salt Lake, UT  - Main - C16A",
a06Ro00000CO64BIAT,329333,2025-12-11,2024-12-20,"Salt Lake City, UT","Salt Lake, UT  - Main - C16A",
a06Ro00000CO64CIAT,329334,2025-12-11,2024-12-20,"Salt Lake City, UT","Salt Lake, UT  - Main - C16A",
a06Ro00000CO64DIAT,329335,2025-12-11,2024-12-20,"Salt Lake City, UT","Salt Lake, UT  - Main - C16A",
a06Ro00000CO64EIAT,329336,2025-12-11,2024-12-20,"Salt Lake City, UT","Salt Lake, UT  - Main - C16A",
a06Ro00000CNzK3IAL,329337,2025-12-11,2024-12-20,"Salt Lake City, UT","Salt Lake, UT  - Main - C16A",
a06Ro00000CNzK4IAL,329338,2025-12-11,2024-12-20,"Salt Lake City, UT","Salt Lake, UT  - Main - C16A",
a06Ro00000CNzK5IAL,329339,2025-12-11,2024-12-20,"Salt Lake City, UT","Salt Lake, UT  - Main - C16A",
a06Ro00000CNzK6IAL,329340,2025-12-11,2024-12-20,"Salt Lake City, UT","Salt Lake, UT  - Main - C16A",
a06Ro00000CNzK7IAL,329341,2025-12-11,2024-12-20,"Salt Lake City, UT","Salt Lake, UT  - Main - C16A",
a06Ro00000CNzK8IAL,329342,2025-12-11,2024-12-20,"Salt Lake City, UT","Salt Lake, UT  - Main - C16A",
a06Ro00000CNzK9IAL,329343,2025-12-11,2024-12-20,"Salt Lake City, UT","Salt Lake, UT  - Main - C16A",
a06Ro00000CNzKAIA1,329344,2025-12-11,2024-12-20,"Salt Lake City, UT","Salt Lake, UT  - Main - C16A",
a06Ro00000CNzKBIA1,329345,2025-12-11,2024-12-20,"Salt Lake City, UT","Salt Lake, UT  - Main - C16A",
a06Ro00000CNzKCIA1,329346,2025-12-11,2024-12-20,"Salt Lake City, UT","Salt Lake, UT  - Main - C16A",
a06Ro00000CNzKDIA1,329347,2025-12-11,2024-12-20,"Salt Lake City, UT","Salt Lake, UT  - Main - C16A",
a06Ro00000CNzKEIA1,329348,2025-12-11,2024-12-20,"Salt Lake City, UT","Salt Lake, UT  - Main - C16A",
a06Ro00000CNzKFIA1,329349,2025-12-11,2024-12-20,"Salt Lake City, UT","Salt Lake, UT  - Main - C16A",
a06Ro00000CNzKGIA1,329350,2025-12-11,2024-12-20,"Salt Lake City, UT","Salt Lake, UT  - Main - C16A",
a06Ro00000CNzKHIA1,329351,2025-12-11,2024-12-20,"Salt Lake City, UT","Salt Lake City, UT | Main C 18F",
a06Ro00000CNzKIIA1,329352,2025-12-11,2024-12-20,"Salt Lake City, UT","Salt Lake City, UT | Main C 18F",
a06Ro00000CNzKJIA1,329353,2025-12-11,2024-12-20,"Salt Lake City, UT","Salt Lake, UT  - Main - C16A",
a06Ro00000CNzKKIA1,329354,2025-12-11,2024-12-20,"Salt Lake City, UT","Salt Lake City, UT | Main C 18A",
a06Ro00000CNzKLIA1,329355,2025-12-11,2024-12-20,"Salt Lake City, UT","Salt Lake, UT  - Main - C16A",
a06Ro00000CNzKMIA1,329356,2025-12-11,2024-12-20,"Salt Lake City, UT","Salt Lake City, UT | Main C 18A",
a06Ro00000CNzKOIA1,329358,2025-12-11,2024-12-20,"Salt Lake City, UT","Salt Lake, UT  - Main - C18A",
a06Ro00000CNzKPIA1,329359,2025-12-11,2024-12-20,"Salt Lake City, UT","Salt Lake, UT  - Main - C18A",
a06Ro00000CNzKQIA1,329360,2025-12-11,2024-12-20,"Salt Lake City, UT","Salt Lake, UT  - Main - C18A",
a06Ro00000CNzKRIA1,329361,2025-12-11,2024-12-20,"Salt Lake City, UT","Salt Lake, UT  - Main - C18A",
a06Ro00000CNzKSIA1,329362,2025-12-11,2024-12-20,"Salt Lake City, UT","Salt Lake, UT  - Main - C18A",
a06Ro00000CNzKTIA1,329363,2025-12-11,2024-12-20,"Salt Lake City, UT","Salt Lake, UT  - Main - C18A",
a06Ro00000CNzKUIA1,329364,2025-12-11,2024-12-20,"Salt Lake City, UT","Salt Lake, UT  - Main - C18A",
a06Ro00000CNzKVIA1,329365,2025-12-11,2024-12-20,"Salt Lake City, UT","Salt Lake City, UT | Main C 18A","Milwaukee, WI"
a06Ro00000CNzKWIA1,329366,2025-12-11,2024-12-20,"Salt Lake City, UT","Salt Lake, UT  - Main - C18A",
a06Ro00000CNjpFIAT,329367,2025-12-11,2024-12-20,"Salt Lake City, UT","Salt Lake, UT  - Main - C18A",
a06Ro00000CNjpGIAT,329368,2025-12-11,2024-12-20,"Salt Lake City, UT","Salt Lake, UT  - Main - C18A",
a06Ro00000CNjpHIAT,329369,2025-12-11,2024-12-20,"Salt Lake City, UT","Salt Lake City, UT | Main C 18A","Milwaukee, WI"
a06Ro00000CNjpIIAT,329370,2025-12-11,2024-12-20,"Salt Lake City, UT","Salt Lake, UT  - Main - C18A",
a06Ro00000CNjpJIAT,329371,2025-12-11,2024-12-20,"Salt Lake City, UT","Salt Lake, UT  - Main - C18A",
a06Ro00000CNjpLIAT,329373,2025-12-11,2024-12-20,"Salt Lake City, UT","Salt Lake, UT  - Main - C18A",
a06Ro00000CNjpMIAT,329374,2025-12-11,2024-12-20,"Salt Lake City, UT","Salt Lake, UT  - Main - C18A",
a06Ro00000CNjpNIAT,329375,2025-12-11,2024-12-20,"Salt Lake City, UT","Salt Lake, UT  - Main - C18A",
a06Ro00000CNjpOIAT,329376,2025-12-11,2024-12-20,"Salt Lake City, UT","Salt Lake, UT  - Main - C18A",
a06Ro00000CNjpPIAT,329377,2025-12-11,2024-12-20,"Salt Lake City, UT","Salt Lake, UT  - Main - C18A",
a06Ro00000CNjpQIAT,329378,2025-12-11,2024-12-20,"Salt Lake City, UT","Salt Lake, UT  - Main - C18A","Salt Lake City, UT"
a06Ro00000CNjpRIAT,329379,2025-12-11,2024-12-20,"Salt Lake City, UT","Salt Lake, UT  - Main - C18A","Salt Lake City, UT"
a06Ro00000CO5rUIAT,329406,2025-12-11,2024-12-20,Shipping,Shipping,"Milwaukee, WI"
a06Ro00000CO6K7IAL,329711,2025-12-11,2024-12-20,"Salt Lake City, UT","Salt Lake, UT  - Main - C04C","Salt Lake City, UT"
a06Ro00000CO6LgIAL,329738,2025-12-11,,"Salt Lake City, UT","Salt Lake City, UT | Main C 02B","Milwaukee, WI"
a06Ro00000CO3kgIAD,330205,2025-12-11,2024-12-20,"Salt Lake City, UT","Salt Lake, UT  - Main - C03B",
a06Ro00000CO6fBIAT,330347,2025-12-11,2024-12-20,"Salt Lake City, UT","Salt Lake, UT  - Main - C09E",
a06Ro00000CO6fCIAT,330348,2025-12-11,2024-12-20,"Salt Lake City, UT","Salt Lake, UT  - Main - C09E",
a06Ro00000CO6fDIAT,330349,2025-12-11,2024-12-20,"Salt Lake City, UT","Salt Lake, UT  - Main - C09E",
a06Ro00000CO6fEIAT,330350,2025-12-11,2024-12-20,"Salt Lake City, UT","Salt Lake, UT  - Main - C09E",
a06Ro00000CO6fFIAT,330351,2025-12-11,2024-12-20,"Salt Lake City, UT","Salt Lake, UT  - Main - C09E",
a06Ro00000CO6fGIAT,330352,2025-12-11,2024-12-20,"Salt Lake City, UT","Salt Lake, UT  - Main - C09E",
a06Ro00000CO6fHIAT,330353,2025-12-11,2024-12-20,"Salt Lake City, UT","Salt Lake, UT  - Main - C09E",
a06Ro00000CO6fIIAT,330354,2025-12-11,2024-12-20,"Salt Lake City, UT","Salt Lake, UT  - Main - C09E","Milwaukee, WI"
a06Ro00000CO6fJIAT,330355,2025-12-11,2024-12-20,"Salt Lake City, UT","Salt Lake, UT  - Main - C09E",
a06Ro00000CO6AoIAL,330394,2025-12-11,2024-12-20,"Salt Lake City, UT","Salt Lake, UT  - Main - C11D",
a06Ro00000CO6ApIAL,330395,2025-12-11,2024-12-20,"Salt Lake City, UT","Salt Lake, UT  - Main - C11D",
a06Ro00000CO6AqIAL,330396,2025-12-11,2024-12-20,"Salt Lake City, UT","Salt Lake, UT  - Main - C11D",
a06Ro00000CO6ArIAL,330397,2025-12-11,2024-12-20,"Salt Lake City, UT","Salt Lake, UT  - Main - C12C",
a06Ro00000CO6AsIAL,330398,2025-12-11,2024-12-20,"Salt Lake City, UT","Salt Lake, UT  - Main - C12C",
a06Ro00000CO6AtIAL,330399,2025-12-11,2024-12-20,"Salt Lake City, UT","Salt Lake, UT  - Main - C12C",
a06Ro00000CO6AuIAL,330400,2025-12-11,2024-12-20,"Salt Lake City, UT","Salt Lake, UT  - Main - C12C",
a06Ro00000CO6AvIAL,330401,2025-12-11,2024-12-20,"Salt Lake City, UT","Salt Lake, UT  - Main - C12C",
a06Ro00000CO6AwIAL,330402,2025-12-11,2024-12-20,"Salt Lake City, UT","Salt Lake, UT  - Main - C12C",
a06Ro00000CO6AxIAL,330403,2025-12-11,2024-12-20,"Salt Lake City, UT","Salt Lake, UT  - Main - D06B",
a06Ro00000CO6AyIAL,330404,2025-12-11,2024-12-20,"Salt Lake City, UT","Salt Lake, UT  - Main - D06B",
a06Ro00000CO6AzIAL,330405,2025-12-11,2024-12-20,"Salt Lake City, UT","Salt Lake, UT  - Main - C09A",
a06Ro00000CO6B0IAL,330406,2025-12-11,2024-12-20,"Salt Lake City, UT","Salt Lake, UT  - Main - C09A",
a06Ro00000CO6B1IAL,330407,2025-12-11,2024-12-20,"Salt Lake City, UT","Salt Lake, UT  - Main - C09A",
a06Ro00000CO6B2IAL,330408,2025-12-11,2024-12-20,"Salt Lake City, UT","Salt Lake, UT  - Main - C09A",
a06Ro00000CO6B3IAL,330409,2025-12-11,2024-12-20,"Salt Lake City, UT","Salt Lake, UT  - Main - C09A",
a06Ro00000CO6B4IAL,330410,2025-12-11,2024-12-20,"Salt Lake City, UT","Salt Lake, UT  - Main - C09A",
a06Ro00000CO6B5IAL,330411,2025-12-11,2024-12-20,"Salt Lake City, UT","Salt Lake, UT  - Main - C09A",
a06Ro00000CO6B7IAL,330413,2025-12-11,2024-12-20,"Salt Lake City, UT","Salt Lake, UT  - Main - C09A",
a06Ro00000CO6B8IAL,330414,2025-12-11,2024-12-20,"Salt Lake City, UT","Salt Lake, UT  - Main - C09A",
a06Ro00000CO6B9IAL,330415,2025-12-11,2024-12-20,"Salt Lake City, UT","Salt Lake, UT  - Main - C09A",
a06Ro00000CO6BAIA1,330416,2025-12-11,2024-12-20,"Salt Lake City, UT","Salt Lake, UT  - Main - C09A",
a06Ro00000CNzpAIAT,330417,2025-12-11,2024-12-20,"Salt Lake City, UT","Salt Lake, UT  - Main - C09A",
a06Ro00000CNzpBIAT,330418,2025-12-11,2024-12-20,"Salt Lake City, UT","Salt Lake, UT  - Main - C09A",
a06Ro00000CNzpCIAT,330419,2025-12-11,2024-12-20,"Salt Lake City, UT","Salt Lake, UT  - Main - C09A",
a06Ro00000CNzpDIAT,330420,2025-12-11,2024-12-20,"Salt Lake City, UT","Salt Lake, UT  - Main - C09A",
a06Ro00000CNzpEIAT,330421,2025-12-11,2024-12-20,"Salt Lake City, UT","Salt Lake, UT  - Main - C09A",
a06Ro00000CNzpFIAT,330422,2025-12-11,2024-12-20,"Salt Lake City, UT","Salt Lake, UT  - Main - C09A",
a06Ro00000CNzpGIAT,330423,2025-12-11,2024-12-20,"Salt Lake City, UT","Salt Lake, UT  - Main - C09A",
a06Ro00000CNzpHIAT,330424,2025-12-11,2024-12-20,"Salt Lake City, UT","Salt Lake, UT  - Main - C09A",
a06Ro00000CNzpIIAT,330425,2025-12-11,2024-12-20,"Salt Lake City, UT","Salt Lake, UT  - Main - C09A",
a06Ro00000CNzpJIAT,330426,2025-12-11,2024-12-20,"Salt Lake City, UT","Salt Lake, UT  - Main - C09A",
a06Ro00000CNzpKIAT,330427,2025-12-11,2024-12-20,"Salt Lake City, UT","Salt Lake, UT  - Main - C09A",
a06Ro00000CNzpLIAT,330428,2025-12-11,2024-12-20,"Salt Lake City, UT","Salt Lake, UT  - Main - C09A",
a06Ro00000CNzpMIAT,330429,2025-12-11,2024-12-20,"Salt Lake City, UT","Salt Lake, UT  - Main - C09A",
a06Ro00000CNzpNIAT,330430,2025-12-11,2024-12-20,"Salt Lake City, UT","Salt Lake, UT  - Main - C09A",
a06Ro00000CNzpOIAT,330431,2025-12-11,2024-12-20,"Salt Lake City, UT","Salt Lake, UT  - Main - C09A",
a06Ro00000CNzpPIAT,330432,2025-12-11,2024-12-20,"Salt Lake City, UT","Salt Lake, UT  - Main - C09A",
a06Ro00000CNzpQIAT,330433,2025-12-11,2024-12-20,"Salt Lake City, UT","Salt Lake, UT  - Main - C09A",
a06Ro00000CNzpRIAT,330434,2025-12-11,2024-12-20,"Salt Lake City, UT","Salt Lake, UT  - Main - C09A",
a06Ro00000CNzpSIAT,330435,2025-12-11,2024-12-20,"Salt Lake City, UT","Salt Lake, UT  - Main - C09A",
a06Ro00000CNzpUIAT,330437,2025-12-11,2024-12-20,"Salt Lake City, UT","Salt Lake, UT  - Main - C09A",
a06Ro00000CNzpVIAT,330438,2025-12-11,2024-12-20,"Salt Lake City, UT","Salt Lake, UT  - Main - C09A",
a06Ro00000CNzpWIAT,330439,2025-12-11,2024-12-20,"Salt Lake City, UT","Salt Lake, UT  - Main - C09A",
a06Ro00000CNzpcIAD,330445,2025-12-11,2024-12-20,"Salt Lake City, UT","Salt Lake, UT  - Main - D06D",
a06Ro00000CNzpdIAD,330446,2025-12-11,2024-12-20,"Salt Lake City, UT","Salt Lake, UT  - Main - D06D",
a06Ro00000CO6gTIAT,330447,2025-12-11,2024-12-20,"Salt Lake City, UT","Salt Lake, UT  - Main - D06D",
a06Ro00000CO6gUIAT,330448,2025-12-11,2024-12-20,"Salt Lake City, UT","Salt Lake, UT  - Main - D06D",
a06Ro00000CO6gVIAT,330449,2025-12-11,2024-12-20,"Salt Lake City, UT","Salt Lake, UT  - Main - D06D",
a06Ro00000CO6gWIAT,330450,2025-12-11,2024-12-20,"Salt Lake City, UT","Salt Lake, UT  - Main - D06D",
a06Ro00000CO6gXIAT,330451,2025-12-11,2024-12-20,"Salt Lake City, UT","Salt Lake, UT  - Main - D06D",
a06Ro00000CO6gYIAT,330452,2025-12-11,2024-12-20,"Salt Lake City, UT","Salt Lake, UT  - Main - D06D",
a06Ro00000CO6gZIAT,330453,2025-12-11,2024-12-20,"Salt Lake City, UT","Salt Lake, UT  - Main - D06D",
a06Ro00000CO6gaIAD,330454,2025-12-11,2024-12-20,"Salt Lake City, UT","Salt Lake, UT  - Main - D06D",
a06Ro00000CO6geIAD,330458,2025-12-11,2024-12-20,"Salt Lake City, UT","Salt Lake, UT  - Main - C12D",
a06Ro00000CO6gfIAD,330459,2025-12-11,2024-12-20,"Salt Lake City, UT","Salt Lake, UT  - Main - C12D",
a06Ro00000CO6ggIAD,330460,2025-12-11,2024-12-20,"Salt Lake City, UT","Salt Lake, UT  - Main - C12D",
a06Ro00000CO6ghIAD,330461,2025-12-11,2024-12-20,"Salt Lake City, UT","Salt Lake, UT  - Main - C09A",
a06Ro00000CO6giIAD,330462,2025-12-11,2024-12-20,"Salt Lake City, UT","Salt Lake, UT  - Main - C09A",
a06Ro00000CO6gjIAD,330463,2025-12-11,2024-12-20,"Salt Lake City, UT","Salt Lake, UT  - Main - C09A",
a06Ro00000CO6gkIAD,330464,2025-12-11,2024-12-20,"Salt Lake City, UT","Salt Lake, UT  - Main - C12C",
a06Ro00000CO6glIAD,330465,2025-12-11,2024-12-20,"Salt Lake City, UT","Salt Lake, UT  - Main - C12C",
a06Ro00000CO6gqIAD,330470,2025-12-11,2024-12-20,"Salt Lake City, UT","Salt Lake, UT  - Main - C12C",
a06Ro00000CO6grIAD,330471,2025-12-11,2024-12-20,"Salt Lake City, UT","Salt Lake, UT  - Main - C12C",
a06Ro00000CO6gsIAD,330472,2025-12-11,2024-12-20,"Salt Lake City, UT","Salt Lake, UT  - Main - C12C",
a06Ro00000CO6gtIAD,330473,2025-12-11,2024-12-20,"Salt Lake City, UT","Salt Lake City, UT | Main C 12C","Milwaukee, WI"
a06Ro00000CO3klIAD,330480,2025-12-11,2024-12-20,"Salt Lake City, UT","Salt Lake, UT  - Main - C12D",
a06Ro00000CO3kmIAD,330481,2025-12-11,2024-12-20,"Salt Lake City, UT","Salt Lake, UT  - Main - C12D",
a06Ro00000CO6iFIAT,330517,2025-12-11,,"Salt Lake City, UT","Salt Lake City, UT | Main D 17C","Milwaukee, WI"
a06Ro00000CO6iJIAT,330521,2025-12-11,2024-12-20,"Salt Lake City, UT","Salt Lake City, UT | Main D 17C",
a06Ro00000CO6iLIAT,330523,2025-12-11,2024-12-20,"Salt Lake City, UT","Salt Lake, UT  - Main - D17C",
a06Ro00000CO6iQIAT,330528,2025-12-11,2024-12-20,"Salt Lake City, UT","Salt Lake, UT  - Main - D01A",
a06Ro00000CO6CJIA1,330537,2025-12-11,2024-12-20,"Salt Lake City, UT","Salt Lake City, UT | Main D 16C","Salt Lake City, UT"
a06Ro00000CO6CMIA1,330540,2025-12-11,2024-12-20,"Salt Lake City, UT","Salt Lake, UT  - Main - D16A",
a06Ro00000CO6COIA1,330542,2025-12-11,2024-12-20,"Salt Lake City, UT","Salt Lake City, UT | Main D 17C","Salt Lake City, UT"
a06Ro00000CO6CPIA1,330543,2025-12-11,2024-12-20,"Salt Lake City, UT","Salt Lake, UT  - Main - D17C",
a06Ro00000CO6CQIA1,330544,2025-12-11,2024-12-20,"Salt Lake City, UT","Salt Lake City, UT | Main D 17C","Milwaukee, WI"
a06Ro00000CO6CfIAL,330559,2025-12-11,2024-12-20,"Salt Lake City, UT","Salt Lake, UT  - Main - D16C",
a06Ro00000CO6lQIAT,330604,2025-12-11,2024-12-20,"Salt Lake City, UT","Salt Lake, UT  - Main - D17E",
a06Ro00000CO6lUIAT,330608,2025-12-11,2024-12-20,"Salt Lake City, UT","Salt Lake, UT  - Main - D17E",
a06Ro00000CO6lVIAT,330609,2025-12-11,2024-12-20,"Salt Lake City, UT","Salt Lake, UT  - Main - D17E",
a06Ro00000CO6lWIAT,330610,2025-12-11,2024-12-20,"Salt Lake City, UT","Salt Lake, UT  - Main - D17E",
a06Ro00000CO6lXIAT,330611,2025-12-11,2024-12-20,"Salt Lake City, UT","Salt Lake, UT  - Main - D17E",
a06Ro00000CO6lYIAT,330612,2025-12-11,2024-12-20,"Salt Lake City, UT","Salt Lake, UT  - Main - D17E",
a06Ro00000CO6lZIAT,330613,2025-12-11,2024-12-20,"Salt Lake City, UT","Salt Lake, UT  - Main - D17E",
a06Ro00000CO6ldIAD,330617,2025-12-11,2024-12-20,"Salt Lake City, UT","Salt Lake, UT  - Main - D16B",
a06Ro00000CO6leIAD,330618,2025-12-11,2024-12-20,"Salt Lake City, UT","Salt Lake, UT  - Main - D16B",
a06Ro00000CO6lfIAD,330619,2025-12-11,2024-12-20,"Salt Lake City, UT","Salt Lake, UT  - Main - D16A","Salt Lake City, UT"
a06Ro00000CO4gtIAD,330665,2025-12-11,2024-12-20,"Salt Lake City, UT","Salt Lake, UT  - Main - D17D",
a06Ro00000CO4guIAD,330666,2025-12-11,2024-12-20,"Salt Lake City, UT","Salt Lake, UT  - Main - D16B",
a06Ro00000CO4gvIAD,330667,2025-12-11,2024-12-20,"Salt Lake City, UT","Salt Lake, UT  - Main - D16B",
a06Ro00000CO4gxIAD,330669,2025-12-11,2024-12-20,"Salt Lake City, UT","Salt Lake, UT  - Main - D16A",
a06Ro00000CO4gyIAD,330670,2025-12-11,2024-12-20,"Salt Lake City, UT","Salt Lake, UT  - Main - D17C",
a06Ro00000CO4h2IAD,330674,2025-12-11,2024-12-20,"Salt Lake City, UT","Salt Lake, UT  - Main - D17C",
a06Ro00000CO4h4IAD,330676,2025-12-11,2024-12-20,"Salt Lake City, UT","Salt Lake, UT  - Main - D17E",
a06Ro00000CO4h5IAD,330677,2025-12-11,2024-12-20,"Salt Lake City, UT","Salt Lake, UT  - Main - D16A",
a06Ro00000CO4h6IAD,330678,2025-12-11,2024-12-20,"Salt Lake City, UT","Salt Lake, UT  - Main - C10D",
a06Ro00000CO4h7IAD,330679,2025-12-11,2024-12-20,"Salt Lake City, UT","Salt Lake, UT  - Main - C10D",
a06Ro00000CO4h8IAD,330680,2025-12-11,2024-12-20,"Salt Lake City, UT","Salt Lake, UT  - Main - C10D",
a06Ro00000CO4h9IAD,330681,2025-12-11,2024-12-20,"Salt Lake City, UT","Salt Lake, UT  - Main - C10D",
a06Ro00000CO4hAIAT,330682,2025-12-11,2024-12-20,"Salt Lake City, UT","Salt Lake, UT  - Main - C10D",
a06Ro00000CO4hBIAT,330683,2025-12-11,2024-12-20,"Salt Lake City, UT","Salt Lake, UT  - Main - C10D",
a06Ro00000CO4hCIAT,330684,2025-12-11,2024-12-20,"Salt Lake City, UT","Salt Lake, UT  - Main - C10D",
a06Ro00000CO4hDIAT,330685,2025-12-11,2024-12-20,"Salt Lake City, UT","Salt Lake, UT  - Main - C10D",
a06Ro00000CO6oXIAT,330687,2025-12-11,2024-12-20,"Salt Lake City, UT","Salt Lake, UT  - Main - D17D",
a06Ro00000CO6oZIAT,330689,2025-12-11,2024-12-20,"Salt Lake City, UT","Salt Lake, UT  - Main - D17E",
a06Ro00000CO6obIAD,330691,2025-12-11,2024-12-20,"Salt Lake City, UT","Salt Lake, UT  - Main - D01C",
a06Ro00000CO6ocIAD,330692,2025-12-11,2024-12-20,"Salt Lake City, UT","Salt Lake, UT  - Main - D01C",
a06Ro00000CO6odIAD,330693,2025-12-11,2024-12-20,"Salt Lake City, UT","Salt Lake, UT  - Main - D01C",
a06Ro00000CO6omIAD,330702,2025-12-11,2024-12-20,"Salt Lake City, UT","Salt Lake, UT  - Main - C09A",
a06Ro00000CO6onIAD,330703,2025-12-11,2024-12-20,"Salt Lake City, UT","Salt Lake, UT  - Main - D16B",
a06Ro00000CO6ooIAD,330704,2025-12-11,2024-12-20,"Salt Lake City, UT","Salt Lake, UT  - Main - C10D",
a06Ro00000CO6otIAD,330709,2025-12-11,2024-12-20,"Salt Lake City, UT","Salt Lake, UT  - Main - D06B",
a06Ro00000CO6ouIAD,330710,2025-12-11,2024-12-20,"Salt Lake City, UT","Salt Lake, UT  - Main - D06B",
a06Ro00000CO6ovIAD,330711,2025-12-11,2024-12-20,"Salt Lake City, UT","Salt Lake, UT  - Main - D06B",
a06Ro00000CO6owIAD,330712,2025-12-11,2024-12-20,"Salt Lake City, UT","Salt Lake, UT  - Main - D06B",
a06Ro00000CO6oxIAD,330713,2025-12-11,2024-12-20,"Salt Lake City, UT","Salt Lake, UT  - Main - D06B",
a06Ro00000CO6ozIAD,330715,2025-12-11,2024-12-20,"Salt Lake City, UT","Salt Lake, UT  - Main - D16C",
a06Ro00000CO6p0IAD,330716,2025-12-11,2024-12-20,"Salt Lake City, UT","Salt Lake, UT  - Main - D16C",
a06Ro00000CNzCSIA1,330717,2025-12-11,2024-12-20,"Salt Lake City, UT","Salt Lake, UT  - Main - D16C",
a06Ro00000CNzCTIA1,330718,2025-12-11,2024-12-20,"Salt Lake City, UT","Salt Lake, UT  - Main - D16C",
a06Ro00000CNzCUIA1,330719,2025-12-11,2024-12-20,"Salt Lake City, UT","Salt Lake, UT  - Main - D16C","Salt Lake City, UT"
a06Ro00000CNzCdIAL,330728,2025-12-11,2024-12-20,"Salt Lake City, UT","Salt Lake, UT  - Main - C12D",
a06Ro00000CNyRDIA1,330778,2025-12-11,2024-12-20,"Salt Lake City, UT","Salt Lake, UT  - Main - D17C",
a06Ro00000CNyRHIA1,330782,2025-12-11,2024-12-20,"Salt Lake City, UT","Salt Lake, UT  - Main - D16B",
a06Ro00000CNyRIIA1,330783,2025-12-11,2024-12-20,"Salt Lake City, UT","Salt Lake, UT  - Main - D16B",
a06Ro00000CO6sAIAT,330832,2025-12-11,2024-12-20,"Salt Lake City, UT","Salt Lake, UT  - Main - C12B",
a06Ro00000CO6sBIAT,330833,2025-12-11,2024-12-20,"Salt Lake City, UT","Salt Lake, UT  - Main - C12B",
a06Ro00000CO6sCIAT,330834,2025-12-11,2024-12-20,"Salt Lake City, UT","Salt Lake, UT  - Main - C12B",
a06Ro00000CO6sDIAT,330835,2025-12-11,2024-12-20,"Salt Lake City, UT","Salt Lake, UT  - Main - C12B",
a06Ro00000CO6sEIAT,330836,2025-12-11,2024-12-20,"Salt Lake City, UT","Salt Lake, UT  - Main - C12B",
a06Ro00000CO41yIAD,330837,2025-12-11,2024-12-20,"Salt Lake City, UT","Salt Lake City, UT | Main C 12B","Salt Lake City, UT"
a06Ro00000CO41zIAD,330838,2025-12-11,2024-12-20,"Salt Lake City, UT","Salt Lake, UT  - Main - C12B",
a06Ro00000CO0hcIAD,331143,2025-12-11,2024-12-20,"Salt Lake City, UT","Salt Lake City, UT | Main C 15E",
a06Ro00000CO0hdIAD,331144,2025-12-11,2024-12-20,"Salt Lake City, UT","Salt Lake City, UT | Main C 15E",
a06Ro00000CO0hiIAD,331149,2025-12-11,2024-12-20,"Salt Lake City, UT","Salt Lake, UT  - Main - D01F",
a06Ro00000CO0hjIAD,331150,2025-12-11,2024-12-20,"Salt Lake City, UT","Salt Lake, UT  - Main - D01A",
a06Ro00000CO0hkIAD,331151,2025-12-11,2024-12-20,"Salt Lake City, UT","Salt Lake, UT  - Main - D01A",
a06Ro00000CO0hrIAD,331158,2025-12-11,2024-12-20,"Salt Lake City, UT","Salt Lake, UT  - Main - D01A",
a06Ro00000CO19AIAT,331210,2025-12-11,2024-12-20,"Salt Lake City, UT","Salt Lake, UT  - Main - D01H",
a06Ro00000CO19MIAT,331222,2025-12-11,2024-12-20,"Salt Lake City, UT","Salt Lake, UT  - Main - D05C",
a06Ro00000CO19NIAT,331223,2025-12-11,2024-12-20,"Salt Lake City, UT","Salt Lake, UT  - Main - D05C",
a06Ro00000CO19OIAT,331224,2025-12-11,2024-12-20,"Salt Lake City, UT","Salt Lake, UT  - Main - D05C",
a06Ro00000CO19PIAT,331225,2025-12-11,2024-12-20,"Salt Lake City, UT","Salt Lake, UT  - Main - D05C",
a06Ro00000CO76UIAT,331300,2025-12-11,2024-12-20,Scrap,Scrap,
a06Ro00000CNvwMIAT,331647,2025-12-11,2024-12-20,"Salt Lake City, UT","Salt Lake City, UT | Main C 03B","Salt Lake City, UT"
a06Ro00000CNvwcIAD,331663,2025-12-11,2024-12-20,"Salt Lake City, UT","Salt Lake City, UT | Main C 14D","Salt Lake City, UT"
a06Ro00000CNxu2IAD,331901,2025-12-11,2024-12-20,"Salt Lake City, UT","Salt Lake City, UT | Main C 06F",
a06Ro00000CO7ROIA1,332016,2025-12-11,2024-12-20,"Salt Lake City, UT","Salt Lake, UT  - Main - D12E",
a06Ro00000CO7RPIA1,332017,2025-12-11,2024-12-20,"Salt Lake City, UT","Salt Lake, UT  - Main - D12E",
a06Ro00000CO7RQIA1,332018,2025-12-11,2024-12-20,"Salt Lake City, UT","Salt Lake, UT  - Main - D12E",
a06Ro00000CO7RRIA1,332019,2025-12-11,2024-12-20,"Salt Lake City, UT","Salt Lake, UT  - Main - D12E",
a06Ro00000CO7RSIA1,332020,2025-12-11,2024-12-20,"Salt Lake City, UT","Salt Lake, UT  - Main - D12E",
a06Ro00000CO7RTIA1,332021,2025-12-11,2024-12-20,"Salt Lake City, UT","Salt Lake, UT  - Main - D12E",
a06Ro00000CO7RUIA1,332022,2025-12-11,2024-12-20,"Salt Lake City, UT","Salt Lake, UT  - Main - D12E",
a06Ro00000CO7RVIA1,332023,2025-12-11,2024-12-20,"Salt Lake City, UT","Salt Lake, UT  - Main - D12E",
a06Ro00000CO7RWIA1,332024,2025-12-11,2024-12-20,"Salt Lake City, UT","Salt Lake, UT  - Main - D12E",
a06Ro00000CO7RXIA1,332025,2025-12-11,2024-12-20,"Salt Lake City, UT","Salt Lake, UT  - Main - D12E",
a06Ro00000CO7RcIAL,332030,2025-12-11,2024-12-20,"Salt Lake City, UT","Salt Lake City, UT | Main D 12E","Milwaukee, WI"
a06Ro00000CO7RdIAL,332031,2025-12-11,2024-12-20,"Salt Lake City, UT","Salt Lake City, UT | Main D 12E","Milwaukee, WI"
a06Ro00000CO7ReIAL,332032,2026-03-04,2024-12-20,"Salt Lake City, UT","Salt Lake City, UT | Main D 12E","Salt Lake City, UT"
a06Ro00000CO7RfIAL,332033,2025-12-11,2024-12-20,"Salt Lake City, UT","Salt Lake, UT  - Main - D12E",
a06Ro00000CO7RhIAL,332035,2025-12-11,2024-12-20,"Salt Lake City, UT","Salt Lake, UT  - Main - D12E",
a06Ro00000CO7RiIAL,332036,2025-12-11,2024-12-20,"Salt Lake City, UT","Salt Lake, UT  - Main - D12A",
a06Ro00000CO3KQIA1,332037,2025-12-11,2024-12-20,"Salt Lake City, UT","Salt Lake, UT  - Main - D12E",
a06Ro00000CO3KRIA1,332038,2025-12-11,2024-12-20,"Salt Lake City, UT","Salt Lake, UT  - Main - D12A",
a06Ro00000CO3KSIA1,332039,2025-12-11,2024-12-20,"Salt Lake City, UT","Salt Lake, UT  - Main - D12A",
a06Ro00000CO3KTIA1,332040,2025-12-11,2024-12-20,"Salt Lake City, UT","Salt Lake, UT  - Main - D12A",
a06Ro00000CO3KUIA1,332041,2025-12-11,2024-12-20,"Salt Lake City, UT","Salt Lake, UT  - Main - D12A",
a06Ro00000CO3KVIA1,332042,2025-12-11,2024-12-20,"Salt Lake City, UT","Salt Lake, UT  - Main - D12A",
a06Ro00000CO3KWIA1,332043,2025-12-11,2024-12-20,"Salt Lake City, UT","Salt Lake, UT  - Main - D12A",
a06Ro00000CO3KXIA1,332044,2025-12-11,2024-12-20,"Salt Lake City, UT","Salt Lake, UT  - Main - D12A",
a06Ro00000CO3KYIA1,332045,2025-12-11,2024-12-20,"Salt Lake City, UT","Salt Lake, UT  - Main - D12A",
a06Ro00000CO3KZIA1,332046,2025-12-11,2024-12-20,"Salt Lake City, UT","Salt Lake, UT  - Main - D12A",
a06Ro00000CO3KaIAL,332047,2025-12-11,2024-12-20,"Salt Lake City, UT","Salt Lake, UT  - Main - D12A",
a06Ro00000CO3KbIAL,332048,2025-12-11,2024-12-20,"Salt Lake City, UT","Salt Lake, UT  - Main - D12A",
a06Ro00000CO3KoIAL,332061,2025-12-11,2024-12-20,"Salt Lake City, UT","Salt Lake, UT  - Main - C10D",
a06Ro00000CO3KpIAL,332062,2025-12-11,2024-12-20,"Salt Lake City, UT","Salt Lake, UT  - Main - C10D",
a06Ro00000CO3KqIAL,332063,2025-12-11,2024-12-20,"Salt Lake City, UT","Salt Lake, UT  - Main - C10D",
a06Ro00000CO3KrIAL,332064,2025-12-11,2024-12-20,"Salt Lake City, UT","Salt Lake, UT  - Main - C10D",
a06Ro00000CO3KsIAL,332065,2025-12-11,2024-12-20,"Salt Lake City, UT","Salt Lake, UT  - Main - C10D",
a06Ro00000CO3KtIAL,332066,2025-12-11,2024-12-20,"Salt Lake City, UT","Salt Lake, UT  - Main - C10D",
a06Ro00000CO6YtIAL,332067,2025-12-11,2024-12-20,"Salt Lake City, UT","Salt Lake, UT  - Main - C10D",
a06Ro00000CO6YuIAL,332068,2025-12-11,2024-12-20,"Salt Lake City, UT","Salt Lake, UT  - Main - C10D",
a06Ro00000CO6YvIAL,332069,2025-12-11,2024-12-20,"Salt Lake City, UT","Salt Lake, UT  - Main - C10D",
a06Ro00000CO6YwIAL,332070,2025-12-11,2024-12-20,"Salt Lake City, UT","Salt Lake, UT  - Main - C10D",
a06Ro00000CO6YxIAL,332071,2025-12-11,2024-12-20,"Salt Lake City, UT","Salt Lake, UT  - Main - C10D",
a06Ro00000CO6YyIAL,332072,2025-12-11,2024-12-20,"Salt Lake City, UT","Salt Lake, UT  - Main - C10D",
a06Ro00000CO6Z0IAL,332074,2025-12-11,2024-12-20,"Salt Lake City, UT","Salt Lake, UT  - Main - C10D",
a06Ro00000CO6Z1IAL,332075,2025-12-11,2024-12-20,"Salt Lake City, UT","Salt Lake, UT  - Main - C10D",
a06Ro00000CO6Z2IAL,332076,2025-12-11,2024-12-20,"Salt Lake City, UT","Salt Lake, UT  - Main - D12D",
a06Ro00000CO6Z3IAL,332077,2025-12-11,2024-12-20,"Salt Lake City, UT","Salt Lake, UT  - Main - D12D",
a06Ro00000CO6ZHIA1,332091,2025-12-11,2024-12-20,"Salt Lake City, UT","Salt Lake, UT  - Main - D12D",
a06Ro00000CO6ZIIA1,332092,2025-12-11,2024-12-20,"Salt Lake City, UT","Salt Lake, UT  - Main - D12D",
a06Ro00000CO6ZJIA1,332093,2025-12-11,2024-12-20,"Salt Lake City, UT","Salt Lake, UT  - Main - D12D",
a06Ro00000CO6ZKIA1,332094,2025-12-11,,"Salt Lake City, UT","Salt Lake City, UT | Main D 12D",
a06Ro00000CO6ZLIA1,332095,2025-12-11,2024-12-20,"Salt Lake City, UT","Salt Lake, UT  - Main - D12D",
a06Ro00000CO7T1IAL,332107,2025-12-11,2024-12-20,"Salt Lake City, UT","Salt Lake, UT  - Main - D12C",
a06Ro00000CO7T2IAL,332108,2025-12-11,2024-12-20,"Salt Lake City, UT","Salt Lake, UT  - Main - D12C",
a06Ro00000CO7T3IAL,332109,2025-12-11,2024-12-20,"Salt Lake City, UT","Salt Lake, UT  - Main - D12C",
a06Ro00000CO7T4IAL,332110,2025-12-11,2024-12-20,"Salt Lake City, UT","Salt Lake, UT  - Main - D12C",
a06Ro00000CO7T5IAL,332111,2025-12-11,2024-12-20,"Salt Lake City, UT","Salt Lake, UT  - Main - D12C",
a06Ro00000CO7T6IAL,332112,2025-12-11,2024-12-20,"Salt Lake City, UT","Salt Lake, UT  - Main - D12C",
a06Ro00000CO28bIAD,332150,2025-12-11,2024-12-20,"Salt Lake City, UT","Salt Lake, UT  - Main - D12C",
a06Ro00000CO28eIAD,332153,2025-12-11,2024-12-20,"Salt Lake City, UT","Salt Lake, UT  - Main - D12C",
a06Ro00000CO37bIAD,332162,2025-12-11,2024-12-20,"Salt Lake City, UT","Salt Lake, UT  - Main - C10D",
a06Ro00000CO37cIAD,332163,2025-12-11,2024-12-20,"Salt Lake City, UT","Salt Lake, UT  - Main - C10D",
a06Ro00000CO37uIAD,332181,2025-12-11,2024-12-20,"Salt Lake City, UT","Salt Lake, UT  - Main - D12B",
a06Ro00000CO1J1IAL,332188,2025-12-11,2024-12-20,"Salt Lake City, UT","Salt Lake, UT  - Main - D12B",
a06Ro00000CO1JCIA1,332199,2025-12-11,2024-12-20,"Salt Lake City, UT","Salt Lake, UT  - Main - D12B",
a06Ro00000CO1JDIA1,332200,2025-12-11,2024-12-20,"Salt Lake City, UT","Salt Lake, UT  - Main - D12B",
a06Ro00000CO1JEIA1,332201,2025-12-11,2024-12-20,"Salt Lake City, UT","Salt Lake, UT  - Main - D12B",
a06Ro00000CO1JFIA1,332202,2025-12-11,2024-12-20,"Salt Lake City, UT","Salt Lake, UT  - Main - D12B",
a06Ro00000CO1JGIA1,332203,2025-12-11,2024-12-20,"Salt Lake City, UT","Salt Lake, UT  - Main - D12B",
a06Ro00000CO1JHIA1,332204,2025-12-11,2024-12-20,"Salt Lake City, UT","Salt Lake, UT  - Main - D12B",
a06Ro00000CO1JJIA1,332206,2025-12-11,2024-12-20,"Salt Lake City, UT","Salt Lake, UT  - Main - D12B",
a06Ro00000CO1JKIA1,332207,2025-12-11,2024-12-20,"Salt Lake City, UT","Salt Lake, UT  - Main - D12B",
a06Ro00000CO1JLIA1,332208,2025-12-11,2024-12-20,"Salt Lake City, UT","Salt Lake, UT  - Main - D12B",
a06Ro00000CO1JMIA1,332209,2025-12-11,2024-12-20,"Salt Lake City, UT","Salt Lake, UT  - Main - D12B",
a06Ro00000CO1JNIA1,332210,2025-12-11,2024-12-20,"Salt Lake City, UT","Salt Lake, UT  - Main - D12B",
a06Ro00000CO1JOIA1,332211,2025-12-11,2024-12-20,"Salt Lake City, UT","Salt Lake, UT  - Main - D12B",
a06Ro00000CO7WXIA1,332275,2025-12-11,2024-12-20,"Salt Lake City, UT","Salt Lake, UT  - Main - D15C",
a06Ro00000CO7WYIA1,332276,2025-12-11,2024-12-20,"Salt Lake City, UT","Salt Lake, UT  - Main - D15C",
a06Ro00000CO2BwIAL,332277,2025-12-11,2024-12-20,"Salt Lake City, UT","Salt Lake, UT  - Main - D15C",
a06Ro00000CO2BxIAL,332278,2025-12-11,2024-12-20,"Salt Lake City, UT","Salt Lake, UT  - Main - D15C",
a06Ro00000CO2ByIAL,332279,2025-12-11,2024-12-20,"Salt Lake City, UT","Salt Lake, UT  - Main - D15C",
a06Ro00000CO2BzIAL,332280,2025-12-11,2024-12-20,"Salt Lake City, UT","Salt Lake, UT  - Main - D15B",
a06Ro00000CO2C0IAL,332281,2025-12-11,2024-12-20,"Salt Lake City, UT","Salt Lake, UT  - Main - D15B",
a06Ro00000CO2C1IAL,332282,2025-12-11,2024-12-20,"Salt Lake City, UT","Salt Lake, UT  - Main - D15B",
a06Ro00000CO2C2IAL,332283,2025-12-11,2024-12-20,"Salt Lake City, UT","Salt Lake, UT  - Main - D15B",
a06Ro00000CO2C3IAL,332284,2025-12-11,2024-12-20,"Salt Lake City, UT","Salt Lake, UT  - Main - D15B",
a06Ro00000CO2C4IAL,332285,2025-12-11,2024-12-20,"Salt Lake City, UT","Salt Lake, UT  - Main - D15B",
a06Ro00000CO2C5IAL,332286,2025-12-11,2024-12-20,"Salt Lake City, UT","Salt Lake, UT  - Main - D15B",
a06Ro00000CO2C6IAL,332287,2025-12-11,2024-12-20,"Salt Lake City, UT","Salt Lake, UT  - Main - D15B",
a06Ro00000CO2C7IAL,332288,2025-12-11,2024-12-20,"Salt Lake City, UT","Salt Lake City, UT | Main D 15B",
a06Ro00000CO2C8IAL,332289,2025-12-11,2024-12-20,"Salt Lake City, UT","Salt Lake, UT  - Main - D15B",
a06Ro00000CO2C9IAL,332290,2025-12-11,2024-12-20,"Salt Lake City, UT","Salt Lake, UT  - Main - D15B",
a06Ro00000CO2CAIA1,332291,2025-12-11,2024-12-20,"Salt Lake City, UT","Salt Lake, UT  - Main - D15B",
a06Ro00000CO2CCIA1,332293,2025-12-11,2024-12-20,"Salt Lake City, UT","Salt Lake City, UT | Main D 15B","Milwaukee, WI"
a06Ro00000CO2CEIA1,332295,2025-12-11,2024-12-20,"Salt Lake City, UT","Salt Lake, UT  - Main - D15A",
a06Ro00000CO2CFIA1,332296,2025-12-11,2024-12-20,"Salt Lake City, UT","Salt Lake, UT  - Main - D15A",
a06Ro00000CO2CGIA1,332297,2025-12-11,2024-12-20,"Salt Lake City, UT","Salt Lake, UT  - Main - D15A",
a06Ro00000CO2CHIA1,332298,2025-12-11,2024-12-20,"Salt Lake City, UT","Salt Lake, UT  - Main - D15A",
a06Ro00000CO2CIIA1,332299,2025-12-11,2024-12-20,"Salt Lake City, UT","Salt Lake, UT  - Main - D15A",
a06Ro00000CO2CJIA1,332300,2025-12-11,2024-12-20,"Salt Lake City, UT","Salt Lake, UT  - Main - D15A",
a06Ro00000CO2CKIA1,332301,2025-12-11,2024-12-20,"Salt Lake City, UT","Salt Lake, UT  - Main - D15A",
a06Ro00000CO2CLIA1,332302,2025-12-11,2024-12-20,"Salt Lake City, UT","Salt Lake, UT  - Main - D15A",
a06Ro00000CO7XvIAL,332351,2025-12-11,2024-12-20,"Salt Lake City, UT","Salt Lake, UT  - Main - C10C",
a06Ro00000CO7XwIAL,332352,2025-12-11,2024-12-20,"Salt Lake City, UT","Salt Lake, UT  - Main - C10C",
a06Ro00000CO7XxIAL,332353,2025-12-11,2024-12-20,"Salt Lake City, UT","Salt Lake, UT  - Main - D13F",
a06Ro00000CO7XyIAL,332354,2025-12-11,2024-12-20,"Salt Lake City, UT","Salt Lake, UT  - Main - D13F",
a06Ro00000CO7XzIAL,332355,2025-12-11,2024-12-20,"Salt Lake City, UT","Salt Lake, UT  - Main - D13F",
a06Ro00000CO7Y0IAL,332356,2025-12-11,2024-12-20,"Salt Lake City, UT","Salt Lake, UT  - Main - D13F",
a06Ro00000CO7Y5IAL,332361,2025-12-11,2024-12-20,"Salt Lake City, UT","Salt Lake, UT  - Main - D13F",
a06Ro00000CO7Y6IAL,332362,2025-12-11,2024-12-20,"Salt Lake City, UT","Salt Lake, UT  - Main - D13F",
a06Ro00000CO7Y7IAL,332363,2025-12-11,2024-12-20,"Salt Lake City, UT","Salt Lake, UT  - Main - D13F",
a06Ro00000CO7Y8IAL,332364,2025-12-11,2024-12-20,"Salt Lake City, UT","Salt Lake, UT  - Main - D13F",
a06Ro00000CO7Y9IAL,332365,2025-12-11,2024-12-20,"Salt Lake City, UT","Salt Lake, UT  - Main - D13F",
a06Ro00000CO7YAIA1,332366,2025-12-11,2024-12-20,"Salt Lake City, UT","Salt Lake, UT  - Main - D13F",
a06Ro00000CO7ZJIA1,332367,2025-12-11,2024-12-20,"Salt Lake City, UT","Salt Lake, UT  - Main - D13F",
a06Ro00000CO7ZKIA1,332368,2025-12-11,2024-12-20,"Salt Lake City, UT","Salt Lake, UT  - Main - D13F",
a06Ro00000CO7ZLIA1,332369,2025-12-11,2024-12-20,"Salt Lake City, UT","Salt Lake, UT  - Main - D13A",
a06Ro00000CO7ZMIA1,332370,2025-12-11,2024-12-20,"Salt Lake City, UT","Salt Lake, UT  - Main - D13A",
a06Ro00000CO7ZVIA1,332379,2025-12-11,2024-12-20,"Salt Lake City, UT","Salt Lake, UT  - Main - C10C",
a06Ro00000CO7ZYIA1,332382,2025-12-11,2024-12-20,"Salt Lake City, UT","Salt Lake, UT  - Main - C10C",
a06Ro00000CO7ZZIA1,332383,2025-12-11,2024-12-20,"Salt Lake City, UT","Salt Lake, UT  - Main - C10C",
a06Ro00000CO7ZaIAL,332384,2025-12-11,2024-12-20,"Salt Lake City, UT","Salt Lake, UT  - Main - C10C",
a06Ro00000CO7ZbIAL,332385,2025-12-11,2024-12-20,"Salt Lake City, UT","Salt Lake, UT  - Main - D13E",
a06Ro00000CO7ZcIAL,332386,2025-12-11,2024-12-20,"Salt Lake City, UT","Salt Lake, UT  - Main - D13E",
a06Ro00000CO7ZdIAL,332387,2025-12-11,2024-12-20,"Salt Lake City, UT","Salt Lake, UT  - Main - D13E",
a06Ro00000CO7ZeIAL,332388,2025-12-11,2024-12-20,"Salt Lake City, UT","Salt Lake, UT  - Main - D13E",
a06Ro00000CO7ZfIAL,332389,2025-12-11,2024-12-20,"Salt Lake City, UT","Salt Lake, UT  - Main - D13E",
a06Ro00000CO7ZgIAL,332390,2025-12-11,2024-12-20,"Salt Lake City, UT","Salt Lake, UT  - Main - D13E",
a06Ro00000CO7ZhIAL,332391,2025-12-11,2024-12-20,"Salt Lake City, UT","Salt Lake, UT  - Main - D13E",
a06Ro00000CO7ayIAD,332400,2025-12-11,2024-12-20,"Salt Lake City, UT","Salt Lake, UT  - Main - D13E",
a06Ro00000CO7b0IAD,332402,2025-12-11,2024-12-20,"Salt Lake City, UT","Salt Lake City, UT | Main C 10B","Salt Lake City, UT"
a06Ro00000CO7b3IAD,332405,2025-12-11,2024-12-20,"Salt Lake City, UT","Salt Lake, UT  - Main - D13D",
a06Ro00000CO7b5IAD,332407,2025-12-11,2024-12-20,"Salt Lake City, UT","Salt Lake, UT  - Main - C14B",
a06Ro00000CO7b7IAD,332409,2025-12-11,2024-12-20,"Salt Lake City, UT","Salt Lake, UT  - Main - D13D",
a06Ro00000CO7b8IAD,332410,2025-12-11,2024-12-20,"Salt Lake City, UT","Salt Lake, UT  - Main - D13D",
a06Ro00000CO7b9IAD,332411,2025-12-11,2024-12-20,"Salt Lake City, UT","Salt Lake, UT  - Main - C12B",
a06Ro00000CO7bAIAT,332412,2025-12-11,2024-12-20,"Salt Lake City, UT","Salt Lake, UT  - Main - C12B",
a06Ro00000CO7bBIAT,332413,2025-12-11,2024-12-20,"Salt Lake City, UT","Salt Lake, UT  - Main - C12B",
a06Ro00000CO7bCIAT,332414,2025-12-11,2024-12-20,"Salt Lake City, UT","Salt Lake, UT  - Main - C12B",
a06Ro00000CO7bDIAT,332415,2025-12-11,2024-12-20,"Salt Lake City, UT","Salt Lake, UT  - Main - C12B",
a06Ro00000CO7bHIAT,332419,2025-12-11,2024-12-20,"Salt Lake City, UT","Salt Lake, UT  - Main - D13D",
a06Ro00000CO7bIIAT,332420,2025-12-11,2024-12-20,"Salt Lake City, UT","Salt Lake City, UT | Main D 13D",
a06Ro00000CO7bJIAT,332421,2025-12-11,2024-12-20,"Salt Lake City, UT","Salt Lake, UT  - Main - D13D",
a06Ro00000CO7bKIAT,332422,2025-12-11,2024-12-20,"Salt Lake City, UT","Salt Lake, UT  - Main - D13D",
a06Ro00000CO7bLIAT,332423,2025-12-11,2024-12-20,"Salt Lake City, UT","Salt Lake City, UT | Main D 13D",
a06Ro00000CO7bOIAT,332426,2025-12-11,2024-12-20,"Salt Lake City, UT","Salt Lake, UT  - Main - D13A",
a06Ro00000CO7ccIAD,332432,2025-12-11,2024-12-20,"Salt Lake City, UT","Salt Lake, UT  - Main - C10B",
a06Ro00000CO7cdIAD,332433,2025-12-11,2024-12-20,"Salt Lake City, UT","Salt Lake, UT  - Main - C10B",
a06Ro00000CO7ceIAD,332434,2025-12-11,2024-12-20,"Salt Lake City, UT","Salt Lake, UT  - Main - C10B",
a06Ro00000CO7cfIAD,332435,2025-12-11,2024-12-20,"Salt Lake City, UT","Salt Lake, UT  - Main - C10B",
a06Ro00000CO7cgIAD,332436,2025-12-11,2024-12-20,"Salt Lake City, UT","Salt Lake, UT  - Main - C10B",
a06Ro00000CO7clIAD,332441,2025-12-11,2024-12-20,"Salt Lake City, UT","Salt Lake, UT  - Main - D13C",
a06Ro00000CO7cnIAD,332443,2025-12-11,2024-12-20,"Salt Lake City, UT","Salt Lake, UT  - Main - D13C",
a06Ro00000CO7coIAD,332444,2025-12-11,2024-12-20,"Salt Lake City, UT","Salt Lake City, UT | Main D 13C","Milwaukee, WI"
a06Ro00000CO7cpIAD,332445,2025-12-11,2024-12-20,"Salt Lake City, UT","Salt Lake, UT  - Main - D13C",
a06Ro00000CO7cqIAD,332446,2025-12-11,2024-12-20,"Salt Lake City, UT","Salt Lake, UT  - Main - D13C",
a06Ro00000CO7crIAD,332447,2025-12-11,2024-12-20,"Salt Lake City, UT","Salt Lake City, UT | Main D 13C","Salt Lake City, UT"
a06Ro00000CO7ctIAD,332449,2025-12-11,2024-12-20,"Salt Lake City, UT","Salt Lake, UT  - Main - D13C",
a06Ro00000CO7cuIAD,332450,2025-12-11,2024-12-20,"Salt Lake City, UT","Salt Lake, UT  - Main - D13C",
a06Ro00000CO7cvIAD,332451,2025-12-11,2024-12-20,"Salt Lake City, UT","Salt Lake, UT  - Main - D13C",
a06Ro00000CO7cwIAD,332452,2025-12-11,2024-12-20,"Salt Lake City, UT","Salt Lake, UT  - Main - D13C",
a06Ro00000CO7cxIAD,332453,2025-12-11,2024-12-20,"Salt Lake City, UT","Salt Lake, UT  - Main - D13C",
a06Ro00000CO7cyIAD,332454,2025-12-11,2024-12-20,"Salt Lake City, UT","Salt Lake, UT  - Main - D13C",
a06Ro00000CO7czIAD,332455,2025-12-11,2024-12-20,"Salt Lake City, UT","Salt Lake, UT  - Main - D13C",
a06Ro00000CO7d0IAD,332456,2025-12-11,2024-12-20,"Salt Lake City, UT","Salt Lake, UT  - Main - D13C",
a06Ro00000CNzEYIA1,332457,2025-12-11,2024-12-20,"Salt Lake City, UT","Salt Lake, UT  - Main - D13C",
a06Ro00000CNzEbIAL,332460,2025-12-11,2024-12-20,"Salt Lake City, UT","Salt Lake, UT  - Main - D13B",
a06Ro00000CNzEcIAL,332461,2025-12-11,2024-12-20,"Salt Lake City, UT","Salt Lake, UT  - Main - D13B",
a06Ro00000CNzEjIAL,332468,2025-12-11,2024-12-20,"Salt Lake City, UT","Salt Lake, UT  - Main - D13B",
a06Ro00000CNzEkIAL,332469,2025-12-11,2024-12-20,"Salt Lake City, UT","Salt Lake, UT  - Main - D13B",
a06Ro00000CNzEmIAL,332471,2025-12-11,2024-12-20,"Salt Lake City, UT","Salt Lake, UT  - Main - C10E",
a06Ro00000CNzEnIAL,332472,2025-12-11,2024-12-20,"Salt Lake City, UT","Salt Lake, UT  - Main - C10E",
a06Ro00000CNzEoIAL,332473,2025-12-11,2024-12-20,"Salt Lake City, UT","Salt Lake City, UT | Main C 10E","Milwaukee, WI"
a06Ro00000CNzEsIAL,332477,2025-12-11,2024-12-20,"Salt Lake City, UT","Salt Lake, UT  - Main - C10A",
a06Ro00000CNzEtIAL,332478,2025-12-11,2024-12-20,"Salt Lake City, UT","Salt Lake, UT  - Main - C10A",
a06Ro00000CNzEuIAL,332479,2025-12-11,2024-12-20,"Salt Lake City, UT","Salt Lake, UT  - Main - C10A",
a06Ro00000CNzEvIAL,332480,2025-12-11,2024-12-20,"Salt Lake City, UT","Salt Lake, UT  - Main - C10A",
a06Ro00000CNzEwIAL,332481,2025-12-11,2024-12-20,"Salt Lake City, UT","Salt Lake, UT  - Main - C10B",
a06Ro00000CNzExIAL,332482,2025-12-11,2024-12-20,"Salt Lake City, UT","Salt Lake, UT  - Main - C10B",
a06Ro00000CNzEyIAL,332483,2025-12-11,2024-12-20,"Salt Lake City, UT","Salt Lake, UT  - Main - C10B",
a06Ro00000CNzEzIAL,332484,2025-12-11,2024-12-20,"Salt Lake City, UT","Salt Lake, UT  - Main - C10B",
a06Ro00000CNzF0IAL,332485,2025-12-11,2024-12-20,"Salt Lake City, UT","Salt Lake, UT  - Main - C10B",
a06Ro00000CNzF1IAL,332486,2025-12-11,2024-12-20,"Salt Lake City, UT","Salt Lake, UT  - Main - C10B",
a06Ro00000CO4BTIA1,332487,2025-12-11,2024-12-20,"Salt Lake City, UT","Salt Lake, UT  - Main - C10B",
a06Ro00000CO4BVIA1,332489,2025-12-11,2024-12-20,"Salt Lake City, UT","Salt Lake, UT  - Main - C10B",
a06Ro00000CO4BWIA1,332490,2025-12-11,2024-12-20,"Salt Lake City, UT","Salt Lake, UT  - Main - C10B",
a06Ro00000CO4BXIA1,332491,2025-12-11,2024-12-20,"Salt Lake City, UT","Salt Lake, UT  - Main - C10B",
a06Ro00000CO4BYIA1,332492,2025-12-11,2024-12-20,"Salt Lake City, UT","Salt Lake, UT  - Main - C10B",
a06Ro00000CO4BZIA1,332493,2025-12-11,2024-12-20,"Salt Lake City, UT","Salt Lake, UT  - Main - C10B",
a06Ro00000CO4BaIAL,332494,2025-12-11,2024-12-20,"Salt Lake City, UT","Salt Lake, UT  - Main - C10B",
a06Ro00000CO4BbIAL,332495,2025-12-11,2024-12-20,"Salt Lake City, UT","Salt Lake, UT  - Main - C10B",
a06Ro00000CO4BcIAL,332496,2025-12-11,2024-12-20,"Salt Lake City, UT","Salt Lake, UT  - Main - D14G",
a06Ro00000CO7e9IAD,332497,2025-12-11,2024-12-20,"Salt Lake City, UT","Salt Lake, UT  - Main - D14G",
a06Ro00000CO7eAIAT,332498,2025-12-11,2024-12-20,"Salt Lake City, UT","Salt Lake, UT  - Main - D14G",
a06Ro00000CO7eBIAT,332499,2025-12-11,2024-12-20,"Salt Lake City, UT","Salt Lake, UT  - Main - D14G",
a06Ro00000CO7eCIAT,332500,2025-12-11,2024-12-20,"Salt Lake City, UT","Salt Lake, UT  - Main - D14G",
a06Ro00000CO7eDIAT,332501,2025-12-11,2024-12-20,"Salt Lake City, UT","Salt Lake, UT  - Main - D14G",
a06Ro00000CO7eGIAT,332504,2025-12-11,2024-12-20,"Salt Lake City, UT","Salt Lake, UT  - Main - C10B",
a06Ro00000CO7eHIAT,332505,2025-12-11,2024-12-20,"Salt Lake City, UT","Salt Lake, UT  - Main - C10B",
a06Ro00000CO7eJIAT,332507,2025-12-11,2024-12-20,"Salt Lake City, UT","Salt Lake, UT  - Main - C10A",
a06Ro00000CO7eKIAT,332508,2025-12-11,2024-12-20,"Salt Lake City, UT","Salt Lake, UT  - Main - C10A",
a06Ro00000CO7eLIAT,332509,2025-12-11,2024-12-20,"Salt Lake City, UT","Salt Lake, UT  - Main - C10A",
a06Ro00000CO7eMIAT,332510,2025-12-11,2024-12-20,"Salt Lake City, UT","Salt Lake, UT  - Main - C10A",
a06Ro00000CO7eNIAT,332511,2025-12-11,2024-12-20,"Salt Lake City, UT","Salt Lake, UT  - Main - C10A",
a06Ro00000CO7eQIAT,332514,2025-12-11,2024-12-20,"Salt Lake City, UT","Salt Lake City, UT | Main D 15A","Salt Lake City, UT"
a06Ro00000CO6dwIAD,332530,2025-12-11,2024-12-20,"Salt Lake City, UT","Salt Lake, UT  - Main - D14D",
a06Ro00000CO6dxIAD,332531,2025-12-11,2024-12-20,"Salt Lake City, UT","Salt Lake, UT  - Main - D14D",
a06Ro00000CO6dyIAD,332532,2025-12-11,2024-12-20,"Salt Lake City, UT","Salt Lake, UT  - Main - D13A","Salt Lake City, UT"
a06Ro00000CO6e4IAD,332538,2025-12-11,2024-12-20,"Salt Lake City, UT","Salt Lake, UT  - Main - D14D",
a06Ro00000CO6e6IAD,332540,2025-12-11,2024-12-20,"Salt Lake City, UT","Salt Lake, UT  - Main - D14D",
a06Ro00000CO6e7IAD,332541,2025-12-11,2024-12-20,"Salt Lake City, UT","Salt Lake, UT  - Main - D14D",
a06Ro00000CO6e8IAD,332542,2025-12-11,2024-12-20,"Salt Lake City, UT","Salt Lake, UT  - Main - D14D",
a06Ro00000CO6e9IAD,332543,2025-12-11,2024-12-20,"Salt Lake City, UT","Salt Lake, UT  - Main - D14D",
a06Ro00000CO6eCIAT,332546,2025-12-11,2024-12-20,"Salt Lake City, UT","Salt Lake City, UT | Main D 14E","Salt Lake City, UT"
a06Ro00000CO7FJIA1,332547,2025-12-11,2024-12-20,"Salt Lake City, UT","Salt Lake, UT  - Main - D14B",
a06Ro00000CO7FKIA1,332548,2025-12-11,2024-12-20,"Salt Lake City, UT","Salt Lake City, UT | Main D 14B","Salt Lake City, UT"
a06Ro00000CO7FLIA1,332549,2025-12-11,2024-12-20,"Salt Lake City, UT","Salt Lake, UT  - Main - D14B",
a06Ro00000CO7FMIA1,332550,2025-12-11,2024-12-20,"Salt Lake City, UT","Salt Lake City, UT | Main D 10D","Salt Lake City, UT"
a06Ro00000CO7FNIA1,332551,2025-12-11,2024-12-20,"Salt Lake City, UT","Salt Lake, UT  - Main - D14D","Salt Lake City, UT"
a06Ro00000CO7FOIA1,332552,2025-12-11,2024-12-20,"Salt Lake City, UT","Salt Lake, UT  - Main - D14D",
a06Ro00000CO7FRIA1,332555,2025-12-11,2024-12-20,"Salt Lake City, UT","Salt Lake, UT  - Main - D05E",
a06Ro00000CO7FSIA1,332556,2025-12-11,2024-12-20,"Salt Lake City, UT","Salt Lake, UT  - Main - C10A",
a06Ro00000CO7FTIA1,332557,2025-12-11,2024-12-20,"Salt Lake City, UT","Salt Lake, UT  - Main - C10A",
a06Ro00000CO7FUIA1,332558,2025-12-11,2024-12-20,"Salt Lake City, UT","Salt Lake, UT  - Main - C10A",
a06Ro00000CO7FVIA1,332559,2025-12-11,2024-12-20,"Salt Lake City, UT","Salt Lake, UT  - Main - C10A",
a06Ro00000CO7FWIA1,332560,2025-12-11,2024-12-20,"Salt Lake City, UT","Salt Lake, UT  - Main - C10A",
a06Ro00000CO7FXIA1,332561,2025-12-11,2024-12-20,"Salt Lake City, UT","Salt Lake, UT  - Main - C10A",
a06Ro00000CO7FYIA1,332562,2025-12-11,2024-12-20,"Salt Lake City, UT","Salt Lake, UT  - Main - C10A",
a06Ro00000CO7FaIAL,332564,2024-08-06,2024-12-20,"Salt Lake City, UT","Salt Lake City, UT | Main D 14B","Salt Lake City, UT"
a06Ro00000CO7FbIAL,332565,2025-12-11,2024-12-20,"Salt Lake City, UT","Salt Lake, UT  - Main - C11A",
a06Ro00000CO7FcIAL,332566,2025-12-11,2024-12-20,"Salt Lake City, UT","Salt Lake, UT  - Main - C11A",
a06Ro00000CO7FdIAL,332567,2025-12-11,2024-12-20,"Salt Lake City, UT","Salt Lake, UT  - Main - C11A",
a06Ro00000CO7FeIAL,332568,2025-12-11,2024-12-20,"Salt Lake City, UT","Salt Lake, UT  - Main - C11A",
a06Ro00000CO7FfIAL,332569,2025-12-11,2024-12-20,"Salt Lake City, UT","Salt Lake, UT  - Main - C11A",
a06Ro00000CO7FgIAL,332570,2025-12-11,2024-12-20,"Salt Lake City, UT","Salt Lake, UT  - Main - C11A",
a06Ro00000CO7FhIAL,332571,2025-12-11,2024-12-20,"Salt Lake City, UT","Salt Lake, UT  - Main - C11A",
a06Ro00000CO7FiIAL,332572,2025-12-11,2024-12-20,"Salt Lake City, UT","Salt Lake, UT  - Main - C11A",
a06Ro00000CO5eRIAT,332577,2025-12-11,2024-12-20,"Salt Lake City, UT","Salt Lake City, UT | Main D 05G","Milwaukee, WI"
a06Ro00000CO5eSIAT,332578,2025-12-11,2024-12-20,"Salt Lake City, UT","Salt Lake, UT  - Main - D04E",
a06Ro00000CO5eTIAT,332579,2025-12-11,2024-12-20,"Salt Lake City, UT","Salt Lake, UT  - Main - D04E",
a06Ro00000CO5eUIAT,332580,2025-12-11,2024-12-20,"Salt Lake City, UT","Salt Lake, UT  - Main - D15F",
a06Ro00000CO5eVIAT,332581,2025-12-11,2024-12-20,"Salt Lake City, UT","Salt Lake, UT  - Main - D15F",
a06Ro00000CO5eWIAT,332582,2025-12-11,2024-12-20,"Salt Lake City, UT","Salt Lake, UT  - Main - D15F",
a06Ro00000CO5eXIAT,332583,2025-12-11,2024-12-20,"Salt Lake City, UT","Salt Lake, UT  - Main - D15F",
a06Ro00000CO5eYIAT,332584,2025-12-11,2024-12-20,"Salt Lake City, UT","Salt Lake, UT  - Main - D15F",
a06Ro00000CO5ebIAD,332587,2025-12-11,2024-12-20,"Salt Lake City, UT","Salt Lake, UT  - Main - C10A",
a06Ro00000CO5eeIAD,332590,2025-12-11,2024-12-20,"Salt Lake City, UT","Salt Lake, UT  - Main - C10A","Salt Lake City, UT"
a06Ro00000CO5efIAD,332591,2025-12-11,2024-12-20,"Salt Lake City, UT","Salt Lake, UT  - Main - D15F",
a06Ro00000CO5egIAD,332592,2025-12-11,2024-12-20,"Salt Lake City, UT","Salt Lake, UT  - Main - D15F",
a06Ro00000CO5ehIAD,332593,2025-12-11,2024-12-20,"Salt Lake City, UT","Salt Lake, UT  - Main - D15F",
a06Ro00000CO5eiIAD,332594,2025-12-11,2024-12-20,"Salt Lake City, UT","Salt Lake, UT  - Main - D15F",
a06Ro00000CO5ejIAD,332595,2025-12-11,2024-12-20,"Salt Lake City, UT","Salt Lake, UT  - Main - D15F",
a06Ro00000CO5ekIAD,332596,2025-12-11,2024-12-20,Shipping,Shipping,"Milwaukee, WI"
a06Ro00000CO5elIAD,332597,2025-12-11,2024-12-20,"Salt Lake City, UT","Salt Lake, UT  - Main - D15F",
a06Ro00000CO5emIAD,332598,2025-12-11,2024-12-20,"Salt Lake City, UT","Salt Lake, UT  - Main - D15F",
a06Ro00000CO5enIAD,332599,2025-12-11,2024-12-20,"Salt Lake City, UT","Salt Lake, UT  - Main - D15F",
a06Ro00000CO5eoIAD,332600,2025-12-11,2024-12-20,"Salt Lake City, UT","Salt Lake, UT  - Main - D15F",
a06Ro00000CO5epIAD,332601,2025-12-11,2024-12-20,"Salt Lake City, UT","Salt Lake, UT  - Main - D15F",
a06Ro00000CO5eqIAD,332602,2025-12-11,2024-12-20,"Salt Lake City, UT","Salt Lake City, UT | Main D 15E","Salt Lake City, UT"
a06Ro00000CO5erIAD,332603,2025-12-11,2024-12-20,"Salt Lake City, UT","Salt Lake, UT  - Main - D15E",
a06Ro00000CO7gIIAT,332845,2025-12-11,2024-12-20,"Salt Lake City, UT","Salt Lake, UT  - Main - C06F",
a06Ro00000CO7gJIAT,332846,2025-12-11,2024-12-20,"Salt Lake City, UT","Salt Lake, UT  - Main - C06F",
a06Ro00000CO6SRIA1,332847,2025-12-11,2024-12-20,"Salt Lake City, UT","Salt Lake, UT  - Main - C06F",
a06Ro00000CNy0DIAT,332903,2025-12-11,2024-12-20,"Salt Lake City, UT","Salt Lake City, UT | Main C 04B",
a06Ro00000CNy0EIAT,332904,2025-12-11,2024-12-20,"Salt Lake City, UT","Salt Lake City, UT | Main C 04B","Salt Lake City, UT"
a06Ro00000CO7pmIAD,333078,2025-12-11,2024-12-20,Shipping,Shipping,"Salt Lake City, UT"
a06Ro00000CO7t5IAD,333173,2025-12-11,2024-12-20,"Salt Lake City, UT","Salt Lake, UT  - Main - C04D",
a06Ro00000CO7uIIAT,333178,2025-12-11,2024-12-20,"Salt Lake City, UT","Salt Lake, UT  - Main - C02G",
a06Ro00000CO7uLIAT,333181,2025-12-11,2024-12-20,"Salt Lake City, UT","Salt Lake City, UT | Main C 05A",
a06Ro00000CO7uMIAT,333182,2025-12-11,2024-12-20,"Salt Lake City, UT","Salt Lake, UT  - Main - C12C","Salt Lake City, UT"
a06Ro00000CO7uNIAT,333183,2025-12-11,2024-12-20,Shipping,Shipping,"Salt Lake City, UT"
a06Ro00000CO7uOIAT,333184,2025-12-11,2024-12-20,"Salt Lake City, UT","Salt Lake, UT  - Main - C12C",
a06Ro00000CO7uPIAT,333185,2025-12-11,2024-12-20,"Salt Lake City, UT","Salt Lake, UT  - Main - C12C",
a06Ro00000CO7uQIAT,333186,2025-12-11,2024-12-20,"Salt Lake City, UT","Salt Lake, UT  - Main - C12C",
a06Ro00000CO7uRIAT,333187,2025-12-11,2024-12-20,"Salt Lake City, UT","Salt Lake, UT  - Main - C04B","Salt Lake City, UT"
a06Ro00000CO7uSIAT,333188,2025-12-11,2024-12-20,"Salt Lake City, UT","Salt Lake, UT  - Main - C04B",
a06Ro00000CO7uTIAT,333189,2025-12-11,2024-12-20,"Salt Lake City, UT","Salt Lake, UT  - Main - C04B",
a06Ro00000CO7uUIAT,333190,2025-12-11,2024-12-20,"Salt Lake City, UT","Salt Lake, UT  - Main - C04B",
a06Ro00000CO6qjIAD,333213,2025-12-11,2024-12-20,"Salt Lake City, UT","Salt Lake, UT  - Main - C04B","Salt Lake City, UT"
a06Ro00000CO6qkIAD,333214,2025-12-11,2024-12-20,"Salt Lake City, UT","Salt Lake, UT  - Main - C04B","Salt Lake City, UT"
a06Ro00000CO6qlIAD,333215,2025-12-11,2024-12-20,"Salt Lake City, UT","Salt Lake, UT  - Main - C04B","Salt Lake City, UT"
a06Ro00000CO6qmIAD,333216,2025-12-11,2024-12-20,"Salt Lake City, UT","Salt Lake, UT  - Main - C04B",
a06Ro00000CO7QKIA1,333418,2025-12-11,2024-12-20,"Salt Lake City, UT","Salt Lake, UT  - Main - C12D",
a06Ro00000CO7QLIA1,333419,2025-12-11,2024-12-20,"Salt Lake City, UT","Salt Lake, UT  - Main - C12D",
a06Ro00000CO7QMIA1,333420,2025-12-11,2024-12-20,"Salt Lake City, UT","Salt Lake, UT  - Main - C12D",
a06Ro00000CO7xqIAD,333468,2025-12-11,2024-12-20,"Salt Lake City, UT","Salt Lake, UT  - Main - C12D",
a06Ro00000CO7xrIAD,333469,2025-12-11,2024-12-20,"Salt Lake City, UT","Salt Lake, UT  - Main - C12D",
a06Ro00000CO7xsIAD,333470,2025-12-11,2024-12-20,"Salt Lake City, UT","Salt Lake, UT  - Main - C12D",
a06Ro00000CO7xtIAD,333471,2025-12-11,2024-12-20,"Salt Lake City, UT","Salt Lake, UT  - Main - C12D",
a06Ro00000CO7xuIAD,333472,2025-12-11,2024-12-20,"Salt Lake City, UT","Salt Lake, UT  - Main - C12D",
a06Ro00000CO7gOIAT,333481,2025-12-11,2024-12-20,"Salt Lake City, UT","Salt Lake, UT  - Main - D18B",
a06Ro00000CO7gPIAT,333482,2025-12-11,2024-12-20,"Salt Lake City, UT","Salt Lake, UT  - Main - D18B",
a06Ro00000CO7gQIAT,333483,2025-12-11,2024-12-20,"Salt Lake City, UT","Salt Lake, UT  - Main - D18B",
a06Ro00000CO7gRIAT,333484,2025-12-11,2024-12-20,"Salt Lake City, UT","Salt Lake, UT  - Main - D18B",
a06Ro00000CO7gUIAT,333487,2025-12-11,2024-12-20,"Salt Lake City, UT","Salt Lake, UT  - Main - D18F",
a06Ro00000CO7gVIAT,333488,2025-12-11,2024-12-20,"Salt Lake City, UT","Salt Lake, UT  - Main - D18F",
a06Ro00000CO7gYIAT,333491,2025-12-11,2024-12-20,"Salt Lake City, UT","Salt Lake, UT  - Main - D18E",
a06Ro00000CO7gZIAT,333492,2025-12-11,2024-12-20,"Salt Lake City, UT","Salt Lake, UT  - Main - D18E",
a06Ro00000CO7gaIAD,333493,2025-12-11,2024-12-20,"Salt Lake City, UT","Salt Lake, UT  - Main - D18C",
a06Ro00000CO7gbIAD,333494,2025-12-11,2024-12-20,"Salt Lake City, UT","Salt Lake, UT  - Main - D18B",
a06Ro00000CO7gcIAD,333495,2025-12-11,2024-12-20,"Salt Lake City, UT","Salt Lake, UT  - Main - D18F",
a06Ro00000CO7gdIAD,333496,2025-12-11,2024-12-20,"Salt Lake City, UT","Salt Lake, UT  - Main - D18F",
a06Ro00000CO7geIAD,333497,2025-12-11,2024-12-20,"Salt Lake City, UT","Salt Lake, UT  - Main - D18D",
a06Ro00000CO7gfIAD,333498,2025-12-11,2024-12-20,"Salt Lake City, UT","Salt Lake, UT  - Main - D18D",
a06Ro00000CO7gjIAD,333502,2025-12-11,2024-12-20,"Salt Lake City, UT","Salt Lake, UT  - Main - D18D",
a06Ro00000CO7gkIAD,333503,2025-12-11,2024-12-20,"Salt Lake City, UT","Salt Lake, UT  - Main - D18B",
a06Ro00000CO7glIAD,333504,2025-12-11,2024-12-20,"Salt Lake City, UT","Salt Lake, UT  - Main - D18B",
a06Ro00000CO7gmIAD,333505,2025-12-11,2024-12-20,"Salt Lake City, UT","Salt Lake, UT  - Main - D18C",
a06Ro00000CO7gnIAD,333506,2025-12-11,2024-12-20,"Salt Lake City, UT","Salt Lake, UT  - Main - D18C",
a06Ro00000CO4y2IAD,333507,2025-12-11,2024-12-20,"Salt Lake City, UT","Salt Lake, UT  - Main - D18C",
a06Ro00000CO4y3IAD,333508,2025-12-11,2024-12-20,"Salt Lake City, UT","Salt Lake, UT  - Main - D18C",
a06Ro00000CO4y4IAD,333509,2025-12-11,2024-12-20,"Salt Lake City, UT","Salt Lake, UT  - Main - D18B",
a06Ro00000CO4y5IAD,333510,2025-12-11,2024-12-20,"Salt Lake City, UT","Salt Lake, UT  - Main - D18F",
a06Ro00000CO4y6IAD,333511,2025-12-11,2024-12-20,"Salt Lake City, UT","Salt Lake, UT  - Main - D18A",
a06Ro00000CO4y8IAD,333513,2025-12-11,2024-12-20,"Salt Lake City, UT","Salt Lake, UT  - Main - D18D",
a06Ro00000CO4y9IAD,333514,2025-12-11,2024-12-20,"Salt Lake City, UT","Salt Lake, UT  - Main - D18D",
a06Ro00000CO4yAIAT,333515,2025-12-11,2024-12-20,"Salt Lake City, UT","Salt Lake, UT  - Main - D18E",
a06Ro00000CO4yBIAT,333516,2025-12-11,2024-12-20,"Salt Lake City, UT","Salt Lake, UT  - Main - D18E",
a06Ro00000CO4yCIAT,333517,2025-12-11,2024-12-20,"Salt Lake City, UT","Salt Lake, UT  - Main - D18E",
a06Ro00000CO4yDIAT,333518,2025-12-11,2024-12-20,"Salt Lake City, UT","Salt Lake, UT  - Main - D18E",
a06Ro00000CO4yEIAT,333519,2025-12-11,2024-12-20,"Salt Lake City, UT","Salt Lake, UT  - Main - D18E",
a06Ro00000CO4yFIAT,333520,2025-12-11,2024-12-20,"Salt Lake City, UT","Salt Lake, UT  - Main - D18E",
a06Ro00000CO4yGIAT,333521,2025-12-11,2024-12-20,"Salt Lake City, UT","Salt Lake, UT  - Main - D18E",
a06Ro00000CO4yHIAT,333522,2025-12-11,2024-12-20,"Salt Lake City, UT","Salt Lake, UT  - Main - D18E",
a06Ro00000CO4yIIAT,333523,2025-12-11,2024-12-20,"Salt Lake City, UT","Salt Lake, UT  - Main - D18E",
a06Ro00000CO4yJIAT,333524,2025-12-11,2024-12-20,"Salt Lake City, UT","Salt Lake, UT  - Main - D18B",
a06Ro00000CO4yKIAT,333525,2025-12-11,2024-12-20,"Salt Lake City, UT","Salt Lake, UT  - Main - D18D",
a06Ro00000CO4yMIAT,333527,2025-12-11,2024-12-20,"Salt Lake City, UT","Salt Lake, UT  - Main - D18D",
a06Ro00000CO4yPIAT,333530,2025-12-11,2024-12-20,"Salt Lake City, UT","Salt Lake, UT  - Main - D18C",
a06Ro00000CO4yQIAT,333531,2025-12-11,2024-12-20,"Salt Lake City, UT","Salt Lake, UT  - Main - D18A",
a06Ro00000CO4yTIAT,333534,2025-12-11,2024-12-20,"Salt Lake City, UT","Salt Lake, UT  - Main - D18B",
a06Ro00000CO355IAD,333537,2025-12-11,2024-12-20,"Salt Lake City, UT","Salt Lake, UT  - Main - D18C",
a06Ro00000CO356IAD,333538,2025-12-11,2024-12-20,"Salt Lake City, UT","Salt Lake, UT  - Main - D18C",
a06Ro00000CO357IAD,333539,2025-12-11,2024-12-20,"Salt Lake City, UT","Salt Lake, UT  - Main - D18B",
a06Ro00000CO339IAD,333626,2025-12-11,2024-12-20,"Salt Lake City, UT","Salt Lake, UT  - Main - D06B",
a06Ro00000CO7jxIAD,333627,2025-12-11,2024-12-20,"Salt Lake City, UT","Salt Lake, UT  - Main - D06B",
a06Ro00000CO7k1IAD,333631,2025-12-11,2024-12-20,"Salt Lake City, UT","Salt Lake, UT  - Main - C14B",
a06Ro00000CO7k2IAD,333632,2025-12-11,2024-12-20,"Salt Lake City, UT","Salt Lake, UT  - Main - C14B",
a06Ro00000CO7kMIAT,333652,2025-12-11,2024-12-20,"Salt Lake City, UT","Salt Lake, UT  - Main - C01H",
a06Ro00000CO7zYIAT,333684,2025-12-11,2024-12-20,"Salt Lake City, UT","Salt Lake City, UT | Main C 02H",
a06Ro00000CO67gIAD,333730,2025-12-11,2024-12-20,"Salt Lake City, UT","Salt Lake, UT  - Main - C01F",
a06Ro00000CO67hIAD,333731,2025-12-11,2024-12-20,"Salt Lake City, UT","Salt Lake, UT  - Main - C05B",
a06Ro00000CO67iIAD,333732,2025-12-11,2024-12-20,"Salt Lake City, UT","Salt Lake, UT  - Main - C01F",
a06Ro00000CO67kIAD,333734,2025-12-11,2024-12-20,"Salt Lake City, UT","Salt Lake, UT  - Main - C01F",
a06Ro00000CO67lIAD,333735,2025-12-11,2024-12-20,"Salt Lake City, UT","Salt Lake, UT  - Main - C01F",
a06Ro00000CO67mIAD,333736,2025-12-11,2024-12-20,"Salt Lake City, UT","Salt Lake, UT  - Main - C01F",
a06Ro00000CO67nIAD,333737,2025-12-11,2024-12-20,"Salt Lake City, UT","Salt Lake, UT  - Main - C01F",
a06Ro00000CO67sIAD,333742,2025-12-11,2024-12-20,"Salt Lake City, UT","Salt Lake, UT  - Main - C01G",
a06Ro00000CO67tIAD,333743,2025-12-11,2024-12-20,"Salt Lake City, UT","Salt Lake, UT  - Main - C01G",
a06Ro00000CO67uIAD,333744,2025-12-11,2024-12-20,"Salt Lake City, UT","Salt Lake, UT  - Main - C01G",
a06Ro00000CO67vIAD,333745,2025-12-11,2024-12-20,"Salt Lake City, UT","Salt Lake, UT  - Main - C05B",
a06Ro00000CNxJuIAL,333751,2025-12-11,2024-12-20,"Salt Lake City, UT","Salt Lake City, UT | Main C 05B","Milwaukee, WI"
a06Ro00000CNxJvIAL,333752,2025-12-11,2024-12-20,"Salt Lake City, UT","Salt Lake, UT  - Main - C05B",
a06Ro00000CNxK7IAL,333764,2025-12-11,2024-12-20,"Salt Lake City, UT","Salt Lake, UT  - Main - C01A",
a06Ro00000CO2oZIAT,333832,2025-12-11,2024-12-20,"Salt Lake City, UT","Salt Lake, UT  - Main - C01A",
a06Ro00000CNzkOIAT,334171,2025-12-11,2024-12-20,"Salt Lake City, UT","Salt Lake, UT  - Main - C11C",
a06Ro00000CNzkQIAT,334173,2025-12-11,2024-12-20,"Salt Lake City, UT","Salt Lake, UT  - Main - C12B",
a06Ro00000CNzkRIAT,334174,2025-12-11,2024-12-20,"Salt Lake City, UT","Salt Lake, UT  - Main - C12B",
a06Ro00000CNzkSIAT,334175,2025-12-11,2024-12-20,"Salt Lake City, UT","Salt Lake, UT  - Main - C12B",
a06Ro00000CNzkTIAT,334176,2025-12-11,2024-12-20,"Salt Lake City, UT","Salt Lake, UT  - Main - C12B",
a06Ro00000CNzkUIAT,334177,2025-12-11,2024-12-20,"Salt Lake City, UT","Salt Lake, UT  - Main - C12B",
a06Ro00000CNzkVIAT,334178,2025-12-11,2024-12-20,"Salt Lake City, UT","Salt Lake, UT  - Main - C12B",
a06Ro00000CO6sPIAT,334237,2025-12-11,2024-12-20,"Salt Lake City, UT","Salt Lake, UT  - Main - C11D",
a06Ro00000CO6sQIAT,334238,2025-12-11,2024-12-20,Shipping,Shipping,"Milwaukee, WI"
a06Ro00000CO6sdIAD,334251,2025-12-11,2024-12-20,"Salt Lake City, UT","Salt Lake, UT  - Main - D11A",
a06Ro00000CO6seIAD,334252,2025-12-11,2024-12-20,"Salt Lake City, UT","Salt Lake, UT  - Main - C12B",
a06Ro00000CO6sfIAD,334253,2025-12-11,2024-12-20,"Salt Lake City, UT","Salt Lake, UT  - Main - C12B",
a06Ro00000CO6sgIAD,334254,2025-12-11,2024-12-20,"Salt Lake City, UT","Salt Lake, UT  - Main - C12B",
a06Ro00000CO6shIAD,334255,2025-12-11,2024-12-20,"Salt Lake City, UT","Salt Lake, UT  - Main - C12B",
a06Ro00000CO5zQIAT,334258,2025-12-11,2024-12-20,"Salt Lake City, UT","Salt Lake, UT  - Main - C11A",
a06Ro00000CNwiyIAD,334389,2024-08-06,2024-12-20,"Salt Lake City, UT","Salt Lake City, UT | Main C 01D","Salt Lake City, UT"
a06Ro00000CO899IAD,334429,2025-12-11,2024-12-20,"Salt Lake City, UT","Salt Lake, UT  - Main - D06B",
a06Ro00000CNs9pIAD,334465,2025-12-11,2024-12-20,"Salt Lake City, UT","Salt Lake, UT  - Main - C11D",
a06Ro00000CNs9qIAD,334466,2025-12-11,2024-12-20,"Salt Lake City, UT","Salt Lake, UT  - Main - C11D",
a06Ro00000CO65rIAD,334467,2025-12-11,2024-12-20,"Salt Lake City, UT","Salt Lake City, UT | Main C 11D","Milwaukee, WI"
a06Ro00000CO5s1IAD,334569,2025-12-11,2024-12-20,"Salt Lake City, UT","Salt Lake City, UT | Main C 14B","Milwaukee, WI"
a06Ro00000CO8AgIAL,334612,2025-12-11,2024-12-20,"Salt Lake City, UT","Salt Lake, UT  - Main - C12D",
a06Ro00000CO8AiIAL,334614,2025-12-11,2024-12-20,"Salt Lake City, UT","Salt Lake, UT  - Main - C01B",
a06Ro00000CO8C8IAL,334624,2025-12-11,2024-12-20,"Salt Lake City, UT","Salt Lake, UT  - Main - D16D",
a06Ro00000CO8CCIA1,334628,2025-12-11,2024-12-20,"Salt Lake City, UT","Salt Lake, UT  - Main - D16E",
a06Ro00000CO8CDIA1,334629,2025-12-11,2024-12-20,"Salt Lake City, UT","Salt Lake, UT  - Main - D16E",
a06Ro00000CO8CEIA1,334630,2025-12-11,2024-12-20,"Salt Lake City, UT","Salt Lake, UT  - Main - D16E",
a06Ro00000CO8CFIA1,334631,2025-12-11,2024-12-20,"Salt Lake City, UT","Salt Lake, UT  - Main - D16E",
a06Ro00000CO8CGIA1,334632,2025-12-11,2024-12-20,"Salt Lake City, UT","Salt Lake, UT  - Main - D16D",
a06Ro00000CO8CHIA1,334633,2025-12-11,2024-12-20,"Salt Lake City, UT","Salt Lake, UT  - Main - D16E",
a06Ro00000CO8CJIA1,334635,2025-12-11,2024-12-20,"Salt Lake City, UT","Salt Lake, UT  - Main - D16D",
a06Ro00000CO8CKIA1,334636,2025-12-11,2024-12-20,"Salt Lake City, UT","Salt Lake, UT  - Main - D16D",
a06Ro00000CO8CLIA1,334637,2025-12-11,2024-12-20,"Salt Lake City, UT","Salt Lake, UT  - Main - D16D",
a06Ro00000CO8CMIA1,334638,2025-12-11,2024-12-20,"Salt Lake City, UT","Salt Lake, UT  - Main - D16D",
a06Ro00000CO8CNIA1,334639,2025-12-11,2024-12-20,"Salt Lake City, UT","Salt Lake, UT  - Main - D16D",
a06Ro00000CO8CSIA1,334644,2025-12-11,2024-12-20,"Salt Lake City, UT","Salt Lake, UT  - Main - D16D",
a06Ro00000CO8CTIA1,334645,2025-12-11,2024-12-20,"Salt Lake City, UT","Salt Lake, UT  - Main - D16D",
a06Ro00000CO8CUIA1,334646,2025-12-11,2024-12-20,"Salt Lake City, UT","Salt Lake, UT  - Main - D16D",
a06Ro00000CO0dBIAT,334647,2025-12-11,2024-12-20,"Salt Lake City, UT","Salt Lake, UT  - Main - D16D",
a06Ro00000CO0dCIAT,334648,2025-12-11,2024-12-20,"Salt Lake City, UT","Salt Lake, UT  - Main - D16D",
a06Ro00000CO0dDIAT,334649,2025-12-11,2024-12-20,"Salt Lake City, UT","Salt Lake, UT  - Main - D16D",
a06Ro00000CO0dEIAT,334650,2025-12-11,2024-12-20,"Salt Lake City, UT","Salt Lake, UT  - Main - D16D",
a06Ro00000CO0dFIAT,334651,2025-12-11,2024-12-20,"Salt Lake City, UT","Salt Lake, UT  - Main - D16D",
a06Ro00000CO0dGIAT,334652,2025-12-11,2024-12-20,"Salt Lake City, UT","Salt Lake, UT  - Main - D16D",
a06Ro00000CO0dHIAT,334653,2025-12-11,2024-12-20,"Salt Lake City, UT","Salt Lake, UT  - Main - D16D",
a06Ro00000CO0dIIAT,334654,2025-12-11,2024-12-20,"Salt Lake City, UT","Salt Lake, UT  - Main - D16D",
a06Ro00000CO0dJIAT,334655,2025-12-11,2024-12-20,"Salt Lake City, UT","Salt Lake, UT  - Main - D16D",
a06Ro00000CO0dKIAT,334656,2025-12-11,2024-12-20,"Salt Lake City, UT","Salt Lake, UT  - Main - D16D",
a06Ro00000CO0dLIAT,334657,2025-12-11,2024-12-20,"Salt Lake City, UT","Salt Lake, UT  - Main - D16D",
a06Ro00000CO0dMIAT,334658,2025-12-11,2024-12-20,"Salt Lake City, UT","Salt Lake, UT  - Main - D16D",
a06Ro00000CO0dNIAT,334659,2025-12-11,2024-12-20,"Salt Lake City, UT","Salt Lake, UT  - Main - D16D",
a06Ro00000CO0dOIAT,334660,2025-12-11,2024-12-20,"Salt Lake City, UT","Salt Lake, UT  - Main - D16D",
a06Ro00000CO0dPIAT,334661,2025-12-11,2024-12-20,"Salt Lake City, UT","Salt Lake, UT  - Main - D16D",
a06Ro00000CO0dQIAT,334662,2025-12-11,2024-12-20,"Salt Lake City, UT","Salt Lake, UT  - Main - D16D",
a06Ro00000CO0dRIAT,334663,2025-12-11,2024-12-20,"Salt Lake City, UT","Salt Lake, UT  - Main - D16D",
a06Ro00000CO0dSIAT,334664,2025-12-11,2024-12-20,"Salt Lake City, UT","Salt Lake, UT  - Main - D16D",
a06Ro00000CO0dTIAT,334665,2025-12-11,2024-12-20,"Salt Lake City, UT","Salt Lake, UT  - Main - D16D",
a06Ro00000CO0dUIAT,334666,2025-12-11,2024-12-20,"Salt Lake City, UT","Salt Lake, UT  - Main - D16D",
a06Ro00000CO0dVIAT,334667,2025-12-11,2024-12-20,"Salt Lake City, UT","Salt Lake, UT  - Main - D16D",
a06Ro00000CO0dWIAT,334668,2025-12-11,2024-12-20,"Salt Lake City, UT","Salt Lake, UT  - Main - D16D",
a06Ro00000CO0dXIAT,334669,2025-12-11,2024-12-20,"Salt Lake City, UT","Salt Lake, UT  - Main - D16D",
a06Ro00000CO0dYIAT,334670,2025-12-11,2024-12-20,"Salt Lake City, UT","Salt Lake, UT  - Main - D16D",
a06Ro00000CO0dZIAT,334671,2025-12-11,2024-12-20,"Salt Lake City, UT","Salt Lake, UT  - Main - D16D",
a06Ro00000CO0daIAD,334672,2025-12-11,2024-12-20,"Salt Lake City, UT","Salt Lake, UT  - Main - D16D",
a06Ro00000CO5hgIAD,334678,2025-12-11,2024-12-20,"Salt Lake City, UT","Salt Lake, UT  - Main - D16D",
a06Ro00000CO5hhIAD,334679,2025-12-11,2024-12-20,"Salt Lake City, UT","Salt Lake, UT  - Main - D16D",
a06Ro00000CO5hiIAD,334680,2025-12-11,2024-12-20,"Salt Lake City, UT","Salt Lake, UT  - Main - D16D",
a06Ro00000CO5hjIAD,334681,2025-12-11,2024-12-20,"Salt Lake City, UT","Salt Lake, UT  - Main - D16D",
a06Ro00000CO5hvIAD,334693,2025-12-11,2024-12-20,"Salt Lake City, UT","Salt Lake, UT  - Main - C12B",
a06Ro00000CO3rCIAT,334885,2025-12-11,2024-12-20,"Salt Lake City, UT","Salt Lake, UT  - Main - C01B","Salt Lake City, UT"
a06Ro00000CO7DSIA1,334932,2025-12-11,2024-12-20,"Salt Lake City, UT","Salt Lake, UT  - Main - C14B",
a06Ro00000CO7DTIA1,334933,2025-12-11,2024-12-20,"Salt Lake City, UT","Salt Lake, UT  - Main - C14B",
a06Ro00000CO7DUIA1,334934,2025-12-11,2024-12-20,"Salt Lake City, UT","Salt Lake City, UT | Main C 14B","Salt Lake City, UT"
a06Ro00000CO7DVIA1,334935,2025-12-11,2024-12-20,"Salt Lake City, UT","Salt Lake, UT  - Main - C14B",
a06Ro00000CO8H1IAL,334957,2025-12-11,2024-12-20,"Salt Lake City, UT","Salt Lake, UT  - Main - C11D",
a06Ro00000CO8H2IAL,334958,2025-12-11,2024-12-20,"Salt Lake City, UT","Salt Lake, UT  - Main - C11D",
a06Ro00000CO8NkIAL,335394,2025-12-11,2024-12-20,"Salt Lake City, UT","Salt Lake, UT  - Main - C11C",
a06Ro00000CO8NlIAL,335395,2025-12-11,2024-12-20,"Salt Lake City, UT","Salt Lake, UT  - Main - C11C",
a06Ro00000CO5dEIAT,335422,2025-12-11,2024-12-20,"Salt Lake City, UT","Salt Lake, UT  - Main - C11C",
a06Ro00000CO5dGIAT,335424,2025-12-11,2024-12-20,"Salt Lake City, UT","Salt Lake, UT  - Main - C11A",
a06Ro00000CO5dHIAT,335425,2025-12-11,2024-12-20,"Salt Lake City, UT","Salt Lake, UT  - Main - C11A",
a06Ro00000CO5dIIAT,335426,2025-12-11,2024-12-20,"Salt Lake City, UT","Salt Lake, UT  - Main - C11A",
a06Ro00000CNsC6IAL,335427,2025-12-11,2024-12-20,"Salt Lake City, UT","Salt Lake, UT  - Main - C11A",
a06Ro00000CNsC7IAL,335428,2025-12-11,2024-12-20,"Salt Lake City, UT","Salt Lake, UT  - Main - C11A",
a06Ro00000CO7i4IAD,335500,2025-12-11,2024-12-20,"Salt Lake City, UT","Salt Lake, UT  - Main - C13B",
a06Ro00000CO7i5IAD,335501,2025-12-11,2024-12-20,"Salt Lake City, UT","Salt Lake, UT  - Main - C13B",
a06Ro00000CO8QsIAL,335598,2025-12-11,2024-12-20,"Salt Lake City, UT","Salt Lake, UT  - Main - D06H",
a06Ro00000CO8QtIAL,335599,2025-12-11,2024-12-20,"Salt Lake City, UT","Salt Lake, UT  - Main - D06H",
a06Ro00000CO8QuIAL,335600,2025-12-11,2024-12-20,"Salt Lake City, UT","Salt Lake, UT  - Main - D06H",
a06Ro00000CO8QvIAL,335601,2025-12-11,2024-12-20,"Salt Lake City, UT","Salt Lake, UT  - Main - D06H",
a06Ro00000CO8QwIAL,335602,2025-12-11,2024-12-20,"Salt Lake City, UT","Salt Lake, UT  - Main - D06H",
a06Ro00000CO8QxIAL,335603,2025-12-11,2024-12-20,"Salt Lake City, UT","Salt Lake, UT  - Main - D06H",
a06Ro00000CO8QyIAL,335604,2025-12-11,2024-12-20,"Salt Lake City, UT","Salt Lake, UT  - Main - D06H",
a06Ro00000CO8QzIAL,335605,2025-12-11,2024-12-20,"Salt Lake City, UT","Salt Lake, UT  - Main - D06H",
a06Ro00000CO8R0IAL,335606,2025-12-11,2024-12-20,"Salt Lake City, UT","Salt Lake, UT  - Main - D06H",
a06Ro00000CO7UxIAL,335607,2025-12-11,2024-12-20,"Salt Lake City, UT","Salt Lake, UT  - Main - D06H",
a06Ro00000CO7UyIAL,335608,2025-12-11,2024-12-20,"Salt Lake City, UT","Salt Lake, UT  - Main - D06H",
a06Ro00000CO7UzIAL,335609,2025-12-11,2024-12-20,"Salt Lake City, UT","Salt Lake, UT  - Main - D06H",
a06Ro00000CO7V0IAL,335610,2025-12-11,2024-12-20,"Salt Lake City, UT","Salt Lake, UT  - Main - D06H",
a06Ro00000CO7V1IAL,335611,2025-12-11,2024-12-20,"Salt Lake City, UT","Salt Lake, UT  - Main - D06G",
a06Ro00000CO7V2IAL,335612,2025-12-11,2024-12-20,"Salt Lake City, UT","Salt Lake, UT  - Main - D06G",
a06Ro00000CO7V3IAL,335613,2025-12-11,2024-12-20,"Salt Lake City, UT","Salt Lake, UT  - Main - D06G",
a06Ro00000CO7V4IAL,335614,2025-12-11,2024-12-20,"Salt Lake City, UT","Salt Lake, UT  - Main - D06G",
a06Ro00000CO7V5IAL,335615,2025-12-11,2024-12-20,"Salt Lake City, UT","Salt Lake, UT  - Main - D06G",
a06Ro00000CO7V6IAL,335616,2025-12-11,2024-12-20,"Salt Lake City, UT","Salt Lake, UT  - Main - D06G",
a06Ro00000CO7V7IAL,335617,2025-12-11,2024-12-20,"Salt Lake City, UT","Salt Lake, UT  - Main - D06G",
a06Ro00000CO7V8IAL,335618,2025-12-11,2024-12-20,"Salt Lake City, UT","Salt Lake, UT  - Main - D06G",
a06Ro00000CO7V9IAL,335619,2025-12-11,2024-12-20,"Salt Lake City, UT","Salt Lake, UT  - Main - D06G",
a06Ro00000CO7VAIA1,335620,2025-12-11,2024-12-20,"Salt Lake City, UT","Salt Lake, UT  - Main - D06G",
a06Ro00000CO7VBIA1,335621,2025-12-11,2024-12-20,"Salt Lake City, UT","Salt Lake, UT  - Main - D06G",
a06Ro00000CO7VCIA1,335622,2025-12-11,2024-12-20,"Salt Lake City, UT","Salt Lake, UT  - Main - D06G",
a06Ro00000CO7VDIA1,335623,2025-12-11,2024-12-20,"Salt Lake City, UT","Salt Lake, UT  - Main - D06F",
a06Ro00000CO7VEIA1,335624,2025-12-11,2024-12-20,"Salt Lake City, UT","Salt Lake, UT  - Main - D06F",
a06Ro00000CO7VFIA1,335625,2025-12-11,2024-12-20,"Salt Lake City, UT","Salt Lake, UT  - Main - D06F",
a06Ro00000CO7VGIA1,335626,2025-12-11,2024-12-20,"Salt Lake City, UT","Salt Lake, UT  - Main - D06F",
a06Ro00000CO7VHIA1,335627,2025-12-11,2024-12-20,"Salt Lake City, UT","Salt Lake, UT  - Main - D06F",
a06Ro00000CO7VIIA1,335628,2025-12-11,2024-12-20,"Salt Lake City, UT","Salt Lake, UT  - Main - D06F",
a06Ro00000CO7VJIA1,335629,2025-12-11,2024-12-20,"Salt Lake City, UT","Salt Lake, UT  - Main - D06F",
a06Ro00000CO7VKIA1,335630,2025-12-11,2024-12-20,"Salt Lake City, UT","Salt Lake, UT  - Main - D06F",
a06Ro00000CO7VLIA1,335631,2025-12-11,2024-12-20,"Salt Lake City, UT","Salt Lake, UT  - Main - D06F",
a06Ro00000CO7VMIA1,335632,2025-12-11,2024-12-20,"Salt Lake City, UT","Salt Lake, UT  - Main - D06F",
a06Ro00000CO7VNIA1,335633,2025-12-11,2024-12-20,"Salt Lake City, UT","Salt Lake, UT  - Main - D06F",
a06Ro00000CO7VOIA1,335634,2025-12-11,2024-12-20,"Salt Lake City, UT","Salt Lake, UT  - Main - D06F",
a06Ro00000CO7VPIA1,335635,2025-12-11,2024-12-20,"Salt Lake City, UT","Salt Lake, UT  - Main - D06F",
a06Ro00000CO7VQIA1,335636,2025-12-11,2024-12-20,"Salt Lake City, UT","Salt Lake, UT  - Main - D06F",
a06Ro00000CO4bxIAD,335637,2025-12-11,2024-12-20,"Salt Lake City, UT","Salt Lake, UT  - Main - D06F",
a06Ro00000CO4byIAD,335638,2025-12-11,2024-12-20,"Salt Lake City, UT","Salt Lake, UT  - Main - D06F",
a06Ro00000CO4bzIAD,335639,2025-12-11,2024-12-20,"Salt Lake City, UT","Salt Lake, UT  - Main - D06E",
a06Ro00000CO4c0IAD,335640,2025-12-11,2024-12-20,"Salt Lake City, UT","Salt Lake, UT  - Main - D06E",
a06Ro00000CO4c1IAD,335641,2025-12-11,2024-12-20,"Salt Lake City, UT","Salt Lake, UT  - Main - D06E",
a06Ro00000CO4c2IAD,335642,2025-12-11,2024-12-20,"Salt Lake City, UT","Salt Lake, UT  - Main - D06E",
a06Ro00000CO4c3IAD,335643,2025-12-11,2024-12-20,"Salt Lake City, UT","Salt Lake, UT  - Main - D06E",
a06Ro00000CO4c4IAD,335644,2025-12-11,2024-12-20,"Salt Lake City, UT","Salt Lake, UT  - Main - D06E",
a06Ro00000CO4c5IAD,335645,2025-12-11,2024-12-20,"Salt Lake City, UT","Salt Lake, UT  - Main - D06E",
a06Ro00000CO4c6IAD,335646,2025-12-11,2024-12-20,"Salt Lake City, UT","Salt Lake, UT  - Main - D06E",
a06Ro00000CNypcIAD,335676,2025-12-11,2024-12-20,"Salt Lake City, UT","Salt Lake, UT  - Main - C02F",
a06Ro00000CNypeIAD,335678,2025-12-11,2024-12-20,"Salt Lake City, UT","Salt Lake, UT  - Main - C02A",
a06Ro00000CNypfIAD,335679,2025-12-11,2024-12-20,"Salt Lake City, UT","Salt Lake, UT  - Main - C02A",
a06Ro00000CNypgIAD,335680,2025-12-11,2024-12-20,"Salt Lake City, UT","Salt Lake, UT  - Main - C02A",
a06Ro00000CNypiIAD,335682,2025-12-11,2024-12-20,"Salt Lake City, UT","Salt Lake, UT  - Main - C02A",
a06Ro00000CNypjIAD,335683,2025-12-11,2024-12-20,"Salt Lake City, UT","Salt Lake, UT  - Main - C02A",
a06Ro00000CNypnIAD,335687,2025-12-11,2024-12-20,"Salt Lake City, UT","Salt Lake City, UT | Main C 02F","Salt Lake City, UT"
a06Ro00000CNypoIAD,335688,2025-12-11,2024-12-20,"Salt Lake City, UT","Salt Lake, UT  - Main - C02F","Salt Lake City, UT"
a06Ro00000CNypqIAD,335690,2025-12-11,2024-12-20,"Salt Lake City, UT","Salt Lake, UT  - Main - C02F",
a06Ro00000CNyprIAD,335691,2025-12-11,2024-12-20,"Salt Lake City, UT","Salt Lake, UT  - Main - C02F",
a06Ro00000CO6MBIA1,335709,2025-12-11,2024-12-20,"Salt Lake City, UT","Salt Lake, UT  - Main - C10E","Salt Lake City, UT"
a06Ro00000CO6MCIA1,335710,2025-12-11,2024-12-20,"Salt Lake City, UT","Salt Lake City, UT | Main C 02A","Milwaukee, WI"
a06Ro00000CO6MDIA1,335711,2025-12-11,2024-12-20,"Salt Lake City, UT","Salt Lake, UT  - Main - C02A",
a06Ro00000CNzLyIAL,335776,2025-12-11,2024-12-20,"Salt Lake City, UT","Salt Lake, UT  - Main - C01C",
a06Ro00000CNzLzIAL,335777,2025-12-11,2024-12-20,"Salt Lake City, UT","Salt Lake, UT  - Main - C01C",
a06Ro00000CO1A6IAL,335798,2025-12-11,2024-12-20,"Salt Lake City, UT","Salt Lake, UT  - Main - C11B",
a06Ro00000CO1A7IAL,335799,2025-12-11,2024-12-20,"Salt Lake City, UT","Salt Lake City, UT | Main C 11B","Milwaukee, WI"
a06Ro00000CO1A8IAL,335800,2025-12-11,2024-12-20,"Salt Lake City, UT","Salt Lake, UT  - Main - C11B",
a06Ro00000CO2n8IAD,335823,2025-12-11,2024-12-20,"Salt Lake City, UT","Salt Lake City, UT | Main C 14D",
a06Ro00000CO2n9IAD,335824,2025-12-11,2024-12-20,"Salt Lake City, UT","Salt Lake City, UT | Main C 14D",
a06Ro00000CO2nEIAT,335829,2025-12-11,2024-12-20,"Salt Lake City, UT","Salt Lake City, UT | Main C 13A",
a06Ro00000CO2nFIAT,335830,2025-12-11,2024-12-20,"Salt Lake City, UT","Salt Lake City, UT | Main C 13C","Salt Lake City, UT"
a06Ro00000CO2nIIAT,335833,2025-12-11,2024-12-20,"Salt Lake City, UT","Salt Lake City, UT | Main C 13B","Salt Lake City, UT"
a06Ro00000CO2nKIAT,335835,2025-12-11,2024-12-20,"Salt Lake City, UT","Salt Lake City, UT | Main C 13B","Milwaukee, WI"
a06Ro00000CO2nLIAT,335836,2025-12-11,2024-12-20,"Salt Lake City, UT","Salt Lake City, UT | Main C 13A","Milwaukee, WI"
a06Ro00000CO2nOIAT,335839,2025-12-11,2024-12-20,"Salt Lake City, UT","Salt Lake City, UT | Main C 13A",
a06Ro00000CO2nPIAT,335840,2025-12-11,2024-12-20,"Salt Lake City, UT","Salt Lake City, UT | Main C 13A","Salt Lake City, UT"
a06Ro00000CO2nQIAT,335841,2025-12-11,2024-12-20,"Salt Lake City, UT","Salt Lake City, UT | Main C 13A","Salt Lake City, UT"
a06Ro00000CO2nRIAT,335842,2025-12-11,2024-12-20,"Salt Lake City, UT","Salt Lake City, UT | Main C 13A",
a06Ro00000CO2nSIAT,335843,2025-12-11,2024-12-20,"Salt Lake City, UT","Salt Lake City, UT | Main C 14B",
a06Ro00000CO2nTIAT,335844,2025-12-11,2024-12-20,"Salt Lake City, UT","Salt Lake City, UT | Main C 14B",
a06Ro00000CO7BdIAL,335849,2025-12-11,2024-12-20,"Salt Lake City, UT","Salt Lake City, UT | Main C 14C",
a06Ro00000CO1LvIAL,335881,2025-12-11,2024-12-20,"Salt Lake City, UT","Salt Lake City, UT | Main C 14D","Milwaukee, WI"
a06Ro00000CO1LwIAL,335882,2025-12-11,2024-12-20,"Salt Lake City, UT","Salt Lake City, UT | Main C 13C",
a06Ro00000CO1LzIAL,335885,2025-12-11,2024-12-20,"Salt Lake City, UT","Salt Lake City, UT | Main C 14C","Salt Lake City, UT"
a06Ro00000CO3p9IAD,336032,2025-12-11,2024-12-20,"Salt Lake City, UT","Salt Lake City, UT | Main C 03A",
a06Ro00000CO6rWIAT,336112,2025-12-11,2024-12-20,"Salt Lake City, UT","Salt Lake City, UT | Main C 03E",
a06Ro00000CO6UWIA1,336356,2025-12-11,2024-12-20,"Salt Lake City, UT","Salt Lake City, UT | Main D 08B",
a06Ro00000CO3SUIA1,336357,2024-08-06,2024-12-20,"Salt Lake City, UT","Salt Lake City, UT | Main D 08C","Salt Lake City, UT"
a06Ro00000CO3SXIA1,336360,2025-12-11,2024-12-20,"Salt Lake City, UT","Salt Lake City, UT | Main D 08C",
a06Ro00000CNzREIA1,336492,2025-12-11,2024-12-20,"Salt Lake City, UT","Salt Lake City, UT | Main C 03B",
a06Ro00000CNzRFIA1,336493,2025-12-11,2024-12-20,"Salt Lake City, UT","Salt Lake City, UT | Main C 03B",
a06Ro00000CO8kBIAT,337125,2025-12-11,2024-12-20,Shipping,Shipping,"Salt Lake City, UT"
a06Ro00000CO8n9IAD,337139,2025-12-11,2024-12-20,"Salt Lake City, UT","Salt Lake City, UT | Main D 10D",
a06Ro00000CO8nAIAT,337140,2025-12-11,2024-12-20,"Salt Lake City, UT","Salt Lake City, UT | Main D 15E","Salt Lake City, UT"
a06Ro00000CO8s7IAD,337267,2025-12-11,2024-12-20,"Salt Lake City, UT","Salt Lake City, UT | Main D 05C",
a06Ro00000CO8s8IAD,337268,2025-12-11,2024-12-20,"Salt Lake City, UT","Salt Lake City, UT | Main D 05C",
a06Ro00000CO8s9IAD,337269,2025-12-11,2024-12-20,"Salt Lake City, UT","Salt Lake City, UT | Main D 05C",
a06Ro00000CO4e3IAD,337289,2025-12-11,2024-12-20,"Salt Lake City, UT","Salt Lake City, UT | Main D 07C",
a06Ro00000CO4ePIAT,337311,2025-12-11,2024-12-20,"Salt Lake City, UT","Salt Lake City, UT | Main D 07C",
a06Ro00000CO4yeIAD,337325,2025-12-11,2024-12-20,"Salt Lake City, UT","Salt Lake City, UT | Main D 07C",
a06Ro00000CO8tsIAD,337366,2025-12-11,2024-12-20,"Salt Lake City, UT","Salt Lake City, UT | Main D 07A","Milwaukee, WI"
a06Ro00000CNRYZIA5,337411,2025-12-11,2024-12-20,"Salt Lake City, UT","Salt Lake City, UT | Main D 06D",
a06Ro00000CNRYaIAP,337412,2025-12-11,2024-12-20,"Salt Lake City, UT","Salt Lake City, UT | Main D 06D",
a06Ro00000CO7ebIAD,337505,2025-12-11,2024-12-20,"Salt Lake City, UT","Salt Lake City, UT | Main D 04C","Milwaukee, WI"
a06Ro00000CO7edIAD,337507,2025-12-11,2024-12-20,"Salt Lake City, UT","Salt Lake City, UT | Main D 04C",
a06Ro00000CO7eeIAD,337508,2025-12-11,2024-12-20,"Salt Lake City, UT","Salt Lake City, UT | Main D 04C",
a06Ro00000CO7efIAD,337509,2025-12-11,2024-12-20,"Salt Lake City, UT","Salt Lake City, UT | Main D 04C",
a06Ro00000CO6BMIA1,337538,2025-12-11,2024-12-20,"Salt Lake City, UT","Salt Lake City, UT | Main D 14B","Salt Lake City, UT"
a06Ro00000CO6BPIA1,337541,2025-12-11,2024-12-20,"Salt Lake City, UT","Salt Lake City, UT | Main D 14B",
a06Ro00000CO8vOIAT,337570,2025-12-11,2024-12-20,"Salt Lake City, UT","Salt Lake City, UT | Main D 08A",
a06Ro00000CO8vPIAT,337571,2025-12-11,2024-12-20,"Salt Lake City, UT","Salt Lake City, UT | Main D 08A",
a06Ro00000CO3AGIA1,337597,2025-12-11,2024-12-20,"Salt Lake City, UT","Salt Lake City, UT | Main D 07C",
a06Ro00000CO3AHIA1,337598,2025-12-11,2024-12-20,"Salt Lake City, UT","Salt Lake City, UT | Main D 07C",
a06Ro00000CO3ASIA1,337609,2025-12-11,2024-12-20,"Salt Lake City, UT","Salt Lake City, UT | Main D 15D",
a06Ro00000CO0j9IAD,337617,2025-12-11,2024-12-20,"Salt Lake City, UT","Salt Lake City, UT | Main D 15D",
a06Ro00000CO8yaIAD,337658,2025-12-11,2024-12-20,"Salt Lake City, UT","Salt Lake City, UT | Main D 06A",
a06Ro00000CO8ybIAD,337659,2025-12-11,2024-12-20,"Salt Lake City, UT","Salt Lake City, UT | Main D 06A",
a06Ro00000CO90HIAT,337753,2025-12-11,2024-12-20,"Salt Lake City, UT","Salt Lake City, UT | Main D 09G","Milwaukee, WI"
a06Ro00000CO90RIAT,337763,2025-12-11,2024-12-20,"Salt Lake City, UT","Salt Lake City, UT | Main D 09G","Salt Lake City, UT"
a06Ro00000CO93JIAT,337780,2025-12-11,2024-12-20,"Salt Lake City, UT","Salt Lake City, UT | Main D 09F",
a06Ro00000CO93LIAT,337782,2025-12-11,2024-12-20,"Salt Lake City, UT","Salt Lake City, UT | Main D 09E",
a06Ro00000CNXhFIAX,337893,2025-12-11,2024-12-20,"Salt Lake City, UT","Salt Lake City, UT | Main D 04B",
a06Ro00000CO5VTIA1,337931,2025-12-11,2024-12-20,"Salt Lake City, UT","Salt Lake City, UT | Main D 14F",
a06Ro00000CO6aaIAD,337982,2025-12-11,2024-12-20,"Salt Lake City, UT","Salt Lake City, UT | Main D 09C",
a06Ro00000CO6abIAD,337983,2025-12-11,2024-12-20,"Salt Lake City, UT","Salt Lake City, UT | Main D 09C","Salt Lake City, UT"
a06Ro00000CO6ajIAD,337991,2025-12-11,2024-12-20,"Salt Lake City, UT","Salt Lake, UT  - Main - D09C",
a06Ro00000CO6akIAD,337992,2025-12-11,2024-12-20,"Salt Lake City, UT","Salt Lake, UT  - Main - D09C",
a06Ro00000CO6auIAD,338002,2025-12-11,2024-12-20,"Salt Lake City, UT","Salt Lake City, UT | Main D 09B",
a06Ro00000CO6avIAD,338003,2025-12-11,2024-12-20,"Salt Lake City, UT","Salt Lake, UT  - Main - D09B",
a06Ro00000CO9BdIAL,338027,2025-12-11,2024-12-20,"Salt Lake City, UT","Salt Lake City, UT | Main D 09A",
a06Ro00000CO9CzIAL,338041,2026-03-27,2024-12-20,"Salt Lake City, UT","Salt Lake City, UT | Main D 17B",
a06Ro00000CO9D8IAL,338050,2025-12-11,2024-12-20,"Salt Lake City, UT","Salt Lake City, UT | Main D 17B",
a06Ro00000CO9D9IAL,338051,2026-03-27,2024-12-20,"Salt Lake City, UT","Salt Lake City, UT | Main D 17B",
a06Ro00000CO9DHIA1,338059,2025-12-11,2024-12-20,"Salt Lake City, UT","Salt Lake City, UT | Main D 12G","Salt Lake City, UT"
a06Ro00000CO9EtIAL,338089,2026-06-01,2024-12-20,"Salt Lake City, UT","Salt Lake City, UT | Main D 10E","Salt Lake City, UT"
a06Ro00000CNsVZIA1,338133,2025-12-11,2024-12-20,"Salt Lake City, UT","Salt Lake City, UT | Main D 10C","Salt Lake City, UT"
a06Ro00000CO53iIAD,338180,2025-12-11,2024-12-20,"Salt Lake City, UT","Salt Lake City, UT | Main D 17C",
a06Ro00000CO9HrIAL,338253,2025-12-11,2024-12-20,Shipping,Shipping,"Milwaukee, WI"
a06Ro00000CO9HsIAL,338254,2025-12-11,2024-12-20,"Salt Lake City, UT","Salt Lake City, UT | Main D 11A",
a06Ro00000CNzY5IAL,338298,2025-12-11,2024-12-20,"Salt Lake City, UT","Salt Lake City, UT | Main D 09B",
a06Ro00000CO9JkIAL,338330,2025-12-11,2024-12-20,"Salt Lake City, UT","Salt Lake City, UT | Main D 14F","Salt Lake City, UT"
a06Ro00000CO9JlIAL,338331,2025-12-11,2024-12-20,"Salt Lake City, UT","Salt Lake City, UT | Main D 14F",
a06Ro00000CO7ZwIAL,338346,2025-12-11,2024-12-20,"Salt Lake City, UT","Salt Lake City, UT | Main D 04E",
a06Ro00000CO7a0IAD,338350,2025-12-11,2024-12-20,"Salt Lake City, UT","Salt Lake City, UT | Main C 14C","Salt Lake City, UT"
a06Ro00000CO3g3IAD,338407,2025-12-11,2024-12-20,Shipping,Shipping,"Milwaukee, WI"
a06Ro00000CO3g8IAD,338412,2025-12-11,2024-12-20,"Salt Lake City, UT","Salt Lake, UT  - Main - D11B",
a06Ro00000CO38RIAT,338844,2026-03-26,2026-03-26,"Salt Lake City, UT","Salt Lake City, UT | Main D 14C","Salt Lake City, UT"
a06Ro00000CO9TOIA1,338988,2025-12-11,2024-12-20,"Salt Lake City, UT","Salt Lake City, UT | Main C 10C",
a06Ro00000CO7rYIAT,338998,2025-12-11,2024-12-20,"Salt Lake City, UT","Salt Lake City, UT | Main C 14A","Salt Lake City, UT"
a06Ro00000CO8FhIAL,339054,2025-12-11,2024-12-20,"Salt Lake City, UT","Salt Lake City, UT | Main D 18A",
a06Ro00000CO5zvIAD,339599,2025-12-11,2024-12-20,"Salt Lake City, UT","Salt Lake City, UT | Main C 06F",
a06Ro00000CO9QWIA1,339760,2025-12-11,2024-12-20,"Salt Lake City, UT","Salt Lake City, UT | Main C 10C",
a06Ro00000CO7RDIA1,339893,2025-12-11,2024-12-20,"Salt Lake City, UT","Salt Lake City, UT | Main C 12B",
a06Ro00000CO5pGIAT,339927,2025-12-11,2024-12-20,"Salt Lake City, UT","Salt Lake City, UT | Main D 15C",
a06Ro00000CO5pPIAT,339936,2025-12-11,2024-12-20,"Salt Lake City, UT","Salt Lake City, UT | Main D 13C",
a06Ro00000CO5pXIAT,339944,2025-12-11,2024-12-20,"Salt Lake City, UT","Salt Lake City, UT | Main D 05E",
a06Ro00000CO5pYIAT,339945,2025-12-11,2024-12-20,"Salt Lake City, UT","Salt Lake City, UT | Main D 05E",
a06Ro00000CO5pZIAT,339946,2025-12-11,2024-12-20,"Salt Lake City, UT","Salt Lake City, UT | Main D 05E","Salt Lake City, UT"
a06Ro00000CNsTrIAL,339987,2025-12-11,2024-12-20,"Salt Lake City, UT","Salt Lake City, UT | Main D 14E","Salt Lake City, UT"
a06Ro00000CO7sKIAT,340066,2025-12-11,2024-12-20,"Salt Lake City, UT","Salt Lake City, UT | Main D 05D","Salt Lake City, UT"
a06Ro00000CO7sMIAT,340068,2025-12-11,2024-12-20,Shipping,Shipping,"Salt Lake City, UT"
a06Ro00000CO7DlIAL,340081,2025-12-11,2024-12-20,"Salt Lake City, UT","Salt Lake City, UT | Main D 14E",
a06Ro00000CO7DmIAL,340082,2025-12-11,2024-12-20,"Salt Lake City, UT","Salt Lake City, UT | Main D 14E","Salt Lake City, UT"
a06Ro00000CO7DqIAL,340086,2025-12-11,2024-12-20,"Salt Lake City, UT","Salt Lake City, UT | Main D 14D",
a06Ro00000CO7DsIAL,340088,2025-12-11,2024-12-20,"Salt Lake City, UT","Salt Lake City, UT | Main D 14E","Salt Lake City, UT"
a06Ro00000CNzVdIAL,340126,2025-12-11,2024-12-20,"Salt Lake City, UT","Salt Lake City, UT | Main D 13A","Salt Lake City, UT"
a06Ro00000CO7YwIAL,340184,2025-12-11,2024-12-20,"Salt Lake City, UT","Salt Lake City, UT | Main D 05E",
a06Ro00000CO7Z2IAL,340190,2025-12-11,2024-12-20,"Salt Lake City, UT","Salt Lake City, UT | Main D 14B","Salt Lake City, UT"
a06Ro00000CO7Z6IAL,340194,2025-12-11,2024-12-20,"Salt Lake City, UT","Salt Lake City, UT | Main D 14B",
a06Ro00000CO1dWIAT,340212,2025-12-11,2024-12-20,"Salt Lake City, UT","Salt Lake City, UT | Main D 04H","Salt Lake City, UT"
a06Ro00000CO9hdIAD,340219,2025-12-11,2024-12-20,"Salt Lake City, UT","Salt Lake City, UT | Main C 09B","Salt Lake City, UT"
a06Ro00000CNvykIAD,340329,2025-12-11,2024-12-20,"Salt Lake City, UT","Salt Lake City, UT | Main D 11E",
a06Ro00000CNzKXIA1,340433,2025-12-11,2024-12-20,"Salt Lake City, UT","Salt Lake City, UT | Main C 04B",
a06Ro00000CNzKYIA1,340434,2025-12-11,2024-12-20,"Salt Lake City, UT","Salt Lake City, UT | Main C 04B",
a06Ro00000CO9o5IAD,340497,2025-12-11,2024-12-20,"Salt Lake City, UT","Salt Lake City, UT | Main C 05A",
a06Ro00000CO9o6IAD,340498,2025-12-11,2024-12-20,"Salt Lake City, UT","Salt Lake City, UT | Main C 04B",
a06Ro00000CO9o7IAD,340499,2025-12-11,2024-12-20,"Salt Lake City, UT","Salt Lake City, UT | Main C 04B",
a06Ro00000CO9o8IAD,340500,2025-12-11,2024-12-20,"Salt Lake City, UT","Salt Lake City, UT | Main C 04B",
a06Ro00000CO9o9IAD,340501,2025-12-11,2024-12-20,"Salt Lake City, UT","Salt Lake City, UT | Main C 04B",
a06Ro00000CO9KNIA1,340583,2025-12-11,2024-12-20,"Salt Lake City, UT","Salt Lake City, UT | Main C 01E",
a06Ro00000CO9KOIA1,340584,2025-12-11,2024-12-20,"Salt Lake City, UT","Salt Lake City, UT | Main C 01E",
a06Ro00000CO9KPIA1,340585,2025-12-11,2024-12-20,"Salt Lake City, UT","Salt Lake City, UT | Main C 01E",
a06Ro00000CNwUuIAL,340622,2025-12-11,2024-12-20,"Salt Lake City, UT","Salt Lake City, UT | Main C 05A",
a06Ro00000CNwUvIAL,340623,2025-12-11,2024-12-20,"Salt Lake City, UT","Salt Lake City, UT | Main C 05B",
a06Ro00000CO84KIAT,340884,2025-12-11,2024-12-20,"Salt Lake City, UT","Salt Lake City, UT - Core - NC05A1",
a06Ro00000CO9wLIAT,340957,2026-03-20,2024-12-20,"Salt Lake City, UT","Salt Lake City, UT | Main C 14C","Salt Lake City, UT"
a06Ro00000CO9xjIAD,341061,2025-12-11,2024-12-20,"Salt Lake City, UT","Salt Lake City, UT | Main C 03A",
a06Ro00000CO9xkIAD,341062,2025-12-11,2024-12-20,"Salt Lake City, UT","Salt Lake City, UT | Main D 04A",
a06Ro00000CO9zOIAT,341094,2025-12-11,2024-12-20,"Salt Lake City, UT","Salt Lake City, UT | Main C 02A",
a06Ro00000CO9zgIAD,341112,2025-12-11,2024-12-20,"Salt Lake City, UT","Salt Lake City, UT | Main C 02F",
a06Ro00000CO9ziIAD,341114,2025-12-11,2024-12-20,"Salt Lake City, UT","Salt Lake City, UT | Main C 02F",
a06Ro00000CO9zmIAD,341118,2025-12-11,2024-12-20,"Salt Lake City, UT","Salt Lake City, UT | Main C 02F",
a06Ro00000CO7Z9IAL,341119,2025-12-11,2024-12-20,"Salt Lake City, UT","Salt Lake City, UT | Main C 02F",
a06Ro00000COA1BIAX,341145,2025-12-11,2024-12-20,"Salt Lake City, UT","Salt Lake City, UT | Main C 10E",
a06Ro00000CO6PFIA1,341475,2025-12-11,2024-12-20,"Salt Lake City, UT","Salt Lake City, UT - Main - D06D",
a06Ro00000CO6PHIA1,341477,2025-12-11,2024-12-20,"Salt Lake City, UT","Salt Lake City, UT - Main - C06E",
a06Ro00000CO6PIIA1,341478,2025-12-11,2024-12-20,"Salt Lake City, UT","Salt Lake City, UT - Main - C06E",
a06Ro00000CO6PJIA1,341479,2025-12-11,2024-12-20,"Salt Lake City, UT","Salt Lake City, UT - Main - C06E",
a06Ro00000CO6PKIA1,341480,2025-12-11,2024-12-20,"Salt Lake City, UT","Salt Lake City, UT - Main - C06E",
a06Ro00000CO6PLIA1,341481,2025-12-11,2024-12-20,"Salt Lake City, UT","Salt Lake City, UT - Main - C06E",
a06Ro00000CO6PMIA1,341482,2025-12-11,2024-12-20,"Salt Lake City, UT","Salt Lake City, UT - Main - C06E",
a06Ro00000CO6PNIA1,341483,2025-12-11,2024-12-20,"Salt Lake City, UT","Salt Lake City, UT - Main - C06E",
a06Ro00000CO6POIA1,341484,2025-12-11,2024-12-20,"Salt Lake City, UT","Salt Lake City, UT - Main - C06E",
a06Ro00000CO6PUIA1,341490,2025-12-11,2024-12-20,"Salt Lake City, UT","Salt Lake City, UT - Main - D02H",
a06Ro00000CO6PVIA1,341491,2025-12-11,2024-12-20,"Salt Lake City, UT","Salt Lake City, UT - Main - C12C",
a06Ro00000CO6PWIA1,341492,2025-12-11,2024-12-20,"Salt Lake City, UT","Salt Lake City, UT - Main - C12D",
a06Ro00000CO5k2IAD,341520,2025-12-11,2024-12-20,Shipping,Shipping,"Milwaukee, WI"
a06Ro00000CO5k3IAD,341521,2025-12-11,2024-12-20,Shipping,Shipping,"Milwaukee, WI"
a06Ro00000CO5k4IAD,341522,2025-12-11,2024-12-20,"Salt Lake City, UT","Salt Lake City, UT - Main - D06D",
a06Ro00000CO5k5IAD,341523,2025-12-11,2024-12-20,"Salt Lake City, UT","Salt Lake City, UT - Main - D06D",
a06Ro00000CO5k6IAD,341524,2025-12-11,2024-12-20,"Salt Lake City, UT","Salt Lake City, UT - Main - D06D",
a06Ro00000CO5k7IAD,341525,2025-12-11,2024-12-20,"Salt Lake City, UT","Salt Lake City, UT - Main - D06D",
a06Ro00000CO5k8IAD,341526,2025-12-11,2024-12-20,"Salt Lake City, UT","Salt Lake City, UT - Main - D06D",
a06Ro00000CO5k9IAD,341527,2025-12-11,2024-12-20,"Salt Lake City, UT","Salt Lake City, UT - Main - D06D",
a06Ro00000CO5tMIAT,341588,2025-12-11,2024-12-20,"Salt Lake City, UT","Salt Lake City, UT - Main - D06C",
a06Ro00000CO5tNIAT,341589,2025-12-11,2024-12-20,"Salt Lake City, UT","Salt Lake City, UT - Main - D06C","Salt Lake City, UT"
a06Ro00000CO5tOIAT,341590,2025-12-11,2024-12-20,"Salt Lake City, UT","Salt Lake City, UT - Main - D06C",
a06Ro00000CO0T0IAL,341593,2025-12-11,2024-12-20,"Salt Lake City, UT","Salt Lake City, UT | Main D 06C","Salt Lake City, UT"
a06Ro00000CO0T2IAL,341595,2025-12-11,2024-12-20,"Salt Lake City, UT","Salt Lake City, UT | Main D 06C","Salt Lake City, UT"
a06Ro00000CO0T3IAL,341596,2025-12-11,2024-12-20,"Salt Lake City, UT","Salt Lake City, UT - Main - D06C",
a06Ro00000CO0T4IAL,341597,2025-12-11,2024-12-20,"Salt Lake City, UT","Salt Lake City, UT - Main - D06C",
a06Ro00000CO0T5IAL,341598,2025-12-11,2024-12-20,"Salt Lake City, UT","Salt Lake City, UT - Main - D06C",
a06Ro00000CO0T6IAL,341599,2025-12-11,2024-12-20,"Salt Lake City, UT","Salt Lake City, UT - Main - D06C",
a06Ro00000CO0T7IAL,341600,2025-12-11,2024-12-20,"Salt Lake City, UT","Salt Lake City, UT - Main - D06C",
a06Ro00000CO0T8IAL,341601,2025-12-11,2024-12-20,"Salt Lake City, UT","Salt Lake City, UT - Main - D06C",
a06Ro00000CO0T9IAL,341602,2025-12-11,2024-12-20,"Salt Lake City, UT","Salt Lake City, UT | Main D 06C","Salt Lake City, UT"
a06Ro00000CO0TAIA1,341603,2025-12-11,2024-12-20,"Salt Lake City, UT","Salt Lake City, UT - Main - D06C",
a06Ro00000CO3AcIAL,341655,2025-12-11,2024-12-20,"Salt Lake City, UT","Salt Lake City, UT - Main - D02F",
a06Ro00000CO3AeIAL,341657,2025-12-11,2024-12-20,"Salt Lake City, UT","Salt Lake City, UT - Main - D02F",
a06Ro00000CO3AgIAL,341659,2025-12-11,2024-12-20,"Salt Lake City, UT","Salt Lake City, UT - Main - D02F",
a06Ro00000CO3AhIAL,341660,2025-12-11,2024-12-20,"Salt Lake City, UT","Salt Lake City, UT - Main - D02F",
a06Ro00000CO3AiIAL,341661,2025-12-11,2024-12-20,"Salt Lake City, UT","Salt Lake City, UT - Main - D02F",
a06Ro00000COA7NIAX,341662,2025-12-11,2024-12-20,"Salt Lake City, UT","Salt Lake City, UT - Main - D02F",
a06Ro00000COA7OIAX,341663,2025-12-11,2024-12-20,"Salt Lake City, UT","Salt Lake City, UT - Main - D02F",
a06Ro00000COA7PIAX,341664,2025-12-11,2024-12-20,"Salt Lake City, UT","Salt Lake City, UT - Main - D02F",
a06Ro00000COA7QIAX,341665,2025-12-11,2024-12-20,"Salt Lake City, UT","Salt Lake City, UT - Main - D02F",
a06Ro00000COA7RIAX,341666,2025-12-11,2024-12-20,"Salt Lake City, UT","Salt Lake City, UT - Main - D02F",
a06Ro00000COA7SIAX,341667,2025-12-11,2024-12-20,"Salt Lake City, UT","Salt Lake City, UT - Main - D02F",
a06Ro00000COA7TIAX,341668,2025-12-11,2024-12-20,"Salt Lake City, UT","Salt Lake City, UT - Main - D02F",
a06Ro00000COA7UIAX,341669,2025-12-11,2024-12-20,"Salt Lake City, UT","Salt Lake City, UT - Main - D02F",
a06Ro00000COA7VIAX,341670,2025-12-11,2024-12-20,"Salt Lake City, UT","Salt Lake City, UT - Main - D02F",
a06Ro00000COA7WIAX,341671,2025-12-11,2024-12-20,"Salt Lake City, UT","Salt Lake City, UT - Main - D02F",
a06Ro00000COA7XIAX,341672,2025-12-11,2024-12-20,"Salt Lake City, UT","Salt Lake City, UT - Main - D02F","Salt Lake City, UT"
a06Ro00000CO2NaIAL,341735,2025-12-11,2024-12-20,"Salt Lake City, UT","Salt Lake City, UT - Main - C02C",
a06Ro00000CO2NeIAL,341739,2025-12-11,2024-12-20,"Salt Lake City, UT","Salt Lake City, UT - Main - C06E",
a06Ro00000CNvIEIA1,341783,2025-12-11,2024-12-20,"Salt Lake City, UT","Salt Lake City, UT - Main - C06E",
a06Ro00000CO0qtIAD,342034,2025-12-11,2024-12-20,"Salt Lake City, UT","Salt Lake City, UT - Main - C06E",
a06Ro00000CO0qyIAD,342039,2025-12-11,2024-12-20,"Salt Lake City, UT","Salt Lake City, UT - Main - D02H",
a06Ro00000CO0qzIAD,342040,2025-12-11,2024-12-20,"Salt Lake City, UT","Salt Lake City, UT - Main - C02C",
a06Ro00000CO0r1IAD,342042,2025-12-11,2024-12-20,"Salt Lake City, UT","Salt Lake City, UT - Main - C06E",
a06Ro00000CO5EdIAL,342043,2025-12-11,2024-12-20,"Salt Lake City, UT","Salt Lake City, UT - Main - C06E",
a06Ro00000CO5EeIAL,342044,2025-12-11,2024-12-20,"Salt Lake City, UT","Salt Lake City, UT - Main - C06E",
a06Ro00000CO5EfIAL,342045,2025-12-11,2024-12-20,"Salt Lake City, UT","Salt Lake City, UT - Main - D02E",
a06Ro00000CO5EgIAL,342046,2025-12-11,2024-12-20,"Salt Lake City, UT","Salt Lake City, UT - Main - D02E",
a06Ro00000CO5EhIAL,342047,2025-12-11,2024-12-20,"Salt Lake City, UT","Salt Lake City, UT - Main - D02E",
a06Ro00000CO5EiIAL,342048,2025-12-11,2024-12-20,"Salt Lake City, UT","Salt Lake City, UT - Main - D02E",
a06Ro00000CO5EjIAL,342049,2025-12-11,2024-12-20,"Salt Lake City, UT","Salt Lake City, UT - Main - D02E",
a06Ro00000CO5EkIAL,342050,2025-12-11,2024-12-20,"Salt Lake City, UT","Salt Lake City, UT - Main - D02E",
a06Ro00000CO5ElIAL,342051,2025-12-11,2024-12-20,"Salt Lake City, UT","Salt Lake City, UT - Main - D02E",
a06Ro00000CO5EmIAL,342052,2025-12-11,2024-12-20,"Salt Lake City, UT","Salt Lake City, UT - Main - D02E",
a06Ro00000CO5EnIAL,342053,2025-12-11,2024-12-20,"Salt Lake City, UT","Salt Lake City, UT - Main - D02E",
a06Ro00000CO5EoIAL,342054,2025-12-11,2024-12-20,"Salt Lake City, UT","Salt Lake City, UT - Main - D02E",
a06Ro00000CO5EpIAL,342055,2025-12-11,2024-12-20,"Salt Lake City, UT","Salt Lake City, UT - Main - D02E",
a06Ro00000CO5EqIAL,342056,2025-12-11,2024-12-20,"Salt Lake City, UT","Salt Lake City, UT - Main - D02E",
a06Ro00000CO5ErIAL,342057,2025-12-11,2024-12-20,"Salt Lake City, UT","Salt Lake City, UT - Main - D02E",
a06Ro00000CO5EsIAL,342058,2025-12-11,2024-12-20,"Salt Lake City, UT","Salt Lake City, UT - Main - D02E",
a06Ro00000CO5EtIAL,342059,2025-12-11,2024-12-20,"Salt Lake City, UT","Salt Lake City, UT - Main - D02E",
a06Ro00000CO5EuIAL,342060,2025-12-11,2024-12-20,"Salt Lake City, UT","Salt Lake City, UT - Main - D02E",
a06Ro00000CO5EvIAL,342061,2025-12-11,2024-12-20,"Salt Lake City, UT","Salt Lake City, UT - Main - D02E",
a06Ro00000CO5EwIAL,342062,2025-12-11,2024-12-20,"Salt Lake City, UT","Salt Lake City, UT - Main - D02E",
a06Ro00000CO5ExIAL,342063,2025-12-11,2024-12-20,"Salt Lake City, UT","Salt Lake City, UT - Main - D02E",
a06Ro00000CO5EyIAL,342064,2025-12-11,2024-12-20,"Salt Lake City, UT","Salt Lake City, UT - Main - D02E",
a06Ro00000CO5EzIAL,342065,2025-12-11,2024-12-20,"Salt Lake City, UT","Salt Lake City, UT - Main - D02E",
a06Ro00000CO5F0IAL,342066,2025-12-11,2024-12-20,"Salt Lake City, UT","Salt Lake City, UT - Main - D02E",
a06Ro00000CO5F1IAL,342067,2025-12-11,2024-12-20,"Salt Lake City, UT","Salt Lake City, UT - Main - D02E",
a06Ro00000CO5F2IAL,342068,2025-12-11,2024-12-20,"Salt Lake City, UT","Salt Lake City, UT - Main - D02E",
a06Ro00000CO5F3IAL,342069,2025-12-11,2024-12-20,"Salt Lake City, UT","Salt Lake City, UT - Main - D02E",
a06Ro00000CO5F4IAL,342070,2025-12-11,2024-12-20,"Salt Lake City, UT","Salt Lake City, UT - Main - D02E",
a06Ro00000CO5F5IAL,342071,2025-12-11,2024-12-20,"Salt Lake City, UT","Salt Lake City, UT - Main - D02E",
a06Ro00000CO5F6IAL,342072,2025-12-11,2024-12-20,"Salt Lake City, UT","Salt Lake City, UT - Main - D02E",
a06Ro00000CO6eDIAT,342073,2025-12-11,2024-12-20,"Salt Lake City, UT","Salt Lake City, UT - Main - D02E",
a06Ro00000CO6eEIAT,342074,2025-12-11,2024-12-20,"Salt Lake City, UT","Salt Lake City, UT - Main - D02E",
a06Ro00000CO6eFIAT,342075,2025-12-11,2024-12-20,"Salt Lake City, UT","Salt Lake City, UT - Main - D02E",
a06Ro00000CO6eGIAT,342076,2025-12-11,2024-12-20,"Salt Lake City, UT","Salt Lake City, UT - Main - D02E",
a06Ro00000CO6eHIAT,342077,2025-12-11,2024-12-20,"Salt Lake City, UT","Salt Lake City, UT - Main - D02E",
a06Ro00000CO6eIIAT,342078,2025-12-11,2024-12-20,"Salt Lake City, UT","Salt Lake City, UT - Main - D02E",
a06Ro00000CO6eJIAT,342079,2025-12-11,2024-12-20,"Salt Lake City, UT","Salt Lake City, UT - Main - D02E",
a06Ro00000CO6eKIAT,342080,2025-12-11,2024-12-20,"Salt Lake City, UT","Salt Lake City, UT - Main - D02E",
a06Ro00000CO6eLIAT,342081,2025-12-11,2024-12-20,"Salt Lake City, UT","Salt Lake City, UT - Main - D02E",
a06Ro00000CO6eMIAT,342082,2025-12-11,2024-12-20,"Salt Lake City, UT","Salt Lake City, UT - Main - D02E",
a06Ro00000CO6eNIAT,342083,2025-12-11,2024-12-20,"Salt Lake City, UT","Salt Lake City, UT - Main - D02E",
a06Ro00000CO6eOIAT,342084,2025-12-11,2024-12-20,"Salt Lake City, UT","Salt Lake City, UT - Main - D02E",
a06Ro00000CO6ePIAT,342085,2025-12-11,2024-12-20,"Salt Lake City, UT","Salt Lake City, UT - Main - D02E",
a06Ro00000CO6eQIAT,342086,2025-12-11,2024-12-20,"Salt Lake City, UT","Salt Lake City, UT - Main - D02E",
a06Ro00000CO6eRIAT,342087,2025-12-11,2024-12-20,"Salt Lake City, UT","Salt Lake City, UT - Main - D02E",
a06Ro00000CO6eSIAT,342088,2025-12-11,2024-12-20,"Salt Lake City, UT","Salt Lake City, UT - Main - D02E",
a06Ro00000CO6eTIAT,342089,2025-12-11,2024-12-20,"Salt Lake City, UT","Salt Lake City, UT - Main - D02E",
a06Ro00000CO6eUIAT,342090,2025-12-11,2024-12-20,"Salt Lake City, UT","Salt Lake City, UT - Main - D02E",
a06Ro00000CO6eVIAT,342091,2025-12-11,2024-12-20,"Salt Lake City, UT","Salt Lake City, UT - Main - D02E",
a06Ro00000CO6eWIAT,342092,2025-12-11,2024-12-20,"Salt Lake City, UT","Salt Lake City, UT - Main - D02E",
a06Ro00000CO6eXIAT,342093,2025-12-11,2024-12-20,"Salt Lake City, UT","Salt Lake City, UT - Main - D02E",
a06Ro00000CO6eYIAT,342094,2025-12-11,2024-12-20,"Salt Lake City, UT","Salt Lake City, UT - Main - D02E",
a06Ro00000CO6eZIAT,342095,2025-12-11,2024-12-20,"Salt Lake City, UT","Salt Lake City, UT - Main - D02E",
a06Ro00000CO6eaIAD,342096,2025-12-11,2024-12-20,"Salt Lake City, UT","Salt Lake City, UT - Main - D02E",
a06Ro00000CO6ebIAD,342097,2025-12-11,2024-12-20,"Salt Lake City, UT","Salt Lake City, UT - Main - D02E",
a06Ro00000CO6ecIAD,342098,2025-12-11,2024-12-20,"Salt Lake City, UT","Salt Lake City, UT - Main - D02E",
a06Ro00000CO6edIAD,342099,2025-12-11,2024-12-20,"Salt Lake City, UT","Salt Lake City, UT - Main - D02E",
a06Ro00000CO6eeIAD,342100,2025-12-11,2024-12-20,"Salt Lake City, UT","Salt Lake City, UT - Main - D02E",
a06Ro00000CO6efIAD,342101,2025-12-11,2024-12-20,"Salt Lake City, UT","Salt Lake City, UT - Main - D02E",
a06Ro00000CO6lnIAD,342103,2025-12-11,,"Salt Lake City, UT","Salt Lake City, UT | Main C 01F","Salt Lake City, UT"
a06Ro00000CNXhsIAH,342448,2025-12-11,2024-12-20,"Salt Lake City, UT","Salt Lake City, UT - Main - C02B",
a06Ro00000CNXhtIAH,342449,2025-12-11,2024-12-20,"Salt Lake City, UT","Salt Lake City, UT - Main - C02B",
a06Ro00000CNXhuIAH,342450,2025-12-11,2024-12-20,"Salt Lake City, UT","Salt Lake City, UT - Main - C02B",
a06Ro00000CNXhvIAH,342451,2025-12-11,2024-12-20,"Salt Lake City, UT","Salt Lake City, UT - Main - C02B",
a06Ro00000CNXhwIAH,342452,2025-12-11,2024-12-20,"Salt Lake City, UT","Salt Lake City, UT - Main - C02B",
a06Ro00000CNXhxIAH,342453,2025-12-11,2024-12-20,"Salt Lake City, UT","Salt Lake City, UT - Main - C02B",
a06Ro00000CNXhyIAH,342454,2025-12-11,2024-12-20,"Salt Lake City, UT","Salt Lake City, UT - Main - C02B",
a06Ro00000CNXhzIAH,342455,2025-12-11,2024-12-20,"Salt Lake City, UT","Salt Lake City, UT - Main - C02B",
a06Ro00000CNXi0IAH,342456,2025-12-11,2024-12-20,"Salt Lake City, UT","Salt Lake City, UT - Main - C02B",
a06Ro00000CNXi6IAH,342462,2025-12-11,2024-12-20,"Salt Lake City, UT","Salt Lake City, UT - Main - C02B","Salt Lake City, UT"
a06Ro00000COA8CIAX,342463,2025-12-11,2024-12-20,"Salt Lake City, UT","Salt Lake City, UT - Main - C02B",
a06Ro00000COA8EIAX,342465,2025-12-11,2024-12-20,"Salt Lake City, UT","Salt Lake City, UT - Main - C02B",
a06Ro00000COA8FIAX,342466,2025-12-11,2024-12-20,"Salt Lake City, UT","Salt Lake City, UT - Main - C02B",
a06Ro00000COA8GIAX,342467,2025-12-11,2024-12-20,"Salt Lake City, UT","Salt Lake City, UT - Main - C02B",
a06Ro00000COA8HIAX,342468,2025-12-11,2024-12-20,"Salt Lake City, UT","Salt Lake City, UT - Main - C02B",
a06Ro00000COA8IIAX,342469,2025-12-11,2024-12-20,"Salt Lake City, UT","Salt Lake City, UT - Main - C02B",
a06Ro00000COA8KIAX,342471,2025-12-11,2024-12-20,"Salt Lake City, UT","Salt Lake City, UT - Main - C02B","Salt Lake City, UT"
a06Ro00000COA8LIAX,342472,2025-12-11,2024-12-20,"Salt Lake City, UT","Salt Lake City, UT - Main - C02B","Salt Lake City, UT"
a06Ro00000COA8NIAX,342474,2025-12-11,2024-12-20,"Salt Lake City, UT","Salt Lake City, UT - Main - C02B",
a06Ro00000COA8XIAX,342484,2025-12-11,2024-12-20,"Salt Lake City, UT","Salt Lake City, UT - Main - C02B",
a06Ro00000CO8MEIA1,342556,2025-12-11,2024-12-20,"Salt Lake City, UT","Salt Lake City, UT - Main - C02F",
a06Ro00000CO8MFIA1,342557,2025-12-11,2024-12-20,"Salt Lake City, UT","Salt Lake City, UT - Main - C02F",
a06Ro00000CO8MGIA1,342558,2025-12-11,2024-12-20,"Salt Lake City, UT","Salt Lake City, UT - Main - C02F",
a06Ro00000CO8MHIA1,342559,2025-12-11,2024-12-20,"Salt Lake City, UT","Salt Lake City, UT - Main - C02F",
a06Ro00000CO8MIIA1,342560,2025-12-11,2024-12-20,"Salt Lake City, UT","Salt Lake City, UT - Main - C02F",
a06Ro00000CO8MJIA1,342561,2025-12-11,2024-12-20,"Salt Lake City, UT","Salt Lake City, UT - Main - C02F",
a06Ro00000CO8MKIA1,342562,2025-12-11,2024-12-20,"Salt Lake City, UT","Salt Lake City, UT - Main - C02F",
a06Ro00000CO8MLIA1,342563,2025-12-11,2024-12-20,"Salt Lake City, UT","Salt Lake City, UT - Main - C02F",
a06Ro00000CO8MMIA1,342564,2025-12-11,2024-12-20,"Salt Lake City, UT","Salt Lake City, UT - Main - C02F",
a06Ro00000CO8MdIAL,342581,2025-12-11,2024-12-20,"Salt Lake City, UT","Salt Lake City, UT - Main - C02F",
a06Ro00000CNvCdIAL,342589,2025-12-11,2024-12-20,"Salt Lake City, UT","Salt Lake City, UT - Main - D05C",
a06Ro00000CNvCeIAL,342590,2025-12-11,2024-12-20,"Salt Lake City, UT","Salt Lake City, UT - Main - D05C",
a06Ro00000CNvCfIAL,342591,2025-12-11,2024-12-20,"Salt Lake City, UT","Salt Lake City, UT - Main - D05C",
a06Ro00000CNvCgIAL,342592,2025-12-11,2024-12-20,"Salt Lake City, UT","Salt Lake City, UT - Main - D05C",
a06Ro00000CNvChIAL,342593,2025-12-11,2024-12-20,"Salt Lake City, UT","Salt Lake City, UT - Main - D05C",
a06Ro00000CNvCyIAL,342610,2025-12-11,2024-12-20,"Salt Lake City, UT","Salt Lake City, UT - Main - C02F",
a06Ro00000CNvCzIAL,342611,2025-12-11,2024-12-20,"Salt Lake City, UT","Salt Lake City, UT - Main - C02F",
a06Ro00000CNvD0IAL,342612,2025-12-11,2024-12-20,"Salt Lake City, UT","Salt Lake City, UT - Main - C02F",
a06Ro00000CO4Y3IAL,342613,2025-12-11,2024-12-20,"Salt Lake City, UT","Salt Lake City, UT - Main - C02F",
a06Ro00000CO4Y4IAL,342614,2025-12-11,2024-12-20,"Salt Lake City, UT","Salt Lake City, UT - Main - C02F",
a06Ro00000CO4Y5IAL,342615,2025-12-11,2024-12-20,"Salt Lake City, UT","Salt Lake City, UT - Main - C02F",
a06Ro00000CO4Y6IAL,342616,2025-12-11,2024-12-20,"Salt Lake City, UT","Salt Lake City, UT - Main - C02F",
a06Ro00000CO4Y7IAL,342617,2025-12-11,2024-12-20,"Salt Lake City, UT","Salt Lake City, UT - Main - C02F",
a06Ro00000CO4Y8IAL,342618,2025-12-11,2024-12-20,"Salt Lake City, UT","Salt Lake City, UT - Main - C02F",
a06Ro00000CO4Y9IAL,342619,2025-12-11,2024-12-20,"Salt Lake City, UT","Salt Lake City, UT - Main - C02F",
a06Ro00000CO4YAIA1,342620,2025-12-11,2024-12-20,"Salt Lake City, UT","Salt Lake City, UT - Main - C02F",
a06Ro00000CO4YBIA1,342621,2025-12-11,2024-12-20,"Salt Lake City, UT","Salt Lake City, UT - Main - C02F",
a06Ro00000CO4YCIA1,342622,2025-12-11,2024-12-20,"Salt Lake City, UT","Salt Lake City, UT - Main - C02F",
a06Ro00000COALtIAP,342623,2025-12-11,2024-12-20,"Salt Lake City, UT","Salt Lake City, UT - Main - C02F",
a06Ro00000COALuIAP,342624,2025-12-11,2024-12-20,"Salt Lake City, UT","Salt Lake City, UT - Main - C02F",
a06Ro00000COALvIAP,342625,2025-12-11,2024-12-20,"Salt Lake City, UT","Salt Lake City, UT - Main - C02F",
a06Ro00000COALwIAP,342626,2025-12-11,2024-12-20,"Salt Lake City, UT","Salt Lake City, UT - Main - C02F",
a06Ro00000COALxIAP,342627,2025-12-11,2024-12-20,"Salt Lake City, UT","Salt Lake City, UT - Main - C02F",
a06Ro00000COALyIAP,342628,2025-12-11,2024-12-20,"Salt Lake City, UT","Salt Lake City, UT - Main - C02F",
a06Ro00000COALzIAP,342629,2025-12-11,2024-12-20,"Salt Lake City, UT","Salt Lake City, UT - Main - C02F",
a06Ro00000COAM0IAP,342630,2025-12-11,2024-12-20,"Salt Lake City, UT","Salt Lake City, UT - Main - C02E",
a06Ro00000COAM1IAP,342631,2025-12-11,2024-12-20,"Salt Lake City, UT","Salt Lake City, UT - Main - C02E",
a06Ro00000COAM2IAP,342632,2025-12-11,2024-12-20,"Salt Lake City, UT","Salt Lake City, UT - Main - C02E",
a06Ro00000COAM3IAP,342633,2025-12-11,2024-12-20,"Salt Lake City, UT","Salt Lake City, UT - Main - C02E",
a06Ro00000COAM4IAP,342634,2025-12-11,2024-12-20,"Salt Lake City, UT","Salt Lake City, UT - Main - C02E",
a06Ro00000COAM5IAP,342635,2025-12-11,2024-12-20,"Salt Lake City, UT","Salt Lake City, UT - Main - C02E",
a06Ro00000COAM6IAP,342636,2025-12-11,2024-12-20,"Salt Lake City, UT","Salt Lake City, UT - Main - C02E",
a06Ro00000COAM7IAP,342637,2025-12-11,2024-12-20,"Salt Lake City, UT","Salt Lake City, UT - Main - C02E",
a06Ro00000COAM8IAP,342638,2025-12-11,2024-12-20,"Salt Lake City, UT","Salt Lake City, UT - Main - C02E",
a06Ro00000COAM9IAP,342639,2025-12-11,2024-12-20,"Salt Lake City, UT","Salt Lake City, UT - Main - C02E",
a06Ro00000COAMAIA5,342640,2025-12-11,2024-12-20,"Salt Lake City, UT","Salt Lake City, UT - Main - C02E",
a06Ro00000COAMBIA5,342641,2025-12-11,2024-12-20,"Salt Lake City, UT","Salt Lake City, UT - Main - C02E",
a06Ro00000COAMCIA5,342642,2025-12-11,2024-12-20,"Salt Lake City, UT","Salt Lake City, UT - Main - C02E",
a06Ro00000CO7SDIA1,342643,2025-12-11,2024-12-20,"Salt Lake City, UT","Salt Lake City, UT - Main - C02E",
a06Ro00000CO7SEIA1,342644,2025-12-11,2024-12-20,"Salt Lake City, UT","Salt Lake City, UT - Main - C02E",
a06Ro00000CO7SFIA1,342645,2025-12-11,2024-12-20,"Salt Lake City, UT","Salt Lake City, UT - Main - C02E",
a06Ro00000CO7SGIA1,342646,2025-12-11,2024-12-20,"Salt Lake City, UT","Salt Lake City, UT - Main - C02E",
a06Ro00000CO7SHIA1,342647,2025-12-11,2024-12-20,"Salt Lake City, UT","Salt Lake City, UT - Main - C02E",
a06Ro00000CO7SIIA1,342648,2025-12-11,2024-12-20,"Salt Lake City, UT","Salt Lake City, UT - Main - C02E",
a06Ro00000CO7SJIA1,342649,2025-12-11,2024-12-20,"Salt Lake City, UT","Salt Lake City, UT - Main - C02E",
a06Ro00000CO7SKIA1,342650,2025-12-11,2024-12-20,"Salt Lake City, UT","Salt Lake City, UT - Main - C02E",
a06Ro00000CO7SLIA1,342651,2025-12-11,2024-12-20,"Salt Lake City, UT","Salt Lake City, UT - Main - C02E",
a06Ro00000CO7SMIA1,342652,2025-12-11,2024-12-20,"Salt Lake City, UT","Salt Lake City, UT - Main - C02E",
a06Ro00000CO7SNIA1,342653,2025-12-11,2024-12-20,"Salt Lake City, UT","Salt Lake City, UT - Main - C02E",
a06Ro00000CO7SOIA1,342654,2025-12-11,2024-12-20,"Salt Lake City, UT","Salt Lake City, UT - Main - C02E",
a06Ro00000CO7SPIA1,342655,2025-12-11,2024-12-20,"Salt Lake City, UT","Salt Lake City, UT - Main - C02E",
a06Ro00000CO7SQIA1,342656,2025-12-11,2024-12-20,"Salt Lake City, UT","Salt Lake City, UT - Main - C02E",
a06Ro00000CO7SRIA1,342657,2025-12-11,2024-12-20,"Salt Lake City, UT","Salt Lake City, UT - Main - C02E",
a06Ro00000CO7SSIA1,342658,2025-12-11,2024-12-20,"Salt Lake City, UT","Salt Lake City, UT - Main - C02E",
a06Ro00000CO7STIA1,342659,2025-12-11,2024-12-20,"Salt Lake City, UT","Salt Lake City, UT - Main - C02E",
a06Ro00000CO7SUIA1,342660,2025-12-11,2024-12-20,"Salt Lake City, UT","Salt Lake City, UT - Main - C02E",
a06Ro00000CO7SVIA1,342661,2025-12-11,2024-12-20,"Salt Lake City, UT","Salt Lake City, UT - Main - C02E",
a06Ro00000CO7SWIA1,342662,2025-12-11,2024-12-20,"Salt Lake City, UT","Salt Lake City, UT - Main - C02E",
a06Ro00000CO7SXIA1,342663,2025-12-11,2024-12-20,"Salt Lake City, UT","Salt Lake City, UT - Main - C02E",
a06Ro00000CO7SYIA1,342664,2025-12-11,2024-12-20,"Salt Lake City, UT","Salt Lake City, UT - Main - C02E",
a06Ro00000CO7SZIA1,342665,2025-12-11,2024-12-20,"Salt Lake City, UT","Salt Lake City, UT - Main - C02E",
a06Ro00000CO7SaIAL,342666,2025-12-11,2024-12-20,"Salt Lake City, UT","Salt Lake City, UT - Main - C02E",
a06Ro00000CO7SbIAL,342667,2025-12-11,2024-12-20,"Salt Lake City, UT","Salt Lake City, UT - Main - C02E",
a06Ro00000CO7ScIAL,342668,2025-12-11,2024-12-20,"Salt Lake City, UT","Salt Lake City, UT - Main - C02E",
a06Ro00000CO7SdIAL,342669,2025-12-11,2024-12-20,"Salt Lake City, UT","Salt Lake City, UT - Main - C02E",
a06Ro00000CO7SeIAL,342670,2025-12-11,2024-12-20,"Salt Lake City, UT","Salt Lake City, UT - Main - C02E",
a06Ro00000CO7SfIAL,342671,2025-12-11,2024-12-20,"Salt Lake City, UT","Salt Lake City, UT - Main - C02E",
a06Ro00000COANVIA5,342673,2025-12-11,2024-12-20,"Salt Lake City, UT","Salt Lake City, UT - Main - C04C",
a06Ro00000COANWIA5,342674,2025-12-11,2024-12-20,"Salt Lake City, UT","Salt Lake City, UT - Main - C04C",
a06Ro00000COANXIA5,342675,2025-12-11,2024-12-20,"Salt Lake City, UT","Salt Lake City, UT - Main - C04C",
a06Ro00000COANYIA5,342676,2025-12-11,2024-12-20,"Salt Lake City, UT","Salt Lake City, UT - Main - C04C",
a06Ro00000COANZIA5,342677,2025-12-11,2024-12-20,"Salt Lake City, UT","Salt Lake City, UT - Main - C04C",
a06Ro00000COANaIAP,342678,2025-12-11,2024-12-20,"Salt Lake City, UT","Salt Lake City, UT - Main - C04C",
a06Ro00000COANbIAP,342679,2025-12-11,2024-12-20,"Salt Lake City, UT","Salt Lake City, UT - Main - C04C",
a06Ro00000COANcIAP,342680,2025-12-11,2024-12-20,"Salt Lake City, UT","Salt Lake City, UT - Main - C04C",
a06Ro00000COANdIAP,342681,2025-12-11,2024-12-20,"Salt Lake City, UT","Salt Lake City, UT - Main - C04C",
a06Ro00000COANeIAP,342682,2025-12-11,2024-12-20,"Salt Lake City, UT","Salt Lake City, UT - Main - C04C",
a06Ro00000COANfIAP,342683,2025-12-11,2024-12-20,"Salt Lake City, UT","Salt Lake City, UT - Main - C04C",
a06Ro00000COANgIAP,342684,2025-12-11,2024-12-20,"Salt Lake City, UT","Salt Lake City, UT - Main - C04C",
a06Ro00000COANhIAP,342685,2025-12-11,2024-12-20,"Salt Lake City, UT","Salt Lake City, UT - Main - C04C",
a06Ro00000COANiIAP,342686,2025-12-11,2024-12-20,"Salt Lake City, UT","Salt Lake City, UT - Main - C04C",
a06Ro00000COANjIAP,342687,2025-12-11,2024-12-20,"Salt Lake City, UT","Salt Lake City, UT - Main - C04C",
a06Ro00000COANkIAP,342688,2025-12-11,2024-12-20,"Salt Lake City, UT","Salt Lake City, UT - Main - C04C",
a06Ro00000COANmIAP,342690,2025-12-11,2024-12-20,"Salt Lake City, UT","Salt Lake City, UT - Main - C12C",
a06Ro00000COANnIAP,342691,2025-12-11,2024-12-20,"Salt Lake City, UT","Salt Lake City, UT - Main - C02E",
a06Ro00000COANoIAP,342692,2025-12-11,2024-12-20,"Salt Lake City, UT","Salt Lake City, UT - Main - C02E",
a06Ro00000COANpIAP,342693,2025-12-11,2024-12-20,"Salt Lake City, UT","Salt Lake City, UT - Main - C02E",
a06Ro00000COANqIAP,342694,2025-12-11,2024-12-20,"Salt Lake City, UT","Salt Lake City, UT - Main - C02E",
a06Ro00000COANrIAP,342695,2025-12-11,2024-12-20,"Salt Lake City, UT","Salt Lake City, UT - Main - C02E",
a06Ro00000COANsIAP,342696,2025-12-11,2024-12-20,"Salt Lake City, UT","Salt Lake City, UT - Main - C02E",
a06Ro00000COANtIAP,342697,2025-12-11,2024-12-20,"Salt Lake City, UT","Salt Lake City, UT - Main - C02E",
a06Ro00000COANuIAP,342698,2025-12-11,2024-12-20,"Salt Lake City, UT","Salt Lake City, UT - Main - C02E",
a06Ro00000COANvIAP,342699,2025-12-11,2024-12-20,"Salt Lake City, UT","Salt Lake City, UT - Main - C02E",
a06Ro00000COANwIAP,342700,2025-12-11,2024-12-20,"Salt Lake City, UT","Salt Lake City, UT - Main - C02E",
a06Ro00000COANxIAP,342701,2025-12-11,2024-12-20,"Salt Lake City, UT","Salt Lake City, UT - Main - C02E",
a06Ro00000COANyIAP,342702,2025-12-11,2024-12-20,"Salt Lake City, UT","Salt Lake City, UT - Main - C02E",
a06Ro00000CO4SFIA1,342703,2025-12-11,2024-12-20,"Salt Lake City, UT","Salt Lake City, UT - Main - C02E",
a06Ro00000CO4SGIA1,342704,2025-12-11,2024-12-20,"Salt Lake City, UT","Salt Lake City, UT - Main - C02E",
a06Ro00000CO4SHIA1,342705,2025-12-11,2024-12-20,"Salt Lake City, UT","Salt Lake City, UT - Main - C02E",
a06Ro00000CO4SIIA1,342706,2025-12-11,2024-12-20,"Salt Lake City, UT","Salt Lake City, UT - Main - C02E",
a06Ro00000CO4SRIA1,342715,2025-12-11,2024-12-20,"Salt Lake City, UT","Salt Lake City, UT - Main - C02E",
a06Ro00000CO4SYIA1,342722,2025-12-11,2024-12-20,"Salt Lake City, UT","Salt Lake City, UT - Main - C02E",
a06Ro00000CO4SZIA1,342723,2025-12-11,2024-12-20,"Salt Lake City, UT","Salt Lake City, UT - Main - C02D",
a06Ro00000CO4SaIAL,342724,2025-12-11,2024-12-20,"Salt Lake City, UT","Salt Lake City, UT - Main - C02D",
a06Ro00000CO4SbIAL,342725,2025-12-11,2024-12-20,"Salt Lake City, UT","Salt Lake City, UT - Main - C02D",
a06Ro00000CO4ScIAL,342726,2025-12-11,2024-12-20,"Salt Lake City, UT","Salt Lake City, UT - Main - C02D",
a06Ro00000CO4SdIAL,342727,2025-12-11,2024-12-20,"Salt Lake City, UT","Salt Lake City, UT - Main - C02D",
a06Ro00000CO4SeIAL,342728,2025-12-11,2024-12-20,"Salt Lake City, UT","Salt Lake City, UT - Main - C02D",
a06Ro00000CO4SfIAL,342729,2025-12-11,2024-12-20,"Salt Lake City, UT","Salt Lake City, UT - Main - C02D",
a06Ro00000CO4SgIAL,342730,2025-12-11,2024-12-20,"Salt Lake City, UT","Salt Lake City, UT - Main - C02D",
a06Ro00000CO4ShIAL,342731,2025-12-11,2024-12-20,"Salt Lake City, UT","Salt Lake City, UT - Main - C02D",
a06Ro00000CO4SiIAL,342732,2025-12-11,2024-12-20,"Salt Lake City, UT","Salt Lake City, UT - Main - C02D",
a06Ro00000CO5p5IAD,342733,2025-12-11,2024-12-20,"Salt Lake City, UT","Salt Lake City, UT - Main - C02D",
a06Ro00000CO5p6IAD,342734,2025-12-11,2024-12-20,"Salt Lake City, UT","Salt Lake City, UT - Main - C02D",
a06Ro00000CO5p7IAD,342735,2025-12-11,2024-12-20,"Salt Lake City, UT","Salt Lake City, UT - Main - C02D",
a06Ro00000CO5p8IAD,342736,2025-12-11,2024-12-20,"Salt Lake City, UT","Salt Lake City, UT - Main - C02D",
a06Ro00000CO5p9IAD,342737,2025-12-11,2024-12-20,"Salt Lake City, UT","Salt Lake City, UT - Main - C02D",
a06Ro00000CO5pAIAT,342738,2025-12-11,2024-12-20,"Salt Lake City, UT","Salt Lake City, UT - Main - C02D",
a06Ro00000CO5pBIAT,342739,2025-12-11,2024-12-20,"Salt Lake City, UT","Salt Lake City, UT - Main - C02D",
a06Ro00000CO5pCIAT,342740,2025-12-11,2024-12-20,"Salt Lake City, UT","Salt Lake City, UT - Main - C02D",
a06Ro00000CO5pDIAT,342741,2025-12-11,2024-12-20,"Salt Lake City, UT","Salt Lake City, UT - Main - C02D",
a06Ro00000CO5pEIAT,342742,2025-12-11,2024-12-20,"Salt Lake City, UT","Salt Lake City, UT - Main - C02D",
a06Ro00000COAP7IAP,342743,2025-12-11,2024-12-20,"Salt Lake City, UT","Salt Lake City, UT - Main - C02D",
a06Ro00000COAP8IAP,342744,2025-12-11,2024-12-20,"Salt Lake City, UT","Salt Lake City, UT - Main - C02D",
a06Ro00000COAP9IAP,342745,2025-12-11,2024-12-20,"Salt Lake City, UT","Salt Lake City, UT - Main - C02D",
a06Ro00000COAPAIA5,342746,2025-12-11,2024-12-20,"Salt Lake City, UT","Salt Lake City, UT - Main - C02D",
a06Ro00000COAPBIA5,342747,2025-12-11,2024-12-20,"Salt Lake City, UT","Salt Lake City, UT - Main - C02D",
a06Ro00000COAPCIA5,342748,2025-12-11,2024-12-20,"Salt Lake City, UT","Salt Lake City, UT - Main - C02D",
a06Ro00000COAPDIA5,342749,2025-12-11,2024-12-20,"Salt Lake City, UT","Salt Lake City, UT - Main - C02D",
a06Ro00000COAPEIA5,342750,2025-12-11,2024-12-20,"Salt Lake City, UT","Salt Lake City, UT - Main - C02D",
a06Ro00000COAPFIA5,342751,2025-12-11,2024-12-20,"Salt Lake City, UT","Salt Lake City, UT - Main - C02D",
a06Ro00000COAPGIA5,342752,2025-12-11,2024-12-20,"Salt Lake City, UT","Salt Lake City, UT - Main - C02D",
a06Ro00000COAPHIA5,342753,2025-12-11,2024-12-20,"Salt Lake City, UT","Salt Lake City, UT - Main - C02D",
a06Ro00000COAPIIA5,342754,2025-12-11,2024-12-20,"Salt Lake City, UT","Salt Lake City, UT - Main - C02D",
a06Ro00000COAPJIA5,342755,2025-12-11,2024-12-20,"Salt Lake City, UT","Salt Lake City, UT - Main - C02D",
a06Ro00000COAPKIA5,342756,2025-12-11,2024-12-20,"Salt Lake City, UT","Salt Lake City, UT - Main - C02D",
a06Ro00000COAPLIA5,342757,2025-12-11,2024-12-20,"Salt Lake City, UT","Salt Lake City, UT - Main - C02D",
a06Ro00000COAPMIA5,342758,2025-12-11,2024-12-20,"Salt Lake City, UT","Salt Lake City, UT - Main - C02D",
a06Ro00000COAPNIA5,342759,2025-12-11,2024-12-20,"Salt Lake City, UT","Salt Lake City, UT - Main - C02D",
a06Ro00000COAPOIA5,342760,2025-12-11,2024-12-20,"Salt Lake City, UT","Salt Lake City, UT - Main - C02D",
a06Ro00000COAPPIA5,342761,2025-12-11,2024-12-20,"Salt Lake City, UT","Salt Lake City, UT - Main - C02D",
a06Ro00000COAPQIA5,342762,2025-12-11,2024-12-20,"Salt Lake City, UT","Salt Lake City, UT - Main - C02D",
a06Ro00000CO6XHIA1,342763,2025-12-11,2024-12-20,"Salt Lake City, UT","Salt Lake City, UT - Main - C02D",
a06Ro00000CO6XIIA1,342764,2025-12-11,2024-12-20,"Salt Lake City, UT","Salt Lake City, UT - Main - C02D",
a06Ro00000CO6XJIA1,342765,2025-12-11,2024-12-20,"Salt Lake City, UT","Salt Lake City, UT - Main - C02D",
a06Ro00000CO6XKIA1,342766,2025-12-11,2024-12-20,"Salt Lake City, UT","Salt Lake City, UT - Main - C02D",
a06Ro00000CO6XLIA1,342767,2025-12-11,2024-12-20,"Salt Lake City, UT","Salt Lake City, UT - Main - C02D",
a06Ro00000CO6XMIA1,342768,2025-12-11,2024-12-20,"Salt Lake City, UT","Salt Lake City, UT - Main - C02D",
a06Ro00000CO6XNIA1,342769,2025-12-11,2024-12-20,"Salt Lake City, UT","Salt Lake City, UT - Main - C02D",
a06Ro00000CO6XOIA1,342770,2025-12-11,2024-12-20,"Salt Lake City, UT","Salt Lake City, UT - Main - C02D",
a06Ro00000CO6XPIA1,342771,2025-12-11,2024-12-20,"Salt Lake City, UT","Salt Lake City, UT - Main - C02D",
a06Ro00000CO6XQIA1,342772,2025-12-11,2024-12-20,"Salt Lake City, UT","Salt Lake City, UT - Main - C02D",
a06Ro00000CO6XRIA1,342773,2025-12-11,2024-12-20,"Salt Lake City, UT","Salt Lake City, UT - Main - C02D",
a06Ro00000CO6XSIA1,342774,2025-12-11,2024-12-20,"Salt Lake City, UT","Salt Lake City, UT - Main - C02D",
a06Ro00000CO6XTIA1,342775,2025-12-11,2024-12-20,"Salt Lake City, UT","Salt Lake City, UT - Main - C02D",
a06Ro00000CO6XUIA1,342776,2025-12-11,2024-12-20,"Salt Lake City, UT","Salt Lake City, UT - Main - C02D",
a06Ro00000CO6XVIA1,342777,2025-12-11,2024-12-20,"Salt Lake City, UT","Salt Lake City, UT - Main - C02D",
a06Ro00000CO6XWIA1,342778,2025-12-11,2024-12-20,"Salt Lake City, UT","Salt Lake City, UT - Main - C02D",
a06Ro00000CO6XXIA1,342779,2025-12-11,2024-12-20,"Salt Lake City, UT","Salt Lake City, UT - Main - C02D",
a06Ro00000CO6XYIA1,342780,2025-12-11,2024-12-20,"Salt Lake City, UT","Salt Lake City, UT - Main - C02D",
a06Ro00000CO6XZIA1,342781,2025-12-11,2024-12-20,"Salt Lake City, UT","Salt Lake City, UT - Main - C02D",
a06Ro00000CO6XaIAL,342782,2025-12-11,2024-12-20,"Salt Lake City, UT","Salt Lake City, UT - Main - C02D",
a06Ro00000CO6XbIAL,342783,2025-12-11,2024-12-20,"Salt Lake City, UT","Salt Lake City, UT - Main - C02D",
a06Ro00000CO6XcIAL,342784,2025-12-11,2024-12-20,"Salt Lake City, UT","Salt Lake City, UT - Main - C02D",
a06Ro00000CO6XdIAL,342785,2025-12-11,2024-12-20,"Salt Lake City, UT","Salt Lake City, UT - Main - C02D",
a06Ro00000CO6XeIAL,342786,2025-12-11,2024-12-20,"Salt Lake City, UT","Salt Lake City, UT - Main - C02D",
a06Ro00000CO6XfIAL,342787,2025-12-11,2024-12-20,"Salt Lake City, UT","Salt Lake City, UT - Main - C02D",
a06Ro00000CO6XgIAL,342788,2025-12-11,2024-12-20,"Salt Lake City, UT","Salt Lake City, UT - Main - C02D",
a06Ro00000CO6XhIAL,342789,2025-12-11,2024-12-20,"Salt Lake City, UT","Salt Lake City, UT - Main - C02D",
a06Ro00000CO6XiIAL,342790,2025-12-11,2024-12-20,"Salt Lake City, UT","Salt Lake City, UT - Main - C02D",
a06Ro00000CO6XjIAL,342791,2025-12-11,2024-12-20,"Salt Lake City, UT","Salt Lake City, UT - Main - C02D",
a06Ro00000CO6XkIAL,342792,2025-12-11,2024-12-20,"Salt Lake City, UT","Salt Lake City, UT - Main - C02D",
a06Ro00000CO8h9IAD,342793,2025-12-11,2024-12-20,"Salt Lake City, UT","Salt Lake City, UT - Main - C02D",
a06Ro00000CO8hAIAT,342794,2025-12-11,2024-12-20,"Salt Lake City, UT","Salt Lake City, UT - Main - C02D",
a06Ro00000CO8hBIAT,342795,2025-12-11,2024-12-20,"Salt Lake City, UT","Salt Lake City, UT - Main - C02D",
a06Ro00000CO8hCIAT,342796,2025-12-11,2024-12-20,"Salt Lake City, UT","Salt Lake City, UT - Main - C02D",
a06Ro00000CO8hDIAT,342797,2025-12-11,2024-12-20,"Salt Lake City, UT","Salt Lake City, UT - Main - C02D",
a06Ro00000CO8hEIAT,342798,2025-12-11,2024-12-20,"Salt Lake City, UT","Salt Lake City, UT - Main - C02D",
a06Ro00000CO8hFIAT,342799,2025-12-11,2024-12-20,"Salt Lake City, UT","Salt Lake City, UT - Main - C02D",
a06Ro00000CO8hGIAT,342800,2025-12-11,2024-12-20,"Salt Lake City, UT","Salt Lake City, UT - Main - C02D",
a06Ro00000CO8hHIAT,342801,2025-12-11,2024-12-20,"Salt Lake City, UT","Salt Lake City, UT - Main - C02D",
a06Ro00000CO8hIIAT,342802,2025-12-11,2024-12-20,"Salt Lake City, UT","Salt Lake City, UT - Main - C02D",
a06Ro00000CO8hJIAT,342803,2025-12-11,2024-12-20,"Salt Lake City, UT","Salt Lake City, UT - Main - C02D",
a06Ro00000CO8hKIAT,342804,2025-12-11,2024-12-20,"Salt Lake City, UT","Salt Lake City, UT - Main - C02D",
a06Ro00000CO8hLIAT,342805,2025-12-11,2024-12-20,"Salt Lake City, UT","Salt Lake City, UT - Main - C02D",
a06Ro00000CO8hMIAT,342806,2025-12-11,2024-12-20,"Salt Lake City, UT","Salt Lake City, UT - Main - C02D",
a06Ro00000CO8hNIAT,342807,2025-12-11,2024-12-20,"Salt Lake City, UT","Salt Lake City, UT - Main - C02D",
a06Ro00000CO8hOIAT,342808,2025-12-11,2024-12-20,"Salt Lake City, UT","Salt Lake City, UT - Main - C02D",
a06Ro00000CO8hPIAT,342809,2025-12-11,2024-12-20,"Salt Lake City, UT","Salt Lake City, UT - Main - C02D",
a06Ro00000CO8hQIAT,342810,2025-12-11,2024-12-20,"Salt Lake City, UT","Salt Lake City, UT - Main - C02D",
a06Ro00000CO8hRIAT,342811,2025-12-11,2024-12-20,"Salt Lake City, UT","Salt Lake City, UT - Main - C02D",
a06Ro00000CO8hSIAT,342812,2025-12-11,2024-12-20,"Salt Lake City, UT","Salt Lake City, UT - Main - C02D",
a06Ro00000CO8hTIAT,342813,2025-12-11,2024-12-20,"Salt Lake City, UT","Salt Lake City, UT - Main - C02D",
a06Ro00000CO8hUIAT,342814,2025-12-11,2024-12-20,"Salt Lake City, UT","Salt Lake City, UT - Main - C02D",
a06Ro00000CO8hVIAT,342815,2025-12-11,2024-12-20,"Salt Lake City, UT","Salt Lake City, UT - Main - C02D",
a06Ro00000CO8hWIAT,342816,2025-12-11,2024-12-20,"Salt Lake City, UT","Salt Lake City, UT - Main - C02D",
a06Ro00000CO8hXIAT,342817,2025-12-11,2024-12-20,"Salt Lake City, UT","Salt Lake City, UT - Main - C02D",
a06Ro00000CO8hYIAT,342818,2025-12-11,2024-12-20,"Salt Lake City, UT","Salt Lake City, UT - Main - C02D",
a06Ro00000CO8hZIAT,342819,2025-12-11,2024-12-20,"Salt Lake City, UT","Salt Lake City, UT - Main - C02D",
a06Ro00000CO8haIAD,342820,2025-12-11,2024-12-20,"Salt Lake City, UT","Salt Lake City, UT - Main - C02D",
a06Ro00000COA9BIAX,342834,2025-12-11,2024-12-20,"Salt Lake City, UT","Salt Lake City, UT - Main - C02B",
a06Ro00000COA9HIAX,342840,2025-12-11,2024-12-20,"Salt Lake City, UT","Salt Lake City, UT - Main - C03F",
a06Ro00000COA9IIAX,342841,2025-12-11,2024-12-20,"Salt Lake City, UT","Salt Lake City, UT - Main - C03F",
a06Ro00000COA9JIAX,342842,2025-12-11,2024-12-20,"Salt Lake City, UT","Salt Lake City, UT - Main - C03F",
a06Ro00000COA9KIAX,342843,2025-12-11,2024-12-20,"Salt Lake City, UT","Salt Lake City, UT - Main - C03F",
a06Ro00000COA9LIAX,342844,2025-12-11,2024-12-20,"Salt Lake City, UT","Salt Lake City, UT - Main - C03F",
a06Ro00000COA9MIAX,342845,2025-12-11,2024-12-20,"Salt Lake City, UT","Salt Lake City, UT - Main - C03F",
a06Ro00000COA9NIAX,342846,2025-12-11,2024-12-20,"Salt Lake City, UT","Salt Lake City, UT - Main - C03F",
a06Ro00000COA9OIAX,342847,2025-12-11,2024-12-20,"Salt Lake City, UT","Salt Lake City, UT - Main - C03F",
a06Ro00000COA9PIAX,342848,2025-12-11,2024-12-20,"Salt Lake City, UT","Salt Lake City, UT - Main - C03F",
a06Ro00000COA9QIAX,342849,2025-12-11,2024-12-20,"Salt Lake City, UT","Salt Lake City, UT - Main - C03F",
a06Ro00000COA9RIAX,342850,2025-12-11,2024-12-20,"Salt Lake City, UT","Salt Lake City, UT - Main - C03F",
a06Ro00000COA9SIAX,342851,2025-12-11,2024-12-20,"Salt Lake City, UT","Salt Lake City, UT - Main - C03F",
a06Ro00000COA9TIAX,342852,2025-12-11,2024-12-20,"Salt Lake City, UT","Salt Lake City, UT - Main - C03F",
a06Ro00000CO6KrIAL,342853,2025-12-11,2024-12-20,"Salt Lake City, UT","Salt Lake City, UT - Main - C03F",
a06Ro00000CO6KsIAL,342854,2025-12-11,2024-12-20,"Salt Lake City, UT","Salt Lake City, UT - Main - C03F",
a06Ro00000CO6KtIAL,342855,2025-12-11,2024-12-20,"Salt Lake City, UT","Salt Lake City, UT - Main - C03F",
a06Ro00000CO6KuIAL,342856,2025-12-11,2024-12-20,"Salt Lake City, UT","Salt Lake City, UT - Main - C03F",
a06Ro00000CO6KvIAL,342857,2025-12-11,2024-12-20,"Salt Lake City, UT","Salt Lake City, UT - Main - C03F",
a06Ro00000CO6KwIAL,342858,2025-12-11,2024-12-20,"Salt Lake City, UT","Salt Lake City, UT - Main - C03F",
a06Ro00000CO6KxIAL,342859,2025-12-11,2024-12-20,"Salt Lake City, UT","Salt Lake City, UT - Main - C03F",
a06Ro00000CO6KyIAL,342860,2025-12-11,2024-12-20,"Salt Lake City, UT","Salt Lake City, UT - Main - C03F",
a06Ro00000CO6KzIAL,342861,2025-12-11,2024-12-20,"Salt Lake City, UT","Salt Lake City, UT - Main - C03F",
a06Ro00000CO6L0IAL,342862,2025-12-11,2024-12-20,"Salt Lake City, UT","Salt Lake City, UT - Main - C03F",
a06Ro00000CO6L2IAL,342864,2025-12-11,2024-12-20,"Salt Lake City, UT","Salt Lake City, UT - Main - C03F",
a06Ro00000CO6L3IAL,342865,2025-12-11,2024-12-20,"Salt Lake City, UT","Salt Lake City, UT - Main - C03F",
a06Ro00000CO6L4IAL,342866,2025-12-11,2024-12-20,"Salt Lake City, UT","Salt Lake City, UT - Main - D03C",
a06Ro00000CO6L5IAL,342867,2025-12-11,2024-12-20,"Salt Lake City, UT","Salt Lake City, UT - Main - D03C",
a06Ro00000CO6L6IAL,342868,2025-12-11,2024-12-20,"Salt Lake City, UT","Salt Lake City, UT - Main - D03C",
a06Ro00000CO6L7IAL,342869,2025-12-11,2024-12-20,"Salt Lake City, UT","Salt Lake City, UT - Main - C03F",
a06Ro00000CO6L8IAL,342870,2025-12-11,2024-12-20,"Salt Lake City, UT","Salt Lake City, UT - Main - C03F",
a06Ro00000CO6L9IAL,342871,2025-12-11,2024-12-20,"Salt Lake City, UT","Salt Lake City, UT - Main - C03F",
a06Ro00000CO2IAIA1,342929,2025-12-11,2024-12-20,"Salt Lake City, UT","Salt Lake City, UT | Main C 03C",
a06Ro00000CO2IFIA1,342934,2025-12-11,2024-12-20,"Salt Lake City, UT","Salt Lake City, UT - Main - C03F",
a06Ro00000CO2IKIA1,342939,2025-12-11,2024-12-20,"Salt Lake City, UT","Salt Lake City, UT - Main - C03E",
a06Ro00000CO2ILIA1,342940,2025-12-11,2024-12-20,"Salt Lake City, UT","Salt Lake City, UT - Main - C03E",
a06Ro00000CO2IMIA1,342941,2025-12-11,2024-12-20,"Salt Lake City, UT","Salt Lake City, UT - Main - C03E",
a06Ro00000CO2INIA1,342942,2025-12-11,2024-12-20,"Salt Lake City, UT","Salt Lake City, UT - Main - C03E","Salt Lake City, UT"
a06Ro00000CNzGoIAL,342943,2025-12-11,2024-12-20,"Salt Lake City, UT","Salt Lake City, UT - Main - C03F",
a06Ro00000CNzGpIAL,342944,2025-12-11,2024-12-20,"Salt Lake City, UT","Salt Lake City, UT - Main - C03F",
a06Ro00000CNzGqIAL,342945,2025-12-11,2024-12-20,"Salt Lake City, UT","Salt Lake City, UT - Main - C03F",
a06Ro00000CNzGrIAL,342946,2025-12-11,2024-12-20,"Salt Lake City, UT","Salt Lake City, UT - Main - C03F",
a06Ro00000CO7y1IAD,343005,2025-12-11,2024-12-20,"Salt Lake City, UT","Salt Lake City, UT - Main - C03E",
a06Ro00000CO7yRIAT,343031,2025-12-11,2024-12-20,"Salt Lake City, UT","Salt Lake City, UT - Main - C03F","Salt Lake City, UT"
a06Ro00000CO7ySIAT,343032,2025-12-11,2024-12-20,"Salt Lake City, UT","Salt Lake City, UT - Main - C03F",
a06Ro00000CO5wfIAD,343033,2025-12-11,2024-12-20,"Salt Lake City, UT","Salt Lake City, UT - Main - C03F",
a06Ro00000CO5wqIAD,343044,2025-12-11,2024-12-20,"Salt Lake City, UT","Salt Lake City, UT - Main - C03F",
a06Ro00000CO5wrIAD,343045,2025-12-11,2024-12-20,"Salt Lake City, UT","Salt Lake City, UT - Main - C03E",
a06Ro00000CO4NwIAL,343066,2025-12-11,2024-12-20,"Salt Lake City, UT","Salt Lake City, UT | Main D 05F","Salt Lake City, UT"
a06Ro00000CO4NyIAL,343068,2025-12-11,2024-12-20,"Salt Lake City, UT","Salt Lake City, UT - Main - C03E",
a06Ro00000CO4NzIAL,343069,2025-12-11,2024-12-20,"Salt Lake City, UT","Salt Lake City, UT - Main - C03E","Salt Lake City, UT"
a06Ro00000CO4O0IAL,343070,2025-12-11,2024-12-20,"Salt Lake City, UT","Salt Lake City, UT - Main - C03B",
a06Ro00000CO4O1IAL,343071,2025-12-11,2024-12-20,"Salt Lake City, UT","Salt Lake City, UT - Main - C03B",
a06Ro00000CO4O3IAL,343073,2025-12-11,2024-12-20,"Salt Lake City, UT","Salt Lake City, UT - Main - C03B",
a06Ro00000CO4O4IAL,343074,2025-12-11,2024-12-20,"Salt Lake City, UT","Salt Lake City, UT - Main - C03B",
a06Ro00000CO4O5IAL,343075,2025-12-11,2024-12-20,"Salt Lake City, UT","Salt Lake City, UT - Main - C03B",
a06Ro00000CO4O6IAL,343076,2025-12-11,2024-12-20,"Salt Lake City, UT","Salt Lake City, UT - Main - C03B",
a06Ro00000CO4O9IAL,343079,2025-12-11,2024-12-20,"Salt Lake City, UT","Salt Lake City, UT - Main - C03B",
a06Ro00000CO4OAIA1,343080,2025-12-11,2024-12-20,"Salt Lake City, UT","Salt Lake City, UT - Main - C03B",
a06Ro00000CO4OCIA1,343082,2025-12-11,2024-12-20,"Salt Lake City, UT","Salt Lake City, UT - Main - C03B",
a06Ro00000CO4OLIA1,343091,2025-12-11,2024-12-20,"Salt Lake City, UT","Salt Lake City, UT - Main - C03B",
a06Ro00000CO4OMIA1,343092,2025-12-11,2024-12-20,"Salt Lake City, UT","Salt Lake City, UT - Main - C03B",
a06Ro00000COA31IAH,343093,2025-12-11,2024-12-20,"Salt Lake City, UT","Salt Lake City, UT - Main - C03B",
a06Ro00000COA33IAH,343095,2025-12-11,2024-12-20,"Salt Lake City, UT","Salt Lake City, UT - Main - C03B",
a06Ro00000COA35IAH,343097,2025-12-11,2024-12-20,"Salt Lake City, UT","Salt Lake City, UT - Main - C03B",
a06Ro00000COA37IAH,343099,2025-12-11,2024-12-20,"Salt Lake City, UT","Salt Lake City, UT - Main - C03B",
a06Ro00000COA38IAH,343100,2025-12-11,2024-12-20,"Salt Lake City, UT","Salt Lake City, UT - Main - C03B",
a06Ro00000CO0McIAL,343187,2025-12-11,,"Salt Lake City, UT","Salt Lake City, UT | Main C 03E","Salt Lake City, UT"
a06Ro00000CO0MhIAL,343192,2029-05-13,,"Salt Lake City, UT","Salt Lake City, UT | Main C 06D","Milwaukee, WI"
a06Ro00000CO0MiIAL,343193,2029-05-14,,"Salt Lake City, UT","Salt Lake City, UT | Main C 06D","Milwaukee, WI"
a06Ro00000CO0MjIAL,343194,2025-12-11,2024-12-20,"Salt Lake City, UT","Salt Lake City, UT - Main - C06D",
a06Ro00000CO0MkIAL,343195,2025-12-11,2024-12-20,"Salt Lake City, UT","Salt Lake City, UT - Main - C06D",
a06Ro00000CO0MlIAL,343196,2025-12-11,2024-12-20,"Salt Lake City, UT","Salt Lake City, UT - Main - C06D",
a06Ro00000CO0MmIAL,343197,2025-12-11,2024-12-20,"Salt Lake City, UT","Salt Lake City, UT - Main - C06D",
a06Ro00000CO0MnIAL,343198,2025-12-11,2024-12-20,"Salt Lake City, UT","Salt Lake City, UT - Main - C06D",
a06Ro00000CO0MoIAL,343199,2025-12-11,2024-12-20,"Salt Lake City, UT","Salt Lake City, UT - Main - C06D",
a06Ro00000CO0MpIAL,343200,2025-12-11,,"Salt Lake City, UT","Salt Lake City, UT | Main C 06D","Milwaukee, WI"
a06Ro00000CO0MqIAL,343201,2025-12-11,,"Salt Lake City, UT","Salt Lake City, UT | Main C 06D","Milwaukee, WI"
a06Ro00000CO0MsIAL,343203,2025-12-11,2024-12-20,"Salt Lake City, UT","Salt Lake City, UT - Main - D02C",
a06Ro00000CO0MvIAL,343206,2025-12-11,2024-12-20,"Salt Lake City, UT","Salt Lake City, UT - Main - D02C",
a06Ro00000CO0MwIAL,343207,2025-12-11,2024-12-20,"Salt Lake City, UT","Salt Lake City, UT - Main - D02C",
a06Ro00000CO0N0IAL,343211,2025-12-11,2024-12-20,"Salt Lake City, UT","Salt Lake City, UT - Main - D02C",
a06Ro00000CO0N1IAL,343212,2025-12-11,2024-12-20,"Salt Lake City, UT","Salt Lake City, UT - Main - D02C",
a06Ro00000CO62dIAD,343213,2025-12-11,2024-12-20,"Salt Lake City, UT","Salt Lake City, UT - Main - D02C",
a06Ro00000CO62eIAD,343214,2025-12-11,2024-12-20,"Salt Lake City, UT","Salt Lake City, UT - Main - D02C",
a06Ro00000CO62nIAD,343223,2025-12-11,2024-12-20,"Salt Lake City, UT","Salt Lake City, UT - Main - C02E",
a06Ro00000CO62oIAD,343224,2025-12-11,2024-12-20,"Salt Lake City, UT","Salt Lake City, UT - Main - C02E",
a06Ro00000CO62pIAD,343225,2025-12-11,2024-12-20,"Salt Lake City, UT","Salt Lake City, UT - Main - C02E",
a06Ro00000CO62qIAD,343226,2025-12-11,2024-12-20,"Salt Lake City, UT","Salt Lake City, UT - Main - C02E",
a06Ro00000CO62rIAD,343227,2025-12-11,2024-12-20,"Salt Lake City, UT","Salt Lake City, UT - Main - C02E",
a06Ro00000CO62sIAD,343228,2025-12-11,2024-12-20,"Salt Lake City, UT","Salt Lake City, UT - Main - C02E",
a06Ro00000CO62tIAD,343229,2025-12-11,2024-12-20,"Salt Lake City, UT","Salt Lake City, UT - Main - C02E",
a06Ro00000CO62uIAD,343230,2025-12-11,2024-12-20,"Salt Lake City, UT","Salt Lake City, UT - Main - C02D",
a06Ro00000CO62vIAD,343231,2025-12-11,2024-12-20,"Salt Lake City, UT","Salt Lake City, UT - Main - C02D",
a06Ro00000CO62wIAD,343232,2025-12-11,2024-12-20,"Salt Lake City, UT","Salt Lake City, UT - Main - C02D",
a06Ro00000CO62xIAD,343233,2025-12-11,2024-12-20,"Salt Lake City, UT","Salt Lake City, UT - Main - C02D",
a06Ro00000CO62yIAD,343234,2025-12-11,2024-12-20,"Salt Lake City, UT","Salt Lake City, UT - Main - C02D",
a06Ro00000CO62zIAD,343235,2025-12-11,2024-12-20,"Salt Lake City, UT","Salt Lake City, UT - Main - C02D",
a06Ro00000CO630IAD,343236,2025-12-11,2024-12-20,"Salt Lake City, UT","Salt Lake City, UT - Main - C02D",
a06Ro00000CO631IAD,343237,2025-12-11,2024-12-20,"Salt Lake City, UT","Salt Lake City, UT - Main - C02D",
a06Ro00000CO632IAD,343238,2025-12-11,2024-12-20,"Salt Lake City, UT","Salt Lake City, UT - Main - C02D",
a06Ro00000CO633IAD,343239,2025-12-11,2024-12-20,"Salt Lake City, UT","Salt Lake City, UT - Main - C02D",
a06Ro00000CO634IAD,343240,2025-12-11,2024-12-20,"Salt Lake City, UT","Salt Lake City, UT - Main - C02D",
a06Ro00000CO635IAD,343241,2025-12-11,2024-12-20,"Salt Lake City, UT","Salt Lake City, UT - Main - C02D",
a06Ro00000CO636IAD,343242,2025-12-11,2024-12-20,"Salt Lake City, UT","Salt Lake City, UT - Main - C02D",
a06Ro00000CO2oeIAD,343243,2025-12-11,2024-12-20,"Salt Lake City, UT","Salt Lake City, UT - Main - C02D",
a06Ro00000CO2ofIAD,343244,2025-12-11,2024-12-20,"Salt Lake City, UT","Salt Lake City, UT - Main - C02D",
a06Ro00000CO2ogIAD,343245,2025-12-11,2024-12-20,"Salt Lake City, UT","Salt Lake City, UT - Main - C02D",
a06Ro00000CO2ohIAD,343246,2025-12-11,2024-12-20,"Salt Lake City, UT","Salt Lake City, UT - Main - C02D",
a06Ro00000CO2oiIAD,343247,2025-12-11,2024-12-20,"Salt Lake City, UT","Salt Lake City, UT - Main - C02D",
a06Ro00000CO2ojIAD,343248,2025-12-11,2024-12-20,"Salt Lake City, UT","Salt Lake City, UT - Main - C02D",
a06Ro00000CO2okIAD,343249,2025-12-11,2024-12-20,"Salt Lake City, UT","Salt Lake City, UT - Main - C02D",
a06Ro00000CO2olIAD,343250,2025-12-11,2024-12-20,"Salt Lake City, UT","Salt Lake City, UT - Main - C02D",
a06Ro00000CO2omIAD,343251,2025-12-11,2024-12-20,"Salt Lake City, UT","Salt Lake City, UT - Main - C02D",
a06Ro00000CO2onIAD,343252,2025-12-11,2024-12-20,"Salt Lake City, UT","Salt Lake City, UT - Main - C02D",
a06Ro00000CO2ooIAD,343253,2025-12-11,2024-12-20,"Salt Lake City, UT","Salt Lake City, UT - Main - C02D",
a06Ro00000CO2opIAD,343254,2025-12-11,2024-12-20,"Salt Lake City, UT","Salt Lake City, UT - Main - C02D",
a06Ro00000CO2oqIAD,343255,2025-12-11,2024-12-20,"Salt Lake City, UT","Salt Lake City, UT - Main - C02D",
a06Ro00000CO2orIAD,343256,2025-12-11,2024-12-20,"Salt Lake City, UT","Salt Lake City, UT - Main - C02D",
a06Ro00000CO2osIAD,343257,2025-12-11,2024-12-20,"Salt Lake City, UT","Salt Lake City, UT - Main - C02D",
a06Ro00000CO2otIAD,343258,2025-12-11,2024-12-20,"Salt Lake City, UT","Salt Lake City, UT - Main - C02D",
a06Ro00000CO2ouIAD,343259,2025-12-11,2024-12-20,"Salt Lake City, UT","Salt Lake City, UT - Main - C02D",
a06Ro00000CO2ovIAD,343260,2025-12-11,2024-12-20,"Salt Lake City, UT","Salt Lake City, UT - Main - C02D",
a06Ro00000CO2owIAD,343261,2025-12-11,2024-12-20,"Salt Lake City, UT","Salt Lake City, UT - Main - C02D",
a06Ro00000CO2oxIAD,343262,2025-12-11,2024-12-20,"Salt Lake City, UT","Salt Lake City, UT - Main - C02D",
a06Ro00000CO2oyIAD,343263,2025-12-11,2024-12-20,"Salt Lake City, UT","Salt Lake City, UT - Main - C02D",
a06Ro00000CO2ozIAD,343264,2025-12-11,2024-12-20,"Salt Lake City, UT","Salt Lake City, UT - Main - C02D",
a06Ro00000CO2p0IAD,343265,2025-12-11,2024-12-20,"Salt Lake City, UT","Salt Lake City, UT - Main - C02D",
a06Ro00000CO2p1IAD,343266,2025-12-11,2024-12-20,"Salt Lake City, UT","Salt Lake City, UT - Main - C02D",
a06Ro00000CO2p2IAD,343267,2025-12-11,2024-12-20,"Salt Lake City, UT","Salt Lake City, UT - Main - C02D",
a06Ro00000CO2p3IAD,343268,2025-12-11,2024-12-20,"Salt Lake City, UT","Salt Lake City, UT - Main - C02D",
a06Ro00000CO2p4IAD,343269,2025-12-11,2024-12-20,"Salt Lake City, UT","Salt Lake City, UT - Main - C02D",
a06Ro00000CO2p5IAD,343270,2025-12-11,2024-12-20,"Salt Lake City, UT","Salt Lake City, UT - Main - C02D",
a06Ro00000CO2p6IAD,343271,2025-12-11,2024-12-20,"Salt Lake City, UT","Salt Lake City, UT - Main - C02D",
a06Ro00000CO2p7IAD,343272,2025-12-11,2024-12-20,"Salt Lake City, UT","Salt Lake City, UT - Main - C02D",
a06Ro00000CO3pYIAT,343273,2025-12-11,2024-12-20,"Salt Lake City, UT","Salt Lake City, UT - Main - C02D",
a06Ro00000CO3pZIAT,343274,2025-12-11,2024-12-20,"Salt Lake City, UT","Salt Lake City, UT - Main - C02D",
a06Ro00000CO3paIAD,343275,2025-12-11,2024-12-20,"Salt Lake City, UT","Salt Lake City, UT - Main - C02D",
a06Ro00000CO3pbIAD,343276,2025-12-11,2024-12-20,"Salt Lake City, UT","Salt Lake City, UT - Main - C02D",
a06Ro00000CO3pcIAD,343277,2025-12-11,2024-12-20,"Salt Lake City, UT","Salt Lake City, UT - Main - C02D",
a06Ro00000CO3pdIAD,343278,2025-12-11,2024-12-20,"Salt Lake City, UT","Salt Lake City, UT - Main - C02D",
a06Ro00000CO3peIAD,343279,2025-12-11,2024-12-20,"Salt Lake City, UT","Salt Lake City, UT - Main - C02D",
a06Ro00000CO3pfIAD,343280,2025-12-11,2024-12-20,"Salt Lake City, UT","Salt Lake City, UT - Main - C02D",
a06Ro00000CO3pgIAD,343281,2025-12-11,2024-12-20,"Salt Lake City, UT","Salt Lake City, UT - Main - C02D",
a06Ro00000CO3piIAD,343283,2029-08-12,2024-12-20,"Salt Lake City, UT","Salt Lake City, UT | Main C 02D",
a06Ro00000CO3pjIAD,343284,2025-12-11,2024-12-20,"Salt Lake City, UT","Salt Lake City, UT - Main - C02D",
a06Ro00000CO3pkIAD,343285,2025-12-11,2024-12-20,"Salt Lake City, UT","Salt Lake City, UT - Main - C02D",
a06Ro00000CO3plIAD,343286,2025-12-11,2024-12-20,"Salt Lake City, UT","Salt Lake City, UT - Main - C02D",
a06Ro00000CO3pmIAD,343287,2025-12-11,2024-12-20,"Salt Lake City, UT","Salt Lake City, UT - Main - C02D",
a06Ro00000CO3pnIAD,343288,2025-12-11,2024-12-20,"Salt Lake City, UT","Salt Lake City, UT - Main - C02D",
a06Ro00000CO3poIAD,343289,2025-12-11,2024-12-20,"Salt Lake City, UT","Salt Lake City, UT - Main - C02D",
a06Ro00000CO3ppIAD,343290,2025-12-11,2024-12-20,"Salt Lake City, UT","Salt Lake City, UT - Main - C02D",
a06Ro00000CO3psIAD,343293,2025-12-11,2024-12-20,"Salt Lake City, UT","Salt Lake City, UT - Main - C02D",
a06Ro00000CO3ptIAD,343294,2025-12-11,2024-12-20,"Salt Lake City, UT","Salt Lake City, UT - Main - C02D",
a06Ro00000CO3puIAD,343295,2025-12-11,2024-12-20,"Salt Lake City, UT","Salt Lake City, UT - Main - C02D",
a06Ro00000CO3pvIAD,343296,2025-12-11,2024-12-20,"Salt Lake City, UT","Salt Lake City, UT - Main - C02D",
a06Ro00000CO3pwIAD,343297,2025-12-11,2024-12-20,"Salt Lake City, UT","Salt Lake City, UT - Main - C02D",
a06Ro00000CO3pxIAD,343298,2025-12-11,2024-12-20,"Salt Lake City, UT","Salt Lake City, UT - Main - C02D",
a06Ro00000CO3pyIAD,343299,2025-12-11,2024-12-20,"Salt Lake City, UT","Salt Lake City, UT - Main - C02D",
a06Ro00000CO3pzIAD,343300,2025-12-11,2024-12-20,"Salt Lake City, UT","Salt Lake City, UT - Main - C02D",
a06Ro00000CO3q0IAD,343301,2025-12-11,2024-12-20,"Salt Lake City, UT","Salt Lake City, UT - Main - C02D",
a06Ro00000CO3q1IAD,343302,2025-12-11,2024-12-20,"Salt Lake City, UT","Salt Lake City, UT - Main - C02D",
a06Ro00000CO4fAIAT,343303,2025-12-11,2024-12-20,"Salt Lake City, UT","Salt Lake City, UT - Main - C02D",
a06Ro00000CO4fBIAT,343304,2025-12-11,2024-12-20,"Salt Lake City, UT","Salt Lake City, UT - Main - C02D",
a06Ro00000CO4fEIAT,343307,2025-12-11,2024-12-20,"Salt Lake City, UT","Salt Lake City, UT - Main - C02D",
a06Ro00000CO4fFIAT,343308,2025-12-11,2024-12-20,"Salt Lake City, UT","Salt Lake City, UT - Main - C02D",
a06Ro00000CO4fGIAT,343309,2025-12-11,2024-12-20,"Salt Lake City, UT","Salt Lake City, UT - Main - C02D",
a06Ro00000CO4fHIAT,343310,2025-12-11,2024-12-20,"Salt Lake City, UT","Salt Lake City, UT - Main - C02D",
a06Ro00000CO4fIIAT,343311,2025-12-11,2024-12-20,"Salt Lake City, UT","Salt Lake City, UT - Main - C02D",
a06Ro00000CO4fKIAT,343313,2025-12-11,2024-12-20,"Salt Lake City, UT","Salt Lake City, UT - Main - C02D",
a06Ro00000CO4fLIAT,343314,2025-12-11,2024-12-20,"Salt Lake City, UT","Salt Lake City, UT - Main - C02D",
a06Ro00000CO4fMIAT,343315,2025-12-11,2024-12-20,"Salt Lake City, UT","Salt Lake City, UT - Main - C02D",
a06Ro00000CO4fNIAT,343316,2025-12-11,2024-12-20,"Salt Lake City, UT","Salt Lake City, UT - Main - C02D",
a06Ro00000CO4fOIAT,343317,2029-09-15,2024-12-20,"Salt Lake City, UT","Salt Lake City, UT | Main C 02D",
a06Ro00000CO4fPIAT,343318,2025-12-11,2024-12-20,"Salt Lake City, UT","Salt Lake City, UT - Main - C02D",
a06Ro00000CO4fQIAT,343319,2025-12-11,2024-12-20,"Salt Lake City, UT","Salt Lake City, UT - Main - C02D",
a06Ro00000CO4fRIAT,343320,2025-12-11,2024-12-20,"Salt Lake City, UT","Salt Lake City, UT - Main - C02D",
a06Ro00000CO4fSIAT,343321,2025-12-11,2024-12-20,"Salt Lake City, UT","Salt Lake City, UT - Main - C02D",
a06Ro00000CO4fTIAT,343322,2025-12-11,2024-12-20,"Salt Lake City, UT","Salt Lake City, UT - Main - C02D",
a06Ro00000CO4fUIAT,343323,2025-12-11,2024-12-20,"Salt Lake City, UT","Salt Lake City, UT - Main - C02D",
a06Ro00000CO4fVIAT,343324,2025-12-11,2024-12-20,"Salt Lake City, UT","Salt Lake City, UT - Main - C02D",
a06Ro00000CO4fWIAT,343325,2025-12-11,2024-12-20,"Salt Lake City, UT","Salt Lake City, UT - Main - C02D",
a06Ro00000CO4fXIAT,343326,2025-12-11,2024-12-20,"Salt Lake City, UT","Salt Lake City, UT - Main - C02D",
a06Ro00000CO4fYIAT,343327,2025-12-11,2024-12-20,"Salt Lake City, UT","Salt Lake City, UT - Main - C02D",
a06Ro00000CO4fZIAT,343328,2025-12-11,2024-12-20,"Salt Lake City, UT","Salt Lake City, UT - Main - C02D",
a06Ro00000CO4faIAD,343329,2025-12-11,2024-12-20,"Salt Lake City, UT","Salt Lake City, UT - Main - C02D",
a06Ro00000CO4fbIAD,343330,2025-12-11,2024-12-20,"Salt Lake City, UT","Salt Lake City, UT - Main - C02D",
a06Ro00000CO4fcIAD,343331,2025-12-11,2024-12-20,"Salt Lake City, UT","Salt Lake City, UT - Main - C02D",
a06Ro00000CO4fdIAD,343332,2025-12-11,2024-12-20,"Salt Lake City, UT","Salt Lake City, UT - Main - C02D",
a06Ro00000CO6vTIAT,343333,2025-12-11,2024-12-20,"Salt Lake City, UT","Salt Lake City, UT - Main - C02D",
a06Ro00000CO6vUIAT,343334,2025-12-11,2024-12-20,"Salt Lake City, UT","Salt Lake City, UT - Main - C02D",
a06Ro00000CO6vVIAT,343335,2025-12-11,2024-12-20,"Salt Lake City, UT","Salt Lake City, UT - Main - C02D",
a06Ro00000CO6vWIAT,343336,2025-12-11,2024-12-20,"Salt Lake City, UT","Salt Lake City, UT - Main - C02D",
a06Ro00000CO6vXIAT,343337,2025-12-11,2024-12-20,"Salt Lake City, UT","Salt Lake City, UT - Main - C02D",
a06Ro00000CO6vYIAT,343338,2025-12-11,2024-12-20,"Salt Lake City, UT","Salt Lake City, UT - Main - C02D",
a06Ro00000CO6vZIAT,343339,2025-12-11,2024-12-20,"Salt Lake City, UT","Salt Lake City, UT - Main - C02D",
a06Ro00000CO6vaIAD,343340,2025-12-11,2024-12-20,"Salt Lake City, UT","Salt Lake City, UT - Main - C02D",
a06Ro00000CO6vbIAD,343341,2025-12-11,2024-12-20,"Salt Lake City, UT","Salt Lake City, UT - Main - C02D",
a06Ro00000CO6vcIAD,343342,2025-12-11,2024-12-20,"Salt Lake City, UT","Salt Lake City, UT - Main - C02D",
a06Ro00000CO6vdIAD,343343,2025-12-11,2024-12-20,"Salt Lake City, UT","Salt Lake City, UT - Main - C02D",
a06Ro00000CO6veIAD,343344,2025-12-11,2024-12-20,"Salt Lake City, UT","Salt Lake City, UT - Main - C02D",
a06Ro00000CO6vfIAD,343345,2025-12-11,2024-12-20,"Salt Lake City, UT","Salt Lake City, UT - Main - C02D",
a06Ro00000CO6vgIAD,343346,2025-12-11,2024-12-20,"Salt Lake City, UT","Salt Lake City, UT - Main - C02D",
a06Ro00000CO6vhIAD,343347,2025-12-11,2024-12-20,"Salt Lake City, UT","Salt Lake City, UT - Main - C02D",
a06Ro00000CO6viIAD,343348,2025-12-11,2024-12-20,"Salt Lake City, UT","Salt Lake City, UT - Main - C02D",
a06Ro00000CO6vjIAD,343349,2025-12-11,2024-12-20,"Salt Lake City, UT","Salt Lake City, UT - Main - C02D",
a06Ro00000CO6vkIAD,343350,2025-12-11,2024-12-20,"Salt Lake City, UT","Salt Lake City, UT - Main - C02D",
a06Ro00000CO6vlIAD,343351,2025-12-11,2024-12-20,"Salt Lake City, UT","Salt Lake City, UT - Main - C02D",
a06Ro00000CO6vmIAD,343352,2025-12-11,2024-12-20,"Salt Lake City, UT","Salt Lake City, UT - Main - C02D",
a06Ro00000CO6vnIAD,343353,2025-12-11,2024-12-20,"Salt Lake City, UT","Salt Lake City, UT - Main - C02D",
a06Ro00000CO6voIAD,343354,2025-12-11,2024-12-20,"Salt Lake City, UT","Salt Lake City, UT - Main - C02D",
a06Ro00000CO6vpIAD,343355,2025-12-11,2024-12-20,"Salt Lake City, UT","Salt Lake City, UT - Main - C02D",
a06Ro00000CO6vqIAD,343356,2025-12-11,2024-12-20,"Salt Lake City, UT","Salt Lake City, UT - Main - C02D",
a06Ro00000CO6vrIAD,343357,2025-12-11,2024-12-20,"Salt Lake City, UT","Salt Lake City, UT - Main - C02D",
a06Ro00000CO6vsIAD,343358,2025-12-11,2024-12-20,"Salt Lake City, UT","Salt Lake City, UT - Main - C02D",
a06Ro00000CO6vtIAD,343359,2025-12-11,2024-12-20,"Salt Lake City, UT","Salt Lake City, UT - Main - C02D",
a06Ro00000CO6vuIAD,343360,2025-12-11,2024-12-20,"Salt Lake City, UT","Salt Lake City, UT - Main - C02D",
a06Ro00000CO6vvIAD,343361,2025-12-11,2024-12-20,"Salt Lake City, UT","Salt Lake City, UT - Main - C02D",
a06Ro00000CO6vwIAD,343362,2025-12-11,2024-12-20,"Salt Lake City, UT","Salt Lake City, UT - Main - C02D",
a06Ro00000CNy0HIAT,343363,2025-12-11,2024-12-20,"Salt Lake City, UT","Salt Lake City, UT - Main - C02D",
a06Ro00000CNy0IIAT,343364,2025-12-11,2024-12-20,"Salt Lake City, UT","Salt Lake City, UT - Main - C02D",
a06Ro00000CNy0JIAT,343365,2025-12-11,2024-12-20,"Salt Lake City, UT","Salt Lake City, UT - Main - C02D",
a06Ro00000CNy0KIAT,343366,2025-12-11,2024-12-20,"Salt Lake City, UT","Salt Lake City, UT - Main - C02D",
a06Ro00000CNy0LIAT,343367,2025-12-11,2024-12-20,"Salt Lake City, UT","Salt Lake City, UT - Main - C02D",
a06Ro00000CNy0MIAT,343368,2025-12-11,2024-12-20,"Salt Lake City, UT","Salt Lake City, UT - Main - C02D",
a06Ro00000CNy0NIAT,343369,2025-12-11,2024-12-20,"Salt Lake City, UT","Salt Lake City, UT - Main - C02D",
a06Ro00000CNy0OIAT,343370,2025-12-11,2024-12-20,"Salt Lake City, UT","Salt Lake City, UT - Main - C02D",
a06Ro00000CNy0PIAT,343371,2025-12-11,2024-12-20,"Salt Lake City, UT","Salt Lake City, UT - Main - C02D",
a06Ro00000CNy0QIAT,343372,2025-12-11,2024-12-20,"Salt Lake City, UT","Salt Lake City, UT - Main - C02D",
a06Ro00000CNy0RIAT,343373,2025-12-11,2024-12-20,"Salt Lake City, UT","Salt Lake City, UT - Main - C02D",
a06Ro00000CNy0SIAT,343374,2025-12-11,2024-12-20,"Salt Lake City, UT","Salt Lake City, UT - Main - C02D",
a06Ro00000CNy0TIAT,343375,2025-12-11,2024-12-20,"Salt Lake City, UT","Salt Lake City, UT - Main - C02D",
a06Ro00000CNy0UIAT,343376,2025-12-11,2024-12-20,"Salt Lake City, UT","Salt Lake City, UT - Main - C02D",
a06Ro00000CNy0VIAT,343377,2025-12-11,2024-12-20,"Salt Lake City, UT","Salt Lake City, UT - Main - C02D",
a06Ro00000CNy0WIAT,343378,2025-12-11,2024-12-20,"Salt Lake City, UT","Salt Lake City, UT - Main - C02D",
a06Ro00000CNy0XIAT,343379,2025-12-11,2024-12-20,"Salt Lake City, UT","Salt Lake City, UT - Main - C02D",
a06Ro00000CNy0YIAT,343380,2025-12-11,2024-12-20,"Salt Lake City, UT","Salt Lake City, UT - Main - C02D",
a06Ro00000CNy0ZIAT,343381,2025-12-11,2024-12-20,"Salt Lake City, UT","Salt Lake City, UT - Main - C02D",
a06Ro00000CNy0aIAD,343382,2025-12-11,2024-12-20,"Salt Lake City, UT","Salt Lake City, UT - Main - C02D",
a06Ro00000CNy0bIAD,343383,2025-12-11,2024-12-20,"Salt Lake City, UT","Salt Lake City, UT - Main - C02D",
a06Ro00000CNy0cIAD,343384,2025-12-11,2024-12-20,"Salt Lake City, UT","Salt Lake City, UT - Main - C02D",
a06Ro00000CNy0dIAD,343385,2025-12-11,2024-12-20,"Salt Lake City, UT","Salt Lake City, UT - Main - C02D",
a06Ro00000CNy0eIAD,343386,2025-12-11,2024-12-20,"Salt Lake City, UT","Salt Lake City, UT - Main - C02D",
a06Ro00000CNy0fIAD,343387,2025-12-11,2024-12-20,"Salt Lake City, UT","Salt Lake City, UT - Main - C02D",
a06Ro00000CNy0gIAD,343388,2025-12-11,2024-12-20,"Salt Lake City, UT","Salt Lake City, UT - Main - C02D",
a06Ro00000CNy0hIAD,343389,2025-12-11,2024-12-20,"Salt Lake City, UT","Salt Lake City, UT - Main - C02D",
a06Ro00000CNy0iIAD,343390,2025-12-11,2024-12-20,"Salt Lake City, UT","Salt Lake City, UT - Main - C02D",
a06Ro00000CNy0jIAD,343391,2025-12-11,2024-12-20,"Salt Lake City, UT","Salt Lake City, UT - Main - C02D",
a06Ro00000CNy0kIAD,343392,2025-12-11,2024-12-20,"Salt Lake City, UT","Salt Lake City, UT - Main - C02D",
a06Ro00000CO84lIAD,343393,2025-12-11,2024-12-20,"Salt Lake City, UT","Salt Lake City, UT - Main - C02D",
a06Ro00000CO84tIAD,343401,2025-12-11,2024-12-20,"Salt Lake City, UT","Salt Lake City, UT - Main - C02D",
a06Ro00000CO84uIAD,343402,2025-12-11,2024-12-20,"Salt Lake City, UT","Salt Lake City, UT - Main - C02D",
a06Ro00000CO84vIAD,343403,2025-12-11,2024-12-20,"Salt Lake City, UT","Salt Lake City, UT - Main - C02D",
a06Ro00000CO84wIAD,343404,2025-12-11,2024-12-20,"Salt Lake City, UT","Salt Lake City, UT - Main - C02D",
a06Ro00000CO84xIAD,343405,2025-12-11,2024-12-20,"Salt Lake City, UT","Salt Lake City, UT - Main - C02D",
a06Ro00000CO84yIAD,343406,2025-12-11,2024-12-20,"Salt Lake City, UT","Salt Lake City, UT - Main - C02D",
a06Ro00000CO84zIAD,343407,2025-12-11,2024-12-20,"Salt Lake City, UT","Salt Lake City, UT - Main - C02D",
a06Ro00000CO850IAD,343408,2025-12-11,2024-12-20,"Salt Lake City, UT","Salt Lake City, UT - Main - C02D",
a06Ro00000CO851IAD,343409,2025-12-11,2024-12-20,"Salt Lake City, UT","Salt Lake City, UT - Main - C02D",
a06Ro00000CO852IAD,343410,2025-12-11,2024-12-20,"Salt Lake City, UT","Salt Lake City, UT - Main - C02D",
a06Ro00000CO853IAD,343411,2025-12-11,2024-12-20,"Salt Lake City, UT","Salt Lake City, UT - Main - C02D",
a06Ro00000CO854IAD,343412,2025-12-11,2024-12-20,"Salt Lake City, UT","Salt Lake City, UT - Main - C02D",
a06Ro00000CO855IAD,343413,2025-12-11,2024-12-20,"Salt Lake City, UT","Salt Lake City, UT - Main - C02D",
a06Ro00000CO9uxIAD,343423,2025-12-11,2024-12-20,"Salt Lake City, UT","Salt Lake City, UT - Main - C02D",
a06Ro00000CO9uyIAD,343424,2025-12-11,2024-12-20,"Salt Lake City, UT","Salt Lake City, UT - Main - C02D",
a06Ro00000CO9uzIAD,343425,2025-12-11,2024-12-20,"Salt Lake City, UT","Salt Lake City, UT - Main - C02D",
a06Ro00000CO9v0IAD,343426,2025-12-11,2024-12-20,"Salt Lake City, UT","Salt Lake City, UT - Main - C02D",
a06Ro00000CO9v1IAD,343427,2025-12-11,2024-12-20,"Salt Lake City, UT","Salt Lake City, UT - Main - C02D",
a06Ro00000CO9v2IAD,343428,2025-12-11,2024-12-20,"Salt Lake City, UT","Salt Lake City, UT - Main - C02D",
a06Ro00000CO9v3IAD,343429,2025-12-11,2024-12-20,"Salt Lake City, UT","Salt Lake City, UT - Main - C02D",
a06Ro00000CO9v4IAD,343430,2025-12-11,2024-12-20,"Salt Lake City, UT","Salt Lake City, UT - Main - C02D",
a06Ro00000CO9v5IAD,343431,2025-12-11,2024-12-20,"Salt Lake City, UT","Salt Lake City, UT - Main - C02D",
a06Ro00000CO9v6IAD,343432,2025-12-11,2024-12-20,"Salt Lake City, UT","Salt Lake City, UT - Main - C02D",
a06Ro00000CO9v7IAD,343433,2025-12-11,2024-12-20,"Salt Lake City, UT","Salt Lake City, UT - Main - C02D",
a06Ro00000CO9v8IAD,343434,2025-12-11,2024-12-20,"Salt Lake City, UT","Salt Lake City, UT - Main - C02D",
a06Ro00000CO9v9IAD,343435,2025-12-11,2024-12-20,"Salt Lake City, UT","Salt Lake City, UT - Main - C02D",
a06Ro00000CO9vAIAT,343436,2025-12-11,2024-12-20,"Salt Lake City, UT","Salt Lake City, UT - Main - C02D",
a06Ro00000CO9vBIAT,343437,2025-12-11,2024-12-20,"Salt Lake City, UT","Salt Lake City, UT - Main - C02D",
a06Ro00000CO9vCIAT,343438,2025-12-11,2024-12-20,"Salt Lake City, UT","Salt Lake City, UT - Main - C02D",
a06Ro00000CO9vDIAT,343439,2025-12-11,2024-12-20,"Salt Lake City, UT","Salt Lake City, UT - Main - C02D",
a06Ro00000CO9vEIAT,343440,2025-12-11,2024-12-20,"Salt Lake City, UT","Salt Lake City, UT - Main - C02D",
a06Ro00000CO9vFIAT,343441,2025-12-11,2024-12-20,"Salt Lake City, UT","Salt Lake City, UT - Main - C02D",
a06Ro00000CO9vGIAT,343442,2025-12-11,2024-12-20,"Salt Lake City, UT","Salt Lake City, UT - Main - C02D",
a06Ro00000CO9vHIAT,343443,2025-12-11,2024-12-20,"Salt Lake City, UT","Salt Lake City, UT - Main - C02D",
a06Ro00000CO9vIIAT,343444,2025-12-11,2024-12-20,"Salt Lake City, UT","Salt Lake City, UT - Main - C02D",
a06Ro00000CO9vJIAT,343445,2025-12-11,2024-12-20,"Salt Lake City, UT","Salt Lake City, UT - Main - C02D",
a06Ro00000CO9vKIAT,343446,2025-12-11,2024-12-20,"Salt Lake City, UT","Salt Lake City, UT - Main - C02D",
a06Ro00000CO9vLIAT,343447,2025-12-11,2024-12-20,"Salt Lake City, UT","Salt Lake City, UT - Main - C02D",
a06Ro00000CO9vMIAT,343448,2025-12-11,2024-12-20,"Salt Lake City, UT","Salt Lake City, UT - Main - C02D",
a06Ro00000CO9vNIAT,343449,2025-12-11,2024-12-20,"Salt Lake City, UT","Salt Lake City, UT - Main - C02D",
a06Ro00000CO9vOIAT,343450,2025-12-11,2024-12-20,"Salt Lake City, UT","Salt Lake City, UT - Main - C02D",
a06Ro00000CO9vPIAT,343451,2025-12-11,2024-12-20,"Salt Lake City, UT","Salt Lake City, UT - Main - C02D",
a06Ro00000CO9vQIAT,343452,2025-12-11,2024-12-20,"Salt Lake City, UT","Salt Lake City, UT - Main - C02D",
a06Ro00000CO8SdIAL,343453,2025-12-11,2024-12-20,"Salt Lake City, UT","Salt Lake City, UT - Main - C02D",
a06Ro00000CO8SeIAL,343454,2025-12-11,2024-12-20,"Salt Lake City, UT","Salt Lake City, UT - Main - C02D",
a06Ro00000CO8SfIAL,343455,2025-12-11,2024-12-20,"Salt Lake City, UT","Salt Lake City, UT - Main - C02E",
a06Ro00000CO8SgIAL,343456,2025-12-11,2024-12-20,"Salt Lake City, UT","Salt Lake City, UT - Main - C02E",
a06Ro00000CO8ShIAL,343457,2025-12-11,2024-12-20,"Salt Lake City, UT","Salt Lake City, UT - Main - C02E",
a06Ro00000CO8SiIAL,343458,2025-12-11,2024-12-20,"Salt Lake City, UT","Salt Lake City, UT - Main - C02E",
a06Ro00000CO8SjIAL,343459,2025-12-11,2024-12-20,"Salt Lake City, UT","Salt Lake City, UT - Main - C02E",
a06Ro00000CO8SkIAL,343460,2025-12-11,2024-12-20,"Salt Lake City, UT","Salt Lake City, UT - Main - C02E",
a06Ro00000CO8SlIAL,343461,2025-12-11,2024-12-20,"Salt Lake City, UT","Salt Lake City, UT - Main - C02E",
a06Ro00000CO8SmIAL,343462,2025-12-11,2024-12-20,"Salt Lake City, UT","Salt Lake City, UT - Main - C02E",
a06Ro00000CO8SnIAL,343463,2025-12-11,2024-12-20,"Salt Lake City, UT","Salt Lake City, UT - Main - C02E",
a06Ro00000CO8SoIAL,343464,2025-12-11,2024-12-20,"Salt Lake City, UT","Salt Lake City, UT - Main - C02E",
a06Ro00000CO8SpIAL,343465,2025-12-11,2024-12-20,"Salt Lake City, UT","Salt Lake City, UT - Main - C02E",
a06Ro00000CO8SqIAL,343466,2025-12-11,2024-12-20,"Salt Lake City, UT","Salt Lake City, UT - Main - C02E",
a06Ro00000CO8SrIAL,343467,2025-12-11,2024-12-20,"Salt Lake City, UT","Salt Lake City, UT - Main - C02E",
a06Ro00000CO8SsIAL,343468,2025-12-11,2024-12-20,"Salt Lake City, UT","Salt Lake City, UT - Main - C02E",
a06Ro00000CO8StIAL,343469,2025-12-11,2024-12-20,"Salt Lake City, UT","Salt Lake City, UT - Main - C02E",
a06Ro00000CO8SuIAL,343470,2025-12-11,2024-12-20,"Salt Lake City, UT","Salt Lake City, UT - Main - C02E",
a06Ro00000CO8SvIAL,343471,2025-12-11,2024-12-20,"Salt Lake City, UT","Salt Lake City, UT - Main - C02E",
a06Ro00000CO8SwIAL,343472,2025-12-11,2024-12-20,"Salt Lake City, UT","Salt Lake City, UT - Main - C02E",
a06Ro00000CO8SxIAL,343473,2025-12-11,2024-12-20,"Salt Lake City, UT","Salt Lake City, UT - Main - C02E",
a06Ro00000CO8SyIAL,343474,2025-12-11,2024-12-20,"Salt Lake City, UT","Salt Lake City, UT - Main - C02E",
a06Ro00000CO8SzIAL,343475,2025-12-11,2024-12-20,"Salt Lake City, UT","Salt Lake City, UT - Main - C02D",
a06Ro00000CO8T0IAL,343476,2025-12-11,2024-12-20,"Salt Lake City, UT","Salt Lake City, UT - Main - C02D",
a06Ro00000CO8T1IAL,343477,2025-12-11,2024-12-20,"Salt Lake City, UT","Salt Lake City, UT - Main - C02D",
a06Ro00000CO8T2IAL,343478,2025-12-11,2024-12-20,"Salt Lake City, UT","Salt Lake City, UT - Main - C02D",
a06Ro00000CO8T3IAL,343479,2025-12-11,2024-12-20,"Salt Lake City, UT","Salt Lake City, UT - Main - C02D",
a06Ro00000CO8T4IAL,343480,2025-12-11,2024-12-20,"Salt Lake City, UT","Salt Lake City, UT - Main - C02C",
a06Ro00000CO8T5IAL,343481,2025-12-11,2024-12-20,"Salt Lake City, UT","Salt Lake City, UT - Main - C02C",
a06Ro00000CO8T6IAL,343482,2025-12-11,2024-12-20,"Salt Lake City, UT","Salt Lake City, UT - Main - C02C",
a06Ro00000CNdv7IAD,343483,2025-12-11,2024-12-20,"Salt Lake City, UT","Salt Lake City, UT - Main - C02C",
a06Ro00000CNdv8IAD,343484,2025-12-11,2024-12-20,"Salt Lake City, UT","Salt Lake City, UT - Main - C02C",
a06Ro00000CNdv9IAD,343485,2025-12-11,2024-12-20,"Salt Lake City, UT","Salt Lake City, UT - Main - C02C",
a06Ro00000CNdvAIAT,343486,2025-12-11,2024-12-20,"Salt Lake City, UT","Salt Lake City, UT - Main - C02C",
a06Ro00000CNdvBIAT,343487,2025-12-11,2024-12-20,"Salt Lake City, UT","Salt Lake City, UT - Main - C02C",
a06Ro00000CNdvCIAT,343488,2025-12-11,2024-12-20,"Salt Lake City, UT","Salt Lake City, UT - Main - C02C",
a06Ro00000CNdvDIAT,343489,2025-12-11,2024-12-20,"Salt Lake City, UT","Salt Lake City, UT - Main - C02C",
a06Ro00000CNdvOIAT,343500,2025-12-11,2024-12-20,"Salt Lake City, UT","Salt Lake City, UT - Main - C02C",
a06Ro00000CNdvPIAT,343501,2025-12-11,2024-12-20,"Salt Lake City, UT","Salt Lake City, UT - Main - C02C",
a06Ro00000CNdvQIAT,343502,2025-12-11,2024-12-20,"Salt Lake City, UT","Salt Lake City, UT - Main - C02C",
a06Ro00000CNdvRIAT,343503,2025-12-11,2024-12-20,"Salt Lake City, UT","Salt Lake City, UT - Main - C02C",
a06Ro00000CNdvSIAT,343504,2025-12-11,2024-12-20,"Salt Lake City, UT","Salt Lake City, UT - Main - C02C",
a06Ro00000CNdvTIAT,343505,2025-12-11,2024-12-20,"Salt Lake City, UT","Salt Lake City, UT - Main - C02C",
a06Ro00000CNdvUIAT,343506,2025-12-11,2024-12-20,"Salt Lake City, UT","Salt Lake City, UT - Main - C02C",
a06Ro00000CNdvVIAT,343507,2025-12-11,2024-12-20,"Salt Lake City, UT","Salt Lake City, UT - Main - C02C",
a06Ro00000CNdvWIAT,343508,2025-12-11,2024-12-20,"Salt Lake City, UT","Salt Lake City, UT - Main - C02C",
a06Ro00000CO4SpIAL,343519,2025-12-11,2024-12-20,"Salt Lake City, UT","Salt Lake City, UT - Main - C02C",
a06Ro00000CO4StIAL,343523,2025-12-11,2024-12-20,"Salt Lake City, UT","Salt Lake City, UT - Main - C02C",
a06Ro00000CO4SuIAL,343524,2025-12-11,2024-12-20,"Salt Lake City, UT","Salt Lake City, UT - Main - C02C",
a06Ro00000CO4SvIAL,343525,2025-12-11,2024-12-20,"Salt Lake City, UT","Salt Lake City, UT - Main - C02C",
a06Ro00000CO4SwIAL,343526,2025-12-11,2024-12-20,"Salt Lake City, UT","Salt Lake City, UT - Main - D03C",
a06Ro00000CO6E0IAL,343548,2025-12-11,2024-12-20,"Salt Lake City, UT","Salt Lake City, UT - Main - C03E",
a06Ro00000CO6E2IAL,343550,2025-12-11,2024-12-20,"Salt Lake City, UT","Salt Lake City, UT - Main - C03E",
a06Ro00000CO6E4IAL,343552,2025-12-11,2024-12-20,"Salt Lake City, UT","Salt Lake City, UT - Main - C03E",
a06Ro00000CO6E5IAL,343553,2025-12-11,2024-12-20,"Salt Lake City, UT","Salt Lake City, UT - Main - C03E",
a06Ro00000CO6E6IAL,343554,2025-12-11,2024-12-20,"Salt Lake City, UT","Salt Lake City, UT - Main - C03E",
a06Ro00000CO7OVIA1,343573,2025-12-11,2024-12-20,"Salt Lake City, UT","Salt Lake City, UT - Main - C09E","Milwaukee, WI"
a06Ro00000CO7OXIA1,343575,2025-12-11,2024-12-20,"Salt Lake City, UT","Salt Lake City, UT - Main - C09E",
a06Ro00000CO7OYIA1,343576,2025-12-11,2024-12-20,"Salt Lake City, UT","Salt Lake City, UT - Main - C09E",
a06Ro00000CO7OZIA1,343577,2025-12-11,2024-12-20,"Salt Lake City, UT","Salt Lake City, UT - Main - C09E",
a06Ro00000CO7OaIAL,343578,2025-12-11,2024-12-20,"Salt Lake City, UT","Salt Lake City, UT - Main - C09E",
a06Ro00000CO7ObIAL,343579,2025-12-11,2024-12-20,"Salt Lake City, UT","Salt Lake City, UT - Main - C09E",
a06Ro00000CO7OcIAL,343580,2025-12-11,2024-12-20,"Salt Lake City, UT","Salt Lake City, UT - Main - C09E",
a06Ro00000CO7OdIAL,343581,2025-12-11,2024-12-20,"Salt Lake City, UT","Salt Lake City, UT - Main - C09E",
a06Ro00000CO7OeIAL,343582,2025-12-11,2024-12-20,"Salt Lake City, UT","Salt Lake City, UT - Main - C09E",
a06Ro00000CO7OfIAL,343583,2025-12-11,2024-12-20,"Salt Lake City, UT","Salt Lake City, UT - Main - C09E",
a06Ro00000CO7OgIAL,343584,2025-12-11,2024-12-20,"Salt Lake City, UT","Salt Lake City, UT - Main - C09E",
a06Ro00000CO7OhIAL,343585,2025-12-11,2024-12-20,"Salt Lake City, UT","Salt Lake City, UT - Main - C09E",
a06Ro00000CO7OiIAL,343586,2025-12-11,2024-12-20,"Salt Lake City, UT","Salt Lake City, UT - Main - C09E",
a06Ro00000CO7OjIAL,343587,2025-12-11,2024-12-20,"Salt Lake City, UT","Salt Lake City, UT - Main - C09E",
a06Ro00000CO7OkIAL,343588,2025-12-11,2024-12-20,"Salt Lake City, UT","Salt Lake City, UT - Main - C09E",
a06Ro00000CO7OlIAL,343589,2025-12-11,2024-12-20,"Salt Lake City, UT","Salt Lake City, UT - Main - C09E",
a06Ro00000CO7OmIAL,343590,2025-12-11,2024-12-20,"Salt Lake City, UT","Salt Lake City, UT - Main - C09E",
a06Ro00000CO7OnIAL,343591,2025-12-11,2024-12-20,"Salt Lake City, UT","Salt Lake City, UT - Main - C09E",
a06Ro00000CO7OoIAL,343592,2025-12-11,2024-12-20,"Salt Lake City, UT","Salt Lake City, UT - Main - C09E",
a06Ro00000CO7OpIAL,343593,2025-12-11,2024-12-20,"Salt Lake City, UT","Salt Lake City, UT - Main - C09E",
a06Ro00000CO7OqIAL,343594,2025-12-11,2024-12-20,"Salt Lake City, UT","Salt Lake City, UT - Main - C09E",
a06Ro00000CO7OrIAL,343595,2025-12-11,2024-12-20,"Salt Lake City, UT","Salt Lake City, UT - Main - C09E",
a06Ro00000CO7OsIAL,343596,2025-12-11,2024-12-20,"Salt Lake City, UT","Salt Lake City, UT - Main - C09E",
a06Ro00000CO7OtIAL,343597,2025-12-11,2024-12-20,"Salt Lake City, UT","Salt Lake City, UT - Main - C09E",
a06Ro00000CO7OuIAL,343598,2025-12-11,2024-12-20,"Salt Lake City, UT","Salt Lake City, UT - Main - C09E",
a06Ro00000CO7OvIAL,343599,2025-12-11,2024-12-20,"Salt Lake City, UT","Salt Lake City, UT - Main - C09E",
a06Ro00000CO7OwIAL,343600,2025-12-11,2024-12-20,"Salt Lake City, UT","Salt Lake City, UT - Main - C09E",
a06Ro00000CO7OxIAL,343601,2025-12-11,2024-12-20,"Salt Lake City, UT","Salt Lake City, UT - Main - C09E",
a06Ro00000CO7OyIAL,343602,2025-12-11,2024-12-20,"Salt Lake City, UT","Salt Lake City, UT - Main - C09E",
a06Ro00000CNzM9IAL,343603,2025-12-11,2024-12-20,"Salt Lake City, UT","Salt Lake City, UT - Main - C09E",
a06Ro00000CNzMAIA1,343604,2025-12-11,2024-12-20,"Salt Lake City, UT","Salt Lake City, UT - Main - C09E",
a06Ro00000CNzMBIA1,343605,2025-12-11,2024-12-20,"Salt Lake City, UT","Salt Lake City, UT - Main - C09E",
a06Ro00000CNzMCIA1,343606,2025-12-11,2024-12-20,"Salt Lake City, UT","Salt Lake City, UT - Main - C09E",
a06Ro00000CNzMDIA1,343607,2025-12-11,2024-12-20,"Salt Lake City, UT","Salt Lake City, UT - Main - C09E",
a06Ro00000CNzMEIA1,343608,2025-12-11,2024-12-20,"Salt Lake City, UT","Salt Lake City, UT - Main - C09E",
a06Ro00000CNzMFIA1,343609,2025-12-11,2024-12-20,"Salt Lake City, UT","Salt Lake City, UT - Main - C09E",
a06Ro00000CNzMGIA1,343610,2025-12-11,2024-12-20,"Salt Lake City, UT","Salt Lake City, UT - Main - C09E",
a06Ro00000COATxIAP,343633,2025-12-11,2024-12-20,"Salt Lake City, UT","Salt Lake City, UT - Main - D02D",
a06Ro00000COATyIAP,343634,2025-12-11,2024-12-20,"Salt Lake City, UT","Salt Lake City, UT - Main - D02D",
a06Ro00000COATzIAP,343635,2025-12-11,2024-12-20,"Salt Lake City, UT","Salt Lake City, UT - Main - D02D",
a06Ro00000COAU0IAP,343636,2025-12-11,2024-12-20,"Salt Lake City, UT","Salt Lake City, UT - Main - D02D",
a06Ro00000COAU1IAP,343637,2025-12-11,2024-12-20,"Salt Lake City, UT","Salt Lake City, UT - Main - D02D",
a06Ro00000COAU2IAP,343638,2025-12-11,2024-12-20,"Salt Lake City, UT","Salt Lake City, UT - Main - D02D","Salt Lake City, UT"
a06Ro00000COAUBIA5,343647,2025-12-11,2024-12-20,"Salt Lake City, UT","Salt Lake City, UT - Main - C03D",
a06Ro00000COAUCIA5,343648,2025-12-11,2024-12-20,"Salt Lake City, UT","Salt Lake City, UT - Main - C03D",
a06Ro00000COAUDIA5,343649,2025-12-11,2024-12-20,"Salt Lake City, UT","Salt Lake City, UT - Main - C03D",
a06Ro00000COAUEIA5,343650,2025-12-11,2024-12-20,"Salt Lake City, UT","Salt Lake City, UT - Main - C03D",
a06Ro00000COAUGIA5,343652,2025-12-11,2024-12-20,"Salt Lake City, UT","Salt Lake City, UT - Main - C03D",
a06Ro00000COAUJIA5,343655,2025-12-11,2024-12-20,"Salt Lake City, UT","Salt Lake City, UT - Main - C03D",
a06Ro00000COAUNIA5,343659,2025-12-11,2024-12-20,"Salt Lake City, UT","Salt Lake City, UT - Main - C03E",
a06Ro00000COAUOIA5,343660,2025-12-11,2024-12-20,"Salt Lake City, UT","Salt Lake City, UT - Main - C03E",
a06Ro00000CNyURIA1,343663,2025-12-11,2024-12-20,"Salt Lake City, UT","Salt Lake City, UT - Main - C03E",
a06Ro00000CNyUSIA1,343664,2025-12-11,2024-12-20,"Salt Lake City, UT","Salt Lake City, UT - Main - C03E",
a06Ro00000CNyUTIA1,343665,2025-12-11,2024-12-20,"Salt Lake City, UT","Salt Lake City, UT - Main - C03E",
a06Ro00000CNyUUIA1,343666,2025-12-11,2024-12-20,"Salt Lake City, UT","Salt Lake City, UT - Main - C03E",
a06Ro00000CNyUXIA1,343669,2025-12-11,2024-12-20,"Salt Lake City, UT","Salt Lake City, UT - Main - C03E",
a06Ro00000CNyUYIA1,343670,2025-12-11,2024-12-20,"Salt Lake City, UT","Salt Lake City, UT - Main - C03E",
a06Ro00000CO64UIAT,343738,2025-12-11,2024-12-20,"Salt Lake City, UT","Salt Lake City, UT - Main - C09D",
a06Ro00000CO64VIAT,343739,2025-12-11,2024-12-20,"Salt Lake City, UT","Salt Lake City, UT - Main - C09D",
a06Ro00000CO64WIAT,343740,2025-12-11,2024-12-20,"Salt Lake City, UT","Salt Lake City, UT - Main - C09D",
a06Ro00000CO64XIAT,343741,2025-12-11,2024-12-20,"Salt Lake City, UT","Salt Lake City, UT - Main - C09D",
a06Ro00000CO64YIAT,343742,2025-12-11,2024-12-20,"Salt Lake City, UT","Salt Lake City, UT - Main - C09D",
a06Ro00000CO6Q3IAL,343775,2025-12-11,2024-12-20,"Salt Lake City, UT","Salt Lake City, UT - Main - C06D",
a06Ro00000CO6Q4IAL,343776,2025-12-11,2024-12-20,"Salt Lake City, UT","Salt Lake City, UT - Main - C06D","Salt Lake City, UT"
a06Ro00000CO6Q5IAL,343777,2025-12-11,2024-12-20,"Salt Lake City, UT","Salt Lake City, UT - Main - C06D",
a06Ro00000CO6Q6IAL,343778,2025-12-11,2024-12-20,"Salt Lake City, UT","Salt Lake City, UT - Main - C06D",
a06Ro00000COAVbIAP,343815,2025-12-11,2024-12-20,"Salt Lake City, UT","Salt Lake City, UT - Main - C03C",
a06Ro00000COAVcIAP,343816,2025-12-11,2024-12-20,"Salt Lake City, UT","Salt Lake City, UT - Main - C03C",
a06Ro00000COAVdIAP,343817,2025-12-11,2024-12-20,"Salt Lake City, UT","Salt Lake City, UT - Main - C03C",
a06Ro00000COAVeIAP,343818,2025-12-11,2024-12-20,"Salt Lake City, UT","Salt Lake City, UT - Main - C03C",
a06Ro00000COAVfIAP,343819,2025-12-11,2024-12-20,"Salt Lake City, UT","Salt Lake City, UT - Main - C03C",
a06Ro00000COAVgIAP,343820,2025-12-11,2024-12-20,"Salt Lake City, UT","Salt Lake City, UT - Main - C03C",
a06Ro00000COAVhIAP,343821,2025-12-11,2024-12-20,"Salt Lake City, UT","Salt Lake City, UT - Main - C03C",
a06Ro00000COAViIAP,343822,2025-12-11,2024-12-20,"Salt Lake City, UT","Salt Lake City, UT - Main - C03C",
a06Ro00000COAVjIAP,343823,2025-12-11,2024-12-20,"Salt Lake City, UT","Salt Lake City, UT - Main - C03C",
a06Ro00000COAVkIAP,343824,2025-12-11,2024-12-20,"Salt Lake City, UT","Salt Lake City, UT - Main - C03C",
a06Ro00000COAVyIAP,343838,2025-12-11,2024-12-20,"Salt Lake City, UT","Salt Lake City, UT - Main - D03F","Salt Lake City, UT"
a06Ro00000COAVzIAP,343839,2025-12-11,2024-12-20,"Salt Lake City, UT","Salt Lake City, UT - Main - D03F",
a06Ro00000COAW1IAP,343841,2025-12-11,2024-12-20,"Salt Lake City, UT","Salt Lake City, UT - Main - D03F",
a06Ro00000COAW2IAP,343842,2025-12-11,2024-12-20,"Salt Lake City, UT","Salt Lake City, UT - Main - D03F",
a06Ro00000CO5tRIAT,343843,2025-12-11,2024-12-20,"Salt Lake City, UT","Salt Lake City, UT - Main - D03F",
a06Ro00000CO5tTIAT,343845,2025-12-11,2024-12-20,"Salt Lake City, UT","Salt Lake City, UT - Main - D03F",
a06Ro00000CO5tVIAT,343847,2025-12-11,2024-12-20,"Salt Lake City, UT","Salt Lake City, UT - Main - D03F",
a06Ro00000CO5tWIAT,343848,2025-12-11,2024-12-20,"Salt Lake City, UT","Salt Lake City, UT - Main - D03F",
a06Ro00000CO5tXIAT,343849,2025-12-11,2024-12-20,"Salt Lake City, UT","Salt Lake City, UT - Main - D03F",
a06Ro00000CO5tYIAT,343850,2025-12-11,2024-12-20,"Salt Lake City, UT","Salt Lake City, UT - Main - D03F",
a06Ro00000CO5taIAD,343852,2025-12-11,2024-12-20,"Salt Lake City, UT","Salt Lake City, UT - Main - D03F",
a06Ro00000CO5tbIAD,343853,2025-12-11,2024-12-20,"Salt Lake City, UT","Salt Lake City, UT - Main - D03F",
a06Ro00000CO5tcIAD,343854,2025-12-11,2024-12-20,"Salt Lake City, UT","Salt Lake City, UT - Main - D03F","Salt Lake City, UT"
a06Ro00000CO5tiIAD,343860,2025-12-11,2024-12-20,"Salt Lake City, UT","Salt Lake City, UT - Main - C12C",
a06Ro00000CO5tjIAD,343861,2025-12-11,2024-12-20,"Salt Lake City, UT","Salt Lake City, UT - Main - C12C",
a06Ro00000CO5tkIAD,343862,2025-12-11,2024-12-20,"Salt Lake City, UT","Salt Lake City, UT - Main - C12C",
a06Ro00000CO5tlIAD,343863,2025-12-11,2024-12-20,"Salt Lake City, UT","Salt Lake City, UT - Main - C12C",
a06Ro00000CO5tmIAD,343864,2025-12-11,2024-12-20,"Salt Lake City, UT","Salt Lake City, UT - Main - C12C",
a06Ro00000CO5tnIAD,343865,2025-12-11,2024-12-20,"Salt Lake City, UT","Salt Lake City, UT - Main - C12C",
a06Ro00000CO5toIAD,343866,2025-12-11,2024-12-20,"Salt Lake City, UT","Salt Lake City, UT - Main - C12C",
a06Ro00000CO5tpIAD,343867,2025-12-11,2024-12-20,"Salt Lake City, UT","Salt Lake City, UT - Main - C12C",
a06Ro00000CO5tqIAD,343868,2025-12-11,2024-12-20,"Salt Lake City, UT","Salt Lake City, UT - Main - C12C",
a06Ro00000CO5trIAD,343869,2025-12-11,2024-12-20,"Salt Lake City, UT","Salt Lake City, UT - Main - C12C",
a06Ro00000CO5SXIA1,343875,2025-12-11,2024-12-20,"Salt Lake City, UT","Salt Lake City, UT - Main - C03A",
a06Ro00000CO5SZIA1,343877,2025-12-11,2024-12-20,"Salt Lake City, UT","Salt Lake City, UT - Main - C03C",
a06Ro00000CO5SbIAL,343879,2025-12-11,2024-12-20,"Salt Lake City, UT","Salt Lake City, UT - Main - C03C",
a06Ro00000COAXDIA5,343885,2025-12-11,2024-12-20,"Salt Lake City, UT","Salt Lake City, UT - Main - C03C",
a06Ro00000COAXEIA5,343886,2025-12-11,2024-12-20,"Salt Lake City, UT","Salt Lake City, UT - Main - C03C",
a06Ro00000COAXFIA5,343887,2025-12-11,2024-12-20,"Salt Lake City, UT","Salt Lake City, UT - Main - C03C",
a06Ro00000COAXGIA5,343888,2025-12-11,2024-12-20,"Salt Lake City, UT","Salt Lake City, UT - Main - C03C",
a06Ro00000COAXHIA5,343889,2025-12-11,2024-12-20,"Salt Lake City, UT","Salt Lake City, UT - Main - C03C",
a06Ro00000COAXIIA5,343890,2025-12-11,2024-12-20,"Salt Lake City, UT","Salt Lake City, UT - Main - C03C",
a06Ro00000COAXKIA5,343892,2025-12-11,2024-12-20,"Salt Lake City, UT","Salt Lake City, UT - Main - C03C",
a06Ro00000COAXLIA5,343893,2025-12-11,2024-12-20,"Salt Lake City, UT","Salt Lake City, UT | Main C 04F",
a06Ro00000COAXMIA5,343894,2025-12-11,2024-12-20,"Salt Lake City, UT","Salt Lake City, UT - Main - C03C",
a06Ro00000COAXOIA5,343896,2025-12-11,2024-12-20,"Salt Lake City, UT","Salt Lake City, UT - Main - C03C",
a06Ro00000COAXPIA5,343897,2025-12-11,2024-12-20,"Salt Lake City, UT","Salt Lake City, UT - Main - C03C",
a06Ro00000COAXRIA5,343899,2025-12-11,2024-12-20,"Salt Lake City, UT","Salt Lake City, UT - Main - C03C","Salt Lake City, UT"
a06Ro00000COAXUIA5,343902,2025-12-11,2024-12-20,"Salt Lake City, UT","Salt Lake City, UT - Main - C03C","Salt Lake City, UT"
a06Ro00000COAYnIAP,343903,2025-12-11,2024-12-20,"Salt Lake City, UT","Salt Lake City, UT - Main - C03C","Salt Lake City, UT"
a06Ro00000COAYoIAP,343904,2025-12-11,2024-12-20,"Salt Lake City, UT","Salt Lake City, UT - Main - C03C","Salt Lake City, UT"
a06Ro00000COAYpIAP,343905,2025-12-11,2024-12-20,"Salt Lake City, UT","Salt Lake City, UT - Main - C03C","Salt Lake City, UT"
a06Ro00000COAYqIAP,343906,2025-12-11,2024-12-20,"Salt Lake City, UT","Salt Lake City, UT - Main - C03C","Salt Lake City, UT"
a06Ro00000COAYrIAP,343907,2025-12-11,2024-12-20,"Salt Lake City, UT","Salt Lake City, UT - Main - C03C","Salt Lake City, UT"
a06Ro00000COAYvIAP,343911,2025-12-11,2024-12-20,"Salt Lake City, UT","Salt Lake City, UT - Main - C03C",
a06Ro00000COAYwIAP,343912,2025-12-11,2024-12-20,"Salt Lake City, UT","Salt Lake City, UT - Main - C03C",
a06Ro00000COAYxIAP,343913,2025-12-11,2024-12-20,"Salt Lake City, UT","Salt Lake City, UT - Main - C03C",
a06Ro00000COAYyIAP,343914,2025-12-11,2024-12-20,"Salt Lake City, UT","Salt Lake City, UT - Main - C03C",
a06Ro00000COAYzIAP,343915,2025-12-11,2024-12-20,"Salt Lake City, UT","Salt Lake City, UT - Main - C03C",
a06Ro00000COAZ0IAP,343916,2025-12-11,2024-12-20,"Salt Lake City, UT","Salt Lake City, UT - Main - C03C",
a06Ro00000COAZ1IAP,343917,2025-12-11,2024-12-20,"Salt Lake City, UT","Salt Lake City, UT - Main - C03C",
a06Ro00000COAZ2IAP,343918,2025-12-11,2024-12-20,"Salt Lake City, UT","Salt Lake City, UT - Main - C03C",
a06Ro00000COAaRIAX,343935,2025-12-11,2024-12-20,"Salt Lake City, UT","Salt Lake City, UT - Main - C03C",
a06Ro00000COAaSIAX,343936,2025-12-11,2024-12-20,"Salt Lake City, UT","Salt Lake City, UT - Main - C03C",
a06Ro00000COAaTIAX,343937,2025-12-11,2024-12-20,"Salt Lake City, UT","Salt Lake City, UT - Main - C03C",
a06Ro00000COAaUIAX,343938,2025-12-11,2024-12-20,"Salt Lake City, UT","Salt Lake City, UT - Main - C03C",
a06Ro00000COAaVIAX,343939,2025-12-11,2024-12-20,"Salt Lake City, UT","Salt Lake City, UT - Main - C03C",
a06Ro00000COAaWIAX,343940,2025-12-11,2024-12-20,"Salt Lake City, UT","Salt Lake City, UT - Main - C03C",
a06Ro00000COAaXIAX,343941,2025-12-11,2024-12-20,"Salt Lake City, UT","Salt Lake City, UT - Main - C03C",
a06Ro00000COAaYIAX,343942,2025-12-11,2024-12-20,"Salt Lake City, UT","Salt Lake City, UT - Main - C03C",
a06Ro00000COAaZIAX,343943,2025-12-11,2024-12-20,"Salt Lake City, UT","Salt Lake City, UT - Main - C03C",
a06Ro00000COAabIAH,343945,2025-12-11,2024-12-20,"Salt Lake City, UT","Salt Lake City, UT - Main - C03C",
a06Ro00000COAacIAH,343946,2025-12-11,2024-12-20,"Salt Lake City, UT","Salt Lake City, UT - Main - C03C",
a06Ro00000COAadIAH,343947,2025-12-11,2024-12-20,"Salt Lake City, UT","Salt Lake City, UT - Main - C03C",
a06Ro00000COAaeIAH,343948,2025-12-11,2024-12-20,"Salt Lake City, UT","Salt Lake City, UT - Main - C03C",
a06Ro00000COAafIAH,343949,2025-12-11,2024-12-20,"Salt Lake City, UT","Salt Lake City, UT - Main - C03C",
a06Ro00000COAagIAH,343950,2025-12-11,2024-12-20,"Salt Lake City, UT","Salt Lake City, UT - Main - C03C",
a06Ro00000COAahIAH,343951,2025-12-11,2024-12-20,"Salt Lake City, UT","Salt Lake City, UT - Main - C03C",
a06Ro00000COAaiIAH,343952,2025-12-11,2024-12-20,"Salt Lake City, UT","Salt Lake City, UT - Main - C03C",
a06Ro00000COAajIAH,343953,2025-12-11,2024-12-20,"Salt Lake City, UT","Salt Lake City, UT - Main - C03C",
a06Ro00000COAakIAH,343954,2025-12-11,2024-12-20,"Salt Lake City, UT","Salt Lake City, UT - Main - C03C",
a06Ro00000COAalIAH,343955,2025-12-11,2024-12-20,"Salt Lake City, UT","Salt Lake City, UT - Main - C03C",
a06Ro00000COAamIAH,343956,2025-12-11,2024-12-20,"Salt Lake City, UT","Salt Lake City, UT - Main - C03C",
a06Ro00000COAanIAH,343957,2025-12-11,2024-12-20,"Salt Lake City, UT","Salt Lake City, UT - Main - C03C",
a06Ro00000COAaoIAH,343958,2025-12-11,2024-12-20,"Salt Lake City, UT","Salt Lake City, UT - Main - C03C",
a06Ro00000COAapIAH,343959,2025-12-11,2024-12-20,"Salt Lake City, UT","Salt Lake City, UT - Main - C03C",
a06Ro00000COAaqIAH,343960,2025-12-11,2024-12-20,"Salt Lake City, UT","Salt Lake City, UT - Main - C03C",
a06Ro00000COAarIAH,343961,2025-12-11,2024-12-20,"Salt Lake City, UT","Salt Lake City, UT - Main - C03C",
a06Ro00000COAasIAH,343962,2025-12-11,2024-12-20,"Salt Lake City, UT","Salt Lake City, UT - Main - C03C",
a06Ro00000CO7onIAD,343963,2025-12-11,2024-12-20,"Salt Lake City, UT","Salt Lake City, UT - Main - C03C",
a06Ro00000CO7oxIAD,343973,2025-12-11,2024-12-20,"Salt Lake City, UT","Salt Lake City, UT - Main - D02H","Salt Lake City, UT"
a06Ro00000CO7p0IAD,343976,2025-12-11,2024-12-20,"Salt Lake City, UT","Salt Lake City, UT - Main - D05B",
a06Ro00000CO7p1IAD,343977,2025-12-11,2024-12-20,"Salt Lake City, UT","Salt Lake City, UT - Main - D05B",
a06Ro00000CO7p2IAD,343978,2025-12-11,2024-12-20,"Salt Lake City, UT","Salt Lake City, UT - Main - D05B",
a06Ro00000CO7p3IAD,343979,2025-12-11,2024-12-20,"Salt Lake City, UT","Salt Lake City, UT - Main - D05B",
a06Ro00000CO7p4IAD,343980,2025-12-11,2024-12-20,"Salt Lake City, UT","Salt Lake City, UT - Main - D05B",
a06Ro00000CO7p7IAD,343983,2025-12-11,2024-12-20,"Salt Lake City, UT","Salt Lake City, UT - Main - D05B",
a06Ro00000CO7pBIAT,343987,2025-12-11,2024-12-20,"Salt Lake City, UT","Salt Lake City, UT - Main - C04F",
a06Ro00000CO556IAD,344002,2025-12-11,2024-12-20,"Salt Lake City, UT","Salt Lake City, UT - Main - C06D",
a06Ro00000CO557IAD,344003,2025-12-11,2024-12-20,"Salt Lake City, UT","Salt Lake City, UT - Main - C06D",
a06Ro00000CO558IAD,344004,2025-12-11,2024-12-20,"Salt Lake City, UT","Salt Lake City, UT - Main - C06D",
a06Ro00000CO559IAD,344005,2025-12-11,2024-12-20,"Salt Lake City, UT","Salt Lake City, UT - Main - C06D",
a06Ro00000CO55AIAT,344006,2025-12-11,2024-12-20,"Salt Lake City, UT","Salt Lake City, UT - Main - C06D",
a06Ro00000CO55BIAT,344007,2025-12-11,2024-12-20,"Salt Lake City, UT","Salt Lake City, UT - Main - C12A",
a06Ro00000CO55CIAT,344008,2025-12-11,2024-12-20,"Salt Lake City, UT","Salt Lake City, UT - Main - C12A","Salt Lake City, UT"
a06Ro00000COAcRIAX,344049,2025-12-11,2024-12-20,"Salt Lake City, UT","Salt Lake City, UT - Main - C04A",
a06Ro00000COACqIAP,344062,2025-12-11,2024-12-20,"Salt Lake City, UT","Salt Lake City, UT - Main - C04F",
a06Ro00000COACrIAP,344063,2025-12-11,2024-12-20,"Salt Lake City, UT","Salt Lake City, UT - Main - C04F",
a06Ro00000COACsIAP,344064,2025-12-11,2024-12-20,"Salt Lake City, UT","Salt Lake City, UT - Main - C04F",
a06Ro00000COAD8IAP,344080,2025-12-11,2024-12-20,"Salt Lake City, UT","Salt Lake City, UT - Main - C04F",
a06Ro00000CO5YWIA1,344115,2025-12-11,2024-12-20,"Salt Lake City, UT","Salt Lake City, UT - Main - C09B",
a06Ro00000CO5YXIA1,344116,2025-12-11,2024-12-20,"Salt Lake City, UT","Salt Lake City, UT - Main - C09B",
a06Ro00000CO5YYIA1,344117,2025-12-11,2024-12-20,"Salt Lake City, UT","Salt Lake City, UT - Main - C09B",
a06Ro00000CO5YZIA1,344118,2025-12-11,2024-12-20,"Salt Lake City, UT","Salt Lake City, UT - Main - C09B",
a06Ro00000CO5YaIAL,344119,2025-12-11,2024-12-20,"Salt Lake City, UT","Salt Lake City, UT - Main - C09B",
a06Ro00000CO5YbIAL,344120,2025-12-11,2024-12-20,"Salt Lake City, UT","Salt Lake City, UT - Main - C09B",
a06Ro00000CO5YcIAL,344121,2025-12-11,2024-12-20,"Salt Lake City, UT","Salt Lake City, UT - Main - C09B",
a06Ro00000CO5YdIAL,344122,2025-12-11,2024-12-20,"Salt Lake City, UT","Salt Lake City, UT - Main - C09B",
a06Ro00000CO5YeIAL,344123,2025-12-11,2024-12-20,"Salt Lake City, UT","Salt Lake City, UT - Main - C09B",
a06Ro00000CO5YfIAL,344124,2025-12-11,2024-12-20,"Salt Lake City, UT","Salt Lake City, UT - Main - C09B",
a06Ro00000CO5YgIAL,344125,2025-12-11,2024-12-20,"Salt Lake City, UT","Salt Lake City, UT - Main - C12C",
a06Ro00000CO5YhIAL,344126,2025-12-11,2024-12-20,"Salt Lake City, UT","Salt Lake City, UT - Main - C12C",
a06Ro00000CO5YiIAL,344127,2025-12-11,2024-12-20,"Salt Lake City, UT","Salt Lake City, UT - Main - C12C",
a06Ro00000CO5YjIAL,344128,2025-12-11,2024-12-20,"Salt Lake City, UT","Salt Lake City, UT - Main - C12C",
a06Ro00000CO5YkIAL,344129,2025-12-11,2024-12-20,"Salt Lake City, UT","Salt Lake City, UT - Main - C12C",
a06Ro00000CO5YlIAL,344130,2025-12-11,2024-12-20,"Salt Lake City, UT","Salt Lake City, UT - Main - C12C",
a06Ro00000CO5YmIAL,344131,2025-12-11,2024-12-20,"Salt Lake City, UT","Salt Lake City, UT - Main - C12C",
a06Ro00000CO5YnIAL,344132,2025-12-11,2024-12-20,"Salt Lake City, UT","Salt Lake City, UT - Main - C12C",
a06Ro00000CO5YoIAL,344133,2025-12-11,2024-12-20,"Salt Lake City, UT","Salt Lake City, UT | Main D 13C","Salt Lake City, UT"
a06Ro00000CO5YqIAL,344135,2025-12-11,2024-12-20,"Salt Lake City, UT","Salt Lake City, UT | Main D 13C",
a06Ro00000CO5YrIAL,344136,2025-12-11,2024-12-20,"Salt Lake City, UT","Salt Lake City, UT | Main D 13C",
a06Ro00000CO5YsIAL,344137,2025-12-11,2024-12-20,Shipping,Shipping,"Milwaukee, WI"
a06Ro00000CO5YtIAL,344138,2025-12-11,2024-12-20,"Salt Lake City, UT","Salt Lake City, UT | Main D 13C",
a06Ro00000CO6UhIAL,344153,2025-12-11,2024-12-20,"Salt Lake City, UT","Salt Lake City, UT - Main - C02C",
a06Ro00000CO6UmIAL,344158,2025-12-11,2024-12-20,"Salt Lake City, UT","Salt Lake City, UT - Main - C06C",
a06Ro00000CO6UnIAL,344159,2025-12-11,2024-12-20,"Salt Lake City, UT","Salt Lake City, UT - Main - C06C",
a06Ro00000CO6UoIAL,344160,2025-12-11,2024-12-20,"Salt Lake City, UT","Salt Lake City, UT - Main - C06C",
a06Ro00000CO6UpIAL,344161,2025-12-11,2024-12-20,"Salt Lake City, UT","Salt Lake City, UT - Main - C06C",
a06Ro00000CO6UqIAL,344162,2025-12-11,2024-12-20,"Salt Lake City, UT","Salt Lake City, UT - Main - C06C",
a06Ro00000CO6UsIAL,344164,2025-12-11,2024-12-20,"Salt Lake City, UT","Salt Lake City, UT - Main - C06C",
a06Ro00000CO6UtIAL,344165,2025-12-11,2024-12-20,"Salt Lake City, UT","Salt Lake City, UT - Main - C06C",
a06Ro00000CO6UuIAL,344166,2025-12-11,2024-12-20,"Salt Lake City, UT","Salt Lake City, UT - Main - C06C",
a06Ro00000CO6UvIAL,344167,2025-12-11,2024-12-20,"Salt Lake City, UT","Salt Lake City, UT - Main - C06C",
a06Ro00000CO6UwIAL,344168,2025-12-11,2024-12-20,"Salt Lake City, UT","Salt Lake City, UT - Main - C06C",
a06Ro00000CO6UxIAL,344169,2025-12-11,2024-12-20,"Salt Lake City, UT","Salt Lake City, UT - Main - C06C",
a06Ro00000CO6UyIAL,344170,2025-12-11,2024-12-20,"Salt Lake City, UT","Salt Lake City, UT - Main - C06C",
a06Ro00000CO6UzIAL,344171,2025-12-11,2024-12-20,"Salt Lake City, UT","Salt Lake City, UT - Main - C06C",
a06Ro00000CO6V0IAL,344172,2025-12-11,2024-12-20,"Salt Lake City, UT","Salt Lake City, UT - Main - C06C",
a06Ro00000CO8rJIAT,344173,2025-12-11,2024-12-20,"Salt Lake City, UT","Salt Lake City, UT - Main - C06C",
a06Ro00000CO8rKIAT,344174,2025-12-11,2024-12-20,"Salt Lake City, UT","Salt Lake City, UT - Main - C06C",
a06Ro00000CO8rLIAT,344175,2025-12-11,2024-12-20,"Salt Lake City, UT","Salt Lake City, UT - Main - C06C",
a06Ro00000CO8rMIAT,344176,2025-12-11,2024-12-20,"Salt Lake City, UT","Salt Lake City, UT - Main - C06C",
a06Ro00000CO8rNIAT,344177,2025-12-11,2024-12-20,"Salt Lake City, UT","Salt Lake City, UT - Main - C06C",
a06Ro00000CO8rOIAT,344178,2025-12-11,2024-12-20,"Salt Lake City, UT","Salt Lake City, UT - Main - C06C",
a06Ro00000CO8rPIAT,344179,2025-12-11,2024-12-20,"Salt Lake City, UT","Salt Lake City, UT - Main - C06C",
a06Ro00000CO8rQIAT,344180,2025-12-11,2024-12-20,"Salt Lake City, UT","Salt Lake City, UT - Main - C06C",
a06Ro00000CO8rRIAT,344181,2025-12-11,2024-12-20,"Salt Lake City, UT","Salt Lake City, UT - Main - C06C",
a06Ro00000CO8rSIAT,344182,2025-12-11,2024-12-20,"Salt Lake City, UT","Salt Lake City, UT - Main - C06C",
a06Ro00000CO8rTIAT,344183,2025-12-11,2024-12-20,"Salt Lake City, UT","Salt Lake City, UT - Main - C06C",
a06Ro00000CO8rUIAT,344184,2025-12-11,2024-12-20,"Salt Lake City, UT","Salt Lake City, UT - Main - C06C",
a06Ro00000CO8rVIAT,344185,2025-12-11,2024-12-20,"Salt Lake City, UT","Salt Lake City, UT - Main - C06C",
a06Ro00000CO8rWIAT,344186,2025-12-11,2024-12-20,"Salt Lake City, UT","Salt Lake City, UT - Main - C06C",
a06Ro00000CO8rXIAT,344187,2025-12-11,2024-12-20,"Salt Lake City, UT","Salt Lake City, UT - Main - C06C",
a06Ro00000CO8rYIAT,344188,2025-12-11,2024-12-20,"Salt Lake City, UT","Salt Lake City, UT - Main - C06C",
a06Ro00000CO8rZIAT,344189,2025-12-11,2024-12-20,"Salt Lake City, UT","Salt Lake City, UT - Main - C06C",
a06Ro00000CO8raIAD,344190,2025-12-11,2024-12-20,"Salt Lake City, UT","Salt Lake City, UT - Main - C06C",
a06Ro00000CO8rbIAD,344191,2025-12-11,2024-12-20,"Salt Lake City, UT","Salt Lake City, UT - Main - C12C",
a06Ro00000CO8rcIAD,344192,2025-12-11,2024-12-20,"Salt Lake City, UT","Salt Lake City, UT - Main - C07C",
a06Ro00000CO3DzIAL,344203,2025-12-11,2024-12-20,"Salt Lake City, UT","Salt Lake City, UT - Main - C06C",
a06Ro00000CO3E0IAL,344204,2025-12-11,2024-12-20,"Salt Lake City, UT","Salt Lake City, UT - Main - C06C",
a06Ro00000CO3E1IAL,344205,2025-12-11,2024-12-20,"Salt Lake City, UT","Salt Lake City, UT - Main - C06C",
a06Ro00000CO3E2IAL,344206,2025-12-11,2024-12-20,"Salt Lake City, UT","Salt Lake City, UT - Main - C06C",
a06Ro00000CO3E3IAL,344207,2025-12-11,2024-12-20,"Salt Lake City, UT","Salt Lake City, UT - Main - C06C",
a06Ro00000CO3E4IAL,344208,2025-12-11,2024-12-20,"Salt Lake City, UT","Salt Lake City, UT - Main - C06C",
a06Ro00000CO3E5IAL,344209,2025-12-11,2024-12-20,"Salt Lake City, UT","Salt Lake City, UT - Main - C06C",
a06Ro00000CO3E6IAL,344210,2025-12-11,2024-12-20,"Salt Lake City, UT","Salt Lake City, UT - Main - C06C",
a06Ro00000CO3E7IAL,344211,2025-12-11,2024-12-20,"Salt Lake City, UT","Salt Lake City, UT - Main - C06C",
a06Ro00000CO3E8IAL,344212,2025-12-11,2024-12-20,"Salt Lake City, UT","Salt Lake City, UT - Main - C06C",
a06Ro00000CO3E9IAL,344213,2025-12-11,2024-12-20,"Salt Lake City, UT","Salt Lake City, UT - Main - C06C",
a06Ro00000CO3EAIA1,344214,2025-12-11,2024-12-20,"Salt Lake City, UT","Salt Lake City, UT - Main - C06C",
a06Ro00000CO3EBIA1,344215,2025-12-11,2024-12-20,"Salt Lake City, UT","Salt Lake City, UT - Main - C06C",
a06Ro00000CO3ECIA1,344216,2025-12-11,2024-12-20,"Salt Lake City, UT","Salt Lake City, UT - Main - C06C",
a06Ro00000CO3EDIA1,344217,2025-12-11,2024-12-20,"Salt Lake City, UT","Salt Lake City, UT - Main - C06C",
a06Ro00000CO3EEIA1,344218,2025-12-11,2024-12-20,"Salt Lake City, UT","Salt Lake City, UT - Main - C06C",
a06Ro00000CO3EFIA1,344219,2025-12-11,2024-12-20,"Salt Lake City, UT","Salt Lake City, UT - Main - C06C",
a06Ro00000CO3EGIA1,344220,2025-12-11,2024-12-20,"Salt Lake City, UT","Salt Lake City, UT - Main - C06C",
a06Ro00000CO3EHIA1,344221,2025-12-11,2024-12-20,"Salt Lake City, UT","Salt Lake City, UT - Main - C06C",
a06Ro00000CO3EIIA1,344222,2025-12-11,2024-12-20,"Salt Lake City, UT","Salt Lake City, UT - Main - C06C",
a06Ro00000CO3EJIA1,344223,2025-12-11,2024-12-20,"Salt Lake City, UT","Salt Lake City, UT - Main - C06C",
a06Ro00000CO3EKIA1,344224,2025-12-11,2024-12-20,"Salt Lake City, UT","Salt Lake City, UT - Main - C06C",
a06Ro00000CO3ELIA1,344225,2025-12-11,2024-12-20,"Salt Lake City, UT","Salt Lake City, UT - Main - C06C",
a06Ro00000CO3EMIA1,344226,2025-12-11,2024-12-20,"Salt Lake City, UT","Salt Lake City, UT - Main - C06C",
a06Ro00000CO3ENIA1,344227,2025-12-11,2024-12-20,"Salt Lake City, UT","Salt Lake City, UT - Main - C06C",
a06Ro00000CO3EOIA1,344228,2025-12-11,2024-12-20,"Salt Lake City, UT","Salt Lake City, UT - Main - C06C",
a06Ro00000CO3EPIA1,344229,2025-12-11,2024-12-20,"Salt Lake City, UT","Salt Lake City, UT - Main - C06C",
a06Ro00000CO3EQIA1,344230,2025-12-11,2024-12-20,"Salt Lake City, UT","Salt Lake City, UT - Main - C06C",
a06Ro00000CO3ERIA1,344231,2025-12-11,2024-12-20,"Salt Lake City, UT","Salt Lake City, UT - Main - C06C",
a06Ro00000CO3ESIA1,344232,2025-12-11,2024-12-20,"Salt Lake City, UT","Salt Lake City, UT - Main - C06C",
a06Ro00000CO6x5IAD,344233,2025-12-11,2024-12-20,"Salt Lake City, UT","Salt Lake City, UT - Main - C06C",
a06Ro00000CO6x6IAD,344234,2025-12-11,2024-12-20,"Salt Lake City, UT","Salt Lake City, UT - Main - C06C",
a06Ro00000CO6x7IAD,344235,2025-12-11,2024-12-20,"Salt Lake City, UT","Salt Lake City, UT - Main - C06C",
a06Ro00000CO6x8IAD,344236,2025-12-11,2024-12-20,"Salt Lake City, UT","Salt Lake City, UT - Main - C06C",
a06Ro00000CO6x9IAD,344237,2025-12-11,2024-12-20,"Salt Lake City, UT","Salt Lake City, UT - Main - C06C",
a06Ro00000CO6xAIAT,344238,2025-12-11,2024-12-20,"Salt Lake City, UT","Salt Lake City, UT - Main - C06C",
a06Ro00000CO6xBIAT,344239,2025-12-11,2024-12-20,"Salt Lake City, UT","Salt Lake City, UT - Main - C06C",
a06Ro00000CO6xCIAT,344240,2025-12-11,2024-12-20,"Salt Lake City, UT","Salt Lake City, UT - Main - C06C",
a06Ro00000CO6xDIAT,344241,2025-12-11,2024-12-20,"Salt Lake City, UT","Salt Lake City, UT - Main - C06C",
a06Ro00000CO6xVIAT,344259,2025-12-11,2024-12-20,"Salt Lake City, UT","Salt Lake City, UT - Main - C09B",
a06Ro00000CO6xWIAT,344260,2025-12-11,2024-12-20,"Salt Lake City, UT","Salt Lake City, UT - Main - C09B",
a06Ro00000CO6xYIAT,344262,2025-12-11,2024-12-20,"Salt Lake City, UT","Salt Lake City, UT - Main - C02C",
a06Ro00000CNzOsIAL,344263,2025-12-11,2024-12-20,"Salt Lake City, UT","Salt Lake City, UT - Main - C02C",
a06Ro00000CNzOtIAL,344264,2025-12-11,2024-12-20,"Salt Lake City, UT","Salt Lake City, UT - Main - C02C",
a06Ro00000CNzOwIAL,344267,2025-12-11,2024-12-20,"Salt Lake City, UT","Salt Lake City, UT - Main - C09D",
a06Ro00000CNzPFIA1,344286,2025-12-11,2024-12-20,"Salt Lake City, UT","Salt Lake City, UT - Main - D02D","Salt Lake City, UT"
a06Ro00000CNzPGIA1,344287,2025-12-11,2024-12-20,"Salt Lake City, UT","Salt Lake City, UT - Main - D02D","Salt Lake City, UT"
a06Ro00000CNzPHIA1,344288,2025-12-11,2024-12-20,"Salt Lake City, UT","Salt Lake City, UT - Main - D02D","Salt Lake City, UT"
a06Ro00000CNzPIIA1,344289,2025-12-11,2024-12-20,Shipping,Shipping,"Salt Lake City, UT"
a06Ro00000CO5FOIA1,344310,2025-12-11,2024-12-20,"Salt Lake City, UT","Salt Lake City, UT - Main - D02F",
a06Ro00000CO5FUIA1,344316,2032-06-10,2024-12-20,"Salt Lake City, UT","Salt Lake City, UT | Main C 06B","Salt Lake City, UT"
a06Ro00000CO5FWIA1,344318,2032-06-12,2024-12-20,"Salt Lake City, UT","Salt Lake City, UT | Main C 06B","Salt Lake City, UT"
a06Ro00000COAddIAH,344363,2025-12-11,2024-12-20,"Salt Lake City, UT","Salt Lake City, UT - Main - D03B",
a06Ro00000COAdpIAH,344375,2025-12-11,2024-12-20,"Salt Lake City, UT","Salt Lake City, UT | Main D 02E","Milwaukee, WI"
a06Ro00000COAdqIAH,344376,2025-12-11,2024-12-20,"Salt Lake City, UT","Salt Lake City, UT - Main - D02E",
a06Ro00000COAdrIAH,344377,2025-12-11,2024-12-20,"Salt Lake City, UT","Salt Lake City, UT - Main - D02E",
a06Ro00000COAdtIAH,344379,2025-12-11,2024-12-20,"Salt Lake City, UT","Salt Lake City, UT - Main - D02E",
a06Ro00000COAduIAH,344380,2025-12-11,2024-12-20,"Salt Lake City, UT","Salt Lake City, UT - Main - D02E",
a06Ro00000COAdvIAH,344381,2025-12-11,2024-12-20,"Salt Lake City, UT","Salt Lake City, UT - Main - D02E",
a06Ro00000COAdwIAH,344382,2025-12-11,2024-12-20,"Salt Lake City, UT","Salt Lake City, UT - Main - D02E",
a06Ro00000CNfV0IAL,344383,2025-12-11,2024-12-20,"Salt Lake City, UT","Salt Lake City, UT - Main - D02E",
a06Ro00000CNfV1IAL,344384,2025-12-11,2024-12-20,"Salt Lake City, UT","Salt Lake City, UT - Main - D02E",
a06Ro00000CNfV3IAL,344386,2025-12-11,2024-12-20,"Salt Lake City, UT","Salt Lake City, UT - Main - D02E",
a06Ro00000CNfV4IAL,344387,2025-12-11,2024-12-20,"Salt Lake City, UT","Salt Lake City, UT - Main - D02E",
a06Ro00000CNfV5IAL,344388,2025-12-11,2024-12-20,"Salt Lake City, UT","Salt Lake City, UT - Main - D02E",
a06Ro00000CNfV6IAL,344389,2025-12-11,2024-12-20,"Salt Lake City, UT","Salt Lake City, UT - Main - D02E",
a06Ro00000CNfV7IAL,344390,2025-12-11,2024-12-20,"Salt Lake City, UT","Salt Lake City, UT - Main - D02E","Salt Lake City, UT"
a06Ro00000CNfVBIA1,344394,2025-12-11,2024-12-20,"Salt Lake City, UT","Salt Lake City, UT - Main - D02F",
a06Ro00000CNfVCIA1,344395,2025-12-11,2024-12-20,"Salt Lake City, UT","Salt Lake City, UT - Main - D02F",
a06Ro00000CNfVDIA1,344396,2025-12-11,2024-12-20,"Salt Lake City, UT","Salt Lake City, UT - Main - D02F",
a06Ro00000CNfVEIA1,344397,2025-12-11,2024-12-20,"Salt Lake City, UT","Salt Lake City, UT - Main - D02F",
a06Ro00000CNfVFIA1,344398,2025-12-11,2024-12-20,"Salt Lake City, UT","Salt Lake City, UT - Main - D02F",
a06Ro00000CNfVGIA1,344399,2025-12-11,2024-12-20,"Salt Lake City, UT","Salt Lake City, UT - Main - D02F",
a06Ro00000CNfVHIA1,344400,2025-12-11,2024-12-20,"Salt Lake City, UT","Salt Lake City, UT - Main - D02F",
a06Ro00000CNfVIIA1,344401,2025-12-11,2024-12-20,"Salt Lake City, UT","Salt Lake City, UT - Main - D02F",
a06Ro00000CNfVJIA1,344402,2025-12-11,2024-12-20,"Salt Lake City, UT","Salt Lake City, UT - Main - D02F",
a06Ro00000CNfVKIA1,344403,2025-12-11,2024-12-20,"Salt Lake City, UT","Salt Lake City, UT - Main - D02F",
a06Ro00000CNfVLIA1,344404,2025-12-11,2024-12-20,"Salt Lake City, UT","Salt Lake City, UT - Main - D02F",
a06Ro00000CNfVMIA1,344405,2025-12-11,2024-12-20,"Salt Lake City, UT","Salt Lake City, UT - Main - D02F",
a06Ro00000CNfVNIA1,344406,2025-12-11,2024-12-20,"Salt Lake City, UT","Salt Lake City, UT - Main - D02F",
a06Ro00000CNfVOIA1,344407,2025-12-11,2024-12-20,"Salt Lake City, UT","Salt Lake City, UT - Main - D02F",
a06Ro00000CNfVPIA1,344408,2025-12-11,2024-12-20,"Salt Lake City, UT","Salt Lake City, UT - Main - D02F",
a06Ro00000CNfVQIA1,344409,2025-12-11,2024-12-20,"Salt Lake City, UT","Salt Lake City, UT - Main - D02F",
a06Ro00000CNfVRIA1,344410,2025-12-11,2024-12-20,"Salt Lake City, UT","Salt Lake City, UT - Main - D02F",
a06Ro00000CNvzGIAT,344431,2025-12-11,2024-12-20,"Salt Lake City, UT","Salt Lake City, UT - Main - C04F",
a06Ro00000CNvzLIAT,344436,2025-12-11,2024-12-20,"Salt Lake City, UT","Salt Lake City, UT - Main - C04E",
a06Ro00000CNvzMIAT,344437,2025-12-11,2024-12-20,"Salt Lake City, UT","Salt Lake City, UT - Main - C04E",
a06Ro00000CNvzNIAT,344438,2025-12-11,2024-12-20,"Salt Lake City, UT","Salt Lake City, UT - Main - C04E","Salt Lake City, UT"
a06Ro00000CNvzOIAT,344439,2025-12-11,2024-12-20,"Salt Lake City, UT","Salt Lake City, UT - Main - C04E","Salt Lake City, UT"
a06Ro00000CNvzPIAT,344440,2025-12-11,2024-12-20,"Salt Lake City, UT","Salt Lake City, UT - Main - C04E",
a06Ro00000CNvzQIAT,344441,2025-12-11,2024-12-20,"Salt Lake City, UT","Salt Lake City, UT - Main - C04E",
a06Ro00000COAgvIAH,344507,2025-12-11,2024-12-20,"Salt Lake City, UT","Salt Lake City, UT - Main - C06B",
a06Ro00000CO87fIAD,344533,2025-12-11,2024-12-20,"Salt Lake City, UT","Salt Lake City, UT - Main - C04E",
a06Ro00000CO87gIAD,344534,2025-12-11,2024-12-20,"Salt Lake City, UT","Salt Lake City, UT - Main - C04E",
a06Ro00000CO87hIAD,344535,2025-12-11,2024-12-20,"Salt Lake City, UT","Salt Lake City, UT - Main - C04E",
a06Ro00000CO87iIAD,344536,2025-12-11,2024-12-20,"Salt Lake City, UT","Salt Lake City, UT - Main - C04E",
a06Ro00000CO87jIAD,344537,2025-12-11,2024-12-20,"Salt Lake City, UT","Salt Lake City, UT - Main - C04E",
a06Ro00000CO87kIAD,344538,2025-12-11,2024-12-20,"Salt Lake City, UT","Salt Lake City, UT - Main - C04E",
a06Ro00000CO87lIAD,344539,2025-12-11,2024-12-20,"Salt Lake City, UT","Salt Lake City, UT - Main - C04E",
a06Ro00000CO87mIAD,344540,2025-12-11,2024-12-20,"Salt Lake City, UT","Salt Lake City, UT - Main - C04E",
a06Ro00000CO87nIAD,344541,2025-12-11,2024-12-20,"Salt Lake City, UT","Salt Lake City, UT - Main - C04E",
a06Ro00000CO87oIAD,344542,2025-12-11,2024-12-20,"Salt Lake City, UT","Salt Lake City, UT - Main - C04E",
a06Ro00000CO87pIAD,344543,2025-12-11,2024-12-20,"Salt Lake City, UT","Salt Lake City, UT - Main - C04E",
a06Ro00000CO3q6IAD,344717,2025-12-11,2024-12-20,"Salt Lake City, UT","Salt Lake City, UT - Main - C06E",
a06Ro00000CO3q7IAD,344718,2025-12-11,2024-12-20,"Salt Lake City, UT","Salt Lake City, UT - Main - C06E",
a06Ro00000CO3q8IAD,344719,2025-12-11,2024-12-20,"Salt Lake City, UT","Salt Lake City, UT - Main - C06E",
a06Ro00000COAp8IAH,344936,2025-12-11,2024-12-20,"Salt Lake City, UT","Salt Lake City, UT - Main - C05C",
a06Ro00000COAp9IAH,344937,2025-12-11,2024-12-20,"Salt Lake City, UT","Salt Lake City, UT - Main - C05C",
a06Ro00000COApAIAX,344938,2025-12-11,2024-12-20,"Salt Lake City, UT","Salt Lake City, UT - Main - C05C",
a06Ro00000COApBIAX,344939,2025-12-11,2024-12-20,"Salt Lake City, UT","Salt Lake City, UT - Main - C05C",
a06Ro00000COApCIAX,344940,2025-12-11,2024-12-20,"Salt Lake City, UT","Salt Lake City, UT - Main - C05C",
a06Ro00000COApDIAX,344941,2025-12-11,2024-12-20,"Salt Lake City, UT","Salt Lake City, UT - Main - C05C",
a06Ro00000COApEIAX,344942,2025-12-11,2024-12-20,"Salt Lake City, UT","Salt Lake City, UT - Main - C05C",
a06Ro00000COApFIAX,344943,2025-12-11,2024-12-20,"Salt Lake City, UT","Salt Lake City, UT - Main - C05C",
a06Ro00000COApGIAX,344944,2025-12-11,2024-12-20,"Salt Lake City, UT","Salt Lake City, UT - Main - C05C",
a06Ro00000COApHIAX,344945,2025-12-11,2024-12-20,"Salt Lake City, UT","Salt Lake City, UT - Main - C05C",
a06Ro00000CO8CmIAL,344970,2025-12-11,2024-12-20,"Salt Lake City, UT","Salt Lake City, UT - Main - C04E",
a06Ro00000CO8CpIAL,344973,2025-12-11,2024-12-20,"Salt Lake City, UT","Salt Lake City, UT - Main - C04B",
a06Ro00000CO8CrIAL,344975,2025-12-11,2024-12-20,"Salt Lake City, UT","Salt Lake City, UT - Main - D02H","Salt Lake City, UT"
a06Ro00000CO8CsIAL,344976,2025-12-11,2024-12-20,"Salt Lake City, UT","Salt Lake City, UT - Main - D02H",
a06Ro00000CO8CtIAL,344977,2025-12-11,2024-12-20,"Salt Lake City, UT","Salt Lake City, UT - Main - D02H",
a06Ro00000CO8CuIAL,344978,2025-12-11,2024-12-20,"Salt Lake City, UT","Salt Lake City, UT - Main - D02H",
a06Ro00000CO8CvIAL,344979,2025-12-11,2024-12-20,"Salt Lake City, UT","Salt Lake City, UT - Main - D02H",
a06Ro00000CO8CwIAL,344980,2025-12-11,2024-12-20,"Salt Lake City, UT","Salt Lake City, UT | Main C 04D",
a06Ro00000CO8CxIAL,344981,2025-12-11,2024-12-20,"Salt Lake City, UT","Salt Lake City, UT - Main - C06B",
a06Ro00000CO8CyIAL,344982,2025-12-11,2024-12-20,"Salt Lake City, UT","Salt Lake City, UT - Main - C06B",
a06Ro00000CNfVUIA1,344983,2025-12-11,2024-12-20,"Salt Lake City, UT","Salt Lake City, UT - Main - C06B",
a06Ro00000CNfVVIA1,344984,2025-12-11,2024-12-20,"Salt Lake City, UT","Salt Lake City, UT - Main - D07B",
a06Ro00000CO1K4IAL,345018,2025-12-11,2024-12-20,"Salt Lake City, UT","Salt Lake City, UT - Main - C09E",
a06Ro00000CO3onIAD,345362,2025-12-11,2024-12-20,"Salt Lake City, UT","Salt Lake City, UT - Main - D08D",
a06Ro00000CO3oqIAD,345365,2025-12-11,2024-12-20,"Salt Lake City, UT","Salt Lake City, UT - Main - D08D","Salt Lake City, UT"
a06Ro00000CO3orIAD,345366,2025-12-11,2024-12-20,"Salt Lake City, UT","Salt Lake City, UT - Main - D08D",
a06Ro00000CO3osIAD,345367,2025-12-11,2024-12-20,"Salt Lake City, UT","Salt Lake City, UT - Main - D08D",
a06Ro00000CO3otIAD,345368,2025-12-11,2024-12-20,"Salt Lake City, UT","Salt Lake City, UT - Main - D08D",
a06Ro00000CO3ouIAD,345369,2025-12-11,2024-12-20,"Salt Lake City, UT","Salt Lake City, UT - Main - D08D",
a06Ro00000CO7ThIAL,345725,2025-12-11,2024-12-20,"Salt Lake City, UT","Salt Lake City, UT - Main - D01B",
a06Ro00000COAB7IAP,345765,2026-03-20,2024-12-20,"Salt Lake City, UT","Salt Lake City, UT | Main C 06B",
a06Ro00000CO44wIAD,345814,2025-12-11,2024-12-20,"Salt Lake City, UT","Salt Lake City, UT - Main - C10D",
a06Ro00000CO9WzIAL,345957,2025-12-11,2024-12-20,"Salt Lake City, UT","Salt Lake City, UT - Main - D09C","Salt Lake City, UT"
a06Ro00000CO9X0IAL,345958,2025-12-11,2024-12-20,"Salt Lake City, UT","Salt Lake City, UT - Main - D09C",
a06Ro00000CO9X1IAL,345959,2025-12-11,2024-12-20,"Salt Lake City, UT","Salt Lake City, UT - Main - D09C",
a06Ro00000CO9X2IAL,345960,2025-12-11,2024-12-20,"Salt Lake City, UT","Salt Lake City, UT - Main - D09C",
a06Ro00000CO9X3IAL,345961,2025-12-11,2024-12-20,"Salt Lake City, UT","Salt Lake City, UT - Main - D09C",
a06Ro00000CO9X4IAL,345962,2025-12-11,2024-12-20,"Salt Lake City, UT","Salt Lake City, UT - Main - D09C",
a06Ro00000CO9X5IAL,345963,2025-12-11,2024-12-20,"Salt Lake City, UT","Salt Lake City, UT - Main - D09C",
a06Ro00000CO9X6IAL,345964,2025-12-11,2024-12-20,"Salt Lake City, UT","Salt Lake City, UT - Main - D09C",
a06Ro00000CO9X7IAL,345965,2025-12-11,2024-12-20,"Salt Lake City, UT","Salt Lake City, UT - Main - D09C",
a06Ro00000CO9X8IAL,345966,2025-12-11,2024-12-20,"Salt Lake City, UT","Salt Lake City, UT - Main - D09B",
a06Ro00000CO9X9IAL,345967,2025-12-11,2024-12-20,"Salt Lake City, UT","Salt Lake City, UT - Main - D09B",
a06Ro00000CO9XAIA1,345968,2025-12-11,2024-12-20,"Salt Lake City, UT","Salt Lake City, UT - Main - D09B",
a06Ro00000CO9XBIA1,345969,2025-12-11,2024-12-20,"Salt Lake City, UT","Salt Lake City, UT - Main - D09B",
a06Ro00000CO9XCIA1,345970,2025-12-11,2024-12-20,"Salt Lake City, UT","Salt Lake City, UT - Main - D09B","Salt Lake City, UT"
a06Ro00000CO9XDIA1,345971,2025-12-11,2024-12-20,"Salt Lake City, UT","Salt Lake City, UT - Main - D09B","Salt Lake City, UT"
a06Ro00000CNyooIAD,346096,2025-12-11,2024-12-20,"Salt Lake City, UT","Salt Lake City, UT - Main - D05A",
a06Ro00000COB6tIAH,346292,2025-12-11,2024-12-20,"Salt Lake City, UT","Salt Lake City, UT - Main - C04D","Salt Lake City, UT"
a06Ro00000COB6uIAH,346293,2025-12-11,2024-12-20,"Salt Lake City, UT","Salt Lake City, UT - Main - C04D","Salt Lake City, UT"
a06Ro00000COB6wIAH,346295,2025-12-11,2024-12-20,"Salt Lake City, UT","Salt Lake City, UT - Main - C04D",
a06Ro00000COB6xIAH,346296,2025-12-11,2024-12-20,"Salt Lake City, UT","Salt Lake City, UT - Main - C04D",
a06Ro00000COB6yIAH,346297,2025-12-11,2024-12-20,"Salt Lake City, UT","Salt Lake City, UT - Main - C04C","Salt Lake City, UT"
a06Ro00000COB6zIAH,346298,2025-12-11,2024-12-20,"Salt Lake City, UT","Salt Lake City, UT - Main - C04C","Salt Lake City, UT"
a06Ro00000COB70IAH,346299,2025-12-11,2024-12-20,"Salt Lake City, UT","Salt Lake City, UT - Main - C04C","Salt Lake City, UT"
a06Ro00000COB71IAH,346300,2025-12-11,2024-12-20,"Salt Lake City, UT","Salt Lake City, UT - Main - C04C","Salt Lake City, UT"
a06Ro00000COB72IAH,346301,2025-12-11,2024-12-20,"Salt Lake City, UT","Salt Lake City, UT - Main - C04C",
a06Ro00000COB73IAH,346302,2025-12-11,2024-12-20,"Salt Lake City, UT","Salt Lake City, UT - Main - C04C",
a06Ro00000CO4GxIAL,346303,2025-12-11,2024-12-20,"Salt Lake City, UT","Salt Lake City, UT - Main - C04C",
a06Ro00000CO4GyIAL,346304,2025-12-11,2024-12-20,"Salt Lake City, UT","Salt Lake City, UT - Main - C04C",
a06Ro00000CO4HDIA1,346319,2025-12-11,2024-12-20,"Salt Lake City, UT","Salt Lake City, UT - Main - C04E","Salt Lake City, UT"
a06Ro00000CO4HEIA1,346320,2025-12-11,2024-12-20,"Salt Lake City, UT","Salt Lake City, UT - Main - C04E","Salt Lake City, UT"
a06Ro00000CO4HFIA1,346321,2025-12-11,2024-12-20,"Salt Lake City, UT","Salt Lake City, UT - Main - C04E","Salt Lake City, UT"
a06Ro00000CO4HGIA1,346322,2025-12-11,2024-12-20,"Salt Lake City, UT","Salt Lake City, UT - Main - C04E","Salt Lake City, UT"
a06Ro00000CO4HHIA1,346323,2025-12-11,2024-12-20,"Salt Lake City, UT","Salt Lake City, UT - Main - C04E",
a06Ro00000CO4HIIA1,346324,2025-12-11,2024-12-20,"Salt Lake City, UT","Salt Lake City, UT - Main - C04E",
a06Ro00000CO4HJIA1,346325,2025-12-11,2024-12-20,"Salt Lake City, UT","Salt Lake City, UT - Main - C04E",
a06Ro00000CO4HKIA1,346326,2025-12-11,2024-12-20,"Salt Lake City, UT","Salt Lake City, UT - Main - C04E",
a06Ro00000CNzsXIAT,346401,2025-12-11,2024-12-20,"Salt Lake City, UT","Salt Lake City, UT - Main - C04D",
a06Ro00000CNzsYIAT,346402,2025-12-11,2024-12-20,"Salt Lake City, UT","Salt Lake City, UT - Main - C07D",
a06Ro00000CNzsZIAT,346403,2025-12-11,2024-12-20,"Salt Lake City, UT","Salt Lake City, UT - Main - C06B",
a06Ro00000CNzsjIAD,346413,2025-12-11,2024-12-20,"Salt Lake City, UT","Salt Lake City, UT - Main - C03A",
a06Ro00000CNzskIAD,346414,2025-12-11,2024-12-20,"Salt Lake City, UT","Salt Lake City, UT - Main - C03A",
a06Ro00000CO32CIAT,346433,2025-12-11,2024-12-20,"Salt Lake City, UT","Salt Lake City, UT - Main - C07D",
a06Ro00000CO32DIAT,346434,2025-12-11,2024-12-20,"Salt Lake City, UT","Salt Lake City, UT - Main - C07D",
a06Ro00000CO32EIAT,346435,2025-12-11,2024-12-20,"Salt Lake City, UT","Salt Lake City, UT - Main - C07D","Salt Lake City, UT"
a06Ro00000CO290IAD,346801,2025-12-11,2024-12-20,"Salt Lake City, UT","Salt Lake City, UT - Main - C04C","Salt Lake City, UT"
a06Ro00000COBA7IAP,346857,2025-12-11,2024-12-20,"Salt Lake City, UT","Salt Lake City, UT | Main C 03F","Salt Lake City, UT"
a06Ro00000CO5IKIA1,347830,2025-12-11,2024-12-20,"Salt Lake City, UT","Salt Lake City, UT - Main - C04C","Salt Lake City, UT"
a06Ro00000CO5CDIA1,347913,2025-12-11,2024-12-20,"Salt Lake City, UT","Salt Lake City, UT - Main - C04C",
a06Ro00000CO5CEIA1,347914,2025-12-11,2024-12-20,"Salt Lake City, UT","Salt Lake City, UT - Main - C04C",
a06Ro00000CO5CFIA1,347915,2025-12-11,2024-12-20,"Salt Lake City, UT","Salt Lake City, UT - Main - D05C",
a06Ro00000CNzZJIA1,348060,2025-12-11,2024-12-20,"Salt Lake City, UT","Salt Lake City, UT - Main - D02A","Salt Lake City, UT"
a06Ro00000CO7pQIAT,348262,2025-12-11,2024-12-20,"Salt Lake City, UT","Salt Lake City, UT - Main - D02H",
a06Ro00000COBcvIAH,348263,2025-12-11,2024-12-20,"Salt Lake City, UT","Salt Lake City, UT - Main - D02H",
a06Ro00000COBdEIAX,348282,2025-12-11,2024-12-20,"Salt Lake City, UT","Salt Lake City, UT | Main C 07A","Salt Lake City, UT"
a06Ro00000CO6VmIAL,348290,2025-12-11,2024-12-20,"Salt Lake City, UT","Salt Lake City, UT - Main - C05A",
a06Ro00000CO6VuIAL,348298,2025-12-11,2024-12-20,"Salt Lake City, UT","Salt Lake City, UT - Main - C04C","Salt Lake City, UT"
a06Ro00000CO6VvIAL,348299,2025-12-11,2024-12-20,"Salt Lake City, UT","Salt Lake City, UT - Main - C04C",
a06Ro00000CO6VwIAL,348300,2025-12-11,2024-12-20,"Salt Lake City, UT","Salt Lake City, UT - Main - C04C",
a06Ro00000CO9c6IAD,348314,2025-12-11,2024-12-20,"Salt Lake City, UT","Salt Lake City, UT - Main - C04C",
a06Ro00000CO8RKIA1,348602,2025-12-11,2024-12-20,"Salt Lake City, UT","Salt Lake City, UT - Main - C06A","Salt Lake City, UT"
a06Ro00000CO4lCIAT,348617,2025-12-11,2024-12-20,"Salt Lake City, UT","Salt Lake City, UT - Main - C07D",
a06Ro00000CO4lDIAT,348618,2025-12-11,2024-12-20,"Salt Lake City, UT","Salt Lake City, UT - Main - C07D",
a06Ro00000CO4lEIAT,348619,2025-12-11,2024-12-20,"Salt Lake City, UT","Salt Lake City, UT - Main - C07D",
a06Ro00000CO4lFIAT,348620,2025-12-11,2024-12-20,"Salt Lake City, UT","Salt Lake City, UT - Main - C07D",
a06Ro00000CO4lGIAT,348621,2025-12-11,2024-12-20,"Salt Lake City, UT","Salt Lake City, UT - Main - C07D",
a06Ro00000CO4lHIAT,348622,2025-12-11,2024-12-20,"Salt Lake City, UT","Salt Lake City, UT - Main - C07D",
a06Ro00000CO4lIIAT,348623,2025-12-11,2024-12-20,"Salt Lake City, UT","Salt Lake City, UT - Main - C07D",
a06Ro00000CO4lPIAT,348630,2025-12-11,2024-12-20,"Salt Lake City, UT","Salt Lake City, UT - Main - C12C",
a06Ro00000CO4lQIAT,348631,2025-12-11,2024-12-20,"Salt Lake City, UT","Salt Lake City, UT - Main - C12C",
a06Ro00000CO4lRIAT,348632,2025-12-11,2024-12-20,"Salt Lake City, UT","Salt Lake City, UT - Main - C12C",
a06Ro00000CO4lSIAT,348633,2025-12-11,2024-12-20,"Salt Lake City, UT","Salt Lake City, UT - Main - C12C",
a06Ro00000CO4lTIAT,348634,2025-12-11,2024-12-20,"Salt Lake City, UT","Salt Lake City, UT - Main - C12C",
a06Ro00000CO4lUIAT,348635,2025-12-11,2024-12-20,"Salt Lake City, UT","Salt Lake City, UT - Main - C12C",
a06Ro00000CO4lVIAT,348636,2025-12-11,2024-12-20,"Salt Lake City, UT","Salt Lake City, UT - Main - C12C",
a06Ro00000CO4lWIAT,348637,2025-12-11,2024-12-20,"Salt Lake City, UT","Salt Lake City, UT - Main - C12C",
a06Ro00000CO4lXIAT,348638,2025-12-11,2024-12-20,"Salt Lake City, UT","Salt Lake City, UT - Main - C12C",
a06Ro00000CO4lYIAT,348639,2025-12-11,2024-12-20,"Salt Lake City, UT","Salt Lake City, UT - Main - C12C",
a06Ro00000CO4lZIAT,348640,2025-12-11,2024-12-20,"Salt Lake City, UT","Salt Lake City, UT - Main - C12C",
a06Ro00000CO4laIAD,348641,2025-12-11,2024-12-20,"Salt Lake City, UT","Salt Lake City, UT - Main - C12C",
a06Ro00000CO4lbIAD,348642,2025-12-11,2024-12-20,"Salt Lake City, UT","Salt Lake City, UT - Main - C12C",
a06Ro00000COBkzIAH,348643,2025-12-11,2024-12-20,"Salt Lake City, UT","Salt Lake City, UT - Main - C12C",
a06Ro00000COBlQIAX,348670,2025-12-11,2024-12-20,"Salt Lake City, UT","Salt Lake City, UT - Main - C07D",
a06Ro00000COARFIA5,348735,2025-12-11,2024-12-20,"Salt Lake City, UT","Salt Lake City, UT - Main - C07D",
a06Ro00000COARGIA5,348736,2025-12-11,2024-12-20,"Salt Lake City, UT","Salt Lake City, UT - Main - C07D",
a06Ro00000COARIIA5,348738,2025-12-11,2024-12-20,"Salt Lake City, UT","Salt Lake City, UT - Main - C07D",
a06Ro00000COARJIA5,348739,2025-12-11,2024-12-20,"Salt Lake City, UT","Salt Lake City, UT - Main - C12C",
a06Ro00000COARKIA5,348740,2025-12-11,2024-12-20,"Salt Lake City, UT","Salt Lake City, UT - Main - C12C",
a06Ro00000COARLIA5,348741,2025-12-11,2024-12-20,"Salt Lake City, UT","Salt Lake City, UT - Main - C12C",
a06Ro00000COARMIA5,348742,2025-12-11,2024-12-20,"Salt Lake City, UT","Salt Lake City, UT - Main - C12C",
a06Ro00000COARNIA5,348743,2025-12-11,2024-12-20,"Salt Lake City, UT","Salt Lake City, UT - Main - C12C",
a06Ro00000COAROIA5,348744,2025-12-11,2024-12-20,"Salt Lake City, UT","Salt Lake City, UT - Main - C12C",
a06Ro00000COARPIA5,348745,2025-12-11,2024-12-20,"Salt Lake City, UT","Salt Lake City, UT - Main - C12C",
a06Ro00000COARQIA5,348746,2025-12-11,2024-12-20,"Salt Lake City, UT","Salt Lake City, UT - Main - C12C",
a06Ro00000COBt4IAH,348854,2025-12-11,2024-12-20,"Salt Lake City, UT","Salt Lake City, UT - Main - D01G",
a06Ro00000COBt5IAH,348855,2025-12-11,2024-12-20,"Salt Lake City, UT","Salt Lake City, UT - Main - D01G",
a06Ro00000COBt6IAH,348856,2025-12-11,2024-12-20,"Salt Lake City, UT","Salt Lake City, UT - Main - D01G",
a06Ro00000COBt7IAH,348857,2025-12-11,2024-12-20,"Salt Lake City, UT","Salt Lake City, UT - Main - D01G",
a06Ro00000COBtCIAX,348862,2025-12-11,,"Salt Lake City, UT","Salt Lake City, UT | Main D 17D","Salt Lake City, UT"
a06Ro00000COBtHIAX,348867,2025-12-11,2024-12-20,"Salt Lake City, UT","Salt Lake City, UT - Main - D01G",
a06Ro00000COBtIIAX,348868,2025-12-11,2024-12-20,"Salt Lake City, UT","Salt Lake City, UT - Main - D01G",
a06Ro00000COBtJIAX,348869,2025-12-11,2024-12-20,"Salt Lake City, UT","Salt Lake City, UT - Main - D01G",
a06Ro00000COBtKIAX,348870,2025-12-11,2024-12-20,"Salt Lake City, UT","Salt Lake City, UT - Main - D01G",
a06Ro00000COBtLIAX,348871,2025-12-11,2024-12-20,"Salt Lake City, UT","Salt Lake City, UT - Main - D01G",
a06Ro00000COBtMIAX,348872,2025-12-11,2024-12-20,"Salt Lake City, UT","Salt Lake City, UT - Main - D01G",
a06Ro00000COBtOIAX,348874,2025-12-11,2024-12-20,"Salt Lake City, UT","Salt Lake City, UT - Main - D01G",
a06Ro00000COBtPIAX,348875,2025-12-11,2024-12-20,"Salt Lake City, UT","Salt Lake City, UT - Main - D01G",
a06Ro00000COBtQIAX,348876,2025-12-11,2024-12-20,"Salt Lake City, UT","Salt Lake City, UT - Main - D01G",
a06Ro00000COBtRIAX,348877,2025-12-11,2024-12-20,"Salt Lake City, UT","Salt Lake City, UT - Main - D01G",
a06Ro00000COBtSIAX,348878,2025-12-11,2024-12-20,"Salt Lake City, UT","Salt Lake City, UT - Main - D01G",
a06Ro00000COBtTIAX,348879,2025-12-11,2024-12-20,"Salt Lake City, UT","Salt Lake City, UT - Main - D01G",
a06Ro00000COBtUIAX,348880,2025-12-11,2024-12-20,"Salt Lake City, UT","Salt Lake City, UT - Main - D01G",
a06Ro00000COBtVIAX,348881,2025-12-11,2024-12-20,"Salt Lake City, UT","Salt Lake City, UT - Main - D01G",
a06Ro00000COBtWIAX,348882,2025-12-11,2024-12-20,"Salt Lake City, UT","Salt Lake City, UT - Main - D01G",
a06Ro00000COAuGIAX,348883,2025-12-11,2024-12-20,"Salt Lake City, UT","Salt Lake City, UT - Main - D01G",
a06Ro00000COAuHIAX,348884,2025-12-11,2024-12-20,"Salt Lake City, UT","Salt Lake City, UT - Main - D01G",
a06Ro00000COAuIIAX,348885,2025-12-11,2024-12-20,"Salt Lake City, UT","Salt Lake City, UT - Main - D01G",
a06Ro00000COAuJIAX,348886,2025-12-11,2024-12-20,"Salt Lake City, UT","Salt Lake City, UT - Main - D01G",
a06Ro00000COAuKIAX,348887,2025-12-11,2024-12-20,"Salt Lake City, UT","Salt Lake City, UT - Main - D01G",
a06Ro00000COAuLIAX,348888,2025-12-11,2024-12-20,"Salt Lake City, UT","Salt Lake City, UT - Main - D01G",
a06Ro00000COAuMIAX,348889,2025-12-11,2024-12-20,"Salt Lake City, UT","Salt Lake City, UT - Main - D01G",
a06Ro00000COAuNIAX,348890,2025-12-11,2024-12-20,"Salt Lake City, UT","Salt Lake City, UT - Main - D01G",
a06Ro00000COAuOIAX,348891,2025-12-11,2024-12-20,"Salt Lake City, UT","Salt Lake City, UT - Main - D01G",
a06Ro00000COAuPIAX,348892,2025-12-11,2024-12-20,"Salt Lake City, UT","Salt Lake City, UT - Main - D01G",
a06Ro00000COAuQIAX,348893,2025-12-11,2024-12-20,"Salt Lake City, UT","Salt Lake City, UT - Main - D01G",
a06Ro00000COAuRIAX,348894,2025-12-11,2024-12-20,"Salt Lake City, UT","Salt Lake City, UT - Main - D01G",
a06Ro00000COAuTIAX,348896,2025-12-11,2024-12-20,"Salt Lake City, UT","Salt Lake City, UT - Main - D01G",
a06Ro00000COAuUIAX,348897,2025-12-11,2024-12-20,"Salt Lake City, UT","Salt Lake City, UT - Main - D01G",
a06Ro00000COAuVIAX,348898,2025-12-11,2024-12-20,"Salt Lake City, UT","Salt Lake City, UT - Main - D01G",
a06Ro00000COAuWIAX,348899,2025-12-11,2024-12-20,"Salt Lake City, UT","Salt Lake City, UT - Main - D01G",
a06Ro00000COAuXIAX,348900,2025-12-11,2024-12-20,"Salt Lake City, UT","Salt Lake City, UT - Main - D01G",
a06Ro00000COAuYIAX,348901,2025-12-11,2024-12-20,"Salt Lake City, UT","Salt Lake City, UT - Main - D01G",
a06Ro00000COAuZIAX,348902,2025-12-11,2024-12-20,"Salt Lake City, UT","Salt Lake City, UT - Main - D01G",
a06Ro00000COAuaIAH,348903,2025-12-11,2024-12-20,"Salt Lake City, UT","Salt Lake City, UT - Main - D01G",
a06Ro00000COAubIAH,348904,2025-12-11,2024-12-20,"Salt Lake City, UT","Salt Lake City, UT - Main - D01G",
a06Ro00000COAucIAH,348905,2025-12-11,2024-12-20,"Salt Lake City, UT","Salt Lake City, UT - Main - D01G",
a06Ro00000COAudIAH,348906,2025-12-11,2024-12-20,"Salt Lake City, UT","Salt Lake City, UT - Main - D01G",
a06Ro00000COAueIAH,348907,2025-12-11,2024-12-20,"Salt Lake City, UT","Salt Lake City, UT - Main - D01G",
a06Ro00000COAufIAH,348908,2025-12-11,2024-12-20,"Salt Lake City, UT","Salt Lake City, UT - Main - D01G",
a06Ro00000COAugIAH,348909,2025-12-11,2024-12-20,"Salt Lake City, UT","Salt Lake City, UT - Main - C09D",
a06Ro00000COAuhIAH,348910,2025-12-11,2024-12-20,"Salt Lake City, UT","Salt Lake City, UT - Main - D01G",
a06Ro00000COAuiIAH,348911,2025-12-11,2024-12-20,"Salt Lake City, UT","Salt Lake City, UT - Main - D01G",
a06Ro00000COAujIAH,348912,2025-12-11,2024-12-20,"Salt Lake City, UT","Salt Lake City, UT - Main - D01G",
a06Ro00000CO5xAIAT,348914,2025-12-11,2024-12-20,"Salt Lake City, UT","Salt Lake City, UT - Main - C11C",
a06Ro00000CO5xBIAT,348915,2025-12-11,2024-12-20,"Salt Lake City, UT","Salt Lake City, UT - Main - C11C",
a06Ro00000CO5xDIAT,348917,2025-12-11,2024-12-20,"Salt Lake City, UT","Salt Lake City, UT - Main - D17D",
a06Ro00000CO5xEIAT,348918,2025-12-11,2024-12-20,"Salt Lake City, UT","Salt Lake City, UT - Main - C09A",
a06Ro00000CNzHNIA1,349068,2025-12-11,2024-12-20,"Salt Lake City, UT","Salt Lake City, UT - Main - D01F",
a06Ro00000CO7wUIAT,349100,2025-12-11,2024-12-20,"Salt Lake City, UT","Salt Lake City, UT - Main - D01F",
a06Ro00000CO7wVIAT,349101,2025-12-11,2024-12-20,"Salt Lake City, UT","Salt Lake City, UT - Main - D01F",
a06Ro00000COBweIAH,349146,2025-12-11,2024-12-20,"Salt Lake City, UT","Salt Lake City, UT - Main - D01F",
a06Ro00000COBwfIAH,349147,2025-12-11,2024-12-20,"Salt Lake City, UT","Salt Lake City, UT - Main - D01F",
a06Ro00000COBwgIAH,349148,2025-12-11,2024-12-20,"Salt Lake City, UT","Salt Lake City, UT - Main - D01F",
a06Ro00000COBwhIAH,349149,2025-12-11,2024-12-20,"Salt Lake City, UT","Salt Lake City, UT - Main - D01F",
a06Ro00000COAzPIAX,349443,2025-12-11,2024-12-20,"Salt Lake City, UT","Salt Lake City, UT - Main - D01G",
a06Ro00000COAzQIAX,349444,2025-12-11,2024-12-20,"Salt Lake City, UT","Salt Lake City, UT - Main - D01G",
a06Ro00000COAzRIAX,349445,2025-12-11,2024-12-20,"Salt Lake City, UT","Salt Lake City, UT - Main - D01G",
a06Ro00000COAzSIAX,349446,2025-12-11,2024-12-20,"Salt Lake City, UT","Salt Lake City, UT - Main - D01G",
a06Ro00000COAzTIAX,349447,2025-12-11,2024-12-20,"Salt Lake City, UT","Salt Lake City, UT - Main - D01G",
a06Ro00000COB8uIAH,349492,2025-12-11,2024-12-20,"Salt Lake City, UT","Salt Lake City, UT - Main - D01F",
a06Ro00000CO2kSIAT,349671,2025-12-11,2024-12-20,"Salt Lake City, UT","Salt Lake City, UT - Main - D01F",
a06Ro00000CO2kTIAT,349672,2025-12-11,2024-12-20,"Salt Lake City, UT","Salt Lake City, UT - Main - D01F",
a06Ro00000CO2kUIAT,349673,2025-12-11,2024-12-20,"Salt Lake City, UT","Salt Lake City, UT - Main - D01F",
a06Ro00000CO2kVIAT,349674,2025-12-11,2024-12-20,"Salt Lake City, UT","Salt Lake City, UT - Main - D01F",
a06Ro00000CO2kaIAD,349679,2025-12-11,2024-12-20,"Salt Lake City, UT","Salt Lake City, UT - Main - D01H",
a06Ro00000CO2kbIAD,349680,2025-12-11,2024-12-20,"Salt Lake City, UT","Salt Lake City, UT - Main - D01H",
a06Ro00000CO0wSIAT,349718,2025-12-11,2024-12-20,"Salt Lake City, UT","Salt Lake City, UT - Main - D01F",
a06Ro00000CO0wTIAT,349719,2025-12-11,2024-12-20,"Salt Lake City, UT","Salt Lake City, UT - Main - D01F",
a06Ro00000CO0wUIAT,349720,2025-12-11,2024-12-20,"Salt Lake City, UT","Salt Lake City, UT - Main - D01F",
a06Ro00000CO0wVIAT,349721,2025-12-11,2024-12-20,"Salt Lake City, UT","Salt Lake City, UT - Main - D01F",
a06Ro00000CO0wWIAT,349722,2025-12-11,2024-12-20,"Salt Lake City, UT","Salt Lake City, UT - Main - D01F",
a06Ro00000COC17IAH,349723,2025-12-11,2024-12-20,"Salt Lake City, UT","Salt Lake City, UT - Main - D01F",
a06Ro00000COC18IAH,349724,2025-12-11,2024-12-20,"Salt Lake City, UT","Salt Lake City, UT - Main - D01F",
a06Ro00000COC19IAH,349725,2025-12-11,2024-12-20,"Salt Lake City, UT","Salt Lake City, UT - Main - D01F",
a06Ro00000COC1ZIAX,349751,2025-12-11,2024-12-20,"Salt Lake City, UT","Salt Lake City, UT - Main - D01E",
a06Ro00000COC1aIAH,349752,2025-12-11,2024-12-20,"Salt Lake City, UT","Salt Lake City, UT - Main - D01E",
a06Ro00000COC2jIAH,349753,2025-12-11,2024-12-20,"Salt Lake City, UT","Salt Lake City, UT - Main - D01E",
a06Ro00000COC2kIAH,349754,2025-12-11,2024-12-20,"Salt Lake City, UT","Salt Lake City, UT - Main - D01E",
a06Ro00000COC2lIAH,349755,2025-12-11,2024-12-20,"Salt Lake City, UT","Salt Lake City, UT | Main D 10D",
a06Ro00000COC2mIAH,349756,2025-12-11,2024-12-20,"Salt Lake City, UT","Salt Lake City, UT | Main D 10D",
a06Ro00000COC2nIAH,349757,2025-12-11,2024-12-20,"Salt Lake City, UT","Salt Lake City, UT | Main D 10D",
a06Ro00000COC2oIAH,349758,2025-12-11,2024-12-20,"Salt Lake City, UT","Salt Lake City, UT | Main D 10D",
a06Ro00000COC2pIAH,349759,2025-12-11,2024-12-20,"Salt Lake City, UT","Salt Lake City, UT | Main D 10D",
a06Ro00000COC2qIAH,349760,2025-12-11,2024-12-20,"Salt Lake City, UT","Salt Lake City, UT | Main D 10D",
a06Ro00000COC2uIAH,349764,2025-12-11,2024-12-20,"Salt Lake City, UT","Salt Lake City, UT - Main - D01F",
a06Ro00000COC2vIAH,349765,2025-12-11,2024-12-20,"Salt Lake City, UT","Salt Lake City, UT - Main - D01F",
a06Ro00000COC2wIAH,349766,2025-12-11,2024-12-20,"Salt Lake City, UT","Salt Lake City, UT - Main - D01F",
a06Ro00000COC2xIAH,349767,2025-12-11,2024-12-20,"Salt Lake City, UT","Salt Lake City, UT - Main - D01F",
a06Ro00000COC33IAH,349773,2025-12-11,2024-12-20,"Salt Lake City, UT","Salt Lake City, UT - Main - D03A",
a06Ro00000COC34IAH,349774,2025-12-11,2024-12-20,"Salt Lake City, UT","Salt Lake City, UT - Main - D03A",
a06Ro00000COC35IAH,349775,2025-12-11,2024-12-20,"Salt Lake City, UT","Salt Lake City, UT - Main - D03A",
a06Ro00000COC36IAH,349776,2025-12-11,2024-12-20,"Salt Lake City, UT","Salt Lake City, UT - Main - D03A",
a06Ro00000COC38IAH,349778,2025-12-11,2024-12-20,"Salt Lake City, UT","Salt Lake City, UT - Main - D01E",
a06Ro00000COC39IAH,349779,2025-12-11,2024-12-20,"Salt Lake City, UT","Salt Lake City, UT - Main - D01E",
a06Ro00000COC3AIAX,349780,2025-12-11,2024-12-20,"Salt Lake City, UT","Salt Lake City, UT - Main - D01E",
a06Ro00000COC3BIAX,349781,2025-12-11,2024-12-20,"Salt Lake City, UT","Salt Lake City, UT - Main - D01E",
a06Ro00000COC3CIAX,349782,2025-12-11,2024-12-20,"Salt Lake City, UT","Salt Lake City, UT - Main - D01E",
a06Ro00000COC4LIAX,349783,2025-12-11,2024-12-20,"Salt Lake City, UT","Salt Lake City, UT - Main - D01E",
a06Ro00000COC4MIAX,349784,2025-12-11,2024-12-20,"Salt Lake City, UT","Salt Lake City, UT - Main - D01E",
a06Ro00000COC4NIAX,349785,2025-12-11,2024-12-20,"Salt Lake City, UT","Salt Lake City, UT - Main - D01E",
a06Ro00000COC4OIAX,349786,2025-12-11,2024-12-20,"Salt Lake City, UT","Salt Lake City, UT - Main - D01E",
a06Ro00000COC4PIAX,349787,2025-12-11,2024-12-20,"Salt Lake City, UT","Salt Lake City, UT - Main - D01E",
a06Ro00000COC4QIAX,349788,2025-12-11,2024-12-20,"Salt Lake City, UT","Salt Lake City, UT - Main - D01E",
a06Ro00000CO5QLIA1,349839,2025-12-11,2024-12-20,"Salt Lake City, UT","Salt Lake City, UT - Main - D01F",
a06Ro00000CO5QMIA1,349840,2025-12-11,2024-12-20,"Salt Lake City, UT","Salt Lake City, UT - Main - D01F",
a06Ro00000CO5QNIA1,349841,2025-12-11,2024-12-20,"Salt Lake City, UT","Salt Lake City, UT - Main - D01F",
a06Ro00000CO5QOIA1,349842,2025-12-11,2024-12-20,"Salt Lake City, UT","Salt Lake City, UT - Main - D01F",
a06Ro00000CO515IAD,349843,2025-12-11,2024-12-20,"Salt Lake City, UT","Salt Lake City, UT - Main - D01F",
a06Ro00000CO517IAD,349845,2025-12-11,2024-12-20,"Salt Lake City, UT","Salt Lake City, UT - Main - D01F",
a06Ro00000CO518IAD,349846,2025-12-11,2024-12-20,"Salt Lake City, UT","Salt Lake City, UT - Main - D01F",
a06Ro00000CO519IAD,349847,2025-12-11,2024-12-20,"Salt Lake City, UT","Salt Lake City, UT - Main - D01F",
a06Ro00000CO51AIAT,349848,2025-12-11,2024-12-20,"Salt Lake City, UT","Salt Lake City, UT - Main - D01F",
a06Ro00000CO51BIAT,349849,2025-12-11,2024-12-20,"Salt Lake City, UT","Salt Lake City, UT - Main - D01F",
a06Ro00000CO51CIAT,349850,2025-12-11,2024-12-20,"Salt Lake City, UT","Salt Lake City, UT - Main - D01F",
a06Ro00000CO51DIAT,349851,2025-12-11,2024-12-20,"Salt Lake City, UT","Salt Lake City, UT - Main - D01F",
a06Ro00000CO51EIAT,349852,2025-12-11,2024-12-20,"Salt Lake City, UT","Salt Lake City, UT - Main - D01F",
a06Ro00000COC5xIAH,349853,2025-12-11,2024-12-20,"Salt Lake City, UT","Salt Lake City, UT - Main - D01F",
a06Ro00000COC5yIAH,349854,2025-12-11,2024-12-20,"Salt Lake City, UT","Salt Lake City, UT - Main - D01F",
a06Ro00000COC3MIAX,349912,2025-12-11,2024-12-20,"Salt Lake City, UT","Salt Lake City, UT - Main - C07D",
a06Ro00000COC3NIAX,349913,2025-12-11,2024-12-20,"Salt Lake City, UT","Salt Lake City, UT - Main - C07D",
a06Ro00000COC3OIAX,349914,2025-12-11,2024-12-20,"Salt Lake City, UT","Salt Lake City, UT - Main - C07D",
a06Ro00000COC3PIAX,349915,2025-12-11,2024-12-20,"Salt Lake City, UT","Salt Lake City, UT - Main - C07D",
a06Ro00000COC3QIAX,349916,2025-12-11,2024-12-20,"Salt Lake City, UT","Salt Lake City, UT - Main - C07D",
a06Ro00000COC3RIAX,349917,2025-12-11,2024-12-20,"Salt Lake City, UT","Salt Lake City, UT - Main - C07D",
a06Ro00000COC3SIAX,349918,2025-12-11,2024-12-20,"Salt Lake City, UT","Salt Lake City, UT - Main - C07D",
a06Ro00000COC3TIAX,349919,2025-12-11,2024-12-20,"Salt Lake City, UT","Salt Lake City, UT - Main - C07D",
a06Ro00000COC3UIAX,349920,2025-12-11,2024-12-20,"Salt Lake City, UT","Salt Lake City, UT - Main - C07D",
a06Ro00000COC3VIAX,349921,2025-12-11,2024-12-20,"Salt Lake City, UT","Salt Lake City, UT - Main - C07D",
a06Ro00000COC3WIAX,349922,2025-12-11,2024-12-20,"Salt Lake City, UT","Salt Lake City, UT - Main - C07D",
a06Ro00000CO9S8IAL,350274,2025-12-11,2024-12-20,"Salt Lake City, UT","Salt Lake City, UT - Main - D02H",
a06Ro00000CO9S9IAL,350275,2025-12-11,2024-12-20,"Salt Lake City, UT","Salt Lake City, UT - Main - D02H",
a06Ro00000CO9SAIA1,350276,2025-12-11,2024-12-20,"Salt Lake City, UT","Salt Lake City, UT - Main - D02H",
a06Ro00000CO9SBIA1,350277,2025-12-11,2024-12-20,"Salt Lake City, UT","Salt Lake City, UT - Main - D02H",
a06Ro00000CO9SCIA1,350278,2025-12-11,2024-12-20,"Salt Lake City, UT","Salt Lake City, UT - Main - D02H",
a06Ro00000CO9SDIA1,350279,2025-12-11,2024-12-20,"Salt Lake City, UT","Salt Lake City, UT - Main - D02H",
a06Ro00000CO9SEIA1,350280,2025-12-11,2024-12-20,"Salt Lake City, UT","Salt Lake City, UT - Main - D02H",
a06Ro00000CO9SFIA1,350281,2025-12-11,2024-12-20,"Salt Lake City, UT","Salt Lake City, UT - Main - D02G",
a06Ro00000CO9SGIA1,350282,2025-12-11,2024-12-20,"Salt Lake City, UT","Salt Lake City, UT - Main - D02G",
a06Ro00000CO9SHIA1,350283,2025-12-11,2024-12-20,"Salt Lake City, UT","Salt Lake City, UT - Main - D02G",
a06Ro00000CO9SIIA1,350284,2025-12-11,2024-12-20,"Salt Lake City, UT","Salt Lake City, UT - Main - D02G",
a06Ro00000CO9SJIA1,350285,2025-12-11,2024-12-20,"Salt Lake City, UT","Salt Lake City, UT - Main - D02G",
a06Ro00000CO9SKIA1,350286,2025-12-11,2024-12-20,"Salt Lake City, UT","Salt Lake City, UT - Main - D02G",
a06Ro00000CO9SLIA1,350287,2025-12-11,2024-12-20,"Salt Lake City, UT","Salt Lake City, UT - Main - D02G",
a06Ro00000CO9SNIA1,350289,2025-12-11,2024-12-20,"Salt Lake City, UT","Salt Lake City, UT - Main - D02G",
a06Ro00000CO9SPIA1,350291,2025-12-11,2024-12-20,"Salt Lake City, UT","Salt Lake City, UT - Main - D02G",
a06Ro00000CO9SQIA1,350292,2025-12-11,2024-12-20,"Salt Lake City, UT","Salt Lake City, UT - Main - D02G",
a06Ro00000COC9HIAX,350299,2025-12-11,2024-12-20,"Salt Lake City, UT","Salt Lake City, UT - Main - C07C",
a06Ro00000COC9MIAX,350304,2025-12-11,2024-12-20,"Salt Lake City, UT","Salt Lake City, UT - Main - C07C",
a06Ro00000COC9NIAX,350305,2025-12-11,2024-12-20,"Salt Lake City, UT","Salt Lake City, UT - Main - C07C",
a06Ro00000COC9OIAX,350306,2025-12-11,2024-12-20,"Salt Lake City, UT","Salt Lake City, UT - Main - C07C",
a06Ro00000COC9PIAX,350307,2025-12-11,2024-12-20,"Salt Lake City, UT","Salt Lake City, UT - Main - C07C",
a06Ro00000COC9QIAX,350308,2025-12-11,2024-12-20,"Salt Lake City, UT","Salt Lake City, UT - Main - C07C",
a06Ro00000COC9RIAX,350309,2025-12-11,2024-12-20,"Salt Lake City, UT","Salt Lake City, UT - Main - C07C",
a06Ro00000COC9SIAX,350310,2025-12-11,2024-12-20,"Salt Lake City, UT","Salt Lake City, UT - Main - C07C",
a06Ro00000COC9TIAX,350311,2025-12-11,2024-12-20,"Salt Lake City, UT","Salt Lake City, UT - Main - C07C",
a06Ro00000COC9UIAX,350312,2025-12-11,2024-12-20,"Salt Lake City, UT","Salt Lake City, UT - Main - C07C",
a06Ro00000COC9VIAX,350313,2025-12-11,2024-12-20,"Salt Lake City, UT","Salt Lake City, UT - Main - C07C",
a06Ro00000COC9WIAX,350314,2025-12-11,2024-12-20,"Salt Lake City, UT","Salt Lake City, UT - Main - C07C",
a06Ro00000COC9XIAX,350315,2025-12-11,2024-12-20,"Salt Lake City, UT","Salt Lake City, UT - Main - C07C",
a06Ro00000COC9YIAX,350316,2025-12-11,2024-12-20,"Salt Lake City, UT","Salt Lake City, UT - Main - C07C",
a06Ro00000COC9ZIAX,350317,2025-12-11,2024-12-20,"Salt Lake City, UT","Salt Lake City, UT - Main - C07C",
a06Ro00000COC9aIAH,350318,2025-12-11,2024-12-20,"Salt Lake City, UT","Salt Lake City, UT - Main - C07C",
a06Ro00000COC9bIAH,350319,2025-12-11,2024-12-20,"Salt Lake City, UT","Salt Lake City, UT - Main - C07C",
a06Ro00000COC9cIAH,350320,2025-12-11,2024-12-20,"Salt Lake City, UT","Salt Lake City, UT - Main - C07C",
a06Ro00000COC9dIAH,350321,2025-12-11,2024-12-20,"Salt Lake City, UT","Salt Lake City, UT - Main - C07C",
a06Ro00000COC9eIAH,350322,2025-12-11,2024-12-20,"Salt Lake City, UT","Salt Lake City, UT - Main - C07C",
a06Ro00000COB74IAH,350323,2025-12-11,2024-12-20,"Salt Lake City, UT","Salt Lake City, UT - Main - C07C",
a06Ro00000CO5dSIAT,350422,2025-12-11,2024-12-20,"Salt Lake City, UT","Salt Lake City, UT - Main - C06B",
a06Ro00000CO5dUIAT,350424,2025-12-11,2024-12-20,"Salt Lake City, UT","Salt Lake City, UT - Main - C07C",
a06Ro00000CO5dVIAT,350425,2025-12-11,2024-12-20,"Salt Lake City, UT","Salt Lake City, UT - Main - C07C",
a06Ro00000CO5dWIAT,350426,2025-12-11,2024-12-20,"Salt Lake City, UT","Salt Lake City, UT - Main - C07C",
a06Ro00000CO5dXIAT,350427,2025-12-11,2024-12-20,"Salt Lake City, UT","Salt Lake City, UT - Main - C07C",
a06Ro00000CO5dYIAT,350428,2025-12-11,2024-12-20,"Salt Lake City, UT","Salt Lake City, UT - Main - C07C",
a06Ro00000CO5dZIAT,350429,2025-12-11,2024-12-20,"Salt Lake City, UT","Salt Lake City, UT - Main - C07C",
a06Ro00000CO5daIAD,350430,2025-12-11,2024-12-20,"Salt Lake City, UT","Salt Lake City, UT - Main - C07C",
a06Ro00000CO5dbIAD,350431,2025-12-11,2024-12-20,"Salt Lake City, UT","Salt Lake City, UT - Main - C07C",
a06Ro00000CO5dcIAD,350432,2025-12-11,2024-12-20,"Salt Lake City, UT","Salt Lake City, UT - Main - C07C",
a06Ro00000CO5ddIAD,350433,2025-12-11,2024-12-20,"Salt Lake City, UT","Salt Lake City, UT - Main - C07C",
a06Ro00000CO5deIAD,350434,2025-12-11,2024-12-20,"Salt Lake City, UT","Salt Lake City, UT - Main - C07C",
a06Ro00000CO5dfIAD,350435,2025-12-11,2024-12-20,"Salt Lake City, UT","Salt Lake City, UT - Main - C07C",
a06Ro00000CO5dgIAD,350436,2025-12-11,2024-12-20,"Salt Lake City, UT","Salt Lake City, UT - Main - C07C",
a06Ro00000CO5dhIAD,350437,2025-12-11,2024-12-20,"Salt Lake City, UT","Salt Lake City, UT - Main - C07C",
a06Ro00000CO5diIAD,350438,2025-12-11,2024-12-20,"Salt Lake City, UT","Salt Lake City, UT - Main - C07C",
a06Ro00000COC4wIAH,350450,2025-12-11,2024-12-20,Shipping,Shipping,"Milwaukee, WI"
a06Ro00000COC4xIAH,350451,2025-12-11,2024-12-20,"Salt Lake City, UT","Salt Lake City, UT | Main D 02G","Salt Lake City, UT"
a06Ro00000COC4yIAH,350452,2025-12-11,2024-12-20,"Salt Lake City, UT","Salt Lake City, UT | Main D 02G","Salt Lake City, UT"
a06Ro00000COC4zIAH,350453,2025-12-11,2024-12-20,"Salt Lake City, UT","Salt Lake City, UT - Main - D02G",
a06Ro00000COC52IAH,350456,2025-12-11,2024-12-20,Shipping,Shipping,"Milwaukee, WI"
a06Ro00000COC53IAH,350457,2025-12-11,2024-12-20,"Salt Lake City, UT","Salt Lake City, UT | Main D 02G","Salt Lake City, UT"
a06Ro00000COC54IAH,350458,2025-12-11,2024-12-20,"Salt Lake City, UT","Salt Lake City, UT | Main D 02G","Milwaukee, WI"
a06Ro00000COC55IAH,350459,2025-12-11,2024-12-20,"Salt Lake City, UT","Salt Lake City, UT - Main - D02G",
a06Ro00000COC56IAH,350460,2025-12-11,2024-12-20,"Salt Lake City, UT","Salt Lake City, UT - Main - D02G",
a06Ro00000COC57IAH,350461,2025-12-11,2024-12-20,"Salt Lake City, UT","Salt Lake City, UT - Main - D02G",
a06Ro00000COC58IAH,350462,2025-12-11,2024-12-20,"Salt Lake City, UT","Salt Lake City, UT - Main - D02G",
a06Ro00000COC59IAH,350463,2025-12-11,2024-12-20,"Salt Lake City, UT","Salt Lake City, UT | Main D 02F","Salt Lake City, UT"
a06Ro00000COC5BIAX,350465,2025-12-11,2024-12-20,"Salt Lake City, UT","Salt Lake City, UT - Main - D02F",
a06Ro00000COC5CIAX,350466,2025-12-11,2024-12-20,"Salt Lake City, UT","Salt Lake City, UT - Main - D02F",
a06Ro00000COC5DIAX,350467,2025-12-11,2024-12-20,"Salt Lake City, UT","Salt Lake City, UT - Main - D02F",
a06Ro00000COC5EIAX,350468,2025-12-11,2024-12-20,"Salt Lake City, UT","Salt Lake City, UT - Main - D02F",
a06Ro00000COC5FIAX,350469,2025-12-11,2024-12-20,"Salt Lake City, UT","Salt Lake City, UT - Main - D02F",
a06Ro00000COC5GIAX,350470,2025-12-11,2024-12-20,"Salt Lake City, UT","Salt Lake City, UT - Main - D02F",
a06Ro00000COC5HIAX,350471,2025-12-11,2024-12-20,"Salt Lake City, UT","Salt Lake City, UT - Main - D02F",
a06Ro00000COC5IIAX,350472,2025-12-11,2024-12-20,"Salt Lake City, UT","Salt Lake City, UT - Main - D02F",
a06Ro00000CO8OHIA1,350473,2025-12-11,2024-12-20,"Salt Lake City, UT","Salt Lake City, UT - Main - D02F",
a06Ro00000CO8OIIA1,350474,2025-12-11,2024-12-20,"Salt Lake City, UT","Salt Lake City, UT - Main - D02F",
a06Ro00000CO8OJIA1,350475,2025-12-11,2024-12-20,"Salt Lake City, UT","Salt Lake City, UT - Main - D02F",
a06Ro00000CO7NLIA1,350590,2025-12-11,2024-12-20,"Salt Lake City, UT","Salt Lake City, UT | Main C 07C","Salt Lake City, UT"
a06Ro00000CO7NMIA1,350591,2025-12-11,2024-12-20,"Salt Lake City, UT","Salt Lake City, UT - Main - C07C",
a06Ro00000CO7NNIA1,350592,2025-12-11,2024-12-20,"Salt Lake City, UT","Salt Lake City, UT - Main - C07C",
a06Ro00000CO40rIAD,350593,2025-12-11,2024-12-20,"Salt Lake City, UT","Salt Lake City, UT - Main - C07C",
a06Ro00000CO40tIAD,350595,2025-12-11,2024-12-20,"Salt Lake City, UT","Salt Lake City, UT - Main - D02F",
a06Ro00000CO40uIAD,350596,2025-12-11,2024-12-20,"Salt Lake City, UT","Salt Lake City, UT - Main - D02F",
a06Ro00000CO40vIAD,350597,2025-12-11,2024-12-20,"Salt Lake City, UT","Salt Lake City, UT - Main - D02F",
a06Ro00000CO40wIAD,350598,2025-12-11,2024-12-20,"Salt Lake City, UT","Salt Lake City, UT - Main - D02F",
a06Ro00000CO40xIAD,350599,2025-12-11,2024-12-20,"Salt Lake City, UT","Salt Lake City, UT - Main - D02F",
a06Ro00000CO40yIAD,350600,2025-12-11,2024-12-20,"Salt Lake City, UT","Salt Lake City, UT - Main - D02F",
a06Ro00000COArBIAX,350737,2025-12-11,2024-12-20,"Salt Lake City, UT","Salt Lake City, UT - Main - D02C","Salt Lake City, UT"
a06Ro00000COArCIAX,350738,2025-12-11,2024-12-20,"Salt Lake City, UT","Salt Lake City, UT - Main - D02C",
a06Ro00000COArDIAX,350739,2025-12-11,2024-12-20,"Salt Lake City, UT","Salt Lake City, UT - Main - D02C",
a06Ro00000COCNrIAP,351023,2025-12-11,2024-12-20,"Salt Lake City, UT","Salt Lake City, UT - Main - C07B",
a06Ro00000COCNsIAP,351024,2025-12-11,2024-12-20,"Salt Lake City, UT","Salt Lake City, UT - Main - C07B",
a06Ro00000COCNtIAP,351025,2025-12-11,2024-12-20,"Salt Lake City, UT","Salt Lake City, UT - Main - C07B",
a06Ro00000COCNuIAP,351026,2025-12-11,2024-12-20,"Salt Lake City, UT","Salt Lake City, UT - Main - C07B",
a06Ro00000CNySsIAL,351077,2025-12-11,2024-12-20,"Salt Lake City, UT","Salt Lake City, UT - Main - D01D",
a06Ro00000CNyStIAL,351078,2025-12-11,2024-12-20,"Salt Lake City, UT","Salt Lake City, UT - Main - D01D",
a06Ro00000CNySuIAL,351079,2025-12-11,2024-12-20,"Salt Lake City, UT","Salt Lake City, UT - Main - D01D",
a06Ro00000CNySvIAL,351080,2025-12-11,2024-12-20,"Salt Lake City, UT","Salt Lake City, UT - Main - D01D",
a06Ro00000CNySwIAL,351081,2025-12-11,2024-12-20,"Salt Lake City, UT","Salt Lake City, UT - Main - D01D","Salt Lake City, UT"
a06Ro00000CNySxIAL,351082,2025-12-11,2024-12-20,"Salt Lake City, UT","Salt Lake City, UT - Main - D01D",
a06Ro00000CNySyIAL,351083,2025-12-11,2024-12-20,"Salt Lake City, UT","Salt Lake City, UT - Main - D01D",
a06Ro00000CNySzIAL,351084,2025-12-11,2024-12-20,"Salt Lake City, UT","Salt Lake City, UT - Main - D01D",
a06Ro00000CNyT0IAL,351085,2025-12-11,2024-12-20,"Salt Lake City, UT","Salt Lake City, UT - Main - D01D",
a06Ro00000CNyT1IAL,351086,2025-12-11,2024-12-20,"Salt Lake City, UT","Salt Lake City, UT - Main - D01D",
a06Ro00000CNyT2IAL,351087,2025-12-11,2024-12-20,"Salt Lake City, UT","Salt Lake City, UT - Main - D01D",
a06Ro00000CNyT3IAL,351088,2025-12-11,2024-12-20,"Salt Lake City, UT","Salt Lake City, UT - Main - D01D",
a06Ro00000CO6WTIA1,351123,2025-12-11,2024-12-20,"Salt Lake City, UT","Salt Lake City, UT - Main - D02B",
a06Ro00000CO6WUIA1,351124,2025-12-11,2024-12-20,"Salt Lake City, UT","Salt Lake City, UT - Main - D02B",
a06Ro00000CO6WVIA1,351125,2025-12-11,2024-12-20,"Salt Lake City, UT","Salt Lake City, UT - Main - D02B",
a06Ro00000CO6WWIA1,351126,2025-12-11,2024-12-20,"Salt Lake City, UT","Salt Lake City, UT - Main - D02B",
a06Ro00000CO6WXIA1,351127,2025-12-11,2024-12-20,"Salt Lake City, UT","Salt Lake City, UT - Main - D02B",
a06Ro00000CO6WYIA1,351128,2025-12-11,2024-12-20,"Salt Lake City, UT","Salt Lake City, UT - Main - D02B",
a06Ro00000CO6WZIA1,351129,2025-12-11,2024-12-20,"Salt Lake City, UT","Salt Lake City, UT - Main - D02B",
a06Ro00000CO9UdIAL,351141,2025-12-11,2024-12-20,"Salt Lake City, UT","Salt Lake City, UT - Main - D02A",
a06Ro00000CO9UeIAL,351142,2025-12-11,2024-12-20,"Salt Lake City, UT","Salt Lake City, UT - Main - D02A",
a06Ro00000COCPJIA5,351143,2025-12-11,2024-12-20,"Salt Lake City, UT","Salt Lake City, UT - Main - D02A",
a06Ro00000COCPKIA5,351144,2025-12-11,2024-12-20,"Salt Lake City, UT","Salt Lake City, UT - Main - D02A",
a06Ro00000COCPLIA5,351145,2025-12-11,2024-12-20,"Salt Lake City, UT","Salt Lake City, UT - Main - D02A",
a06Ro00000COCPMIA5,351146,2025-12-11,2024-12-20,"Salt Lake City, UT","Salt Lake City, UT - Main - D02A",
a06Ro00000COCPNIA5,351147,2025-12-11,2024-12-20,"Salt Lake City, UT","Salt Lake City, UT - Main - D02A",
a06Ro00000COCPOIA5,351148,2025-12-11,2024-12-20,"Salt Lake City, UT","Salt Lake City, UT - Main - D02A",
a06Ro00000COCPPIA5,351149,2025-12-11,2024-12-20,"Salt Lake City, UT","Salt Lake City, UT - Main - D02A",
a06Ro00000COCPRIA5,351151,2025-12-11,2024-12-20,"Salt Lake City, UT","Salt Lake City, UT - Main - D02A",
a06Ro00000COCPSIA5,351152,2025-12-11,2024-12-20,"Salt Lake City, UT","Salt Lake City, UT - Main - D02A",
a06Ro00000COCPTIA5,351153,2025-12-11,2024-12-20,"Salt Lake City, UT","Salt Lake City, UT - Main - D02A",
a06Ro00000COCPUIA5,351154,2025-12-11,2024-12-20,"Salt Lake City, UT","Salt Lake City, UT - Main - D02A",
a06Ro00000COCPVIA5,351155,2025-12-11,2024-12-20,"Salt Lake City, UT","Salt Lake City, UT - Main - D02A",
a06Ro00000COCPWIA5,351156,2025-12-11,2024-12-20,"Salt Lake City, UT","Salt Lake City, UT - Main - D02A",
a06Ro00000COCPXIA5,351157,2025-12-11,2024-12-20,"Salt Lake City, UT","Salt Lake City, UT - Main - D02A",
a06Ro00000COCPYIA5,351158,2025-12-11,2024-12-20,"Salt Lake City, UT","Salt Lake City, UT - Main - D02A",
a06Ro00000COCPZIA5,351159,2025-12-11,2024-12-20,"Salt Lake City, UT","Salt Lake City, UT - Main - D02A",
a06Ro00000COCPaIAP,351160,2025-12-11,2024-12-20,"Salt Lake City, UT","Salt Lake City, UT - Main - D02A",
a06Ro00000COCPbIAP,351161,2025-12-11,2024-12-20,"Salt Lake City, UT","Salt Lake City, UT - Main - D02A",
a06Ro00000COCPcIAP,351162,2025-12-11,2024-12-20,"Salt Lake City, UT","Salt Lake City, UT - Main - D02A",
a06Ro00000CO9oVIAT,351163,2025-12-11,2024-12-20,"Salt Lake City, UT","Salt Lake City, UT - Main - D02A",
a06Ro00000CO9oWIAT,351164,2025-12-11,2024-12-20,"Salt Lake City, UT","Salt Lake City, UT - Main - D02A",
a06Ro00000CO9oXIAT,351165,2025-12-11,2024-12-20,"Salt Lake City, UT","Salt Lake City, UT - Main - D02A",
a06Ro00000CO9oYIAT,351166,2025-12-11,2024-12-20,"Salt Lake City, UT","Salt Lake City, UT - Main - D02A",
a06Ro00000CO9oZIAT,351167,2025-12-11,2024-12-20,"Salt Lake City, UT","Salt Lake City, UT - Main - D02A",
a06Ro00000CO9oaIAD,351168,2025-12-11,2024-12-20,"Salt Lake City, UT","Salt Lake City, UT - Main - D02C",
a06Ro00000CO9obIAD,351169,2025-12-11,2024-12-20,"Salt Lake City, UT","Salt Lake City, UT - Main - D02C",
a06Ro00000CO9odIAD,351171,2025-12-11,2024-12-20,"Salt Lake City, UT","Salt Lake City, UT - Main - D02C",
a06Ro00000CO9okIAD,351178,2025-12-11,2024-12-20,"Salt Lake City, UT","Salt Lake City, UT - Main - D04A",
a06Ro00000CO4eWIAT,351194,2025-12-11,2024-12-20,"Salt Lake City, UT","Salt Lake City, UT - Main - C08C",
a06Ro00000CO4eXIAT,351195,2025-12-11,2024-12-20,"Salt Lake City, UT","Salt Lake City, UT - Main - C08C",
a06Ro00000CO4eYIAT,351196,2025-12-11,2024-12-20,"Salt Lake City, UT","Salt Lake City, UT - Main - C09E",
a06Ro00000CO4eeIAD,351202,2025-12-11,2024-12-20,"Salt Lake City, UT","Salt Lake City, UT - Main - D12D",
a06Ro00000COCQvIAP,351203,2025-12-11,2024-12-20,"Salt Lake City, UT","Salt Lake City, UT - Main - D12D",
a06Ro00000COCQwIAP,351204,2025-12-11,2024-12-20,"Salt Lake City, UT","Salt Lake City, UT - Main - D12D",
a06Ro00000COCQxIAP,351205,2025-12-11,2024-12-20,"Salt Lake City, UT","Salt Lake City, UT - Main - D12D",
a06Ro00000COCQzIAP,351207,2025-12-11,2024-12-20,"Salt Lake City, UT","Salt Lake City, UT - Main - D12D",
a06Ro00000COCR0IAP,351208,2025-12-11,2024-12-20,"Salt Lake City, UT","Salt Lake City, UT - Main - D12D",
a06Ro00000COCR1IAP,351209,2025-12-11,2024-12-20,"Salt Lake City, UT","Salt Lake City, UT - Main - D12D",
a06Ro00000COCR2IAP,351210,2025-12-11,2024-12-20,"Salt Lake City, UT","Salt Lake City, UT - Main - D12D",
a06Ro00000COCR3IAP,351211,2025-12-11,2024-12-20,"Salt Lake City, UT","Salt Lake City, UT - Main - D12D",
a06Ro00000COCR4IAP,351212,2025-12-11,2024-12-20,"Salt Lake City, UT","Salt Lake City, UT - Main - C09E",
a06Ro00000COCR5IAP,351213,2025-12-11,2024-12-20,"Salt Lake City, UT","Salt Lake City, UT - Main - C09E",
a06Ro00000COCR6IAP,351214,2025-12-11,2024-12-20,"Salt Lake City, UT","Salt Lake City, UT - Main - C09E",
a06Ro00000COCR7IAP,351215,2025-12-11,2024-12-20,"Salt Lake City, UT","Salt Lake City, UT - Main - C09E",
a06Ro00000COCR8IAP,351216,2025-12-11,2024-12-20,"Salt Lake City, UT","Salt Lake City, UT - Main - C09E",
a06Ro00000COCRBIA5,351219,2025-12-11,2024-12-20,"Salt Lake City, UT","Salt Lake City, UT - Main - C08B",
a06Ro00000COCRCIA5,351220,2025-12-11,2024-12-20,"Salt Lake City, UT","Salt Lake City, UT - Main - C08B",
a06Ro00000CO7aKIAT,351226,2025-12-11,2024-12-20,"Salt Lake City, UT","Salt Lake City, UT - Main - D12B",
a06Ro00000CO7aLIAT,351227,2025-12-11,2024-12-20,"Salt Lake City, UT","Salt Lake City, UT - Main - D12B",
a06Ro00000CO7aMIAT,351228,2025-12-11,,"Salt Lake City, UT","Salt Lake City, UT | Main D 12B","Salt Lake City, UT"
a06Ro00000CO7aOIAT,351230,2025-12-11,2024-12-20,"Salt Lake City, UT","Salt Lake City, UT - Main - C08C",
a06Ro00000CO7aPIAT,351231,2025-12-11,2024-12-20,"Salt Lake City, UT","Salt Lake City, UT - Main - C08C",
a06Ro00000CO7aQIAT,351232,2025-12-11,2024-12-20,"Salt Lake City, UT","Salt Lake City, UT - Main - C08C",
a06Ro00000CO7aRIAT,351233,2025-12-11,2024-12-20,"Salt Lake City, UT","Salt Lake City, UT - Main - C08C",
a06Ro00000CO7aTIAT,351235,2025-12-11,2024-12-20,"Salt Lake City, UT","Salt Lake City, UT - Main - C08C",
a06Ro00000CO7aUIAT,351236,2025-12-11,2024-12-20,"Salt Lake City, UT","Salt Lake City, UT - Main - D13F",
a06Ro00000CO7aVIAT,351237,2025-12-11,2024-12-20,"Salt Lake City, UT","Salt Lake City, UT - Main - D13F",
a06Ro00000CO7aWIAT,351238,2025-12-11,2024-12-20,"Salt Lake City, UT","Salt Lake City, UT - Main - D13F",
a06Ro00000CO7aXIAT,351239,2025-12-11,2024-12-20,"Salt Lake City, UT","Salt Lake City, UT - Main - D13F",
a06Ro00000CO7aYIAT,351240,2025-12-11,2024-12-20,"Salt Lake City, UT","Salt Lake City, UT - Main - D13F",
a06Ro00000CO7aZIAT,351241,2025-12-11,2024-12-20,"Salt Lake City, UT","Salt Lake City, UT - Main - D13F",
a06Ro00000CO7aaIAD,351242,2025-12-11,2024-12-20,"Salt Lake City, UT","Salt Lake City, UT - Main - D13F",
a06Ro00000CO7abIAD,351243,2025-12-11,2024-12-20,"Salt Lake City, UT","Salt Lake City, UT - Main - D13F",
a06Ro00000CO7agIAD,351248,2025-12-11,2024-12-20,"Salt Lake City, UT","Salt Lake City, UT - Main - C09E",
a06Ro00000CO7ahIAD,351249,2025-12-11,2024-12-20,"Salt Lake City, UT","Salt Lake City, UT - Main - C09E",
a06Ro00000CO7aiIAD,351250,2025-12-11,2024-12-20,"Salt Lake City, UT","Salt Lake City, UT - Main - C09E",
a06Ro00000CO7ajIAD,351251,2025-12-11,2024-12-20,"Salt Lake City, UT","Salt Lake City, UT - Main - C09E",
a06Ro00000CO7akIAD,351252,2025-12-11,2024-12-20,"Salt Lake City, UT","Salt Lake City, UT - Main - C09E",
a06Ro00000CO2PyIAL,351253,2025-12-11,2024-12-20,"Salt Lake City, UT","Salt Lake City, UT - Main - C09E",
a06Ro00000CO2PzIAL,351254,2025-12-11,2024-12-20,"Salt Lake City, UT","Salt Lake City, UT - Main - C09E",
a06Ro00000CO2Q1IAL,351256,2025-12-11,2024-12-20,"Salt Lake City, UT","Salt Lake City, UT | Main C 10C","Salt Lake City, UT"
a06Ro00000CO2Q2IAL,351257,2025-12-11,2024-12-20,"Salt Lake City, UT","Salt Lake City, UT - Main - C10C",
a06Ro00000CO2Q3IAL,351258,2025-12-11,2024-12-20,"Salt Lake City, UT","Salt Lake City, UT - Main - C10C",
a06Ro00000CO2Q4IAL,351259,2025-12-11,2024-12-20,"Salt Lake City, UT","Salt Lake City, UT - Main - C10C","Salt Lake City, UT"
a06Ro00000CO2Q5IAL,351260,2025-12-11,2024-12-20,"Salt Lake City, UT","Salt Lake City, UT - Main - C10C",
a06Ro00000CO2Q6IAL,351261,2025-12-11,2024-12-20,"Salt Lake City, UT","Salt Lake City, UT - Main - C10C",
a06Ro00000CO2Q7IAL,351262,2025-12-11,2024-12-20,"Salt Lake City, UT","Salt Lake City, UT - Main - C10C",
a06Ro00000CO2Q8IAL,351263,2025-12-11,2024-12-20,"Salt Lake City, UT","Salt Lake City, UT - Main - C10C",
a06Ro00000CO2Q9IAL,351264,2025-12-11,2024-12-20,"Salt Lake City, UT","Salt Lake City, UT - Main - C10C",
a06Ro00000CO2QBIA1,351266,2025-12-11,2024-12-20,"Salt Lake City, UT","Salt Lake City, UT - Main - C10C",
a06Ro00000CO2QCIA1,351267,2025-12-11,2024-12-20,"Salt Lake City, UT","Salt Lake City, UT - Main - C10C",
a06Ro00000CO2QDIA1,351268,2025-12-11,2024-12-20,"Salt Lake City, UT","Salt Lake City, UT - Main - C10C",
a06Ro00000CO2QEIA1,351269,2025-12-11,2024-12-20,"Salt Lake City, UT","Salt Lake City, UT - Main - C10C",
a06Ro00000CO2QFIA1,351270,2025-12-11,2024-12-20,"Salt Lake City, UT","Salt Lake City, UT - Main - C10C",
a06Ro00000CO2QGIA1,351271,2025-12-11,2024-12-20,"Salt Lake City, UT","Salt Lake City, UT - Main - C10C",
a06Ro00000CO2QHIA1,351272,2025-12-11,2024-12-20,"Salt Lake City, UT","Salt Lake City, UT - Main - C10C",
a06Ro00000CO2QIIA1,351273,2025-12-11,2024-12-20,"Salt Lake City, UT","Salt Lake City, UT - Main - C10C",
a06Ro00000CNtXwIAL,351290,2025-12-11,2024-12-20,"Salt Lake City, UT","Salt Lake City, UT - Main - D13D",
a06Ro00000COCSXIA5,351291,2025-12-11,2024-12-20,"Salt Lake City, UT","Salt Lake City, UT - Main - D13D",
a06Ro00000COCSYIA5,351292,2025-12-11,2024-12-20,"Salt Lake City, UT","Salt Lake City, UT - Main - D13D",
a06Ro00000COCSZIA5,351293,2025-12-11,2024-12-20,"Salt Lake City, UT","Salt Lake City, UT - Main - D13D",
a06Ro00000COCSaIAP,351294,2025-12-11,2024-12-20,"Salt Lake City, UT","Salt Lake City, UT - Main - D13D",
a06Ro00000COCSbIAP,351295,2025-12-11,2024-12-20,"Salt Lake City, UT","Salt Lake City, UT - Main - D13D",
a06Ro00000COCScIAP,351296,2025-12-11,2024-12-20,"Salt Lake City, UT","Salt Lake City, UT - Main - C09E",
a06Ro00000COCSdIAP,351297,2025-12-11,2024-12-20,"Salt Lake City, UT","Salt Lake City, UT - Main - C09D",
a06Ro00000COCSeIAP,351298,2025-12-11,2024-12-20,"Salt Lake City, UT","Salt Lake City, UT - Main - C09D",
a06Ro00000COCSfIAP,351299,2025-12-11,2024-12-20,"Salt Lake City, UT","Salt Lake City, UT - Main - C09D",
a06Ro00000COCSgIAP,351300,2025-12-11,2024-12-20,"Salt Lake City, UT","Salt Lake City, UT - Main - C09D",
a06Ro00000COCShIAP,351301,2025-12-11,2024-12-20,"Salt Lake City, UT","Salt Lake City, UT - Main - C09D",
a06Ro00000COCSiIAP,351302,2025-12-11,2024-12-20,"Salt Lake City, UT","Salt Lake City, UT - Main - C09D",
a06Ro00000COCSjIAP,351303,2025-12-11,2024-12-20,"Salt Lake City, UT","Salt Lake City, UT - Main - C09D",
a06Ro00000COCSkIAP,351304,2025-12-11,2024-12-20,"Salt Lake City, UT","Salt Lake City, UT - Main - C09D",
a06Ro00000COCSlIAP,351305,2025-12-11,2024-12-20,"Salt Lake City, UT","Salt Lake City, UT - Main - C09D",
a06Ro00000CNRZ9IAP,351323,2025-12-11,2024-12-20,"Salt Lake City, UT","Salt Lake City, UT - Main - C09D",
a06Ro00000CNRZBIA5,351325,2025-12-11,2024-12-20,"Salt Lake City, UT","Salt Lake City, UT - Main - C09D",
a06Ro00000CNRZCIA5,351326,2025-12-11,2024-12-20,"Salt Lake City, UT","Salt Lake City, UT - Main - C09D",
a06Ro00000CNRZDIA5,351327,2025-12-11,2024-12-20,"Salt Lake City, UT","Salt Lake City, UT - Main - C09D",
a06Ro00000CNRZGIA5,351330,2025-12-11,2024-12-20,"Salt Lake City, UT","Salt Lake City, UT - Main - D14G",
a06Ro00000CNRZHIA5,351331,2025-12-11,2024-12-20,"Salt Lake City, UT","Salt Lake City, UT - Main - D14G",
a06Ro00000CNRZIIA5,351332,2025-12-11,2024-12-20,"Salt Lake City, UT","Salt Lake City, UT - Main - D14E",
a06Ro00000CNRZJIA5,351333,2025-12-11,2024-12-20,"Salt Lake City, UT","Salt Lake City, UT - Main - D14E",
a06Ro00000CNRZKIA5,351334,2025-12-11,2024-12-20,"Salt Lake City, UT","Salt Lake City, UT - Main - D14E",
a06Ro00000CNRZLIA5,351335,2025-12-11,2024-12-20,"Salt Lake City, UT","Salt Lake City, UT - Main - D14E",
a06Ro00000CNRZMIA5,351336,2025-12-11,2024-12-20,"Salt Lake City, UT","Salt Lake City, UT - Main - C10A",
a06Ro00000CNRZOIA5,351338,2025-12-11,,"Salt Lake City, UT","Salt Lake City, UT | Main D 10D","Salt Lake City, UT"
a06Ro00000CNRZPIA5,351339,2025-12-11,2024-12-20,"Salt Lake City, UT","Salt Lake City, UT - Main - D01D",
a06Ro00000CNRZRIA5,351341,2025-12-11,2024-12-20,"Salt Lake City, UT","Salt Lake City, UT - Main - C09E",
a06Ro00000CNRZSIA5,351342,2025-12-11,2024-12-20,"Salt Lake City, UT","Salt Lake City, UT - Main - C09E",
a06Ro00000COCU9IAP,351343,2025-12-11,2024-12-20,"Salt Lake City, UT","Salt Lake City, UT - Main - C09E",
a06Ro00000COCUAIA5,351344,2025-12-11,2024-12-20,"Salt Lake City, UT","Salt Lake City, UT - Main - C09E",
a06Ro00000COCUBIA5,351345,2025-12-11,2024-12-20,"Salt Lake City, UT","Salt Lake City, UT - Main - D01B",
a06Ro00000COCUCIA5,351346,2025-12-11,2024-12-20,"Salt Lake City, UT","Salt Lake City, UT - Main - C10B",
a06Ro00000COCUDIA5,351347,2025-12-11,2024-12-20,"Salt Lake City, UT","Salt Lake City, UT - Main - C10B",
a06Ro00000COCUEIA5,351348,2025-12-11,2024-12-20,"Salt Lake City, UT","Salt Lake City, UT | Main D 13B","Salt Lake City, UT"
a06Ro00000COCUFIA5,351349,2025-12-11,2024-12-20,"Salt Lake City, UT","Salt Lake City, UT - Main - C07B",
a06Ro00000COCUGIA5,351350,2025-12-11,2024-12-20,"Salt Lake City, UT","Salt Lake City, UT - Main - C07B",
a06Ro00000COCUHIA5,351351,2025-12-11,2024-12-20,"Salt Lake City, UT","Salt Lake City, UT - Main - C07B",
a06Ro00000COCUIIA5,351352,2025-12-11,2024-12-20,"Salt Lake City, UT","Salt Lake City, UT - Main - C07B",
a06Ro00000COCUJIA5,351353,2025-12-11,2024-12-20,"Salt Lake City, UT","Salt Lake City, UT - Main - C07B",
a06Ro00000COCUKIA5,351354,2025-12-11,2024-12-20,"Salt Lake City, UT","Salt Lake City, UT - Main - C07B",
a06Ro00000COCULIA5,351355,2025-12-11,2024-12-20,"Salt Lake City, UT","Salt Lake City, UT - Main - C07B",
a06Ro00000COCUMIA5,351356,2025-12-11,2024-12-20,"Salt Lake City, UT","Salt Lake City, UT - Main - C07B",
a06Ro00000COCUNIA5,351357,2025-12-11,2024-12-20,"Salt Lake City, UT","Salt Lake City, UT - Main - C07B",
a06Ro00000COCUOIA5,351358,2025-12-11,2024-12-20,"Salt Lake City, UT","Salt Lake City, UT - Main - C07B",
a06Ro00000COCUPIA5,351359,2025-12-11,2024-12-20,"Salt Lake City, UT","Salt Lake City, UT - Main - C07B",
a06Ro00000COCUQIA5,351360,2025-12-11,2024-12-20,"Salt Lake City, UT","Salt Lake City, UT - Main - C07B",
a06Ro00000COCURIA5,351361,2025-12-11,2024-12-20,"Salt Lake City, UT","Salt Lake City, UT - Main - C07B",
a06Ro00000COCUSIA5,351362,2025-12-11,2024-12-20,"Salt Lake City, UT","Salt Lake City, UT - Main - C07B",
a06Ro00000COCUTIA5,351363,2025-12-11,2024-12-20,"Salt Lake City, UT","Salt Lake City, UT - Main - C07B",
a06Ro00000COCUUIA5,351364,2025-12-11,2024-12-20,"Salt Lake City, UT","Salt Lake City, UT - Main - C07B",
a06Ro00000COCUVIA5,351365,2025-12-11,2024-12-20,"Salt Lake City, UT","Salt Lake City, UT - Main - C07B",
a06Ro00000COCUWIA5,351366,2025-12-11,2024-12-20,"Salt Lake City, UT","Salt Lake City, UT - Main - C07B",
a06Ro00000COCUXIA5,351367,2025-12-11,2024-12-20,"Salt Lake City, UT","Salt Lake City, UT - Main - C07B",
a06Ro00000COCUYIA5,351368,2025-12-11,2024-12-20,"Salt Lake City, UT","Salt Lake City, UT - Main - C07B",
a06Ro00000COCUZIA5,351369,2025-12-11,2024-12-20,"Salt Lake City, UT","Salt Lake City, UT - Main - C07B",
a06Ro00000COCUaIAP,351370,2025-12-11,2024-12-20,"Salt Lake City, UT","Salt Lake City, UT - Main - C07B",
a06Ro00000COCUbIAP,351371,2025-12-11,2024-12-20,"Salt Lake City, UT","Salt Lake City, UT - Main - C07B",
a06Ro00000COCUcIAP,351372,2025-12-11,2024-12-20,"Salt Lake City, UT","Salt Lake City, UT - Main - C07B",
a06Ro00000CO6hvIAD,351373,2025-12-11,2024-12-20,"Salt Lake City, UT","Salt Lake City, UT - Main - C07B",
a06Ro00000CO6hwIAD,351374,2025-12-11,2024-12-20,"Salt Lake City, UT","Salt Lake City, UT - Main - C07B",
a06Ro00000CO6hxIAD,351375,2025-12-11,2024-12-20,"Salt Lake City, UT","Salt Lake City, UT - Main - C07B",
a06Ro00000CO6hyIAD,351376,2025-12-11,2024-12-20,"Salt Lake City, UT","Salt Lake City, UT - Main - C07B",
a06Ro00000CO6hzIAD,351377,2025-12-11,2024-12-20,"Salt Lake City, UT","Salt Lake City, UT - Main - C07B",
a06Ro00000CO6i0IAD,351378,2025-12-11,2024-12-20,"Salt Lake City, UT","Salt Lake City, UT - Main - C07B",
a06Ro00000CO6i1IAD,351379,2025-12-11,2024-12-20,"Salt Lake City, UT","Salt Lake City, UT - Main - C07B",
a06Ro00000CO6i2IAD,351380,2025-12-11,2024-12-20,"Salt Lake City, UT","Salt Lake City, UT - Main - C07B",
a06Ro00000CO6i3IAD,351381,2025-12-11,2024-12-20,"Salt Lake City, UT","Salt Lake City, UT - Main - C07B",
a06Ro00000CO6i4IAD,351382,2025-12-11,2024-12-20,"Salt Lake City, UT","Salt Lake City, UT - Main - C07B",
a06Ro00000COCVlIAP,351383,2025-12-11,2024-12-20,"Salt Lake City, UT","Salt Lake City, UT - Main - C07B",
a06Ro00000COCVmIAP,351384,2025-12-11,2024-12-20,"Salt Lake City, UT","Salt Lake City, UT - Main - C07B",
a06Ro00000COCVnIAP,351385,2025-12-11,2024-12-20,"Salt Lake City, UT","Salt Lake City, UT - Main - C07B",
a06Ro00000COCVoIAP,351386,2025-12-11,2024-12-20,"Salt Lake City, UT","Salt Lake City, UT - Main - C07B",
a06Ro00000COCVpIAP,351387,2025-12-11,2024-12-20,"Salt Lake City, UT","Salt Lake City, UT - Main - C07B",
a06Ro00000COCVqIAP,351388,2025-12-11,2024-12-20,"Salt Lake City, UT","Salt Lake City, UT - Main - C07B",
a06Ro00000COCVrIAP,351389,2025-12-11,2024-12-20,"Salt Lake City, UT","Salt Lake City, UT - Main - C07B",
a06Ro00000COCVsIAP,351390,2025-12-11,2024-12-20,"Salt Lake City, UT","Salt Lake City, UT - Main - C07B",
a06Ro00000COCVtIAP,351391,2025-12-11,2024-12-20,"Salt Lake City, UT","Salt Lake City, UT - Main - C07B",
a06Ro00000COCVuIAP,351392,2025-12-11,2024-12-20,"Salt Lake City, UT","Salt Lake City, UT - Main - C07B",
a06Ro00000COCVvIAP,351393,2025-12-11,2024-12-20,"Salt Lake City, UT","Salt Lake City, UT - Main - C07B",
a06Ro00000COCVwIAP,351394,2025-12-11,2024-12-20,"Salt Lake City, UT","Salt Lake City, UT - Main - C07B",
a06Ro00000COCVxIAP,351395,2025-12-11,2024-12-20,"Salt Lake City, UT","Salt Lake City, UT - Main - C07B",
a06Ro00000COCVyIAP,351396,2025-12-11,2024-12-20,"Salt Lake City, UT","Salt Lake City, UT - Main - C07B",
a06Ro00000COCVzIAP,351397,2025-12-11,2024-12-20,"Salt Lake City, UT","Salt Lake City, UT - Main - C07B",
a06Ro00000COCW0IAP,351398,2025-12-11,2024-12-20,"Salt Lake City, UT","Salt Lake City, UT - Main - C07B",
a06Ro00000COCW1IAP,351399,2025-12-11,2024-12-20,"Salt Lake City, UT","Salt Lake City, UT - Main - C07B",
a06Ro00000COCW2IAP,351400,2025-12-11,2024-12-20,"Salt Lake City, UT","Salt Lake City, UT - Main - C07B",
a06Ro00000COCW3IAP,351401,2025-12-11,2024-12-20,"Salt Lake City, UT","Salt Lake City, UT - Main - C07B",
a06Ro00000COCW4IAP,351402,2025-12-11,2024-12-20,"Salt Lake City, UT","Salt Lake City, UT - Main - C07B",
a06Ro00000COCXNIA5,351403,2025-12-11,2024-12-20,"Salt Lake City, UT","Salt Lake City, UT - Main - C07B",
a06Ro00000COCXOIA5,351404,2025-12-11,2024-12-20,"Salt Lake City, UT","Salt Lake City, UT - Main - C07B",
a06Ro00000COCXPIA5,351405,2025-12-11,2024-12-20,"Salt Lake City, UT","Salt Lake City, UT - Main - C07B",
a06Ro00000COCXQIA5,351406,2025-12-11,2024-12-20,"Salt Lake City, UT","Salt Lake City, UT - Main - C07B",
a06Ro00000COCXRIA5,351407,2025-12-11,2024-12-20,"Salt Lake City, UT","Salt Lake City, UT - Main - C07B",
a06Ro00000COCXTIA5,351409,2025-12-11,2024-12-20,"Salt Lake City, UT","Salt Lake City, UT - Main - C08A",
a06Ro00000COCXUIA5,351410,2025-12-11,2024-12-20,"Salt Lake City, UT","Salt Lake City, UT - Main - C08A",
a06Ro00000COCXVIA5,351411,2025-12-11,2024-12-20,"Salt Lake City, UT","Salt Lake City, UT - Main - C09D",
a06Ro00000COCXWIA5,351412,2025-12-11,2024-12-20,"Salt Lake City, UT","Salt Lake City, UT - Main - C09D",
a06Ro00000COCXXIA5,351413,2025-12-11,2024-12-20,"Salt Lake City, UT","Salt Lake City, UT - Main - C09D",
a06Ro00000COCXYIA5,351414,2025-12-11,2024-12-20,"Salt Lake City, UT","Salt Lake City, UT - Main - C09D",
a06Ro00000COCXZIA5,351415,2025-12-11,2024-12-20,"Salt Lake City, UT","Salt Lake City, UT - Main - C09D",
a06Ro00000COCXmIAP,351428,2025-12-11,2024-12-20,"Salt Lake City, UT","Salt Lake City, UT - Main - D01D",
a06Ro00000COCXnIAP,351429,2025-12-11,2024-12-20,"Salt Lake City, UT","Salt Lake City, UT - Main - D01D",
a06Ro00000COCXoIAP,351430,2025-12-11,2024-12-20,"Salt Lake City, UT","Salt Lake City, UT - Main - D01D",
a06Ro00000COCXpIAP,351431,2025-12-11,2024-12-20,"Salt Lake City, UT","Salt Lake City, UT - Main - D01D",
a06Ro00000COCXqIAP,351432,2025-12-11,2024-12-20,"Salt Lake City, UT","Salt Lake City, UT - Main - D01D",
a06Ro00000COCYzIAP,351433,2025-12-11,2024-12-20,"Salt Lake City, UT","Salt Lake City, UT - Main - D01D",
a06Ro00000COCZ0IAP,351434,2025-12-11,2024-12-20,"Salt Lake City, UT","Salt Lake City, UT - Main - D01D",
a06Ro00000COCZ1IAP,351435,2025-12-11,2024-12-20,"Salt Lake City, UT","Salt Lake City, UT - Main - D01D",
a06Ro00000COCZ2IAP,351436,2025-12-11,2024-12-20,"Salt Lake City, UT","Salt Lake City, UT - Main - D01D",
a06Ro00000COCZ7IAP,351441,2025-12-11,2024-12-20,"Salt Lake City, UT","Salt Lake City, UT - Main - D01D",
a06Ro00000COCZ8IAP,351442,2025-12-11,2024-12-20,"Salt Lake City, UT","Salt Lake City, UT - Main - D01D",
a06Ro00000COCZ9IAP,351443,2025-12-11,2024-12-20,"Salt Lake City, UT","Salt Lake City, UT - Main - D01D",
a06Ro00000COCZAIA5,351444,2025-12-11,2024-12-20,"Salt Lake City, UT","Salt Lake City, UT - Main - D01D",
a06Ro00000COCZBIA5,351445,2025-12-11,2024-12-20,"Salt Lake City, UT","Salt Lake City, UT - Main - D01D",
a06Ro00000CO5IoIAL,351490,2025-12-11,2024-12-20,"Salt Lake City, UT","Salt Lake City, UT - Main - C04D","Salt Lake City, UT"
a06Ro00000CO5IpIAL,351491,2025-12-11,2024-12-20,"Salt Lake City, UT","Salt Lake City, UT - Main - C04D","Salt Lake City, UT"
a06Ro00000CNzzoIAD,351493,2025-12-11,2024-12-20,"Salt Lake City, UT","Salt Lake City, UT - Main - C04D",
a06Ro00000CNzzpIAD,351494,2025-12-11,2024-12-20,"Salt Lake City, UT","Salt Lake City, UT - Main - C04D",
a06Ro00000CNzzqIAD,351495,2025-12-11,2024-12-20,"Salt Lake City, UT","Salt Lake City, UT - Main - C04D",
a06Ro00000CNzzrIAD,351496,2025-12-11,2024-12-20,"Salt Lake City, UT","Salt Lake City, UT - Main - C04D","Salt Lake City, UT"
a06Ro00000CNzzwIAD,351501,2025-12-11,2024-12-20,"Salt Lake City, UT","Salt Lake City, UT - Main - D01D",
a06Ro00000COCabIAH,351502,2025-12-11,2024-12-20,"Salt Lake City, UT","Salt Lake City, UT - Main - D01D",
a06Ro00000COCadIAH,351504,2025-12-11,2024-12-20,"Salt Lake City, UT","Salt Lake City, UT - Main - D01D",
a06Ro00000COCaeIAH,351505,2025-12-11,2024-12-20,"Salt Lake City, UT","Salt Lake City, UT - Main - D01D",
a06Ro00000COCafIAH,351506,2025-12-11,2024-12-20,"Salt Lake City, UT","Salt Lake City, UT - Main - D01D",
a06Ro00000COCagIAH,351507,2025-12-11,2024-12-20,"Salt Lake City, UT","Salt Lake City, UT - Main - D01D",
a06Ro00000COCahIAH,351508,2025-12-11,2024-12-20,"Salt Lake City, UT","Salt Lake City, UT - Main - D01D",
a06Ro00000COCaiIAH,351509,2025-12-11,2024-12-20,"Salt Lake City, UT","Salt Lake City, UT - Main - D01D",
a06Ro00000COCakIAH,351511,2025-12-11,2024-12-20,"Salt Lake City, UT","Salt Lake City, UT - Main - D01D",
a06Ro00000COCalIAH,351512,2025-12-11,2024-12-20,"Salt Lake City, UT","Salt Lake City, UT - Main - D01D",
a06Ro00000COCanIAH,351514,2025-12-11,2024-12-20,"Salt Lake City, UT","Salt Lake City, UT - Main - D01D",
a06Ro00000COCaoIAH,351515,2025-12-11,2024-12-20,"Salt Lake City, UT","Salt Lake City, UT - Main - D01D",
a06Ro00000COCapIAH,351516,2025-12-11,2024-12-20,"Salt Lake City, UT","Salt Lake City, UT - Main - D01D",
a06Ro00000COCarIAH,351518,2025-12-11,2024-12-20,"Salt Lake City, UT","Salt Lake City, UT - Main - D01D",
a06Ro00000CNdvpIAD,351717,2025-12-11,2024-12-20,"Salt Lake City, UT","Salt Lake City, UT | Main C 04F",
a06Ro00000CNdvqIAD,351718,2025-12-11,2024-12-20,"Salt Lake City, UT","Salt Lake City, UT - Main - C07B",
a06Ro00000CNdvwIAD,351724,2025-12-11,2024-12-20,"Salt Lake City, UT","Salt Lake City, UT - Main - D02A","Salt Lake City, UT"
a06Ro00000CNdvzIAD,351727,2025-12-11,2024-12-20,"Salt Lake City, UT","Salt Lake City, UT - Main - D02A","Salt Lake City, UT"
a06Ro00000CNdw1IAD,351729,2025-12-11,2024-12-20,"Salt Lake City, UT","Salt Lake City, UT - Main - D02A",
a06Ro00000CNdw2IAD,351730,2025-12-11,2024-12-20,"Salt Lake City, UT","Salt Lake City, UT - Main - D02A",
a06Ro00000CNdw3IAD,351731,2025-12-11,2024-12-20,"Salt Lake City, UT","Salt Lake City, UT - Main - D02A","Salt Lake City, UT"
a06Ro00000CO6xsIAD,351872,2025-12-11,2024-12-20,"Salt Lake City, UT","Salt Lake City, UT - Main - C08A",
a06Ro00000CO6xtIAD,351873,2025-12-11,2024-12-20,"Salt Lake City, UT","Salt Lake City, UT - Main - C08A",
a06Ro00000CO6xuIAD,351874,2025-12-11,2024-12-20,"Salt Lake City, UT","Salt Lake City, UT - Main - C08A",
a06Ro00000CO6xvIAD,351875,2025-12-11,2024-12-20,"Salt Lake City, UT","Salt Lake City, UT - Main - C08A",
a06Ro00000CO6xwIAD,351876,2025-12-11,2024-12-20,"Salt Lake City, UT","Salt Lake City, UT - Main - C08A",
a06Ro00000CO6xxIAD,351877,2025-12-11,2024-12-20,"Salt Lake City, UT","Salt Lake City, UT - Main - C08A",
a06Ro00000CO6xyIAD,351878,2025-12-11,2024-12-20,"Salt Lake City, UT","Salt Lake City, UT - Main - C08A",
a06Ro00000CO6xzIAD,351879,2025-12-11,2024-12-20,"Salt Lake City, UT","Salt Lake City, UT - Main - C08A",
a06Ro00000CO6y0IAD,351880,2025-12-11,2024-12-20,"Salt Lake City, UT","Salt Lake City, UT - Main - C08A",
a06Ro00000CO6y1IAD,351881,2025-12-11,2024-12-20,"Salt Lake City, UT","Salt Lake City, UT - Main - C08A",
a06Ro00000COCh3IAH,351883,2025-12-11,2024-12-20,"Salt Lake City, UT","Salt Lake City, UT - Main - C08A",
a06Ro00000COCh7IAH,351887,2025-12-11,2024-12-20,"Salt Lake City, UT","Salt Lake City, UT - Main - C08A",
a06Ro00000COCh9IAH,351889,2025-12-11,2024-12-20,"Salt Lake City, UT","Salt Lake City, UT - Main - C08A",
a06Ro00000COChAIAX,351890,2025-12-11,2024-12-20,"Salt Lake City, UT","Salt Lake City, UT - Main - C08A",
a06Ro00000COChBIAX,351891,2025-12-11,2024-12-20,"Salt Lake City, UT","Salt Lake City, UT - Main - C08A",
a06Ro00000COChCIAX,351892,2025-12-11,2024-12-20,"Salt Lake City, UT","Salt Lake City, UT - Main - C08A",
a06Ro00000COChEIAX,351894,2025-12-11,2024-12-20,"Salt Lake City, UT","Salt Lake City, UT - Main - C07B",
a06Ro00000CO7pxIAD,351944,2025-12-11,2024-12-20,"Salt Lake City, UT","Salt Lake City, UT - Main - D03B",
a06Ro00000CO7pyIAD,351945,2025-12-11,2024-12-20,"Salt Lake City, UT","Salt Lake City, UT - Main - D03B",
a06Ro00000CO7pzIAD,351946,2025-12-11,2024-12-20,"Salt Lake City, UT","Salt Lake City, UT - Main - D03B",
a06Ro00000CO7vVIAT,352049,2025-12-11,2024-12-20,"Salt Lake City, UT","Salt Lake City, UT - Main - C11B",
a06Ro00000CO7vXIAT,352051,2025-12-11,2024-12-20,"Salt Lake City, UT","Salt Lake City, UT - Main - C11B",
a06Ro00000CO5sPIAT,352065,2025-12-11,2024-12-20,"Salt Lake City, UT","Salt Lake City, UT - Main - D03E",
a06Ro00000CO5sQIAT,352066,2025-12-11,2024-12-20,"Salt Lake City, UT","Salt Lake City, UT - Main - D03E",
a06Ro00000CO5sRIAT,352067,2025-12-11,2024-12-20,"Salt Lake City, UT","Salt Lake City, UT - Main - D03E",
a06Ro00000CO5sSIAT,352068,2025-12-11,2024-12-20,Shipping,Shipping,"Salt Lake City, UT"
a06Ro00000COCifIAH,352069,2025-12-11,2024-12-20,"Salt Lake City, UT","Salt Lake City, UT - Main - D03E",
a06Ro00000COCihIAH,352071,2025-12-11,2024-12-20,"Salt Lake City, UT","Salt Lake City, UT - Main - D03E",
a06Ro00000COCiiIAH,352072,2025-12-11,2024-12-20,"Salt Lake City, UT","Salt Lake City, UT - Main - D03E",
a06Ro00000COCijIAH,352073,2025-12-11,2024-12-20,"Salt Lake City, UT","Salt Lake City, UT - Main - D03E",
a06Ro00000COCikIAH,352074,2025-12-11,2024-12-20,"Salt Lake City, UT","Salt Lake City, UT - Main - D03E",
a06Ro00000COCilIAH,352075,2025-12-11,2024-12-20,"Salt Lake City, UT","Salt Lake City, UT - Main - D03E",
a06Ro00000COCimIAH,352076,2025-12-11,2024-12-20,"Salt Lake City, UT","Salt Lake City, UT - Main - D03E",
a06Ro00000COCinIAH,352077,2025-12-11,2024-12-20,"Salt Lake City, UT","Salt Lake City, UT - Main - D03E",
a06Ro00000COCioIAH,352078,2025-12-11,2024-12-20,"Salt Lake City, UT","Salt Lake City, UT - Main - D03E",
a06Ro00000COCipIAH,352079,2025-12-11,2024-12-20,"Salt Lake City, UT","Salt Lake City, UT - Main - D03E",
a06Ro00000COCiqIAH,352080,2025-12-11,2024-12-20,"Salt Lake City, UT","Salt Lake City, UT - Main - D03E",
a06Ro00000COCirIAH,352081,2025-12-11,2024-12-20,"Salt Lake City, UT","Salt Lake City, UT - Main - D03E",
a06Ro00000COCisIAH,352082,2025-12-11,2024-12-20,"Salt Lake City, UT","Salt Lake City, UT - Main - D03E",
a06Ro00000COCitIAH,352083,2025-12-11,2024-12-20,"Salt Lake City, UT","Salt Lake City, UT - Main - D03E",
a06Ro00000COCiuIAH,352084,2025-12-11,2024-12-20,"Salt Lake City, UT","Salt Lake City, UT - Main - D03E",
a06Ro00000COCivIAH,352085,2025-12-11,2024-12-20,"Salt Lake City, UT","Salt Lake City, UT - Main - D03E",
a06Ro00000COCiwIAH,352086,2025-12-11,2024-12-20,"Salt Lake City, UT","Salt Lake City, UT - Main - D03E",
a06Ro00000COCixIAH,352087,2025-12-11,2024-12-20,"Salt Lake City, UT","Salt Lake City, UT - Main - D03E",
a06Ro00000COCiyIAH,352088,2025-12-11,2024-12-20,"Salt Lake City, UT","Salt Lake City, UT - Main - D03E",
a06Ro00000COAatIAH,352089,2025-12-11,2024-12-20,"Salt Lake City, UT","Salt Lake City, UT - Main - D03E",
a06Ro00000COAauIAH,352090,2025-12-11,2024-12-20,"Salt Lake City, UT","Salt Lake City, UT - Main - D03E",
a06Ro00000COAavIAH,352091,2025-12-11,2024-12-20,"Salt Lake City, UT","Salt Lake City, UT - Main - D03E",
a06Ro00000COAawIAH,352092,2025-12-11,2024-12-20,"Salt Lake City, UT","Salt Lake City, UT - Main - D03E",
a06Ro00000COAaxIAH,352093,2025-12-11,2024-12-20,"Salt Lake City, UT","Salt Lake City, UT - Main - D03E",
a06Ro00000COAayIAH,352094,2025-12-11,2024-12-20,"Salt Lake City, UT","Salt Lake City, UT - Main - D03E",
a06Ro00000COAazIAH,352095,2025-12-11,2024-12-20,"Salt Lake City, UT","Salt Lake City, UT - Main - D03E",
a06Ro00000COAb0IAH,352096,2025-12-11,2024-12-20,"Salt Lake City, UT","Salt Lake City, UT - Main - D03E",
a06Ro00000COAb1IAH,352097,2025-12-11,2024-12-20,"Salt Lake City, UT","Salt Lake City, UT - Main - D03E",
a06Ro00000COAb2IAH,352098,2025-12-11,2024-12-20,"Salt Lake City, UT","Salt Lake City, UT - Main - D03E",
a06Ro00000COAb3IAH,352099,2025-12-11,2024-12-20,"Salt Lake City, UT","Salt Lake City, UT - Main - D03E",
a06Ro00000COAb4IAH,352100,2025-12-11,2024-12-20,"Salt Lake City, UT","Salt Lake City, UT - Main - D03E",
a06Ro00000COAb5IAH,352101,2025-12-11,2024-12-20,"Salt Lake City, UT","Salt Lake City, UT - Main - D03E",
a06Ro00000COAb7IAH,352103,2025-12-11,2024-12-20,"Salt Lake City, UT","Salt Lake City, UT - Main - D03E",
a06Ro00000COAb8IAH,352104,2025-12-11,2024-12-20,"Salt Lake City, UT","Salt Lake City, UT - Main - D03E",
a06Ro00000COAb9IAH,352105,2025-12-11,2024-12-20,"Salt Lake City, UT","Salt Lake City, UT - Main - D03E",
a06Ro00000COAbAIAX,352106,2025-12-11,2024-12-20,"Salt Lake City, UT","Salt Lake City, UT - Main - D03E",
a06Ro00000COAbBIAX,352107,2025-12-11,2024-12-20,"Salt Lake City, UT","Salt Lake City, UT - Main - D03E",
a06Ro00000COAkkIAH,352350,2025-12-11,2024-12-20,"Salt Lake City, UT","Salt Lake City, UT - Main - C01A",
a06Ro00000COAknIAH,352353,2025-12-11,2024-12-20,"Salt Lake City, UT","Salt Lake City, UT - Main - C01G","Salt Lake City, UT"
a06Ro00000COAkoIAH,352354,2025-12-11,2024-12-20,"Salt Lake City, UT","Salt Lake City, UT - Main - C01G",
a06Ro00000COAkpIAH,352355,2025-12-11,2024-12-20,"Salt Lake City, UT","Salt Lake City, UT - Main - C01G",
a06Ro00000COAkqIAH,352356,2025-12-11,2024-12-20,"Salt Lake City, UT","Salt Lake City, UT - Main - C01G",
a06Ro00000COAkrIAH,352357,2025-12-11,2024-12-20,"Salt Lake City, UT","Salt Lake City, UT - Main - C01G",
a06Ro00000COAksIAH,352358,2025-12-11,2024-12-20,"Salt Lake City, UT","Salt Lake City, UT - Main - C01G",
a06Ro00000CO3grIAD,352359,2025-12-11,2024-12-20,"Salt Lake City, UT","Salt Lake City, UT - Main - C01G",
a06Ro00000CO3gsIAD,352360,2025-12-11,2024-12-20,"Salt Lake City, UT","Salt Lake City, UT - Main - C01G","Salt Lake City, UT"
a06Ro00000CO3gtIAD,352361,2025-12-11,2024-12-20,"Salt Lake City, UT","Salt Lake City, UT - Main - C01G",
a06Ro00000CO3guIAD,352362,2025-12-11,2024-12-20,"Salt Lake City, UT","Salt Lake City, UT - Main - C01G",
a06Ro00000CO3gvIAD,352363,2025-12-11,2024-12-20,"Salt Lake City, UT","Salt Lake City, UT - Main - C01G",
a06Ro00000CO3gwIAD,352364,2025-12-11,2024-12-20,"Salt Lake City, UT","Salt Lake City, UT - Main - C01G",
a06Ro00000CO3gxIAD,352365,2025-12-11,2024-12-20,"Salt Lake City, UT","Salt Lake City, UT - Main - C01G",
a06Ro00000CO3gyIAD,352366,2025-12-11,2024-12-20,"Salt Lake City, UT","Salt Lake City, UT - Main - C01G",
a06Ro00000COCnVIAX,352367,2025-12-11,2024-12-20,"Salt Lake City, UT","Salt Lake City, UT - Main - C01G",
a06Ro00000COCnWIAX,352368,2025-12-11,2024-12-20,"Salt Lake City, UT","Salt Lake City, UT - Main - C01G",
a06Ro00000COCnXIAX,352369,2025-12-11,2024-12-20,"Salt Lake City, UT","Salt Lake City, UT - Main - C01G",
a06Ro00000COCnYIAX,352370,2025-12-11,2024-12-20,"Salt Lake City, UT","Salt Lake City, UT - Main - C01G",
a06Ro00000COCnZIAX,352371,2025-12-11,2024-12-20,"Salt Lake City, UT","Salt Lake City, UT - Main - C01G",
a06Ro00000COCnaIAH,352372,2025-12-11,2024-12-20,"Salt Lake City, UT","Salt Lake City, UT - Main - C01G",
a06Ro00000COCnbIAH,352373,2025-12-11,2024-12-20,"Salt Lake City, UT","Salt Lake City, UT - Main - C01G",
a06Ro00000COCncIAH,352374,2025-12-11,2024-12-20,"Salt Lake City, UT","Salt Lake City, UT - Main - C08D",
a06Ro00000COCndIAH,352375,2025-12-11,2024-12-20,"Salt Lake City, UT","Salt Lake City, UT - Main - C08D",
a06Ro00000COCpJIAX,352401,2025-12-11,2024-12-20,"Salt Lake City, UT","Salt Lake City, UT - Main - C01H",
a06Ro00000COAWtIAP,352441,2025-12-11,2024-12-20,"Salt Lake City, UT","Salt Lake City, UT - Main - C09D",
a06Ro00000COAWuIAP,352442,2025-12-11,2024-12-20,"Salt Lake City, UT","Salt Lake City, UT - Main - C09D",
a06Ro00000COAWvIAP,352443,2025-12-11,2024-12-20,"Salt Lake City, UT","Salt Lake City, UT - Main - C01E",
a06Ro00000CO7NnIAL,353074,2025-12-11,2024-12-20,"Salt Lake City, UT","Salt Lake City, UT - Main - C01E",
a06Ro00000CO7NoIAL,353075,2025-12-11,2024-12-20,"Salt Lake City, UT","Salt Lake City, UT - Main - C01E",
a06Ro00000CO7NrIAL,353078,2025-12-11,2024-12-20,"Salt Lake City, UT","Salt Lake City, UT - Main - C01E",
a06Ro00000COCUdIAP,353079,2025-12-11,2024-12-20,"Salt Lake City, UT","Salt Lake City, UT - Main - C01E",
a06Ro00000COCUvIAP,353097,2025-12-11,2024-12-20,"Salt Lake City, UT","Salt Lake City, UT - Main - C08D",
a06Ro00000CNzQ9IAL,353398,2025-12-11,2024-12-20,"Salt Lake City, UT","Salt Lake City, UT - Main - D03D",
a06Ro00000CNzQAIA1,353399,2025-12-11,2024-12-20,"Salt Lake City, UT","Salt Lake City, UT - Main - D03D",
a06Ro00000CNzQBIA1,353400,2025-12-11,2024-12-20,"Salt Lake City, UT","Salt Lake City, UT - Main - D03D",
a06Ro00000CNzQCIA1,353401,2025-12-11,2024-12-20,"Salt Lake City, UT","Salt Lake City, UT - Main - D03D",
a06Ro00000CNzQDIA1,353402,2025-12-11,2024-12-20,"Salt Lake City, UT","Salt Lake City, UT - Main - D03D",
a06Ro00000CNzQEIA1,353403,2025-12-11,2024-12-20,"Salt Lake City, UT","Salt Lake City, UT - Main - D03D",
a06Ro00000CNzQFIA1,353404,2025-12-11,2024-12-20,"Salt Lake City, UT","Salt Lake City, UT - Main - D03D",
a06Ro00000CNzQGIA1,353405,2025-12-11,2024-12-20,"Salt Lake City, UT","Salt Lake City, UT - Main - D03D",
a06Ro00000CNzQHIA1,353406,2025-12-11,2024-12-20,"Salt Lake City, UT","Salt Lake City, UT - Main - D03D",
a06Ro00000COAJ9IAP,353478,2025-12-11,2024-12-20,"Salt Lake City, UT","Salt Lake City, UT - Main - C12D",
a06Ro00000COAJAIA5,353479,2025-12-11,2024-12-20,"Salt Lake City, UT","Salt Lake City, UT - Main - C12D",
a06Ro00000COAJBIA5,353480,2025-12-11,2024-12-20,"Salt Lake City, UT","Salt Lake City, UT - Main - C12D",
a06Ro00000COAJCIA5,353481,2025-12-11,2024-12-20,"Salt Lake City, UT","Salt Lake City, UT - Main - C12D",
a06Ro00000COAJDIA5,353482,2025-12-11,2024-12-20,"Salt Lake City, UT","Salt Lake City, UT - Main - C12D",
a06Ro00000CO17rIAD,353592,2025-12-11,2024-12-20,"Salt Lake City, UT","Salt Lake City, UT | Main C 08B","Milwaukee, WI"
a06Ro00000CO17sIAD,353593,2025-12-11,2024-12-20,"Salt Lake City, UT","Salt Lake City, UT | Main C 08B","Milwaukee, WI"
a06Ro00000CO17tIAD,353594,2025-12-11,2024-12-20,"Salt Lake City, UT","Salt Lake City, UT - Main - C08B",
a06Ro00000CO17uIAD,353595,2025-12-11,2024-12-20,"Salt Lake City, UT","Salt Lake City, UT - Main - C08B",
a06Ro00000CO17vIAD,353596,2025-12-11,2024-12-20,"Salt Lake City, UT","Salt Lake City, UT - Main - C08B",
a06Ro00000CO17wIAD,353597,2025-12-11,2024-12-20,"Salt Lake City, UT","Salt Lake City, UT - Main - C08B",
a06Ro00000CO17yIAD,353599,2025-12-11,2024-12-20,"Salt Lake City, UT","Salt Lake City, UT - Main - C01E",
a06Ro00000CO17zIAD,353600,2025-12-11,2024-12-20,"Salt Lake City, UT","Salt Lake City, UT - Main - C01E",
a06Ro00000CO180IAD,353601,2025-12-11,2024-12-20,"Salt Lake City, UT","Salt Lake City, UT - Main - C01E",
a06Ro00000CO181IAD,353602,2025-12-11,2024-12-20,"Salt Lake City, UT","Salt Lake City, UT - Main - C01E",
a06Ro00000CODAEIA5,353638,2025-12-11,2024-12-20,"Salt Lake City, UT","Salt Lake City, UT - Main - C08D",
a06Ro00000CODAGIA5,353640,2025-12-11,2024-12-20,"Salt Lake City, UT","Salt Lake City, UT - Main - C08D",
a06Ro00000CODAHIA5,353641,2025-12-11,2024-12-20,"Salt Lake City, UT","Salt Lake City, UT - Main - C08D",
a06Ro00000CODAIIA5,353642,2025-12-11,2024-12-20,"Salt Lake City, UT","Salt Lake City, UT - Main - C08D",
a06Ro00000CODAJIA5,353643,2025-12-11,2024-12-20,"Salt Lake City, UT","Salt Lake City, UT | Main C 08D",
a06Ro00000CODAMIA5,353646,2025-12-11,2024-12-20,"Salt Lake City, UT","Salt Lake City, UT - Main - C08D",
a06Ro00000CODANIA5,353647,2025-12-11,2024-12-20,"Salt Lake City, UT","Salt Lake City, UT | Main C 08D",
a06Ro00000CODAOIA5,353648,2025-12-11,2024-12-20,"Salt Lake City, UT","Salt Lake City, UT - Main - C08D",
a06Ro00000CNzFIIA1,353655,2025-12-11,2024-12-20,"Salt Lake City, UT","Salt Lake City, UT - Main - C08D",
a06Ro00000CNzFJIA1,353656,2025-12-11,2024-12-20,"Salt Lake City, UT","Salt Lake City, UT - Main - C08D",
a06Ro00000CNzFLIA1,353658,2025-12-11,2024-12-20,"Salt Lake City, UT","Salt Lake City, UT - Main - C08D",
a06Ro00000CNzFNIA1,353660,2025-12-11,2024-12-20,"Salt Lake City, UT","Salt Lake City, UT - Main - C08D",
a06Ro00000CNzFQIA1,353663,2025-12-11,2024-12-20,"Salt Lake City, UT","Salt Lake City, UT - Main - C08D",
a06Ro00000CNzFeIAL,353677,2025-12-11,2024-12-20,"Salt Lake City, UT","Salt Lake City, UT - Main - C12D",
a06Ro00000CNzFfIAL,353678,2025-12-11,2024-12-20,"Salt Lake City, UT","Salt Lake City, UT - Main - C12D",
a06Ro00000COAktIAH,353679,2025-12-11,2024-12-20,"Salt Lake City, UT","Salt Lake City, UT - Main - C12D",
a06Ro00000COAkuIAH,353680,2025-12-11,2024-12-20,"Salt Lake City, UT","Salt Lake City, UT - Main - C12D",
a06Ro00000COAkvIAH,353681,2025-12-11,2024-12-20,"Salt Lake City, UT","Salt Lake City, UT - Main - D03D",
a06Ro00000COAkwIAH,353682,2025-12-11,2024-12-20,"Salt Lake City, UT","Salt Lake City, UT - Main - D03D",
a06Ro00000COAkxIAH,353683,2025-12-11,2024-12-20,"Salt Lake City, UT","Salt Lake City, UT - Main - D03D",
a06Ro00000COAl8IAH,353694,2025-12-11,2024-12-20,"Salt Lake City, UT","Salt Lake City, UT - Main - C01E",
a06Ro00000COAl9IAH,353695,2025-12-11,2024-12-20,"Salt Lake City, UT","Salt Lake City, UT - Main - C01E",
a06Ro00000COAlAIAX,353696,2025-12-11,2024-12-20,"Salt Lake City, UT","Salt Lake City, UT - Main - C01D","Salt Lake City, UT"
a06Ro00000COAlBIAX,353697,2025-12-11,2024-12-20,"Salt Lake City, UT","Salt Lake City, UT - Main - C01D",
a06Ro00000COAlCIAX,353698,2025-12-11,2024-12-20,"Salt Lake City, UT","Salt Lake City, UT - Main - C01D",
a06Ro00000COAlDIAX,353699,2025-12-11,2024-12-20,"Salt Lake City, UT","Salt Lake City, UT - Main - C01D",
a06Ro00000COAlEIAX,353700,2025-12-11,2024-12-20,"Salt Lake City, UT","Salt Lake City, UT - Main - C01D",
a06Ro00000CNyCrIAL,353718,2025-12-11,2024-12-20,"Salt Lake City, UT","Salt Lake City, UT - Main - C12B",
a06Ro00000CNyCsIAL,353719,2025-12-11,2024-12-20,"Salt Lake City, UT","Salt Lake City, UT - Main - C12B",
a06Ro00000CNyCtIAL,353720,2025-12-11,2024-12-20,"Salt Lake City, UT","Salt Lake City, UT - Main - C12B",
a06Ro00000CNyCuIAL,353721,2025-12-11,2024-12-20,"Salt Lake City, UT","Salt Lake City, UT - Main - C12B",
a06Ro00000COAi6IAH,353816,2025-12-11,2024-12-20,"Salt Lake City, UT","Salt Lake City, UT - Main - C01D",
a06Ro00000CO5qXIAT,353938,2025-12-11,2024-12-20,"Salt Lake City, UT","Salt Lake City, UT - Main - D05B","Salt Lake City, UT"
a06Ro00000CO5qYIAT,353939,2025-12-11,2024-12-20,"Salt Lake City, UT","Salt Lake City, UT - Main - D05B",
a06Ro00000CO5qZIAT,353940,2025-12-11,2024-12-20,"Salt Lake City, UT","Salt Lake City, UT - Main - D05B",
a06Ro00000CO5qdIAD,353944,2025-12-11,2024-12-20,"Salt Lake City, UT","Salt Lake City, UT - Main - C01D",
a06Ro00000CO5qeIAD,353945,2025-12-11,2024-12-20,"Salt Lake City, UT","Salt Lake City, UT - Main - C01D",
a06Ro00000CO5qfIAD,353946,2025-12-11,2024-12-20,"Salt Lake City, UT","Salt Lake City, UT - Main - C01D",
a06Ro00000CO5qgIAD,353947,2025-12-11,2024-12-20,"Salt Lake City, UT","Salt Lake City, UT - Main - C01D",
a06Ro00000CO5qhIAD,353948,2025-12-11,2024-12-20,"Salt Lake City, UT","Salt Lake City, UT - Main - C01D",
a06Ro00000COB5XIAX,353949,2025-12-11,2024-12-20,"Salt Lake City, UT","Salt Lake City, UT - Main - C01D",
a06Ro00000COB5YIAX,353950,2025-12-11,2024-12-20,"Salt Lake City, UT","Salt Lake City, UT - Main - C01D",
a06Ro00000COB5ZIAX,353951,2025-12-11,2024-12-20,"Salt Lake City, UT","Salt Lake City, UT - Main - C01D",
a06Ro00000COB5aIAH,353952,2025-12-11,2024-12-20,"Salt Lake City, UT","Salt Lake City, UT - Main - C01D",
a06Ro00000COB5bIAH,353953,2025-12-11,2024-12-20,"Salt Lake City, UT","Salt Lake City, UT - Main - C01D",
a06Ro00000COB5cIAH,353954,2025-12-11,2024-12-20,"Salt Lake City, UT","Salt Lake City, UT - Main - C01D",
a06Ro00000COB5dIAH,353955,2025-12-11,2024-12-20,"Salt Lake City, UT","Salt Lake City, UT - Main - C01D",
a06Ro00000COB5eIAH,353956,2025-12-11,2024-12-20,"Salt Lake City, UT","Salt Lake City, UT - Main - C01D",
a06Ro00000COB5fIAH,353957,2025-12-11,2024-12-20,"Salt Lake City, UT","Salt Lake City, UT - Main - C01D",
a06Ro00000COB5gIAH,353958,2025-12-11,2024-12-20,"Salt Lake City, UT","Salt Lake City, UT - Main - C01D",
a06Ro00000COB5hIAH,353959,2025-12-11,2024-12-20,"Salt Lake City, UT","Salt Lake City, UT - Main - C01D",
a06Ro00000COB5iIAH,353960,2025-12-11,2024-12-20,"Salt Lake City, UT","Salt Lake City, UT - Main - C01D",
a06Ro00000COB5jIAH,353961,2025-12-11,2024-12-20,"Salt Lake City, UT","Salt Lake City, UT - Main - C01D",
a06Ro00000COB5kIAH,353962,2025-12-11,2024-12-20,"Salt Lake City, UT","Salt Lake City, UT - Main - C01D",
a06Ro00000COB5lIAH,353963,2025-12-11,2024-12-20,"Salt Lake City, UT","Salt Lake City, UT - Main - C01D",
a06Ro00000COB5mIAH,353964,2025-12-11,2024-12-20,"Salt Lake City, UT","Salt Lake City, UT - Main - C01D",
a06Ro00000COB5nIAH,353965,2025-12-11,2024-12-20,"Salt Lake City, UT","Salt Lake City, UT - Main - C01D",
a06Ro00000COB5oIAH,353966,2025-12-11,2024-12-20,"Salt Lake City, UT","Salt Lake City, UT - Main - C01D",
a06Ro00000COB5pIAH,353967,2025-12-11,2024-12-20,"Salt Lake City, UT","Salt Lake City, UT - Main - C01D",
a06Ro00000COB5qIAH,353968,2025-12-11,2024-12-20,"Salt Lake City, UT","Salt Lake City, UT - Main - C01D",
a06Ro00000COB5tIAH,353971,2025-12-11,2024-12-20,"Salt Lake City, UT","Salt Lake City, UT - Main - C01D",
a06Ro00000COB5uIAH,353972,2025-12-11,2024-12-20,"Salt Lake City, UT","Salt Lake City, UT - Main - C01D",
a06Ro00000COB5vIAH,353973,2025-12-11,2024-12-20,"Salt Lake City, UT","Salt Lake City, UT - Main - C01D",
a06Ro00000COB5wIAH,353974,2025-12-11,2024-12-20,"Salt Lake City, UT","Salt Lake City, UT - Main - C01D",
a06Ro00000COB5xIAH,353975,2025-12-11,2024-12-20,"Salt Lake City, UT","Salt Lake City, UT - Main - C01D",
a06Ro00000COB5yIAH,353976,2025-12-11,2024-12-20,"Salt Lake City, UT","Salt Lake City, UT - Main - C01D",
a06Ro00000COB5zIAH,353977,2025-12-11,2024-12-20,"Salt Lake City, UT","Salt Lake City, UT - Main - C01D",
a06Ro00000COB60IAH,353978,2025-12-11,2024-12-20,"Salt Lake City, UT","Salt Lake City, UT - Main - C01D",
a06Ro00000COCz7IAH,353979,2025-12-11,2024-12-20,"Salt Lake City, UT","Salt Lake City, UT - Main - C01D",
a06Ro00000COCz8IAH,353980,2025-12-11,2024-12-20,"Salt Lake City, UT","Salt Lake City, UT - Main - C01D",
a06Ro00000COCz9IAH,353981,2025-12-11,2024-12-20,"Salt Lake City, UT","Salt Lake City, UT - Main - C01D",
a06Ro00000COCzAIAX,353982,2025-12-11,2024-12-20,"Salt Lake City, UT","Salt Lake City, UT - Main - C01D",
a06Ro00000COCzBIAX,353983,2025-12-11,2024-12-20,"Salt Lake City, UT","Salt Lake City, UT - Main - C01D",
a06Ro00000COCzCIAX,353984,2025-12-11,2024-12-20,"Salt Lake City, UT","Salt Lake City, UT - Main - C01D",
a06Ro00000COCzDIAX,353985,2025-12-11,2024-12-20,"Salt Lake City, UT","Salt Lake City, UT - Main - C01D",
a06Ro00000COCzEIAX,353986,2025-12-11,2024-12-20,"Salt Lake City, UT","Salt Lake City, UT - Main - C01D",
a06Ro00000COCzFIAX,353987,2025-12-11,2024-12-20,"Salt Lake City, UT","Salt Lake City, UT - Main - C01D",
a06Ro00000COCzGIAX,353988,2025-12-11,2024-12-20,"Salt Lake City, UT","Salt Lake City, UT - Main - C01D",
a06Ro00000COCzLIAX,353993,2025-12-11,2024-12-20,"Salt Lake City, UT","Salt Lake City, UT - Main - C01D","Salt Lake City, UT"
a06Ro00000COCzOIAX,353996,2025-12-11,2024-12-20,"Salt Lake City, UT","Salt Lake City, UT - Main - D02F",
a06Ro00000COCzPIAX,353997,2025-12-11,2024-12-20,"Salt Lake City, UT","Salt Lake City, UT - Main - D02F",
a06Ro00000COCzQIAX,353998,2025-12-11,2024-12-20,"Salt Lake City, UT","Salt Lake City, UT - Main - D02F",
a06Ro00000COCzRIAX,353999,2025-12-11,2024-12-20,"Salt Lake City, UT","Salt Lake City, UT - Main - D02F",
a06Ro00000COCzSIAX,354000,2025-12-11,2024-12-20,"Salt Lake City, UT","Salt Lake City, UT - Main - D02F",
a06Ro00000COCzUIAX,354002,2025-12-11,2024-12-20,"Salt Lake City, UT","Salt Lake City, UT - Main - D02F",
a06Ro00000COCzXIAX,354005,2025-12-11,2024-12-20,"Salt Lake City, UT","Salt Lake City, UT - Main - D02F",
a06Ro00000COCzYIAX,354006,2025-12-11,2024-12-20,"Salt Lake City, UT","Salt Lake City, UT - Main - D02F",
a06Ro00000COCzZIAX,354007,2025-12-11,2024-12-20,"Salt Lake City, UT","Salt Lake City, UT - Main - D02F",
a06Ro00000COCzaIAH,354008,2025-12-11,2024-12-20,"Salt Lake City, UT","Salt Lake City, UT - Main - D02F",
a06Ro00000COAlNIAX,354009,2025-12-11,2024-12-20,"Salt Lake City, UT","Salt Lake City, UT - Main - D02F",
a06Ro00000CODF0IAP,354034,2025-12-11,2024-12-20,"Salt Lake City, UT","Salt Lake City, UT - Main - C01D","Salt Lake City, UT"
a06Ro00000CODF1IAP,354035,2025-12-11,2024-12-20,"Salt Lake City, UT","Salt Lake City, UT - Main - C01D",
a06Ro00000CODF2IAP,354036,2025-12-11,2024-12-20,"Salt Lake City, UT","Salt Lake City, UT - Main - C01D",
a06Ro00000CODF3IAP,354037,2025-12-11,2024-12-20,"Salt Lake City, UT","Salt Lake City, UT - Main - C01D",
a06Ro00000CODF4IAP,354038,2025-12-11,2024-12-20,"Salt Lake City, UT","Salt Lake City, UT - Main - C01D",
a06Ro00000CO0G7IAL,354039,2025-12-11,2024-12-20,"Salt Lake City, UT","Salt Lake City, UT - Main - C01D",
a06Ro00000CO0G8IAL,354040,2025-12-11,2024-12-20,"Salt Lake City, UT","Salt Lake City, UT - Main - C01D",
a06Ro00000CO0G9IAL,354041,2025-12-11,2024-12-20,"Salt Lake City, UT","Salt Lake City, UT - Main - C01D",
a06Ro00000CO0GAIA1,354042,2025-12-11,2024-12-20,"Salt Lake City, UT","Salt Lake City, UT - Main - C01D",
a06Ro00000CO0GBIA1,354043,2025-12-11,2024-12-20,"Salt Lake City, UT","Salt Lake City, UT - Main - C01D","Salt Lake City, UT"
a06Ro00000CO0GCIA1,354044,2025-12-11,2024-12-20,"Salt Lake City, UT","Salt Lake City, UT - Main - C01D","Salt Lake City, UT"
a06Ro00000CO0GDIA1,354045,2025-12-11,2024-12-20,"Salt Lake City, UT","Salt Lake City, UT - Main - C01D","Salt Lake City, UT"
a06Ro00000CO0GEIA1,354046,2059-01-04,2024-12-20,"Salt Lake City, UT","Salt Lake City, UT | Main C 01D","Salt Lake City, UT"
a06Ro00000CO0GFIA1,354047,2025-12-11,2024-12-20,"Salt Lake City, UT","Salt Lake City, UT - Main - C01D","Salt Lake City, UT"
a06Ro00000CO9mnIAD,354431,2025-12-11,2024-12-20,"Salt Lake City, UT","Salt Lake City, UT - Main - D05E",
a06Ro00000CO9moIAD,354432,2025-12-11,2024-12-20,"Salt Lake City, UT","Salt Lake City, UT - Main - D05E",
a06Ro00000CO9mpIAD,354433,2025-12-11,2024-12-20,"Salt Lake City, UT","Salt Lake City, UT - Main - D05E",
a06Ro00000CO9mqIAD,354434,2025-12-11,2024-12-20,"Salt Lake City, UT","Salt Lake City, UT - Main - D05E",
a06Ro00000CO9mrIAD,354435,2025-12-11,2024-12-20,"Salt Lake City, UT","Salt Lake City, UT - Main - D05E",
a06Ro00000CO9mtIAD,354437,2025-12-11,2024-12-20,"Salt Lake City, UT","Salt Lake City, UT - Main - D05E",
a06Ro00000CO9muIAD,354438,2025-12-11,2024-12-20,"Salt Lake City, UT","Salt Lake City, UT - Main - D05E",
a06Ro00000CO9mvIAD,354439,2025-12-11,2024-12-20,"Salt Lake City, UT","Salt Lake City, UT - Main - D05E",
a06Ro00000CO9mxIAD,354441,2025-12-11,2024-12-20,"Salt Lake City, UT","Salt Lake City, UT - Main - D05E",
a06Ro00000CO9mzIAD,354443,2025-12-11,2024-12-20,"Salt Lake City, UT","Salt Lake City, UT - Main - D05E",
a06Ro00000CO9n0IAD,354444,2025-12-11,2024-12-20,"Salt Lake City, UT","Salt Lake City, UT - Main - D05E",
a06Ro00000CO9n1IAD,354445,2025-12-11,2024-12-20,"Salt Lake City, UT","Salt Lake City, UT - Main - D05E",
a06Ro00000CO9n2IAD,354446,2025-12-11,2024-12-20,"Salt Lake City, UT","Salt Lake City, UT - Main - D05E",
a06Ro00000CO9n7IAD,354451,2025-12-11,2024-12-20,"Salt Lake City, UT","Salt Lake City, UT - Main - C01C",
a06Ro00000CO9n8IAD,354452,2025-12-11,2024-12-20,"Salt Lake City, UT","Salt Lake City, UT - Main - C01C",
a06Ro00000CO9n9IAD,354453,2025-12-11,2024-12-20,"Salt Lake City, UT","Salt Lake City, UT - Main - C01C",
a06Ro00000CO9nAIAT,354454,2025-12-11,2024-12-20,"Salt Lake City, UT","Salt Lake City, UT - Main - C01C",
a06Ro00000CO9nBIAT,354455,2025-12-11,2024-12-20,"Salt Lake City, UT","Salt Lake City, UT - Main - C01C",
a06Ro00000CO9nCIAT,354456,2025-12-11,2024-12-20,"Salt Lake City, UT","Salt Lake City, UT - Main - C01C",
a06Ro00000CO9nDIAT,354457,2025-12-11,2024-12-20,"Salt Lake City, UT","Salt Lake City, UT - Main - C01C",
a06Ro00000CO9nEIAT,354458,2025-12-11,2024-12-20,"Salt Lake City, UT","Salt Lake City, UT - Main - C01C",
a06Ro00000CO76lIAD,354459,2025-12-11,2024-12-20,"Salt Lake City, UT","Salt Lake City, UT - Main - C01C",
a06Ro00000CO76mIAD,354460,2025-12-11,2024-12-20,"Salt Lake City, UT","Salt Lake City, UT - Main - C01C",
a06Ro00000CO76nIAD,354461,2025-12-11,2024-12-20,"Salt Lake City, UT","Salt Lake City, UT - Main - C01C",
a06Ro00000CO76oIAD,354462,2025-12-11,2024-12-20,"Salt Lake City, UT","Salt Lake City, UT - Main - C01C",
a06Ro00000CO76pIAD,354463,2025-12-11,2024-12-20,"Salt Lake City, UT","Salt Lake City, UT - Main - C01C",
a06Ro00000CO76qIAD,354464,2025-12-11,2024-12-20,"Salt Lake City, UT","Salt Lake City, UT - Main - C01C",
a06Ro00000CO76rIAD,354465,2025-12-11,2024-12-20,"Salt Lake City, UT","Salt Lake City, UT - Main - C01C",
a06Ro00000CO76sIAD,354466,2025-12-11,2024-12-20,"Salt Lake City, UT","Salt Lake City, UT - Main - C01C",
a06Ro00000CO76tIAD,354467,2025-12-11,2024-12-20,"Salt Lake City, UT","Salt Lake City, UT - Main - C01C",
a06Ro00000CO76uIAD,354468,2025-12-11,2024-12-20,"Salt Lake City, UT","Salt Lake City, UT - Main - C01C",
a06Ro00000CO76vIAD,354469,2025-12-11,2024-12-20,"Salt Lake City, UT","Salt Lake City, UT - Main - C01C",
a06Ro00000CO76wIAD,354470,2025-12-11,2024-12-20,"Salt Lake City, UT","Salt Lake City, UT - Main - C01C",
a06Ro00000CO76xIAD,354471,2025-12-11,2024-12-20,"Salt Lake City, UT","Salt Lake City, UT - Main - C01C",
a06Ro00000CO76yIAD,354472,2025-12-11,2024-12-20,"Salt Lake City, UT","Salt Lake City, UT - Main - C01C",
a06Ro00000CO76zIAD,354473,2025-12-11,2024-12-20,"Salt Lake City, UT","Salt Lake City, UT - Main - C01C",
a06Ro00000CO770IAD,354474,2025-12-11,2024-12-20,"Salt Lake City, UT","Salt Lake City, UT - Main - C01C",
a06Ro00000CO771IAD,354475,2025-12-11,2024-12-20,"Salt Lake City, UT","Salt Lake City, UT - Main - C01C",
a06Ro00000CO772IAD,354476,2025-12-11,2024-12-20,"Salt Lake City, UT","Salt Lake City, UT - Main - C01B",
a06Ro00000CO775IAD,354479,2025-12-11,2024-12-20,"Salt Lake City, UT","Salt Lake City, UT - Main - C01C",
a06Ro00000CO776IAD,354480,2025-12-11,2024-12-20,"Salt Lake City, UT","Salt Lake City, UT - Main - C01C",
a06Ro00000CO777IAD,354481,2025-12-11,2024-12-20,"Salt Lake City, UT","Salt Lake City, UT - Main - C01C",
a06Ro00000CO778IAD,354482,2025-12-11,2024-12-20,"Salt Lake City, UT","Salt Lake City, UT - Main - C01C",
a06Ro00000CO779IAD,354483,2025-12-11,2024-12-20,"Salt Lake City, UT","Salt Lake City, UT - Main - C01C",
a06Ro00000CO77AIAT,354484,2025-12-11,2024-12-20,"Salt Lake City, UT","Salt Lake City, UT - Main - C01C",
a06Ro00000CO77BIAT,354485,2025-12-11,2024-12-20,"Salt Lake City, UT","Salt Lake City, UT - Main - C01C",
a06Ro00000CO77CIAT,354486,2025-12-11,2024-12-20,"Salt Lake City, UT","Salt Lake City, UT - Main - C01C",
a06Ro00000CO77DIAT,354487,2025-12-11,2024-12-20,"Salt Lake City, UT","Salt Lake City, UT - Main - C01C",
a06Ro00000CO77EIAT,354488,2025-12-11,2024-12-20,"Salt Lake City, UT","Salt Lake City, UT - Main - C01C",
a06Ro00000CO3qWIAT,354489,2025-12-11,2024-12-20,"Salt Lake City, UT","Salt Lake City, UT - Main - C01C",
a06Ro00000CO3qYIAT,354491,2025-12-11,2024-12-20,"Salt Lake City, UT","Salt Lake City, UT - Main - C01C",
a06Ro00000CO3qZIAT,354492,2025-12-11,2024-12-20,"Salt Lake City, UT","Salt Lake City, UT - Main - C01C",
a06Ro00000CO3qaIAD,354493,2025-12-11,2024-12-20,"Salt Lake City, UT","Salt Lake City, UT - Main - C01C",
a06Ro00000CODLQIA5,354501,2025-12-11,2024-12-20,"Salt Lake City, UT","Salt Lake City, UT - Main - C07A",
a06Ro00000CODLRIA5,354502,2025-12-11,2024-12-20,"Salt Lake City, UT","Salt Lake City, UT - Main - C07A",
a06Ro00000CODLWIA5,354507,2025-12-11,2024-12-20,"Salt Lake City, UT","Salt Lake City, UT - Main - C12D",
a06Ro00000CODLXIA5,354508,2025-12-11,2024-12-20,"Salt Lake City, UT","Salt Lake City, UT - Main - C12D",
a06Ro00000CO4LsIAL,354524,2025-12-11,2024-12-20,"Salt Lake City, UT","Salt Lake City, UT - Main - C08D",
a06Ro00000CO4LtIAL,354525,2025-12-11,2024-12-20,"Salt Lake City, UT","Salt Lake City, UT - Main - C08D",
a06Ro00000CO4LuIAL,354526,2025-12-11,2024-12-20,"Salt Lake City, UT","Salt Lake City, UT - Main - C08D",
a06Ro00000CO4LvIAL,354527,2025-12-11,2024-12-20,"Salt Lake City, UT","Salt Lake City, UT - Main - C08D",
a06Ro00000CO4LwIAL,354528,2025-12-11,2024-12-20,"Salt Lake City, UT","Salt Lake City, UT - Main - C08D",
a06Ro00000CO4LxIAL,354529,2025-12-11,2024-12-20,"Salt Lake City, UT","Salt Lake City, UT - Main - C08D",
a06Ro00000CO4LyIAL,354530,2025-12-11,2024-12-20,"Salt Lake City, UT","Salt Lake City, UT - Main - C08D",
a06Ro00000CO4LzIAL,354531,2025-12-11,2024-12-20,"Salt Lake City, UT","Salt Lake City, UT - Main - C08D",
a06Ro00000CO4M0IAL,354532,2025-12-11,2024-12-20,"Salt Lake City, UT","Salt Lake City, UT - Main - C08D",
a06Ro00000CO4M1IAL,354533,2025-12-11,2024-12-20,"Salt Lake City, UT","Salt Lake City, UT - Main - C08D",
a06Ro00000CO4M2IAL,354534,2025-12-11,2024-12-20,"Salt Lake City, UT","Salt Lake City, UT - Main - C08D",
a06Ro00000CO4M3IAL,354535,2025-12-11,2024-12-20,"Salt Lake City, UT","Salt Lake City, UT - Main - C08D",
a06Ro00000CO4M4IAL,354536,2025-12-11,2024-12-20,"Salt Lake City, UT","Salt Lake City, UT - Main - C08D",
a06Ro00000CO4M5IAL,354537,2025-12-11,2024-12-20,"Salt Lake City, UT","Salt Lake City, UT - Main - C08D",
a06Ro00000CO4M6IAL,354538,2025-12-11,2024-12-20,"Salt Lake City, UT","Salt Lake City, UT - Main - C08D",
a06Ro00000CO4M7IAL,354539,2025-12-11,2024-12-20,"Salt Lake City, UT","Salt Lake City, UT - Main - C08D",
a06Ro00000CO4M8IAL,354540,2025-12-11,2024-12-20,"Salt Lake City, UT","Salt Lake City, UT - Main - C08D",
a06Ro00000CO4M9IAL,354541,2025-12-11,2024-12-20,"Salt Lake City, UT","Salt Lake City, UT - Main - C08D",
a06Ro00000CO4MAIA1,354542,2025-12-11,2024-12-20,"Salt Lake City, UT","Salt Lake City, UT - Main - C08D",
a06Ro00000CO4MBIA1,354543,2025-12-11,2024-12-20,"Salt Lake City, UT","Salt Lake City, UT - Main - C08D",
a06Ro00000CODN1IAP,354561,2025-12-11,2024-12-20,"Salt Lake City, UT","Salt Lake City, UT - Main - C01B",
a06Ro00000CODN2IAP,354562,2025-12-11,2024-12-20,"Salt Lake City, UT","Salt Lake City, UT - Main - C01B",
a06Ro00000CODN3IAP,354563,2025-12-11,2024-12-20,"Salt Lake City, UT","Salt Lake City, UT - Main - C01B",
a06Ro00000CODN4IAP,354564,2025-12-11,2024-12-20,"Salt Lake City, UT","Salt Lake City, UT - Main - C01B",
a06Ro00000CODN5IAP,354565,2025-12-11,2024-12-20,"Salt Lake City, UT","Salt Lake City, UT - Main - C01B",
a06Ro00000CODN6IAP,354566,2025-12-11,2024-12-20,"Salt Lake City, UT","Salt Lake City, UT - Main - C01B",
a06Ro00000CODN7IAP,354567,2025-12-11,2024-12-20,"Salt Lake City, UT","Salt Lake City, UT - Main - C01B",
a06Ro00000CODN8IAP,354568,2025-12-11,2024-12-20,"Salt Lake City, UT","Salt Lake City, UT - Main - C01B",
a06Ro00000CODN9IAP,354569,2025-12-11,2024-12-20,"Salt Lake City, UT","Salt Lake City, UT - Main - C01B",
a06Ro00000CODNAIA5,354570,2025-12-11,2024-12-20,"Salt Lake City, UT","Salt Lake City, UT - Main - C01B",
a06Ro00000CO55cIAD,354710,2025-12-11,2024-12-20,"Salt Lake City, UT","Salt Lake City, UT - Main - C09D",
a06Ro00000CO55dIAD,354711,2025-12-11,2024-12-20,"Salt Lake City, UT","Salt Lake City, UT - Main - C09D",
a06Ro00000CO55eIAD,354712,2025-12-11,2024-12-20,"Salt Lake City, UT","Salt Lake City, UT - Main - C09D",
a06Ro00000CO55fIAD,354713,2025-12-11,2024-12-20,"Salt Lake City, UT","Salt Lake City, UT - Main - C09D",
a06Ro00000CO55gIAD,354714,2025-12-11,2024-12-20,"Salt Lake City, UT","Salt Lake City, UT - Main - C09D",
a06Ro00000CO55hIAD,354715,2025-12-11,2024-12-20,"Salt Lake City, UT","Salt Lake City, UT - Main - C09D",
a06Ro00000CO55iIAD,354716,2025-12-11,2024-12-20,"Salt Lake City, UT","Salt Lake City, UT - Main - C09D",
a06Ro00000COASNIA5,354730,2025-12-11,2024-12-20,"Salt Lake City, UT","Salt Lake City, UT - Main - C11B",
a06Ro00000COASOIA5,354731,2025-12-11,2024-12-20,"Salt Lake City, UT","Salt Lake City, UT - Main - C11B",
a06Ro00000COASPIA5,354732,2025-12-11,2024-12-20,"Salt Lake City, UT","Salt Lake City, UT - Main - C11D",
a06Ro00000COASQIA5,354733,2025-12-11,2024-12-20,"Salt Lake City, UT","Salt Lake City, UT - Main - C11D",
a06Ro00000COASRIA5,354734,2025-12-11,2024-12-20,"Salt Lake City, UT","Salt Lake City, UT - Main - C11D",
a06Ro00000COASSIA5,354735,2025-12-11,2024-12-20,"Salt Lake City, UT","Salt Lake City, UT - Main - C11D",
a06Ro00000COASTIA5,354736,2025-12-11,2024-12-20,"Salt Lake City, UT","Salt Lake City, UT - Main - C11D",
a06Ro00000COASUIA5,354737,2025-12-11,2024-12-20,"Salt Lake City, UT","Salt Lake City, UT - Main - C11D",
a06Ro00000COASVIA5,354738,2025-12-11,2024-12-20,"Salt Lake City, UT","Salt Lake City, UT - Main - C11D",
a06Ro00000COASWIA5,354739,2025-12-11,2024-12-20,"Salt Lake City, UT","Salt Lake City, UT | Main C 11D",
a06Ro00000COASXIA5,354740,2025-12-11,2024-12-20,"Salt Lake City, UT","Salt Lake City, UT - Main - C11D",
a06Ro00000COASYIA5,354741,2025-12-11,2024-12-20,"Salt Lake City, UT","Salt Lake City, UT - Main - C11D",
a06Ro00000COASZIA5,354742,2025-12-11,2024-12-20,"Salt Lake City, UT","Salt Lake City, UT - Main - C11D",
a06Ro00000COASaIAP,354743,2025-12-11,2024-12-20,"Salt Lake City, UT","Salt Lake City, UT - Main - C11D",
a06Ro00000COAShIAP,354750,2025-12-11,2024-12-20,"Salt Lake City, UT","Salt Lake City, UT - Main - D03C","Salt Lake City, UT"
a06Ro00000COASiIAP,354751,2025-12-11,2024-12-20,"Salt Lake City, UT","Salt Lake City, UT - Main - D03C",
a06Ro00000COASjIAP,354752,2025-12-11,2024-12-20,"Salt Lake City, UT","Salt Lake City, UT - Main - D03C",
a06Ro00000COASkIAP,354753,2025-12-11,2024-12-20,"Salt Lake City, UT","Salt Lake City, UT | Main D 03C",
a06Ro00000CO64oIAD,354764,2025-12-11,2024-12-20,"Salt Lake City, UT","Salt Lake City, UT - Main - C01B",
a06Ro00000CO64pIAD,354765,2025-12-11,2024-12-20,"Salt Lake City, UT","Salt Lake City, UT - Main - C01B",
a06Ro00000CO64qIAD,354766,2025-12-11,2024-12-20,"Salt Lake City, UT","Salt Lake City, UT - Main - C01B",
a06Ro00000CO64rIAD,354767,2025-12-11,2024-12-20,"Salt Lake City, UT","Salt Lake City, UT - Main - C01B",
a06Ro00000CO64sIAD,354768,2025-12-11,2024-12-20,"Salt Lake City, UT","Salt Lake City, UT - Main - C01B",
a06Ro00000CO64tIAD,354769,2025-12-11,2024-12-20,"Salt Lake City, UT","Salt Lake City, UT - Main - C01B",
a06Ro00000CO64uIAD,354770,2025-12-11,2024-12-20,"Salt Lake City, UT","Salt Lake City, UT - Main - C01B",
a06Ro00000CO64vIAD,354771,2025-12-11,2024-12-20,"Salt Lake City, UT","Salt Lake City, UT - Main - C01B",
a06Ro00000CO64wIAD,354772,2025-12-11,2024-12-20,"Salt Lake City, UT","Salt Lake City, UT - Main - C01B",
a06Ro00000CO652IAD,354778,2025-12-11,2024-12-20,"Salt Lake City, UT","Salt Lake City, UT - Main - C01A",
a06Ro00000CO653IAD,354779,2025-12-11,2024-12-20,"Salt Lake City, UT","Salt Lake City, UT - Main - C01A",
a06Ro00000CO654IAD,354780,2025-12-11,2024-12-20,"Salt Lake City, UT","Salt Lake City, UT - Main - C01B",
a06Ro00000CO655IAD,354781,2025-12-11,2024-12-20,"Salt Lake City, UT","Salt Lake City, UT - Main - C01B",
a06Ro00000CO656IAD,354782,2025-12-11,2024-12-20,"Salt Lake City, UT","Salt Lake City, UT - Main - C01B",
a06Ro00000CO657IAD,354783,2025-12-11,2024-12-20,"Salt Lake City, UT","Salt Lake City, UT - Main - C01B",
a06Ro00000CO658IAD,354784,2025-12-11,2024-12-20,"Salt Lake City, UT","Salt Lake City, UT - Main - C01B",
a06Ro00000CO659IAD,354785,2025-12-11,2024-12-20,"Salt Lake City, UT","Salt Lake City, UT - Main - C01B",
a06Ro00000CO65AIAT,354786,2025-12-11,2024-12-20,"Salt Lake City, UT","Salt Lake City, UT - Main - C01B",
a06Ro00000CO7d3IAD,354821,2025-12-11,2024-12-20,"Salt Lake City, UT","Salt Lake City, UT - Main - C02G",
a06Ro00000CO7d4IAD,354822,2025-12-11,2024-12-20,"Salt Lake City, UT","Salt Lake City, UT - Main - C08D",
a06Ro00000CO7d5IAD,354823,2025-12-11,2024-12-20,"Salt Lake City, UT","Salt Lake City, UT - Main - C08D",
a06Ro00000CO7d6IAD,354824,2025-12-11,2024-12-20,"Salt Lake City, UT","Salt Lake City, UT - Main - C08D",
a06Ro00000CO7d7IAD,354825,2025-12-11,2024-12-20,"Salt Lake City, UT","Salt Lake City, UT - Main - C08D",
a06Ro00000CO7d8IAD,354826,2025-12-11,2024-12-20,"Salt Lake City, UT","Salt Lake City, UT - Main - C08D",
a06Ro00000CO7dMIAT,354840,2025-12-11,2024-12-20,"Salt Lake City, UT","Salt Lake City, UT - Main - D06F",
a06Ro00000COBPkIAP,354882,2025-12-11,2024-12-20,"Salt Lake City, UT","Salt Lake City, UT - Main - C02F",
a06Ro00000COBPmIAP,354884,2025-12-11,2024-12-20,"Salt Lake City, UT","Salt Lake City, UT - Main - C02F",
a06Ro00000COBPsIAP,354890,2025-12-11,2024-12-20,"Salt Lake City, UT","Salt Lake City, UT - Main - C12D",
a06Ro00000COBPtIAP,354891,2025-12-11,2024-12-20,"Salt Lake City, UT","Salt Lake City, UT - Main - C09F",
a06Ro00000COBPuIAP,354892,2025-12-11,2024-12-20,"Salt Lake City, UT","Salt Lake City, UT - Main - C09F",
a06Ro00000COBPvIAP,354893,2025-12-11,2024-12-20,"Salt Lake City, UT","Salt Lake City, UT - Main - C09F",
a06Ro00000CODQEIA5,354900,2025-12-11,2024-12-20,"Salt Lake City, UT","Salt Lake City, UT - Main - C02G",
a06Ro00000CODQFIA5,354901,2025-12-11,2024-12-20,"Salt Lake City, UT","Salt Lake City, UT - Main - C02G",
a06Ro00000CODQGIA5,354902,2025-12-11,2024-12-20,"Salt Lake City, UT","Salt Lake City, UT - Main - C02G",
a06Ro00000CODQHIA5,354903,2025-12-11,2024-12-20,"Salt Lake City, UT","Salt Lake City, UT - Main - C02G",
a06Ro00000CODQIIA5,354904,2025-12-11,2024-12-20,"Salt Lake City, UT","Salt Lake City, UT - Main - C02G",
a06Ro00000CODQJIA5,354905,2025-12-11,2024-12-20,"Salt Lake City, UT","Salt Lake City, UT - Main - C02G",
a06Ro00000CODQKIA5,354906,2025-12-11,2024-12-20,"Salt Lake City, UT","Salt Lake City, UT - Main - C02G",
a06Ro00000CO0GkIAL,354918,2025-12-11,2024-12-20,"Salt Lake City, UT","Salt Lake City, UT | Main C 08D",
a06Ro00000CO0GnIAL,354921,2025-12-11,2024-12-20,"Salt Lake City, UT","Salt Lake City, UT | Main C 08D",
a06Ro00000COD9JIAX,354941,2025-12-11,2024-12-20,"Salt Lake City, UT","Salt Lake City, UT | Main D 06D",
a06Ro00000CODS2IAP,354990,2025-12-11,2024-12-20,"Salt Lake City, UT","Salt Lake City, UT | Main C 04E",
a06Ro00000CODS3IAP,354991,2025-12-11,2024-12-20,"Salt Lake City, UT","Salt Lake City, UT | Main C 04E","Salt Lake City, UT"
a06Ro00000CODVKIA5,355106,2025-12-11,2024-12-20,"Salt Lake City, UT","Salt Lake City, UT | Main C 05D","Salt Lake City, UT"
a06Ro00000CO41ZIAT,355253,2025-12-11,2024-12-20,"Salt Lake City, UT","Salt Lake City, UT | Main D 08E",
a06Ro00000CNTVuIAP,355297,2025-12-11,2024-12-20,"Salt Lake City, UT","Salt Lake City, UT | Main C 03F",
a06Ro00000CNTVvIAP,355298,2025-12-11,2024-12-20,"Salt Lake City, UT","Salt Lake City, UT | Main C 03F",
a06Ro00000CO8ZZIA1,355299,2025-12-11,2024-12-20,"Salt Lake City, UT","Salt Lake City, UT | Main C 03F","Salt Lake City, UT"
a06Ro00000CODYUIA5,355351,2025-12-11,2024-12-20,"Salt Lake City, UT","Salt Lake City, UT | Main C 12B",
a06Ro00000CODYVIA5,355352,2025-12-11,2024-12-20,"Salt Lake City, UT","Salt Lake City, UT | Main C 12B",
a06Ro00000CODYWIA5,355353,2025-12-11,2024-12-20,"Salt Lake City, UT","Salt Lake City, UT | Main C 12B",
a06Ro00000CODYXIA5,355354,2025-12-11,2024-12-20,"Salt Lake City, UT","Salt Lake City, UT | Main C 12B",
a06Ro00000COBCLIA5,355501,2025-12-11,2024-12-20,"Salt Lake City, UT","Salt Lake City, UT | Main C 07D",
a06Ro00000COBCMIA5,355502,2025-12-11,2024-12-20,"Salt Lake City, UT","Salt Lake City, UT | Main C 07D",
a06Ro00000COCDLIA5,355537,2025-12-11,2024-12-20,"Salt Lake City, UT","Salt Lake City, UT | Main C 01E",
a06Ro00000COCDMIA5,355538,2025-12-11,2024-12-20,"Salt Lake City, UT","Salt Lake City, UT | Main C 01A",
a06Ro00000CO5cBIAT,355539,2025-12-11,2024-12-20,"Salt Lake City, UT","Salt Lake City, UT | Main C 01A",
a06Ro00000CO5cCIAT,355540,2025-12-11,2024-12-20,"Salt Lake City, UT","Salt Lake City, UT | Main C 01A",
a06Ro00000CfMpOIAV,356989,2025-12-11,2024-12-20,"Salt Lake City, UT","Salt Lake City, UT | Main D 03F","Salt Lake City, UT"
a06Ro00000CfMpSIAV,356993,2025-12-11,2024-12-20,"Salt Lake City, UT","Salt Lake City, UT | Main C 06F",
a06Ro00000CfMpTIAV,356994,2025-12-11,2024-12-20,"Salt Lake City, UT","Salt Lake City, UT | Main C 06F",
a06Ro00000CfMpUIAV,356995,2025-12-11,2024-12-20,"Salt Lake City, UT","Salt Lake City, UT | Main C 06F",
a06Ro00000CfMpVIAV,356996,2025-12-11,2024-12-20,"Salt Lake City, UT","Salt Lake City, UT | Main C 06F",
a06Ro00000CfMpWIAV,356997,2025-12-11,2024-12-20,"Salt Lake City, UT","Salt Lake City, UT | Main C 06F",
a06Ro00000CfMpXIAV,356998,2025-12-11,2024-12-20,"Salt Lake City, UT","Salt Lake City, UT | Main C 06F",
a06Ro00000CfMpYIAV,356999,2025-12-11,2024-12-20,"Salt Lake City, UT","Salt Lake City, UT | Main C 06F",
a06Ro00000CfMpZIAV,357000,2025-12-11,2024-12-20,"Salt Lake City, UT","Salt Lake City, UT | Main C 06F",
a06Ro00000CfMpaIAF,357001,2025-12-11,2024-12-20,"Salt Lake City, UT","Salt Lake City, UT | Main C 06F",
a06Ro00000CfMpbIAF,357002,2025-12-11,2024-12-20,"Salt Lake City, UT","Salt Lake City, UT | Main C 06F",
a06Ro00000CfMpcIAF,357003,2025-12-11,2024-12-20,"Salt Lake City, UT","Salt Lake City, UT | Main D 08D",
a06Ro00000CfMppIAF,357016,2025-12-11,2024-12-20,"Salt Lake City, UT","Salt Lake City, UT | Main D 11E",
a06Ro00000Cr4EhIAJ,357937,2025-12-11,2024-12-20,"Salt Lake City, UT","Salt Lake City, UT | Main D 11E",
a06Ro00000CrUkDIAV,357938,2025-12-11,2024-12-20,"Salt Lake City, UT","Salt Lake City, UT | Main D 11E",
a06Ro00000CrV1yIAF,357941,2025-12-11,2024-12-20,"Salt Lake City, UT","Salt Lake City, UT | Main D 11E",
a06Ro00000CrSiQIAV,357942,2025-12-11,2024-12-20,"Salt Lake City, UT","Salt Lake City, UT | Main D 11E",
a06Ro00000CrYXhIAN,357944,2025-12-11,2024-12-20,"Salt Lake City, UT","Salt Lake City, UT | Main D 11E",
a06Ro00000CrTZfIAN,357945,2025-12-11,2024-12-20,"Salt Lake City, UT","Salt Lake City, UT | Main D 11E",
a06Ro00000Cr7zHIAR,357947,2025-12-11,2024-12-20,"Salt Lake City, UT","Salt Lake City, UT | Main D 11F",
a06Ro00000CrLygIAF,357948,2025-12-11,2024-12-20,"Salt Lake City, UT","Salt Lake City, UT | Main D 11F",
a06Ro00000CrWhCIAV,357953,2025-12-11,2024-12-20,"Salt Lake City, UT","Salt Lake City, UT | Main D 11D",
a06Ro00000CrRhYIAV,357954,2025-12-11,2024-12-20,"Salt Lake City, UT","Salt Lake City, UT | Main D 11C","Salt Lake City, UT"
a06Ro00000CraZeIAJ,357957,2025-12-11,2024-12-20,"Salt Lake City, UT","Salt Lake City, UT | Main D 17C",
a06Ro00000CrAGvIAN,357958,2025-12-11,2024-12-20,"Salt Lake City, UT","Salt Lake City, UT | Main D 11C",
a06Ro00000CrdM5IAJ,357960,2025-12-11,2024-12-20,"Salt Lake City, UT","Salt Lake City, UT | Main D 11F",
a06Ro00000CrdtxIAB,357962,2025-12-11,2024-12-20,"Salt Lake City, UT","Salt Lake City, UT | Main D 17C",
a06Ro00000Cr9W9IAJ,357963,2025-12-11,2024-12-20,"Salt Lake City, UT","Salt Lake City, UT | Main D 17C",
a06Ro00000CrXNAIA3,357969,2025-12-11,2024-12-20,"Salt Lake City, UT","Salt Lake City, UT | Main D 11A",
a06Ro00000CrjL3IAJ,357971,2025-12-11,2024-12-20,"Salt Lake City, UT","Salt Lake City, UT | Main C 05C",
a06Ro00000CrJfAIAV,357975,2025-12-11,2024-12-20,"Salt Lake City, UT","Salt Lake City, UT | Main C 05C",
a06Ro00000CrSP5IAN,357976,2025-12-11,2024-12-20,"Salt Lake City, UT","Salt Lake City, UT | Main C 05C",
a06Ro00000CszpCIAR,358066,2025-12-11,2024-12-20,"Salt Lake City, UT","Salt Lake City, UT | Main D 11A",
a06Ro00000Cwyl7IAB,358777,2025-12-11,2024-12-20,"Salt Lake City, UT","Salt Lake City, UT | Main D 08A",
a06Ro00000CwylSIAR,358798,2025-12-11,2024-12-20,"Salt Lake City, UT","Salt Lake City, UT - Main - C01B",
a06Ro00000CwylTIAR,358799,2025-12-11,2024-12-20,"Salt Lake City, UT","Salt Lake City, UT | Main C 01B","Salt Lake City, UT"
a06Ro00000DOHd0IAH,361901,2025-12-11,2024-12-20,"Salt Lake City, UT","Salt Lake City, UT | Main D 06C","Salt Lake City, UT"
a06Ro00000DOHdGIAX,361917,2025-12-11,2024-12-20,"Salt Lake City, UT","Salt Lake City, UT | Main C 14C","Salt Lake City, UT"
a06Ro00000DOHdHIAX,361918,2025-12-11,2024-12-20,"Salt Lake City, UT","Salt Lake City, UT | Main C 14C","Salt Lake City, UT"
a06Ro00000DOHdIIAX,361919,2025-12-11,2024-12-20,"Salt Lake City, UT","Salt Lake City, UT | Main C 14C",
a06Ro00000DOHdJIAX,361920,2025-12-11,2024-12-20,"Salt Lake City, UT","Salt Lake City, UT | Main C 14C","Salt Lake City, UT"
a06Ro00000DOHdLIAX,361922,2025-12-11,2024-12-20,"Salt Lake City, UT","Salt Lake City, UT | Main C 05C","Salt Lake City, UT"
a06Ro00000DOHduIAH,361957,2025-12-11,2024-12-20,"Salt Lake City, UT","Salt Lake City, UT | Main D 02D",
a06Ro00000DPD0zIAH,362146,2025-12-11,2024-12-20,"Salt Lake City, UT","Salt Lake City, UT | Main C 01D",
a06Ro00000DXBEvIAP,363001,2026-03-20,2024-12-20,"Salt Lake City, UT","Salt Lake City, UT | Main D 11D",
a06Ro00000DXMzyIAH,363012,2025-12-11,2024-12-20,"Salt Lake City, UT","Salt Lake City, UT | Main D 11F",
a06Ro00000DXN82IAH,363032,2025-12-11,2024-12-20,"Salt Lake City, UT","Salt Lake City, UT | Main D 11E",
a06Ro00000DXbR7IAL,363035,2025-12-11,2024-12-20,"Salt Lake City, UT","Salt Lake City, UT | Main D 11E",
a06Ro00000DXc8fIAD,363036,2025-12-11,2024-12-20,"Salt Lake City, UT","Salt Lake City, UT | Main D 11E",
a06Ro00000DXcmzIAD,363039,2025-12-11,2024-12-20,"Salt Lake City, UT","Salt Lake City, UT | Main D 11E",
a06Ro00000DYUNaIAP,363147,2025-12-11,2024-12-20,"Salt Lake City, UT","Salt Lake City, UT | Main D 11E",
a06Ro00000DYjODIA1,363148,2025-12-11,2024-12-20,"Salt Lake City, UT","Salt Lake City, UT | Main D 11E",
a06Ro00000DYjo1IAD,363149,2025-12-11,2024-12-20,"Salt Lake City, UT","Salt Lake City, UT | Main D 11E",
a06Ro00000DYkDpIAL,363151,2025-12-11,2024-12-20,"Salt Lake City, UT","Salt Lake City, UT | Main D 11E",
a06Ro00000DYmM5IAL,363157,2025-12-11,2024-12-20,"Salt Lake City, UT","Salt Lake City, UT | Main D 11F",
a06Ro00000DYktnIAD,363167,2025-12-11,2024-12-20,"Salt Lake City, UT","Salt Lake City, UT | Main D 11F",
a06Ro00000DYt5pIAD,363182,2025-12-11,2024-12-20,"Salt Lake City, UT","Salt Lake City, UT | Main D 11G",
a06Ro00000DZC21IAH,363240,2025-12-11,2024-12-20,"Salt Lake City, UT","Salt Lake City, UT | Main C 05C",
a06Ro00000DZES2IAP,363245,2025-12-11,2024-12-20,"Salt Lake City, UT","Salt Lake City, UT | Main C 05C",
a06Ro00000DZIIjIAP,363252,2025-12-11,2024-12-20,"Salt Lake City, UT","Salt Lake City, UT | Main C 05C",
a06Ro00000DnZMwIAN,364482,2025-12-11,2024-12-20,"Salt Lake City, UT","Salt Lake City, UT | Main C 08C",
a06Ro00000DpggrIAB,364683,2025-12-11,2024-12-20,"Salt Lake City, UT","Salt Lake City, UT | Main C 01G",
a06Ro00000DpsuwIAB,364836,2025-12-11,2024-12-20,"Salt Lake City, UT","Salt Lake City, UT | Main C 01G",
a06Ro00000Dqg8XIAR,364896,2025-12-11,2024-12-20,"Salt Lake City, UT","Salt Lake City, UT | Main C 11B",
a06Ro00000Drl6YIAR,365052,2025-12-11,2024-12-20,"Salt Lake City, UT","Salt Lake City, UT | Main C 06D",
a06Ro00000Drl6ZIAR,365053,2025-12-11,2024-12-20,"Salt Lake City, UT","Salt Lake City, UT | Main C 06D",
a06Ro00000Drl6hIAB,365061,2025-12-11,2024-12-20,"Salt Lake City, UT","Salt Lake City, UT | Main C 06D",
a06Ro00000Drl6iIAB,365062,2025-12-11,2024-12-20,"Salt Lake City, UT","Salt Lake City, UT | Main C 06D",
a06Ro00000Drl6mIAB,365066,2025-12-11,2024-12-20,"Salt Lake City, UT","Salt Lake City, UT | Main C 06D",
a06Ro00000Drl6nIAB,365067,2025-12-11,2024-12-20,"Salt Lake City, UT","Salt Lake City, UT | Main C 06D",
a06Ro00000Drl6qIAB,365070,2025-12-11,2024-12-20,"Salt Lake City, UT","Salt Lake City, UT | Main C 06D",
a06Ro00000Drl6uIAB,365074,2025-12-11,2024-12-20,Consumed,Consumed,
a06Ro00000Drl6wIAB,365076,2025-12-11,2024-12-20,"Salt Lake City, UT","Salt Lake City, UT | Main C 06D",
a06Ro00000DxInrIAF,365763,2025-12-11,2024-12-20,"Salt Lake City, UT","Salt Lake City, UT | Main C 04A","Salt Lake City, UT"
a06Ro00000DxVWbIAN,365792,2025-12-11,2024-12-20,"Salt Lake City, UT","Salt Lake City, UT | Main D 05C",
a06Ro00000E3BM6IAN,366257,2025-12-11,2024-12-20,"Salt Lake City, UT","Salt Lake City, UT | Main C 18D","Salt Lake City, UT"
a06Ro00000E4j1kIAB,366700,2025-12-11,2024-12-20,"Salt Lake City, UT","Salt Lake City, UT | Main D 01D",
a06Ro00000E56khIAB,366734,2025-12-11,2024-12-20,"Salt Lake City, UT","Salt Lake City, UT | Main D 01D",
a06Ro00000E5DB4IAN,366745,2025-12-11,2024-12-20,"Salt Lake City, UT","Salt Lake City, UT | Main C 01B",
a06Ro00000E5VfpIAF,366778,2025-12-11,2024-12-20,"Salt Lake City, UT","Salt Lake City, UT | Main C 02F",
a06Ro00000E7fJJIAZ,367006,2025-12-11,2024-12-20,"Salt Lake City, UT","Salt Lake City, UT | Main C 05D",
a06Ro00000EIrygIAD,368043,2025-12-11,2024-12-20,"Salt Lake City, UT","Salt Lake City, UT | Main C 15D",
a06Ro00000EIwyOIAT,368075,2025-12-11,2024-12-20,"Salt Lake City, UT","Salt Lake City, UT | Main C 15D",
a06Ro00000EJB4YIAX,368078,2025-12-11,2024-12-20,"Salt Lake City, UT","Salt Lake City, UT | Main C 15D",
a06Ro00000EJEs1IAH,368080,2025-12-11,2024-12-20,"Salt Lake City, UT","Salt Lake City, UT | Main C 15D",
a06Ro00000EJAN0IAP,368093,2025-12-11,,"Salt Lake City, UT","Salt Lake City, UT | Main C 03D","Milwaukee, WI"
a06Ro00000EJ99DIAT,368096,2025-12-11,2024-12-20,"Salt Lake City, UT","Salt Lake City, UT | Main C 03D",
a06Ro00000EJPqfIAH,368100,2025-12-11,2024-12-20,"Salt Lake City, UT","Salt Lake City, UT | Main C 03D",
a06Ro00000EJOGIIA5,368103,2025-12-11,2024-12-20,"Salt Lake City, UT","Salt Lake City, UT | Main C 15D",
a06Ro00000EJP4JIAX,368104,2025-12-11,2024-12-20,"Salt Lake City, UT","Salt Lake City, UT | Main C 15D",
a06Ro00000EJTz7IAH,368105,2025-12-11,2024-12-20,"Salt Lake City, UT","Salt Lake City, UT | Main C 15B",
a06Ro00000EJ6L2IAL,368106,2025-12-11,2024-12-20,"Salt Lake City, UT","Salt Lake City, UT | Main C 15B",
a06Ro00000EJVknIAH,368107,2025-12-11,2024-12-20,"Salt Lake City, UT","Salt Lake City, UT | Main C 15B",
a06Ro00000EJX53IAH,368109,2025-12-11,2024-12-20,"Salt Lake City, UT","Salt Lake City, UT | Main C 15D",
a06Ro00000EJX8HIAX,368110,2025-12-11,2024-12-20,"Salt Lake City, UT","Salt Lake City, UT | Main D 04F","Salt Lake City, UT"
a06Ro00000EJZdEIAX,368113,2025-12-11,2024-12-20,"Salt Lake City, UT","Salt Lake City, UT | Main C 15B",
a06Ro00000EJPp5IAH,368114,2025-12-11,2024-12-20,"Salt Lake City, UT","Salt Lake City, UT | Main C 15B",
a06Ro00000EJfU1IAL,368115,2025-12-11,2024-12-20,"Salt Lake City, UT","Salt Lake City, UT | Main C 15B",
a06Ro00000EJgDBIA1,368116,2025-12-11,2024-12-20,"Salt Lake City, UT","Salt Lake City, UT | Main C 15D",
a06Ro00000EJkzyIAD,368117,2025-12-11,2024-12-20,"Salt Lake City, UT","Salt Lake City, UT | Main C 15B",
a06Ro00000EKx77IAD,368287,2025-12-11,2024-12-20,"Salt Lake City, UT","Salt Lake City, UT | Main C 15D",
a06Ro00000EL7ZWIA1,368350,2025-12-11,2024-12-20,"Salt Lake City, UT","Salt Lake City, UT | Main C 05E",
a06Ro00000EMjHlIAL,368505,2025-12-11,2024-12-20,"Salt Lake City, UT","Salt Lake City, UT | Main D 04C",
a06Ro00000EORAHIA5,368845,2025-12-11,2024-12-20,"Salt Lake City, UT","Salt Lake City, UT | Main C 09E",
a06Ro00000EPKTJIA5,369063,2025-12-11,2024-12-20,"Salt Lake City, UT","Salt Lake City, UT | Main C 09D",
a06Ro00000EPJqcIAH,369064,2025-12-11,2024-12-20,"Salt Lake City, UT","Salt Lake City, UT | Main C 15E",
a06Ro00000EPJqdIAH,369065,2025-12-11,2024-12-20,"Salt Lake City, UT","Salt Lake City, UT | Main C 15E",
a06Ro00000ERd3qIAD,369362,2025-12-11,2024-12-20,"Salt Lake City, UT","Salt Lake City, UT | Main D 04G","Salt Lake City, UT"
a06Ro00000ETZaDIAX,369567,2025-12-11,2024-12-20,"Salt Lake City, UT","Salt Lake City, UT | Main C 15E",
a06Ro00000ETacjIAD,369573,2025-12-11,2024-12-20,"Salt Lake City, UT","Salt Lake City, UT | Main C 15B",
a06Ro00000ETaZWIA1,369575,2025-12-11,2024-12-20,"Salt Lake City, UT","Salt Lake City, UT | Main C 15B",
a06Ro00000ETK1iIAH,369580,2025-12-11,2024-12-20,"Salt Lake City, UT","Salt Lake City, UT | Main C 15B",
a06Ro00000ETdNhIAL,369582,2025-12-11,2024-12-20,"Salt Lake City, UT","Salt Lake City, UT | Main C 15E",
a06Ro00000ETi2PIAT,369594,2025-12-11,2024-12-20,"Salt Lake City, UT","Salt Lake City, UT | Main C 15A",
a06Ro00000ETjo5IAD,369596,2025-12-11,2024-12-20,"Salt Lake City, UT","Salt Lake City, UT | Main C 15E",
a06Ro00000EThb2IAD,369597,2025-12-11,2024-12-20,"Salt Lake City, UT","Salt Lake City, UT | Main C 15E",
a06Ro00000ETmArIAL,369602,2025-12-11,2024-12-20,"Salt Lake City, UT","Salt Lake City, UT | Main C 15E",
a06Ro00000ETnzlIAD,369605,2025-12-11,2024-12-20,"Salt Lake City, UT","Salt Lake City, UT | Main C 15E",
a06Ro00000ETfNvIAL,369606,2025-12-11,2024-12-20,"Salt Lake City, UT","Salt Lake City, UT | Main C 15A",
a06Ro00000ETz86IAD,369647,2025-12-11,2024-12-20,"Salt Lake City, UT","Salt Lake City, UT | Main C 15A",
a06Ro00000EU0aRIAT,369650,2025-12-11,2024-12-20,"Salt Lake City, UT","Salt Lake City, UT | Main C 15E",
a06Ro00000EU9aTIAT,369658,2025-12-11,2024-12-20,"Salt Lake City, UT","Salt Lake City, UT | Main C 15E",
a06Ro00000EU8xmIAD,369662,2025-12-11,2024-12-20,"Salt Lake City, UT","Salt Lake City, UT | Main C 15B",
a06Ro00000EU64kIAD,369663,2025-12-11,2024-12-20,"Salt Lake City, UT","Salt Lake City, UT | Main C 15A",
a06Ro00000EUBysIAH,369689,2025-12-11,2024-12-20,"Salt Lake City, UT","Salt Lake City, UT | Main C 15A",
a06Ro00000EU6fvIAD,369690,2025-12-11,2024-12-20,"Salt Lake City, UT","Salt Lake City, UT | Main C 15C","Milwaukee, WI"
a06Ro00000EU5NCIA1,369691,2025-12-11,2024-12-20,"Salt Lake City, UT","Salt Lake City, UT | Main C 15E",
a06Ro00000EUDW5IAP,369694,2025-12-11,2024-12-20,"Salt Lake City, UT","Salt Lake City, UT | Main C 15A",
a06Ro00000EUboTIAT,369707,2025-12-11,2024-12-20,"Salt Lake City, UT","Salt Lake City, UT | Main C 15B",
a06Ro00000EUjAvIAL,369722,2025-12-11,2024-12-20,"Salt Lake City, UT","Salt Lake City, UT | Main C 15C",
a06Ro00000EdP05IAF,370360,,,"Salt Lake City, UT","Salt Lake City, UT | Main D 09C",
a06Ro00000EidteIAB,370798,2025-12-11,2024-12-20,"Salt Lake City, UT","Salt Lake City, UT | Main D 14F","Salt Lake City, UT"
a06Ro00000EjPrpIAF,370868,2025-12-11,2024-12-20,"Salt Lake City, UT","Salt Lake City, UT | Main D 14F",
a06Ro00000EnqgXIAR,371101,2025-12-11,2024-12-20,"Salt Lake City, UT","Salt Lake City, UT | Main C 04B",
a06Ro00000EpR1JIAV,371185,2025-12-11,2024-12-20,"Salt Lake City, UT","Salt Lake City, UT | Main C 04B",
a06Ro00000Eqk3VIAR,371394,2025-12-11,2024-12-20,"Salt Lake City, UT","Salt Lake City, UT | Main C 05A",
a06Ro00000Ethr1IAB,371816,2025-12-11,2024-12-20,"Salt Lake City, UT","Salt Lake City, UT | Main C 12C",
a06Ro00000F3y0cIAB,372888,2025-12-11,2024-12-20,"Salt Lake City, UT","Salt Lake City, UT | Main C 14B","Salt Lake City, UT"
a06Ro00000F483BIAR,372891,2025-12-11,2024-12-20,"Salt Lake City, UT","Salt Lake City, UT | Main C 14B","Salt Lake City, UT"
a06Ro00000F5bESIAZ,373267,2025-12-11,2024-12-20,"Salt Lake City, UT","Salt Lake City, UT | Main D 10E",
a06Ro00000F5mmaIAB,373472,2025-12-11,2024-12-20,"Salt Lake City, UT","Salt Lake City, UT | Main D 11A",
a06Ro00000F6sI3IAJ,373900,2025-12-11,2024-12-20,"Salt Lake City, UT","Salt Lake City, UT | Main C 13D","Milwaukee, WI"
a06Ro00000F8LZhIAN,374305,2026-03-26,2026-03-26,"Salt Lake City, UT","Salt Lake City, UT | Main D 17C","Salt Lake City, UT"
a06Ro00000F8WlFIAV,374401,2025-12-11,2024-12-20,"Salt Lake City, UT","Salt Lake City, UT | Main D 09C",
a06Ro00000F8SheIAF,374408,2025-12-11,2024-12-20,"Salt Lake City, UT","Salt Lake City, UT | Main D 16C",
a06Ro00000F98PCIAZ,374462,2025-12-11,2024-12-20,"Salt Lake City, UT","Salt Lake City, UT | Main D 16C",
a06Ro00000FBlpNIAT,374656,2025-12-11,2024-12-20,"Salt Lake City, UT","Salt Lake City, UT | Main D 10E","Salt Lake City, UT"
a06Ro00000FCApOIAX,374698,2025-12-11,2024-12-20,"Salt Lake City, UT","Salt Lake City, UT | Main D 12F",
a06Ro00000FCAzCIAX,374721,2025-12-11,2024-12-20,"Salt Lake City, UT","Salt Lake City, UT | Main D 09D",
a06Ro00000FCSGJIA5,374724,2025-12-11,2024-12-20,"Salt Lake City, UT","Salt Lake City, UT | Main D 09D","Salt Lake City, UT"
a06Ro00000FEgErIAL,374911,2025-12-11,2024-12-20,"Salt Lake City, UT","Salt Lake City, UT | Main D 12F","Salt Lake City, UT"
a06Ro00000FF1ODIA1,375096,2025-12-11,2024-12-20,"Salt Lake City, UT","Salt Lake City, UT | Main D 10E",
a06Ro00000FFBFRIA5,375102,2025-12-11,2024-12-20,"Salt Lake City, UT","Salt Lake City, UT | Main D 10E",
a06Ro00000FEzKlIAL,375113,2025-12-11,2024-12-20,"Salt Lake City, UT","Salt Lake City, UT | Main D 10E",
a06Ro00000FGnM1IAL,375243,2025-12-11,2024-12-20,"Salt Lake City, UT","Salt Lake City, UT | Main D 14F",
a06Ro00000FKITCIA5,375481,2025-12-11,2024-12-20,"Salt Lake City, UT","Salt Lake City, UT | Main D 10E",
a06Ro00000FKOS9IAP,375497,2025-12-11,2024-12-20,"Salt Lake City, UT","Salt Lake City, UT | Main D 16C",
a06Ro00000FKPeLIAX,375498,2025-12-11,2024-12-20,"Salt Lake City, UT","Salt Lake City, UT | Main D 16C",
a06Ro00000FKPzJIAX,375499,2025-12-11,2024-12-20,"Salt Lake City, UT","Salt Lake City, UT | Main D 16C",
a06Ro00000FKQaPIAX,375500,2025-12-11,2024-12-20,"Salt Lake City, UT","Salt Lake City, UT | Main D 16C",
a06Ro00000FKLsVIAX,375501,2025-12-11,2024-12-20,"Salt Lake City, UT","Salt Lake City, UT | Main D 16C",
a06Ro00000FKO2MIAX,375504,2025-12-11,2024-12-20,"Salt Lake City, UT","Salt Lake City, UT | Main D 01A",
a06Ro00000FLujJIAT,375642,2025-12-11,2024-12-20,"Salt Lake City, UT","Salt Lake City, UT | Main C 02B",
a06Ro00000FLxioIAD,375657,2025-12-11,2024-12-20,"Salt Lake City, UT","Salt Lake City, UT | Main D 12F",
a06Ro00000FMZ05IAH,375749,2025-12-11,2024-12-20,"Salt Lake City, UT","Salt Lake City, UT | Main D 14F",
a06Ro00000FMqvNIAT,375776,2025-12-11,2024-12-20,"Salt Lake City, UT","Salt Lake City, UT | Main D 11B",
a06Ro00000FOY0BIAX,375923,2025-12-11,2024-12-20,"Salt Lake City, UT","Salt Lake City, UT | Main C 12C",
a06Ro00000FOY0CIAX,375924,2025-12-11,2024-12-20,"Salt Lake City, UT","Salt Lake City, UT | Main C 12C",
a06Ro00000FOY1VIAX,375925,2024-10-09,2024-12-20,"Salt Lake City, UT","Salt Lake City, UT | Main C 12C",
a06Ro00000FOY1WIAX,375926,2026-03-20,2024-12-20,"Salt Lake City, UT","Salt Lake City, UT | Main C 12C",
a06Ro00000FOY1XIAX,375927,2025-12-11,2024-12-20,"Salt Lake City, UT","Salt Lake City, UT | Main C 12C",
a06Ro00000FOY1YIAX,375928,2025-12-11,2024-12-20,"Salt Lake City, UT","Salt Lake City, UT | Main C 12C",
a06Ro00000FOY1ZIAX,375929,2025-12-11,2024-12-20,"Salt Lake City, UT","Salt Lake City, UT | Main C 12C",
a06Ro00000FOY1aIAH,375930,2025-12-11,2024-12-20,"Salt Lake City, UT","Salt Lake City, UT | Main C 14D",
a06Ro00000FOY1bIAH,375931,2025-12-11,2024-12-20,"Salt Lake City, UT","Salt Lake City, UT | Main C 14D",
a06Ro00000FOY1cIAH,375932,2025-12-11,2024-12-20,"Salt Lake City, UT","Salt Lake City, UT | Main C 14D",
a06Ro00000FOY1dIAH,375933,2025-12-11,2024-12-20,"Salt Lake City, UT","Salt Lake City, UT | Main C 14D",
a06Ro00000FOY1eIAH,375934,2025-12-11,2024-12-20,"Salt Lake City, UT","Salt Lake City, UT | Main C 14D",
a06Ro00000FOY4lIAH,375967,2026-08-12,2026-07-30,"Salt Lake City, UT","Salt Lake City, UT | Main B 04D","Milwaukee, WI"
a06Ro00000FPigLIAT,376194,2025-12-11,2024-12-20,"Salt Lake City, UT","Salt Lake City, UT | Main D 09D",
a06Ro00000FPyTOIA1,376236,2025-12-11,2024-12-20,"Salt Lake City, UT","Salt Lake City, UT | Main D 05E",
a06Ro00000FUeNZIA1,376674,2025-12-11,2024-12-20,"Salt Lake City, UT","Salt Lake City, UT | Main C 02F",
a06Ro00000FZga2IAD,377023,2025-12-11,2024-12-20,"Salt Lake City, UT","Salt Lake City, UT | Main D 09C",
a06Ro00000FZORrIAP,377024,2025-12-11,2024-12-20,"Salt Lake City, UT","Salt Lake City, UT | Main D 09C",
a06Ro00000FZOWhIAP,377025,2025-12-11,2024-12-20,"Salt Lake City, UT","Salt Lake City, UT | Main D 09C","Milwaukee, WI"
a06Ro00000Fbq5UIAR,377205,2025-12-11,2024-12-20,"Salt Lake City, UT","Salt Lake City, UT | Main C 10E",
a06Ro00000Fc9zJIAR,377252,2025-12-11,2024-12-20,"Salt Lake City, UT","Salt Lake City, UT | Main C 01B",
a06Ro00000FcrU5IAJ,377428,2025-12-11,2024-12-20,"Salt Lake City, UT","Salt Lake City, UT | Main C 01E","Salt Lake City, UT"
a06Ro00000Fpa0nIAB,378864,2025-12-11,2024-12-20,"Salt Lake City, UT","Salt Lake City, UT | Main C 13C",
a06Ro00000FpR0lIAF,378865,2025-12-11,2024-12-20,"Salt Lake City, UT","Salt Lake City, UT | Main C 13C",
a06Ro00000G0xlGIAR,380042,2025-12-11,2024-12-20,"Salt Lake City, UT","Salt Lake City, UT | Main C 03D",
a06Ro00000GA7WrIAL,381141,2025-12-11,2024-12-20,"Salt Lake City, UT","Salt Lake City, UT | Main D 04G",
a06Ro00000GF94zIAD,381682,2025-12-11,2024-12-20,"Salt Lake City, UT","Salt Lake City, UT | Main C 03B","Salt Lake City, UT"
a06Ro00000GGNAjIAP,381900,2025-12-11,2024-12-20,"Salt Lake City, UT","Salt Lake City, UT | Main C 03A",
a06Ro00000GKiWjIAL,382384,2025-12-11,2024-12-20,"Salt Lake City, UT","Salt Lake City, UT | Main C 14B","Milwaukee, WI"
a06Ro00000GPLfxIAH,383112,2025-12-11,2024-12-20,"Salt Lake City, UT","Salt Lake City, UT | Main C 01E",
a06Ro00000GPN3RIAX,383119,2026-08-12,2024-12-20,Shipping,Shipping,"Milwaukee, WI"
a06Ro00000GloHtIAJ,385410,2025-12-11,2024-12-20,"Salt Lake City, UT","Salt Lake City, UT | Main D 13D",
a06Ro00000H3K6rIAF,387357,2025-12-11,2024-12-20,"Salt Lake City, UT","Salt Lake City, UT | Main D 14E",
a06Ro00000H5P8sIAF,387668,2026-08-12,,"Salt Lake City, UT","Salt Lake City, UT | Main C 07B","Salt Lake City, UT"
a06Ro00000HUJpuIAH,390226,2025-12-11,,"Salt Lake City, UT","Salt Lake City, UT | Main C 01H",
a06Ro00000HW7pOIAT,390329,2025-12-11,,"Salt Lake City, UT","Salt Lake City, UT | Main D 01B",
a06Ro00000HWajLIAT,390465,2025-12-11,,Shipping,Shipping,"Salt Lake City, UT"
a06Ro00000HWth9IAD,390477,2025-12-11,,"Salt Lake City, UT","Salt Lake City, UT | Main D 12E",
a06Ro00000HX5deIAD,390480,2025-12-11,,"Salt Lake City, UT","Salt Lake City, UT | Main C 12B",
a06Ro00000HX6BJIA1,390481,2025-12-11,,"Salt Lake City, UT","Salt Lake City, UT | Main D 09F",
a06Ro00000Ha8L7IAJ,390555,2025-12-11,,"Salt Lake City, UT","Salt Lake City, UT | Main C 17C","Salt Lake City, UT"
a06Ro00000HaGHOIA3,390556,2025-12-11,,"Salt Lake City, UT","Salt Lake City, UT | Main C 17C","Salt Lake City, UT"
a06Ro00000Hd3CPIAZ,391131,2025-12-11,,"Salt Lake City, UT","Salt Lake City, UT | Main C 17B",
a06Ro00000HdEhGIAV,391161,2025-12-11,,"Salt Lake City, UT","Salt Lake City, UT | Main C 17B",
a06Ro00000HdNxRIAV,391191,2025-12-11,,"Salt Lake City, UT","Salt Lake City, UT | Main C 17B",
a06Ro00000HdRD5IAN,391208,2025-12-11,,"Salt Lake City, UT","Salt Lake City, UT | Main C 17A",
a06Ro00000HdOWxIAN,391219,2025-12-11,,"Salt Lake City, UT","Salt Lake City, UT | Main C 17B",
a06Ro00000HdjWXIAZ,391224,2025-12-11,,"Salt Lake City, UT","Salt Lake City, UT | Main C 17B","Salt Lake City, UT"
a06Ro00000Hdg42IAB,391242,2025-12-11,,"Salt Lake City, UT","Salt Lake City, UT | Main C 17B","Salt Lake City, UT"
a06Ro00000HdxHlIAJ,391290,2025-12-11,,"Salt Lake City, UT","Salt Lake City, UT | Main C 17C","Salt Lake City, UT"
a06Ro00000HdyaPIAR,391307,2025-12-11,,"Salt Lake City, UT","Salt Lake City, UT | Main C 17B","Salt Lake City, UT"
a06Ro00000HdqJeIAJ,391318,2025-12-11,,"Salt Lake City, UT","Salt Lake City, UT | Main C 17C","Salt Lake City, UT"
a06Ro00000HdySMIAZ,391325,2025-12-11,,"Salt Lake City, UT","Salt Lake City, UT | Main C 17A","Milwaukee, WI"
a06Ro00000HlXd3IAF,392622,2025-12-11,,"Salt Lake City, UT","Salt Lake City, UT | Main C 03B",
a06Ro00000HpA68IAF,392826,2025-12-11,,"Salt Lake City, UT","Salt Lake City, UT | Main C 03B",
a06Ro00000I02NdIAJ,393998,2025-12-11,,"Salt Lake City, UT","Salt Lake City, UT | Main D 11A",
a06Ro00000IAFgBIAX,395112,2025-12-11,,"Salt Lake City, UT","Salt Lake City, UT | Main C 01H",
a06Ro00000IAfltIAD,395114,2025-12-11,,"Salt Lake City, UT","Salt Lake City, UT | Main C 01H",
a06Ro00000IAiQQIA1,395152,2025-12-11,,"Salt Lake City, UT","Salt Lake City, UT | Main C 01B",
a06Ro00000IAsKvIAL,395160,2025-12-11,,"Salt Lake City, UT","Salt Lake City, UT | Main C 01B",
a06Ro00000IAvvVIAT,395164,2025-12-11,,"Salt Lake City, UT","Salt Lake City, UT | Main C 01B",
a06Ro00000IAt0sIAD,395172,2025-12-11,,"Salt Lake City, UT","Salt Lake City, UT | Main C 05B",
a06Ro00000IDPRGIA5,395429,2025-12-11,,"Salt Lake City, UT","Salt Lake City, UT | Main D 04G",
a06Ro00000IGXwvIAH,395732,2025-12-11,,"Salt Lake City, UT","Salt Lake City, UT | Main C 11B",
a06Ro00000IGgk5IAD,395758,2025-12-11,,"Salt Lake City, UT","Salt Lake City, UT | Main C 01C",
a06Ro00000IGpCHIA1,395764,2025-12-11,,"Salt Lake City, UT","Salt Lake City, UT | Main C 04A",
a06Ro00000IKZYjIAP,395947,2025-12-11,,"Salt Lake City, UT","Salt Lake City, UT | Main C 01F",
a06Ro00000IKRL4IAP,395949,2025-12-11,,"Salt Lake City, UT","Salt Lake City, UT | Main C 01F",
a06Ro00000IOnurIAD,396213,2025-12-11,,"Salt Lake City, UT","Salt Lake City, UT | Main C 03A",
a06Ro00000IbQduIAF,397447,2025-12-11,,"Salt Lake City, UT","Salt Lake City, UT | Main C 17C","Salt Lake City, UT"
a06Ro00000IfdvtIAB,397956,2025-12-11,,"Salt Lake City, UT","Salt Lake City, UT | Main C 14C","Salt Lake City, UT"
a06Ro00000IiuCDIAZ,398273,2025-12-11,,"Salt Lake City, UT","Salt Lake City, UT | Main C 03D",
a06Ro00000IioegIAB,398275,2025-12-11,,"Salt Lake City, UT","Salt Lake City, UT | Main C 03D",
a06Ro00000IiqTaIAJ,398276,2025-12-11,,"Salt Lake City, UT","Salt Lake City, UT | Main C 03D",
a06Ro00000IlfDRIAZ,398619,2025-12-11,,"Salt Lake City, UT","Salt Lake City, UT | Main C 04C",
a06Ro00000Imn7LIAR,398836,2025-12-11,,"Salt Lake City, UT","Salt Lake City, UT | Main D 10E",
a06Ro00000ImwvQIAR,398845,2025-12-11,,Shipping,Shipping,"Salt Lake City, UT"
a06Ro00000IqQ8vIAF,399093,2025-12-11,,"Salt Lake City, UT","Salt Lake City, UT | Main C 02F","Salt Lake City, UT"
a06Ro00000IqS13IAF,399094,2025-12-11,,"Salt Lake City, UT","Salt Lake City, UT | Main C 02F",
a06Ro00000Iuni1IAB,399310,2025-12-11,,"Salt Lake City, UT","Salt Lake City, UT | Main C 01B",
a06Ro00000Iul1uIAB,399317,2025-12-11,,"Salt Lake City, UT","Salt Lake City, UT | Main D 01D",
a06Ro00000IvDhJIAV,399339,2025-12-11,,"Salt Lake City, UT","Salt Lake City, UT | Main D 01D",
a06Ro00000Iv5OrIAJ,399340,2025-12-11,,"Salt Lake City, UT","Salt Lake City, UT | Main C 01B",
a06Ro00000IzYthIAF,399691,2025-12-11,,"Salt Lake City, UT","Salt Lake City, UT | Main C 01G",
a06Ro00000J3TfFIAV,400014,2025-12-11,,"Salt Lake City, UT","Salt Lake City, UT | Main C 01A",
a06Ro00000J3Gq8IAF,400015,2025-12-11,,"Salt Lake City, UT","Salt Lake City, UT | Main C 01A",
a06Ro00000J3RIXIA3,400017,2025-12-11,,"Salt Lake City, UT","Salt Lake City, UT | Main D 11A",
a06Ro00000J3V2kIAF,400022,2025-12-11,,"Salt Lake City, UT","Salt Lake City, UT | Main C 03D","Salt Lake City, UT"
a06Ro00000J3ZsjIAF,400024,2025-12-11,,"Salt Lake City, UT","Salt Lake City, UT | Main C 03D",
a06Ro00000J3ZRKIA3,400025,2025-12-11,,"Salt Lake City, UT","Salt Lake City, UT | Main C 03D",
a06Ro00000J3KdaIAF,400026,2025-12-11,,"Salt Lake City, UT","Salt Lake City, UT | Main C 03D",
a06Ro00000J3aNNIAZ,400027,2025-12-11,,"Salt Lake City, UT","Salt Lake City, UT | Main C 03D","Salt Lake City, UT"
a06Ro00000J3PYRIA3,400028,2025-12-11,,"Salt Lake City, UT","Salt Lake City, UT | Main C 03D","Salt Lake City, UT"
a06Ro00000J63WXIAZ,400326,2025-12-11,,"Salt Lake City, UT","Salt Lake City, UT | Main C 01B",
a06Ro00000JA4KLIA1,400560,2025-12-11,,"Salt Lake City, UT","Salt Lake City, UT | Main C 01B",
a06Ro00000JA22QIAT,400567,2025-12-11,,"Salt Lake City, UT","Salt Lake City, UT | Main D 01D",
a06Ro00000JAEwPIAX,400623,2025-12-11,,"Salt Lake City, UT","Salt Lake City, UT | Main C 02F",
a06Ro00000JANbYIAX,400637,2025-12-11,,"Salt Lake City, UT","Salt Lake City, UT | Main C 01F",
a06Ro00000JAYGnIAP,400642,2025-12-11,,"Salt Lake City, UT","Salt Lake City, UT | Main C 01F",
a06Ro00000JAdhtIAD,400664,2025-12-11,,"Salt Lake City, UT","Salt Lake City, UT | Main D 02H",
a06Ro00000JAYyMIAX,400665,2025-12-11,,"Salt Lake City, UT","Salt Lake City, UT | Main D 02H",
a06Ro00000JAdjVIAT,400666,2025-12-11,,"Salt Lake City, UT","Salt Lake City, UT | Main D 02H",
a06Ro00000JAdl7IAD,400667,2025-12-11,,"Salt Lake City, UT","Salt Lake City, UT | Main D 02H",
a06Ro00000JApCoIAL,400682,2025-12-11,,"Salt Lake City, UT","Salt Lake City, UT | Main C 02G",
a06Ro00000JAqOzIAL,400683,2025-12-11,,"Salt Lake City, UT","Salt Lake City, UT | Main C 02G",
a06Ro00000JBxLEIA1,400780,2025-12-11,,"Salt Lake City, UT","Salt Lake City, UT | Main C 02F",
a06Ro00000JC8RtIAL,400781,2025-12-11,,"Salt Lake City, UT","Salt Lake City, UT | Main C 02F","Salt Lake City, UT"
a06Ro00000JBwH5IAL,400811,2025-12-11,,"Salt Lake City, UT","Salt Lake City, UT | Main C 02G","Milwaukee, WI"
a06Ro00000JEmORIA1,401087,2025-12-11,,"Salt Lake City, UT","Salt Lake City, UT | Main C 03B",
a06Ro00000JJ0UTIA1,401662,2025-12-11,,"Salt Lake City, UT","Salt Lake City, UT | Main C 02F",
a06Ro00000JRBNpIAP,402423,2025-12-11,,"Salt Lake City, UT","Salt Lake City, UT | Main D 01D","Salt Lake City, UT"
a06Ro00000JRClJIAX,402424,2025-12-11,,"Salt Lake City, UT","Salt Lake City, UT | Main D 01D","Salt Lake City, UT"
a06Ro00000JR8wFIAT,402426,2025-12-11,,"Salt Lake City, UT","Salt Lake City, UT | Main D 01D",
a06Ro00000JRCRyIAP,402427,2025-12-11,,"Salt Lake City, UT","Salt Lake City, UT | Main D 01D","Salt Lake City, UT"
a06Ro00000JR8udIAD,402428,2025-12-11,,"Salt Lake City, UT","Salt Lake City, UT | Main D 01D",
a06Ro00000JRDe9IAH,402429,2025-12-11,,"Salt Lake City, UT","Salt Lake City, UT | Main D 01D",
a06Ro00000JREAPIA5,402431,2025-12-11,,"Salt Lake City, UT","Salt Lake City, UT | Main D 01D",
a06Ro00000JREK5IAP,402433,2025-12-11,,"Salt Lake City, UT","Salt Lake City, UT | Main D 01D",
a06Ro00000JRBCZIA5,402434,2025-12-11,,"Salt Lake City, UT","Salt Lake City, UT | Main D 01D",
a06Ro00000JaLiwIAF,403619,,,"Salt Lake City, UT","Salt Lake City, UT | Main C 14B","Milwaukee, WI"
a06Ro00000Js089IAB,405415,2025-12-11,,"Salt Lake City, UT","Salt Lake City, UT | Main D 09B","Milwaukee, WI"
a06Ro00000K46zRIAR,406470,2025-12-11,,Shipping,Shipping,"Milwaukee, WI"
a06Ro00000K4FTBIA3,406472,2025-12-11,,Shipping,Shipping,"Milwaukee, WI"
a06Ro00000K4ABnIAN,406475,2025-12-11,,Shipping,Shipping,"Milwaukee, WI"
a06Ro00000K4HmjIAF,406476,2025-12-11,,Shipping,Shipping,"Milwaukee, WI"
a06Ro00000K6rhFIAR,406722,2025-12-11,,"Salt Lake City, UT","Salt Lake City, UT | Main D 04G","Salt Lake City, UT"
a06Ro00000K7hZNIAZ,406817,2025-12-11,,"Salt Lake City, UT","Salt Lake City, UT | Main C 04C",
a06Ro00000K7hj3IAB,406818,2025-12-11,,"Salt Lake City, UT","Salt Lake City, UT | Main C 04C",
a06Ro00000K7hxZIAR,406819,2025-12-11,,"Salt Lake City, UT","Salt Lake City, UT | Main C 04C","Salt Lake City, UT"
a06Ro00000K7iSDIAZ,406820,2025-12-11,,"Salt Lake City, UT","Salt Lake City, UT | Main C 04C",
a06Ro00000K7ionIAB,406822,2025-12-11,,"Salt Lake City, UT","Salt Lake City, UT | Main C 04C",
a06Ro00000K7j05IAB,406823,2025-12-11,,"Salt Lake City, UT","Salt Lake City, UT | Main C 04C",
a06Ro00000K7jjFIAR,406824,2025-12-11,,"Salt Lake City, UT","Salt Lake City, UT | Main C 04C",
a06Ro00000K7k2bIAB,406825,2025-12-11,,"Salt Lake City, UT","Salt Lake City, UT | Main C 04C",
a06Ro00000K7kNZIAZ,406826,2025-12-11,,"Salt Lake City, UT","Salt Lake City, UT | Main C 04C",
a06Ro00000K7kaTIAR,406827,2025-12-11,,"Salt Lake City, UT","Salt Lake City, UT | Main C 04C",
a06Ro00000K7lOTIAZ,406828,2025-12-11,,"Salt Lake City, UT","Salt Lake City, UT | Main C 04C",
a06Ro00000K7bNaIAJ,406829,2025-12-11,,"Salt Lake City, UT","Salt Lake City, UT | Main C 04C",
a06Ro00000K7dUDIAZ,406830,2025-12-11,,"Salt Lake City, UT","Salt Lake City, UT | Main C 04C",
a06Ro00000K7lJeIAJ,406831,2025-12-11,,"Salt Lake City, UT","Salt Lake City, UT | Main C 04C",
a06Ro00000K7gAIIAZ,406832,2025-12-11,,"Salt Lake City, UT","Salt Lake City, UT | Main C 04C",
a06Ro00000K7mNlIAJ,406833,2025-12-11,,"Salt Lake City, UT","Salt Lake City, UT | Main C 04C",
a06Ro00000K7mXRIAZ,406834,2025-12-11,,"Salt Lake City, UT","Salt Lake City, UT | Main C 04C","Salt Lake City, UT"
a06Ro00000KBR7pIAH,406933,2025-12-11,,"Salt Lake City, UT","Salt Lake City, UT | Main C 04C","Salt Lake City, UT"
a06Ro00000KBOzaIAH,406937,2025-12-11,,"Salt Lake City, UT","Salt Lake City, UT | Main C 04C","Salt Lake City, UT"
a06Ro00000KBoSbIAL,406993,2025-12-11,,"Salt Lake City, UT","Salt Lake City, UT | Main D 03E",
a06Ro00000KBpRtIAL,406994,2025-12-11,,"Salt Lake City, UT","Salt Lake City, UT | Main D 03E",
a06Ro00000KBrYXIA1,406996,2025-12-11,,"Salt Lake City, UT","Salt Lake City, UT | Main D 03E",
a06Ro00000KBp8bIAD,406997,2025-12-11,,"Salt Lake City, UT","Salt Lake City, UT | Main D 03E",
a06Ro00000KBftzIAD,406998,2025-12-11,,"Salt Lake City, UT","Salt Lake City, UT | Main D 03E",
a06Ro00000KBspZIAT,406999,2025-12-11,,"Salt Lake City, UT","Salt Lake City, UT | Main D 03E",
a06Ro00000KBgrfIAD,407000,2025-12-11,,"Salt Lake City, UT","Salt Lake City, UT | Main D 03E",
a06Ro00000KBjHeIAL,407002,2025-12-11,,"Salt Lake City, UT","Salt Lake City, UT | Main D 03E",
a06Ro00000KBvttIAD,407003,2025-12-11,,"Salt Lake City, UT","Salt Lake City, UT | Main D 03E",
a06Ro00000KKQpGIAX,408168,2025-12-11,,"Salt Lake City, UT","Salt Lake City, UT | Main C 14B",
a06Ro00000KRrb1IAD,408744,2025-08-04,,"Salt Lake City, UT","Salt Lake City, UT | Main C 13C","Milwaukee, WI"
a06Ro00000KfAWFIA3,410399,2025-12-11,,"Salt Lake City, UT","Salt Lake City, UT | Main C 14B",
a06Ro00000KfGV8IAN,410400,2025-12-11,,"Salt Lake City, UT","Salt Lake City, UT | Main C 14B",
a06Ro00000KfKFNIA3,410401,2025-12-11,,"Salt Lake City, UT","Salt Lake City, UT | Main C 14B",
a06Ro00000KfH9SIAV,410402,2025-12-11,,"Salt Lake City, UT","Salt Lake City, UT | Main C 14B",
a06Ro00000KfK8xIAF,410403,2025-12-11,,"Salt Lake City, UT","Salt Lake City, UT | Main C 14B",
a06Ro00000KsYXTIA3,411394,2025-12-11,,"Salt Lake City, UT","Salt Lake City, UT | Main D 11A",Salt Lake City
a06Ro00000KvYW5IAN,411629,2025-12-11,,"Salt Lake City, UT","Salt Lake City, UT | Main D 06E",Salt Lake City
a06Ro00000KvSTuIAN,411630,2025-12-11,,"Salt Lake City, UT","Salt Lake City, UT | Main D 06E",Salt Lake City
a06Ro00000KvLVfIAN,411631,2025-12-11,,"Salt Lake City, UT","Salt Lake City, UT | Main D 06E",Salt Lake City
a06Ro00000KvZS9IAN,411633,2025-12-11,,"Salt Lake City, UT","Salt Lake City, UT | Main D 06E",Salt Lake City
a06Ro00000KvZn7IAF,411634,2025-12-11,,"Salt Lake City, UT","Salt Lake City, UT | Main D 06E",Salt Lake City
a06Ro00000KvWfcIAF,411635,2025-12-11,,"Salt Lake City, UT","Salt Lake City, UT | Main D 06E",Salt Lake City
a06Ro00000KvaZVIAZ,411636,2025-12-11,,"Salt Lake City, UT","Salt Lake City, UT | Main D 06E",Salt Lake City
a06Ro00000KvMd1IAF,411638,2025-12-11,,"Salt Lake City, UT","Salt Lake City, UT | Main D 06E",Salt Lake City
a06Ro00000KvXwgIAF,411639,2025-12-11,,"Salt Lake City, UT","Salt Lake City, UT | Main D 06E",Salt Lake City
a06Ro00000KvTQ0IAN,411640,2025-12-11,,"Salt Lake City, UT","Salt Lake City, UT | Main D 06E",Salt Lake City
a06Ro00000LGjrWIAT,413764,2025-12-11,,"Salt Lake City, UT","Salt Lake City, UT | Main D 03F",Salt Lake City
a06Ro00000LGmKjIAL,413765,2025-12-11,,"Salt Lake City, UT","Salt Lake City, UT | Main D 03F",Salt Lake City
a06Ro00000LGmRBIA1,413766,2025-12-11,,"Salt Lake City, UT","Salt Lake City, UT | Main D 03F",Salt Lake City
a06Ro00000LGpSHIA1,413767,2025-12-11,,"Salt Lake City, UT","Salt Lake City, UT | Main D 02B","Salt Lake City, UT"
a06Ro00000LGpaLIAT,413768,2025-12-11,,"Salt Lake City, UT","Salt Lake City, UT | Main D 02B",Salt Lake City
a06Ro00000LGpfBIAT,413769,2025-12-11,,"Salt Lake City, UT","Salt Lake City, UT | Main D 02B",Salt Lake City
a06Ro00000LGnqIIAT,413771,2025-12-11,,"Salt Lake City, UT","Salt Lake City, UT | Main D 02B",Salt Lake City
a06Ro00000LGniEIAT,413772,2025-12-11,,"Salt Lake City, UT","Salt Lake City, UT | Main D 02B",Salt Lake City
a06Ro00000LGq09IAD,413774,2025-12-11,,"Salt Lake City, UT","Salt Lake City, UT | Main D 02B",Salt Lake City
a06Ro00000LGqEfIAL,413777,2025-12-11,,"Salt Lake City, UT","Salt Lake City, UT | Main D 02B",Salt Lake City
a06Ro00000LGpSIIA1,413778,2025-12-11,,"Salt Lake City, UT","Salt Lake City, UT | Main D 02B",Salt Lake City
a06Ro00000LGq51IAD,413781,2025-12-11,,"Salt Lake City, UT","Salt Lake City, UT | Main D 02B",Salt Lake City
a06Ro00000LGo6QIAT,413786,2025-12-11,,"Salt Lake City, UT","Salt Lake City, UT | Main D 02B",Salt Lake City
a06Ro00000LGk4mIAD,413787,2025-12-11,,"Salt Lake City, UT","Salt Lake City, UT | Main D 02B",Salt Lake City
a06Ro00000LImGuIAL,413944,2025-12-11,,"Salt Lake City, UT","Salt Lake City, UT | Main C 06D",
a06Ro00000LJqurIAD,414010,2025-12-11,,"Salt Lake City, UT","Salt Lake City, UT | Main C 06E",
a06Ro00000LJqusIAD,414011,2025-12-11,,"Salt Lake City, UT","Salt Lake City, UT | Main C 06E",
a06Ro00000LLpbKIAT,414211,2025-12-11,,"Salt Lake City, UT","Salt Lake City, UT | Main C 06E",
a06Ro00000LLpbLIAT,414212,2025-12-11,,"Salt Lake City, UT","Salt Lake City, UT | Main C 06E",
a06Ro00000Lalh3IAB,415761,2025-12-11,,"Salt Lake City, UT","Salt Lake City, UT | Main C 02A",Salt Lake City
a06Ro00000Lnzz7IAB,417082,2025-12-11,,"Salt Lake City, UT","Salt Lake City, UT | Main C 18D",
a06Ro00000LniyIIAR,417084,2025-12-11,,"Salt Lake City, UT","Salt Lake City, UT | Main C 18D",
a06Ro00000LuIe5IAF,417784,2025-12-11,,"Salt Lake City, UT","Salt Lake City, UT | Main C 03C",
a06Ro00000LuIe6IAF,417785,2025-12-11,,"Salt Lake City, UT","Salt Lake City, UT | Main C 03C",
a06Ro00000LuU2XIAV,417801,2025-12-11,,"Salt Lake City, UT","Salt Lake City, UT | Main C 03F",
a06Ro00000M6gMTIAZ,418777,2025-12-11,,"Salt Lake City, UT","Salt Lake City, UT | Main D 05F","Salt Lake City, UT"
a06Ro00000MNfHAIA1,420467,2025-12-11,,"Salt Lake City, UT","Salt Lake City, UT | Main C 17C",
a06Ro00000MNqkPIAT,420469,2025-12-11,,"Salt Lake City, UT","Salt Lake City, UT | Main C 17D",
a06Ro00000MNbgZIAT,420470,2025-12-11,,"Salt Lake City, UT","Salt Lake City, UT | Main C 17D",
a06Ro00000MNiOhIAL,420471,2025-12-11,,"Salt Lake City, UT","Salt Lake City, UT | Main C 17D",
a06Ro00000MNhkMIAT,420472,2025-12-11,,"Salt Lake City, UT","Salt Lake City, UT | Main C 17D",
a06Ro00000MNtVNIA1,420473,2025-12-11,,"Salt Lake City, UT","Salt Lake City, UT | Main C 17A",
a06Ro00000MNgWbIAL,420474,2025-12-11,,"Salt Lake City, UT","Salt Lake City, UT | Main C 17D",
a06Ro00000MNVOEIA5,420476,2025-12-11,,"Salt Lake City, UT","Salt Lake City, UT | Main C 17E",
a06Ro00000MNupdIAD,420477,2025-12-11,,"Salt Lake City, UT","Salt Lake City, UT | Main C 17A",
a06Ro00000MNlUeIAL,420478,2025-12-11,,"Salt Lake City, UT","Salt Lake City, UT | Main C 14E",
a06Ro00000MNvovIAD,420480,2025-12-11,,"Salt Lake City, UT","Salt Lake City, UT | Main C 17A",
a06Ro00000MNo2hIAD,420481,2025-12-11,,"Salt Lake City, UT","Salt Lake City, UT | Main C 14A",
a06Ro00000MNnLCIA1,420482,2025-12-11,,"Salt Lake City, UT","Salt Lake City, UT | Main C 17A",
a06Ro00000MNx2jIAD,420483,2025-12-11,,"Salt Lake City, UT","Salt Lake City, UT | Main C 17A",
a06Ro00000MNbTkIAL,420484,2025-12-11,,"Salt Lake City, UT","Salt Lake City, UT | Main C 17E",
a06Ro00000MNxabIAD,420485,2025-12-11,,"Salt Lake City, UT","Salt Lake City, UT | Main C 14E",
a06Ro00000MNxdpIAD,420486,2025-12-11,,"Salt Lake City, UT","Salt Lake City, UT | Main C 17E",
a06Ro00000MNyejIAD,420490,2025-12-11,,"Salt Lake City, UT","Salt Lake City, UT | Main C 17E",
a06Ro00000MNmaOIAT,420491,2025-12-11,,"Salt Lake City, UT","Salt Lake City, UT | Main C 14E",
a06Ro00000MNybWIAT,420492,2025-12-11,,"Salt Lake City, UT","Salt Lake City, UT | Main C 17D",
a06Ro00000MNzm5IAD,420493,2025-12-11,,"Salt Lake City, UT","Salt Lake City, UT | Main C 14A",
a06Ro00000MNb8hIAD,420494,2025-12-11,,"Salt Lake City, UT","Salt Lake City, UT | Main C 17E",
a06Ro00000MNtn8IAD,420496,2025-12-11,,"Salt Lake City, UT","Salt Lake City, UT | Main C 14A",
a06Ro00000MNsW8IAL,420497,2025-12-11,,"Salt Lake City, UT","Salt Lake City, UT | Main C 17E",
a06Ro00000MNhipIAD,420498,2025-12-11,,"Salt Lake City, UT","Salt Lake City, UT | Main C 14E",
a06Ro00000MO3swIAD,420499,2025-12-11,,"Salt Lake City, UT","Salt Lake City, UT | Main C 14A",
a06Ro00000MO3UkIAL,420500,2025-12-11,,"Salt Lake City, UT","Salt Lake City, UT | Main C 14A",
a06Ro00000MO1HeIAL,420501,2025-12-11,,"Salt Lake City, UT","Salt Lake City, UT | Main C 14E",
a06Ro00000MOA6QIAX,420502,2025-12-11,,"Salt Lake City, UT","Salt Lake City, UT | Main C 14A",
a06Ro00000MO1ZRIA1,420503,2025-12-11,,"Salt Lake City, UT","Salt Lake City, UT | Main C 17A",
a06Ro00000MO5ErIAL,420504,2025-12-11,,"Salt Lake City, UT","Salt Lake City, UT | Main C 14E",
a06Ro00000MOE1yIAH,420505,2025-12-11,,"Salt Lake City, UT","Salt Lake City, UT | Main C 17C",
a06Ro00000MODSXIA5,420506,2025-12-11,,"Salt Lake City, UT","Salt Lake City, UT | Main C 17E",
a06Ro00000MQryTIAT,420810,2025-12-11,,"Salt Lake City, UT","Salt Lake City, UT | Main C 03B","Salt Lake City, UT"
a06Ro00000MdSHYIA3,422109,2025-12-11,,"Salt Lake City, UT","Salt Lake City, UT | Main C 05E",
a06Ro00000MdSHZIA3,422110,2025-12-11,,"Salt Lake City, UT","Salt Lake City, UT | Main C 05E",
a06Ro00000MdSHaIAN,422111,2025-12-11,,"Salt Lake City, UT","Salt Lake City, UT | Main C 05E",
a06Ro00000MdSHbIAN,422112,2025-12-11,,"Salt Lake City, UT","Salt Lake City, UT | Main C 05E",
a06Ro00000Mjm3qIAB,422703,2025-12-11,,"Salt Lake City, UT","Salt Lake City, UT | Main C 04C","Salt Lake City, UT"
a06Ro00000Mo6rxIAB,422710,2025-12-11,,"Salt Lake City, UT","Salt Lake City, UT | Main C 13C","Salt Lake City, UT"
a06Ro00000Mt50oIAB,423152,2025-12-11,,"Salt Lake City, UT","Salt Lake City, UT | Main C 01B",
a06Ro00000MtDpcIAF,423153,2025-12-11,,"Salt Lake City, UT","Salt Lake City, UT | Main D 01D",
a06Ro00000MtMODIA3,423164,2025-12-11,,"Salt Lake City, UT","Salt Lake City, UT | Main C 02G",
a06Ro00000MuUegIAF,423337,2025-12-11,,"Salt Lake City, UT","Salt Lake City, UT | Main D 05B",
a06Ro00000MuY0kIAF,423338,2025-12-11,,"Salt Lake City, UT","Salt Lake City, UT | Main D 05B",
a06Ro00000MvZUEIA3,423431,2025-12-11,,"Salt Lake City, UT","Salt Lake City, UT | Main C 02F","Salt Lake City, UT"
a06Ro00000MvenFIAR,423435,2025-12-11,,"Salt Lake City, UT","Salt Lake City, UT | Main C 01B","Salt Lake City, UT"
a06Ro00000Mvsn0IAB,423462,2025-12-11,,"Salt Lake City, UT","Salt Lake City, UT | Main D 01D",
a06Ro00000Mw281IAB,423466,2025-12-11,,"Salt Lake City, UT","Salt Lake City, UT | Main C 05B",
a06Ro00000Mw3bxIAB,423468,2025-12-11,,"Salt Lake City, UT","Salt Lake City, UT | Main C 05B","Salt Lake City, UT"
a06Ro00000Mw5ttIAB,423470,2025-12-11,,"Salt Lake City, UT","Salt Lake City, UT | Main C 02G",
a06Ro00000MyAsfIAF,423736,2025-12-11,,"Salt Lake City, UT","Salt Lake City, UT | Main C 11B",
a06Ro00000MyoOiIAJ,423854,2025-12-11,,"Salt Lake City, UT","Salt Lake City, UT | Main C 01G",
a06Ro00000MyoOjIAJ,423855,2025-12-11,,"Salt Lake City, UT","Salt Lake City, UT | Main C 01G",
a06Ro00000MyvgLIAR,423859,2025-12-11,,"Salt Lake City, UT","Salt Lake City, UT | Main C 01G",
a06Ro00000N7vltIAB,424681,2025-12-11,,"Salt Lake City, UT","Salt Lake City, UT | Main C 01H",
a06Ro00000N7vvZIAR,424682,2025-12-11,,"Salt Lake City, UT","Salt Lake City, UT | Main C 01H","Salt Lake City, UT"
a06Ro00000NCqyTIAT,425223,2025-12-11,,"Salt Lake City, UT","Salt Lake City, UT | Main D 04B",
a06Ro00000ND3xKIAT,425276,2025-12-11,,"Salt Lake City, UT","Salt Lake City, UT | Main D 03D","Salt Lake City, UT"
a06Ro00000ND2YKIA1,425303,2025-12-11,,"Salt Lake City, UT","Salt Lake City, UT | Main D 03A","Salt Lake City, UT"
a06Ro00000NDAHIIA5,425309,2025-12-11,,"Salt Lake City, UT","Salt Lake City, UT | Main D 03A",
a06Ro00000NDRoMIAX,425314,2025-12-11,,"Salt Lake City, UT","Salt Lake City, UT | Main D 03A",
a06Ro00000NDSPtIAP,425316,2025-12-11,,"Salt Lake City, UT","Salt Lake City, UT | Main D 03A",
a06Ro00000NDOdbIAH,425319,2025-12-11,,"Salt Lake City, UT","Salt Lake City, UT | Main D 03A",
a06Ro00000NDUsgIAH,425321,2025-12-11,,"Salt Lake City, UT","Salt Lake City, UT | Main D 03A",
a06Ro00000NDQkEIAX,425323,2025-12-11,,"Salt Lake City, UT","Salt Lake City, UT | Main D 03A",
a06Ro00000NDFthIAH,425324,2025-12-11,,"Salt Lake City, UT","Salt Lake City, UT | Main D 03A",
a06Ro00000NDL6FIAX,425328,2025-12-11,,"Salt Lake City, UT","Salt Lake City, UT | Main D 03A",
a06Ro00000NDL4fIAH,425333,2025-12-11,,"Salt Lake City, UT","Salt Lake City, UT | Main D 03A",
a06Ro00000NDHvXIAX,425347,2025-12-11,,"Salt Lake City, UT","Salt Lake City, UT | Main D 03A",
a06Ro00000NDZPKIA5,425349,2025-12-11,,"Salt Lake City, UT","Salt Lake City, UT | Main D 11C",
a06Ro00000NDUJDIA5,425352,2025-12-11,,"Salt Lake City, UT","Salt Lake City, UT | Main D 03A",
a06Ro00000NDbZBIA1,425355,2025-12-11,,"Salt Lake City, UT","Salt Lake City, UT | Main D 03A","Salt Lake City, UT"
a06Ro00000NDFtiIAH,425356,2025-12-11,,"Salt Lake City, UT","Salt Lake City, UT | Main D 11C",
a06Ro00000NDFKDIA5,425358,2025-12-11,,"Salt Lake City, UT","Salt Lake City, UT | Main D 11C",
a06Ro00000NDeYfIAL,425361,2025-12-11,,"Salt Lake City, UT","Salt Lake City, UT | Main D 11G",
a06Ro00000NDiIvIAL,425367,2025-12-11,,"Salt Lake City, UT","Salt Lake City, UT | Main D 11G",
a06Ro00000NEfcLIAT,425436,2025-12-11,,"Salt Lake City, UT","Salt Lake City, UT | Main D 11D",
a06Ro00000NEjb7IAD,425437,2025-12-11,,"Salt Lake City, UT","Salt Lake City, UT | Main D 17C",
a06Ro00000NEqO6IAL,425441,2025-12-11,,"Salt Lake City, UT","Salt Lake City, UT | Main D 10A",
a06Ro00000NJRDmIAP,425543,2025-12-11,,"Salt Lake City, UT","Salt Lake City, UT | Main D 11E",
a06Ro00000NJRDnIAP,425544,2025-12-11,,"Salt Lake City, UT","Salt Lake City, UT | Main D 11E",
a06Ro00000NJRDoIAP,425545,2025-12-11,,"Salt Lake City, UT","Salt Lake City, UT | Main D 11E",
a06Ro00000NJlqnIAD,425557,2025-12-11,,"Salt Lake City, UT","Salt Lake City, UT | Main D 17C",
a06Ro00000NJeSmIAL,425558,2025-12-11,,"Salt Lake City, UT","Salt Lake City, UT | Main D 17C",
a06Ro00000NKjrpIAD,425677,2025-12-11,,"Salt Lake City, UT","Salt Lake City, UT | Main D 10A",
a06Ro00000NLFWfIAP,425684,2025-12-11,,"Salt Lake City, UT","Salt Lake City, UT | Main D 11C",
a06Ro00000NLGXZIA5,425685,2025-12-11,,"Salt Lake City, UT","Salt Lake City, UT | Main D 11C",
a06Ro00000NLIsjIAH,425686,2025-12-11,,"Salt Lake City, UT","Salt Lake City, UT | Main C 04C","Salt Lake City, UT"
a06Ro00000NLNu1IAH,425687,2025-12-11,,"Salt Lake City, UT","Salt Lake City, UT | Main D 17C",
a06Ro00000NLORtIAP,425688,2025-12-11,,"Salt Lake City, UT","Salt Lake City, UT | Main D 17C",
a06Ro00000NLPEHIA5,425689,2025-12-11,,"Salt Lake City, UT","Salt Lake City, UT | Main D 17C",
a06Ro00000NLPkXIAX,425691,2025-12-11,,"Salt Lake City, UT","Salt Lake City, UT | Main D 17C",
a06Ro00000NQjAlIAL,425970,2025-12-11,,"Salt Lake City, UT","Salt Lake City, UT | Main C 05C",
a06Ro00000NQvAIIA1,425976,2025-12-11,,"Salt Lake City, UT","Salt Lake City, UT | Main C 05C",
a06Ro00000NRcf3IAD,426289,2025-12-11,,"Salt Lake City, UT","Salt Lake City, UT | Main D 11D",
a06Ro00000NRcf4IAD,426290,2025-12-11,,"Salt Lake City, UT","Salt Lake City, UT | Main D 11D",
a06Ro00000NUvq3IAD,426655,2025-12-11,,"Salt Lake City, UT","Salt Lake City, UT | Main D 02G",Salt Lake City
a06Ro00000NV5XeIAL,426656,2025-12-11,,"Salt Lake City, UT","Salt Lake City, UT | Main D 02G",Salt Lake City
a06Ro00000NV3KYIA1,426657,2025-12-11,,"Salt Lake City, UT","Salt Lake City, UT | Main D 02G",Salt Lake City
a06Ro00000NV54cIAD,426658,2025-12-11,,"Salt Lake City, UT","Salt Lake City, UT | Main D 02G",Salt Lake City
a06Ro00000NV7eHIAT,426659,2025-12-11,,"Salt Lake City, UT","Salt Lake City, UT | Main D 02G",Salt Lake City
a06Ro00000NccS3IAJ,427420,2025-12-11,,"Salt Lake City, UT","Salt Lake City, UT | Main D 02F",
a06Ro00000Nf7wOIAR,427675,2025-12-11,,"Salt Lake City, UT","Salt Lake City, UT | Main C 01G",
a06Ro00000Nf7wPIAR,427676,2025-12-11,,"Salt Lake City, UT","Salt Lake City, UT | Main C 01G",
a06Ro00000NfmkzIAB,427701,2025-12-11,,"Salt Lake City, UT","Salt Lake City, UT | Main D 03B",Salt Lake City
a06Ro00000NfmrRIAR,427702,2025-12-11,,"Salt Lake City, UT","Salt Lake City, UT | Main D 03B",Salt Lake City
a06Ro00000Nfn4LIAR,427703,2025-12-11,,"Salt Lake City, UT","Salt Lake City, UT | Main D 03B",Salt Lake City
a06Ro00000NfnFdIAJ,427704,2025-12-11,,"Salt Lake City, UT","Salt Lake City, UT | Main D 03B",Salt Lake City
a06Ro00000NfJEVIA3,427705,2025-12-11,,"Salt Lake City, UT","Salt Lake City, UT | Main D 03B",Salt Lake City
a06Ro00000NfgEAIAZ,427706,2025-12-11,,"Salt Lake City, UT","Salt Lake City, UT | Main D 03B",Salt Lake City
a06Ro00000NfnnVIAR,427708,2025-12-11,,"Salt Lake City, UT","Salt Lake City, UT | Main D 03B",Salt Lake City
a06Ro00000NfntxIAB,427709,2025-12-11,,"Salt Lake City, UT","Salt Lake City, UT | Main D 03B",Salt Lake City
a06Ro00000NfgEBIAZ,427710,2025-12-11,,"Salt Lake City, UT","Salt Lake City, UT | Main D 03B","Salt Lake City, UT"
a06Ro00000NfoI9IAJ,427712,2025-12-11,,"Salt Lake City, UT","Salt Lake City, UT | Main D 03B",Salt Lake City
a06Ro00000Nfmt4IAB,427713,2025-12-11,,"Salt Lake City, UT","Salt Lake City, UT | Main D 03B",Salt Lake City
a06Ro00000NfoQDIAZ,427714,2025-12-11,,"Salt Lake City, UT","Salt Lake City, UT | Main D 03B",Salt Lake City
a06Ro00000No21NIAR,428382,2025-12-11,,"Salt Lake City, UT","Salt Lake City, UT | Main D 11F",
a06Ro00000NtuHHIAZ,429048,2025-12-11,,"Salt Lake City, UT","Salt Lake City, UT | Main C 14D",
a06Ro00000Nxm09IAB,429418,2025-12-11,,"Salt Lake City, UT","Salt Lake City, UT | Main C 14D","Salt Lake City, UT"
a06Ro00000NxmGHIAZ,429419,2025-12-11,,"Salt Lake City, UT","Salt Lake City, UT | Main C 14D","Salt Lake City, UT"
a06Ro00000O7CBVIA3,429971,2025-12-11,,"Salt Lake City, UT","Salt Lake City, UT | Main C 06F",Salt Lake City
a06Ro00000O9hJGIAZ,430262,2025-12-11,,"Salt Lake City, UT","Salt Lake City, UT | Main C 01D",
a06Ro00000OCN09IAH,430589,2025-12-11,,"Salt Lake City, UT","Salt Lake City, UT | Main D 11A",
a06Ro00000OCarVIAT,430592,2025-12-11,,"Salt Lake City, UT","Salt Lake City, UT | Main C 08B","Salt Lake City, UT"
a06Ro00000OCQ7OIAX,430621,2025-12-11,,"Salt Lake City, UT","Salt Lake City, UT | Main D 16F",
a06Ro00000ODhR7IAL,430745,2025-12-11,,"Salt Lake City, UT","Salt Lake City, UT | Main C 13E",
a06Ro00000ODijlIAD,430750,2025-12-11,,"Salt Lake City, UT","Salt Lake City, UT | Main D 15G",
a06Ro00000ODfnWIAT,430755,2025-12-11,,"Salt Lake City, UT","Salt Lake City, UT | Main C 12E",
a06Ro00000OGGUPIA5,430994,2025-12-11,,"Salt Lake City, UT","Salt Lake City, UT | Main C 03A",
a06Ro00000OJ2gDIAT,431195,2025-12-11,,"Salt Lake City, UT","Salt Lake City, UT | Main D 15G",
a06Ro00000OIwEEIA1,431201,2025-12-11,,"Salt Lake City, UT","Salt Lake City, UT | Main C 13E",
a06Ro00000OJ3E6IAL,431204,,,"Salt Lake City, UT","Salt Lake City, UT | Main C 12E","Salt Lake City, UT"
a06Ro00000OIzdWIAT,431206,2025-12-11,,"Salt Lake City, UT","Salt Lake City, UT | Main D 15G",
a06Ro00000OJ7BFIA1,431207,2025-12-11,,"Salt Lake City, UT","Salt Lake City, UT | Main C 13E",
a06Ro00000OJ5NyIAL,431208,2025-12-11,,"Salt Lake City, UT","Salt Lake City, UT | Main D 15G",
a06Ro00000OJBMvIAP,431217,2025-12-11,,"Salt Lake City, UT","Salt Lake City, UT | Main C 13E",
a06Ro00000OJCNpIAP,431225,,,"Salt Lake City, UT","Salt Lake City, UT | Main C 12E","Salt Lake City, UT"
a06Ro00000OJDRxIAP,431227,2025-12-11,,"Salt Lake City, UT","Salt Lake City, UT | Main D 15G",
a06Ro00000OJEkbIAH,431228,2025-12-11,,"Salt Lake City, UT","Salt Lake City, UT | Main C 13E",
a06Ro00000OJZ13IAH,431243,2025-12-11,,"Salt Lake City, UT","Salt Lake City, UT | Main D 16F",
a06Ro00000OJT26IAH,431244,2025-12-11,,"Salt Lake City, UT","Salt Lake City, UT | Main D 15G",
a06Ro00000OJOSFIA5,431245,2025-12-11,,"Salt Lake City, UT","Salt Lake City, UT | Main C 13E",
a06Ro00000OJL2xIAH,431246,2025-12-11,,"Salt Lake City, UT","Salt Lake City, UT | Main D 15G",
a06Ro00000OJb9JIAT,431248,2025-12-11,,"Salt Lake City, UT","Salt Lake City, UT | Main D 16F",
a06Ro00000OJbdxIAD,431249,2025-12-11,,"Salt Lake City, UT","Salt Lake City, UT | Main D 16F",
a06Ro00000OJaDGIA1,431250,2025-12-11,,"Salt Lake City, UT","Salt Lake City, UT | Main C 13E",
a06Ro00000OI3ZWIA1,431252,2025-12-11,,"Salt Lake City, UT","Salt Lake City, UT | Main D 16F",
a06Ro00000OJcrlIAD,431253,2025-12-11,,"Salt Lake City, UT","Salt Lake City, UT | Main C 13E",
a06Ro00000OJdUTIA1,431254,2025-12-11,,"Salt Lake City, UT","Salt Lake City, UT | Main D 16F",
a06Ro00000OJdcXIAT,431255,2025-12-11,,"Salt Lake City, UT","Salt Lake City, UT | Main C 12E",
a06Ro00000OI8uAIAT,431256,,,"Salt Lake City, UT","Salt Lake City, UT | Main C 12E","Salt Lake City, UT"
a06Ro00000OJbanIAD,431257,2025-12-11,,"Salt Lake City, UT","Salt Lake City, UT | Main D 16F",
a06Ro00000OJf6TIAT,431258,2025-12-11,,"Salt Lake City, UT","Salt Lake City, UT | Main C 12E",
a06Ro00000OJeX0IAL,431259,2025-12-11,,"Salt Lake City, UT","Salt Lake City, UT | Main D 16F",
a06Ro00000OJfWHIA1,431260,2025-12-11,,"Salt Lake City, UT","Salt Lake City, UT | Main D 15G",
a06Ro00000OT5JSIA1,431997,2025-12-11,,"Salt Lake City, UT","Salt Lake City, UT | Main C 13D",
a06Ro00000OSu4hIAD,431998,2025-12-11,,"Salt Lake City, UT","Salt Lake City, UT | Main C 13D","Milwaukee, WI"
a06Ro00000OT2TgIAL,432004,2026-03-20,,"Salt Lake City, UT","Salt Lake City, UT | Main C 14D",
a06Ro00000OVVHqIAP,432217,2025-12-11,,"Salt Lake City, UT","Salt Lake City, UT | Main D 11A",
a06Ro00000OY8i8IAD,432478,2025-12-11,,"Salt Lake City, UT","Salt Lake City, UT | Main C 14D","Salt Lake City, UT"
a06Ro00000OYQFBIA5,432481,2025-12-11,,"Salt Lake City, UT","Salt Lake City, UT | Main C 13D","Milwaukee, WI"
a06Ro00000OYT3OIAX,432496,2025-12-11,,"Salt Lake City, UT","Salt Lake City, UT | Main C 12B",
a06Ro00000Of1ARIAZ,432781,2025-12-11,,"Salt Lake City, UT","Salt Lake City, UT | Main C 14D",
a06Ro00000OekUYIAZ,432793,2025-12-11,,"Salt Lake City, UT","Salt Lake City, UT | Main C 14D",
a06Ro00000Of94jIAB,432795,2025-12-11,,"Salt Lake City, UT","Salt Lake City, UT | Main C 14D",
a06Ro00000Of9j3IAB,432797,2025-12-11,,"Salt Lake City, UT","Salt Lake City, UT | Main C 14D",
a06Ro00000OezdGIAR,432803,2025-12-11,,"Salt Lake City, UT","Salt Lake City, UT | Main C 14D",
a06Ro00000OeuP4IAJ,432810,2025-12-11,,"Salt Lake City, UT","Salt Lake City, UT | Main C 14D",
a06Ro00000Oeja7IAB,432812,2025-12-11,,"Salt Lake City, UT","Salt Lake City, UT | Main C 14C",
a06Ro00000OfBo5IAF,432817,2025-12-11,,"Salt Lake City, UT","Salt Lake City, UT | Main C 14C",
a06Ro00000Ogs1NIAR,433073,2025-12-11,,"Salt Lake City, UT","Salt Lake City, UT | Main C 14D",
a06Ro00000Ogs2zIAB,433074,2025-12-11,,"Salt Lake City, UT","Salt Lake City, UT | Main C 14D",
a06Ro00000OgsnlIAB,433075,2025-12-11,,"Salt Lake City, UT","Salt Lake City, UT | Main C 14D",
a06Ro00000Ogt0fIAB,433076,2025-12-11,,"Salt Lake City, UT","Salt Lake City, UT | Main C 14D","Salt Lake City, UT"
a06Ro00000OgtVJIAZ,433077,2025-12-11,,"Salt Lake City, UT","Salt Lake City, UT | Main C 14D",
a06Ro00000Ogta9IAB,433078,2025-12-11,,"Salt Lake City, UT","Salt Lake City, UT | Main C 14D",
a06Ro00000OmvxRIAR,433691,2025-12-11,,"Salt Lake City, UT","Salt Lake City, UT | Main C 14B",
a06Ro00000OndIXIAZ,433755,2025-12-11,,"Salt Lake City, UT","Salt Lake City, UT | Main C 14D","Milwaukee, WI"
a06Ro00000OndQbIAJ,433756,2025-12-11,,"Salt Lake City, UT","Salt Lake City, UT | Main C 14D",
a06Ro00000On9xFIAR,433757,2025-12-11,,"Salt Lake City, UT","Salt Lake City, UT | Main C 14D",
a06Ro00000OndjxIAB,433758,2025-12-11,,"Salt Lake City, UT","Salt Lake City, UT | Main C 14D",
a06Ro00000One4vIAB,433759,2025-12-11,,"Salt Lake City, UT","Salt Lake City, UT | Main C 14D",
a06Ro00000OneWLIAZ,433760,2025-12-11,,"Salt Lake City, UT","Salt Lake City, UT | Main C 14C",
a06Ro00000OnemTIAR,433761,2025-12-11,,"Salt Lake City, UT","Salt Lake City, UT | Main C 14C",
a06Ro00000OllX8IAJ,433762,2025-12-11,,"Salt Lake City, UT","Salt Lake City, UT | Main C 14D",
a06Ro00000OyQrRIAV,434707,2025-12-11,,"Salt Lake City, UT","Salt Lake City, UT | Main C 04C",
a06Ro00000OyVBCIA3,434726,2025-12-11,,"Salt Lake City, UT","Salt Lake City, UT | Main C 02F",
a06Ro00000P25I9IAJ,435091,2025-12-11,,"Salt Lake City, UT","Salt Lake City, UT | Main C 02A",
a06Ro00000PBGhNIAX,436040,2025-12-11,,"Salt Lake City, UT","Salt Lake City, UT | Main C 02H","Salt Lake City, UT"
a06Ro00000PH3r7IAD,436279,2025-12-11,,"Salt Lake City, UT","Salt Lake City, UT | Main C 05C",
a06Ro00000PHPV3IAP,436360,2025-12-11,,"Salt Lake City, UT","Salt Lake City, UT | Main C 03C",
a06Ro00000PHO4MIAX,436361,2025-12-11,,"Salt Lake City, UT","Salt Lake City, UT | Main C 02B",
a06Ro00000PHRILIA5,436362,2025-12-11,,"Salt Lake City, UT","Salt Lake City, UT | Main C 02B",
a06Ro00000PHJuIIAX,436363,2025-12-11,,"Salt Lake City, UT","Salt Lake City, UT | Main C 02B",
a06Ro00000PHRIMIA5,436364,2025-12-11,,"Salt Lake City, UT","Salt Lake City, UT | Main C 02B",
a06Ro00000PH5ucIAD,436367,2025-12-11,,"Salt Lake City, UT","Salt Lake City, UT | Main C 03F",
a06Ro00000PHTFJIA5,436368,2025-12-11,,"Salt Lake City, UT","Salt Lake City, UT | Main C 03F",
a06Ro00000PNQHyIAP,436833,2025-12-11,,"Salt Lake City, UT","Salt Lake City, UT | Main C 14C",
a06Ro00000PNSEvIAP,436834,2025-12-11,,"Salt Lake City, UT","Salt Lake City, UT | Main C 14C",
a06Ro00000PNGSLIA5,436835,2025-12-11,,"Salt Lake City, UT","Salt Lake City, UT | Main C 14C",
a06Ro00000PTwWsIAL,437437,2025-12-11,,"Salt Lake City, UT","Salt Lake City, UT | Main C 02D","Salt Lake City, UT"
a06Ro00000PUAJhIAP,437438,2025-12-11,,"Salt Lake City, UT","Salt Lake City, UT | Main C 02D","Salt Lake City, UT"
a06Ro00000Ph7xVIAR,438388,2025-12-11,,"Salt Lake City, UT","Salt Lake City, UT | Main D 04G","Salt Lake City, UT"
a06Ro00000PhKMrIAN,438402,2025-12-11,,"Salt Lake City, UT","Salt Lake City, UT | Main D 17A",
a06Ro00000Ph3KRIAZ,438403,2025-12-11,,"Salt Lake City, UT","Salt Lake City, UT | Main D 17A",
a06Ro00000PhMTVIA3,438405,2025-12-11,,"Salt Lake City, UT","Salt Lake City, UT | Main D 17A",
a06Ro00000PhNfhIAF,438408,2025-12-11,,"Salt Lake City, UT","Salt Lake City, UT | Main D 17A",
a06Ro00000PhDhyIAF,438409,2025-12-11,,"Salt Lake City, UT","Salt Lake City, UT | Main D 17A",
a06Ro00000PhOiDIAV,438411,2025-12-11,,"Salt Lake City, UT","Salt Lake City, UT | Main D 17A",
a06Ro00000PgwMBIAZ,438413,2025-12-11,,"Salt Lake City, UT","Salt Lake City, UT | Main D 17A",
a06Ro00000PhJx4IAF,438416,2025-12-11,,"Salt Lake City, UT","Salt Lake City, UT | Main D 17A",
a06Ro00000PhQdZIAV,438419,2025-12-11,,"Salt Lake City, UT","Salt Lake City, UT | Main D 17A",
a06Ro00000PhQaPIAV,438421,2025-12-11,,"Salt Lake City, UT","Salt Lake City, UT | Main D 17A",
a06Ro00000PhDTSIA3,438422,2025-12-11,,"Salt Lake City, UT","Salt Lake City, UT | Main D 17A",
a06Ro00000PhVqAIAV,438434,2025-12-11,,"Salt Lake City, UT","Salt Lake City, UT | Main D 17A",
a06Ro00000PhXQXIA3,438436,2025-12-11,,"Salt Lake City, UT","Salt Lake City, UT | Main D 17A",
a06Ro00000PhY6TIAV,438438,2025-12-11,,"Salt Lake City, UT","Salt Lake City, UT | Main D 17A",
a06Ro00000PhYmPIAV,438441,2025-12-11,,"Salt Lake City, UT","Salt Lake City, UT | Main D 17A",
a06Ro00000PhZc1IAF,438442,2025-12-11,,"Salt Lake City, UT","Salt Lake City, UT | Main D 17A","Salt Lake City, UT"
a06Ro00000PhI6YIAV,438443,2025-12-11,,"Salt Lake City, UT","Salt Lake City, UT | Main D 17A","Salt Lake City, UT"
a06Ro00000PhajNIAR,438445,2025-12-11,,"Salt Lake City, UT","Salt Lake City, UT | Main D 17A","Salt Lake City, UT"
a06Ro00000PocuvIAB,439069,2025-12-11,,"Salt Lake City, UT","Salt Lake City, UT | Main C 13B",
a06Ro00000PoeFBIAZ,439071,2025-12-11,,"Salt Lake City, UT","Salt Lake City, UT | Main C 14A",
a06Ro00000PofETIAZ,439073,2025-12-11,,"Salt Lake City, UT","Salt Lake City, UT | Main C 13A",
a06Ro00000PoggnIAB,439075,2025-12-11,,"Salt Lake City, UT","Salt Lake City, UT | Main C 14A",
a06Ro00000Poh4zIAB,439076,2025-12-11,,"Salt Lake City, UT","Salt Lake City, UT | Main C 14D",
a06Ro00000PohcrIAB,439078,2025-12-11,,"Salt Lake City, UT","Salt Lake City, UT | Main C 13B",
a06Ro00000QG4tWIAT,441133,2025-12-11,,"Salt Lake City, UT","Salt Lake City, UT | Main D 02G",Salt Lake City
a06Ro00000QG6qTIAT,441134,2025-12-11,,"Salt Lake City, UT","Salt Lake City, UT | Main D 02G",Salt Lake City
a06Ro00000QFzp0IAD,441137,2025-12-11,,"Salt Lake City, UT","Salt Lake City, UT | Main D 02G",Salt Lake City
a06Ro00000QG8AjIAL,441138,2025-12-11,,"Salt Lake City, UT","Salt Lake City, UT | Main D 02G",Salt Lake City
a06Ro00000QG8c9IAD,441139,2025-12-11,,"Salt Lake City, UT","Salt Lake City, UT | Main D 02G","Milwaukee, WI"
a06Ro00000QG9y1IAD,441140,2025-12-11,,"Salt Lake City, UT","Salt Lake City, UT | Main D 02G",Salt Lake City
a06Ro00000QG5eJIAT,441141,2025-12-11,,"Salt Lake City, UT","Salt Lake City, UT | Main D 02G",Salt Lake City
a06Ro00000QGANpIAP,441143,2025-12-11,,"Salt Lake City, UT","Salt Lake City, UT | Main D 02G",Salt Lake City
a06Ro00000QGAfZIAX,441145,2025-12-11,,"Salt Lake City, UT","Salt Lake City, UT | Main D 02G",Salt Lake City
a06Ro00000QG9V0IAL,441146,2025-12-11,,"Salt Lake City, UT","Salt Lake City, UT | Main D 02G",Salt Lake City
a06Ro00000QJdDBIA1,441482,2025-12-11,,"Salt Lake City, UT","Salt Lake City, UT | Main C 04C",
a06Ro00000QL9qvIAD,441598,2025-12-11,,"Salt Lake City, UT","Salt Lake City, UT | Main C 02F","Salt Lake City, UT"
a06Ro00000QbbjBIAR,443054,2025-12-11,,"Salt Lake City, UT","Salt Lake City, UT | Main D 04B","Salt Lake City, UT"
a06Ro00000QmY22IAF,444133,2025-12-11,,"Salt Lake City, UT","Salt Lake City, UT | Main C 03A",
a06Ro00000Qme2bIAB,444139,2025-12-11,,"Salt Lake City, UT","Salt Lake City, UT | Main C 04C",
a06Ro00000Qme2cIAB,444140,2025-12-11,,"Salt Lake City, UT","Salt Lake City, UT | Main C 04C",
a06Ro00000Qme2dIAB,444141,2025-12-11,,"Salt Lake City, UT","Salt Lake City, UT | Main C 04C",
a06Ro00000Qme2eIAB,444142,2025-12-11,,"Salt Lake City, UT","Salt Lake City, UT | Main C 04C",
a06Ro00000Qme2fIAB,444143,2025-12-11,,"Salt Lake City, UT","Salt Lake City, UT | Main C 04C",
a06Ro00000Qme2gIAB,444144,2025-12-11,,"Salt Lake City, UT","Salt Lake City, UT | Main C 04C",
a06Ro00000Qme2hIAB,444145,2025-12-11,,"Salt Lake City, UT","Salt Lake City, UT | Main C 04C",
a06Ro00000QnHOvIAN,444277,2025-12-11,,"Salt Lake City, UT","Salt Lake City, UT | Main C 03C",
a06Ro00000QnHOwIAN,444278,2025-12-11,,"Salt Lake City, UT","Salt Lake City, UT | Main C 03C",
a06Ro00000QnHOxIAN,444279,2025-12-11,,"Salt Lake City, UT","Salt Lake City, UT | Main C 03C",
a06Ro00000QnHOyIAN,444280,2025-12-11,,"Salt Lake City, UT","Salt Lake City, UT | Main C 03C",
a06Ro00000QnHOzIAN,444281,2025-12-11,,"Salt Lake City, UT","Salt Lake City, UT | Main C 03C",
a06Ro00000QnHP0IAN,444282,2025-12-11,,"Salt Lake City, UT","Salt Lake City, UT | Main C 03C",
a06Ro00000QnHP1IAN,444283,2025-12-11,,"Salt Lake City, UT","Salt Lake City, UT | Main C 03C",
a06Ro00000QnHP2IAN,444284,2025-12-11,,"Salt Lake City, UT","Salt Lake City, UT | Main C 03C",
a06Ro00000QnHP3IAN,444285,2025-12-11,,"Salt Lake City, UT","Salt Lake City, UT | Main C 03C",
a06Ro00000QnHP4IAN,444286,2025-12-11,,"Salt Lake City, UT","Salt Lake City, UT | Main C 03C",
a06Ro00000QnHP5IAN,444287,2025-12-11,,"Salt Lake City, UT","Salt Lake City, UT | Main C 03C",
a06Ro00000QnHP6IAN,444288,2025-12-11,,"Salt Lake City, UT","Salt Lake City, UT | Main C 03C",
a06Ro00000QnHP7IAN,444289,2025-12-11,,"Salt Lake City, UT","Salt Lake City, UT | Main C 03C",
a06Ro00000QnHP8IAN,444290,2025-12-11,,"Salt Lake City, UT","Salt Lake City, UT | Main C 03C",
a06Ro00000QnHP9IAN,444291,2025-12-11,,"Salt Lake City, UT","Salt Lake City, UT | Main C 03C",
a06Ro00000QnHPAIA3,444292,2025-12-11,,"Salt Lake City, UT","Salt Lake City, UT | Main C 03C",
a06Ro00000QnHPBIA3,444293,2025-12-11,,"Salt Lake City, UT","Salt Lake City, UT | Main C 03C",
a06Ro00000QnHPCIA3,444294,2025-12-11,,"Salt Lake City, UT","Salt Lake City, UT | Main C 03C",
a06Ro00000QnHPDIA3,444295,2025-12-11,,"Salt Lake City, UT","Salt Lake City, UT | Main C 03C",
a06Ro00000QnHPEIA3,444296,2025-12-11,,"Salt Lake City, UT","Salt Lake City, UT | Main C 03C",
a06Ro00000QnHPFIA3,444297,2025-12-11,,"Salt Lake City, UT","Salt Lake City, UT | Main C 03C",
a06Ro00000QnHPGIA3,444298,2025-12-11,,"Salt Lake City, UT","Salt Lake City, UT | Main C 03C","Salt Lake City, UT"
a06Ro00000QnHPHIA3,444299,2025-12-11,,"Salt Lake City, UT","Salt Lake City, UT | Main C 03C","Salt Lake City, UT"
a06Ro00000QnHPIIA3,444300,2025-12-11,,"Salt Lake City, UT","Salt Lake City, UT | Main C 03C","Salt Lake City, UT"
a06Ro00000QnHPJIA3,444301,2025-12-11,,"Salt Lake City, UT","Salt Lake City, UT | Main C 03C","Salt Lake City, UT"
a06Ro00000QnHPKIA3,444302,2025-12-11,,"Salt Lake City, UT","Salt Lake City, UT | Main C 03C","Salt Lake City, UT"
a06Ro00000QnHPLIA3,444303,2025-12-11,,"Salt Lake City, UT","Salt Lake City, UT | Main C 03C","Salt Lake City, UT"
a06Ro00000QnHPMIA3,444304,2025-12-11,,"Salt Lake City, UT","Salt Lake City, UT | Main C 03C","Salt Lake City, UT"
a06Ro00000QnHPNIA3,444305,2025-12-11,,"Salt Lake City, UT","Salt Lake City, UT | Main C 03C","Salt Lake City, UT"
a06Ro00000QnHPOIA3,444306,2025-12-11,,"Salt Lake City, UT","Salt Lake City, UT | Main C 03C","Salt Lake City, UT"
a06Ro00000QnHPPIA3,444307,2025-12-11,,"Salt Lake City, UT","Salt Lake City, UT | Main C 03C","Salt Lake City, UT"
a06Ro00000Qo6ODIAZ,444408,2025-12-11,,"Salt Lake City, UT","Salt Lake City, UT | Main C 04F",
a06Ro00000Qo6OEIAZ,444409,2025-12-11,,"Salt Lake City, UT","Salt Lake City, UT | Main C 04F",
a06Ro00000Qo6OFIAZ,444410,2025-12-11,,"Salt Lake City, UT","Salt Lake City, UT | Main C 04F",
a06Ro00000QoFRVIA3,444422,2025-12-11,,"Salt Lake City, UT","Salt Lake City, UT | Main C 04G",
a06Ro00000QqFnBIAV,444567,2025-12-11,,"Salt Lake City, UT","Salt Lake City, UT | Main C 04A",
a06Ro00000QqGzNIAV,444570,2025-12-11,,"Salt Lake City, UT","Salt Lake City, UT | Main C 05C",
a06Ro00000QqU6HIAV,444610,2025-12-18,,"Salt Lake City, UT","Salt Lake City, UT | Main C 08B","Milwaukee, WI"
a06Ro00000Qqhl5IAB,444737,2025-12-11,,"Salt Lake City, UT","Salt Lake City, UT | Main D 11D",
a06Ro00000Qrl3YIAR,444901,2025-12-11,,"Salt Lake City, UT","Salt Lake City, UT | Main C 03C",
a06Ro00000QrcbGIAR,444902,2025-12-11,,"Salt Lake City, UT","Salt Lake City, UT | Main D 06D",
a06Ro00000Qrsg1IAB,444903,2025-12-11,,"Salt Lake City, UT","Salt Lake City, UT | Main C 03C",
a06Ro00000Qrsg2IAB,444904,2025-12-11,,"Salt Lake City, UT","Salt Lake City, UT | Main C 03C",
a06Ro00000Qrsg3IAB,444905,2025-12-11,,"Salt Lake City, UT","Salt Lake City, UT | Main C 03C",
a06Ro00000Qrsg4IAB,444906,2025-12-11,,"Salt Lake City, UT","Salt Lake City, UT | Main C 03C",
a06Ro00000Qtv8PIAR,445551,2025-12-11,,"Salt Lake City, UT","Salt Lake City, UT | Main C 04G",
a06Ro00000Qu0xeIAB,445552,2025-12-11,,"Salt Lake City, UT","Salt Lake City, UT | Main C 03C",
a06Ro00000Qy9fmIAB,446105,2025-12-11,,"Salt Lake City, UT","Salt Lake City, UT | Main C 03D",Salt Lake City
a06Ro00000QyDwHIAV,446108,2025-12-11,,"Salt Lake City, UT","Salt Lake City, UT | Main C 03D",Salt Lake City
a06Ro00000QyEIrIAN,446112,2025-12-11,,"Salt Lake City, UT","Salt Lake City, UT | Main C 03D",Salt Lake City
a06Ro00000QyESXIA3,446113,2025-12-11,,"Salt Lake City, UT","Salt Lake City, UT | Main C 03D",Salt Lake City
a06Ro00000QyEdpIAF,446114,2025-12-11,,"Salt Lake City, UT","Salt Lake City, UT | Main C 03D",Salt Lake City
a06Ro00000QxxumIAB,446115,2025-12-11,,"Salt Lake City, UT","Salt Lake City, UT | Main C 03D",Salt Lake City
a06Ro00000Qy6TRIAZ,446117,2025-12-11,,"Salt Lake City, UT","Salt Lake City, UT | Main C 03D",Salt Lake City
a06Ro00000QyEynIAF,446119,2025-12-11,,"Salt Lake City, UT","Salt Lake City, UT | Main C 03D",Salt Lake City
a06Ro00000QyF6rIAF,446120,2025-12-11,,"Salt Lake City, UT","Salt Lake City, UT | Main C 03D",Salt Lake City
a06Ro00000QyDHyIAN,446121,2025-12-11,,"Salt Lake City, UT","Salt Lake City, UT | Main C 03D",Salt Lake City
a06Ro00000Qy3vLIAR,446122,2025-12-11,,"Salt Lake City, UT","Salt Lake City, UT | Main C 03D","Salt Lake City, UT"
a06Ro00000QyFObIAN,446123,2025-12-11,,"Salt Lake City, UT","Salt Lake City, UT | Main C 03D","Salt Lake City, UT"
a06Ro00000QyaUfIAJ,446279,2025-12-11,,"Salt Lake City, UT","Salt Lake City, UT | Main C 03D",Salt Lake City
a06Ro00000Qyab7IAB,446282,2025-12-11,,"Salt Lake City, UT","Salt Lake City, UT | Main C 03D",Salt Lake City
a06Ro00000QyQFEIA3,446285,2025-12-11,,"Salt Lake City, UT","Salt Lake City, UT | Main C 03D","Salt Lake City, UT"
a06Ro00000QyasrIAB,446288,2025-12-11,,"Salt Lake City, UT","Salt Lake City, UT | Main C 03D","Salt Lake City, UT"
a06Ro00000QyG1PIAV,446290,2025-12-11,,"Salt Lake City, UT","Salt Lake City, UT | Main C 03D","Salt Lake City, UT"
a06Ro00000Qyb8zIAB,446291,2025-12-11,,"Salt Lake City, UT","Salt Lake City, UT | Main C 03D","Salt Lake City, UT"
a06Ro00000RAw8CIAT,447154,2025-12-11,,"Salt Lake City, UT","Salt Lake City, UT | Main C 03E",
a06Ro00000RBCMTIA5,447156,2025-12-11,,"Salt Lake City, UT","Salt Lake City, UT | Main C 03E",
a06Ro00000RBNPxIAP,447169,2026-04-03,,"Salt Lake City, UT","Salt Lake City, UT | Main D 04C","Salt Lake City, UT"
a06Ro00000RRwbRIAT,448227,2025-12-11,,"Salt Lake City, UT","Salt Lake City, UT | Main C 04C",
a06Ro00000RRwbSIAT,448228,2025-12-11,,"Salt Lake City, UT","Salt Lake City, UT | Main C 04C",
a06Ro00000RRwbTIAT,448229,2025-12-11,,"Salt Lake City, UT","Salt Lake City, UT | Main C 04C",
a06Ro00000RRwbUIAT,448230,2025-12-11,,"Salt Lake City, UT","Salt Lake City, UT | Main C 04C",
a06Ro00000Ra6TxIAJ,448774,2025-12-11,,"Salt Lake City, UT","Salt Lake City, UT | Main C 05C",
a06Ro00000RaSSrIAN,448782,2025-12-11,,"Salt Lake City, UT","Salt Lake City, UT | Main C 04G",
a06Ro00000RcE8rIAF,448867,2025-12-11,,"Salt Lake City, UT","Salt Lake City, UT | Main D 04F","Milwaukee, WI"
a06Ro00000RcEOzIAN,448869,2025-12-11,,"Salt Lake City, UT","Salt Lake City, UT | Main D 04F",
a06Ro00000RcK2zIAF,448879,2025-12-11,,"Salt Lake City, UT","Salt Lake City, UT | Main C 05C",
a06Ro00000RcVEYIA3,448917,2025-12-11,,"Salt Lake City, UT","Salt Lake City, UT | Main D 11D","Salt Lake City, UT"
a06Ro00000Re2rZIAR,449113,2025-12-11,,"Salt Lake City, UT","Salt Lake City, UT | Main C 04A",
a06Ro00000Re3VtIAJ,449115,2025-12-11,,"Salt Lake City, UT","Salt Lake City, UT | Main C 03A",
a06Ro00000RgRfNIAV,449218,2025-12-11,,"Salt Lake City, UT","Salt Lake City, UT | Main D 04B","Salt Lake City, UT"
a06Ro00000RgTyvIAF,449221,2025-12-11,,"Salt Lake City, UT","Salt Lake City, UT | Main C 03D",Salt Lake City
a06Ro00000RgUF3IAN,449224,2025-12-11,,"Salt Lake City, UT","Salt Lake City, UT | Main C 03D",Salt Lake City
a06Ro00000RfuBaIAJ,449229,2025-12-11,,"Salt Lake City, UT","Salt Lake City, UT | Main C 03D","Salt Lake City, UT"
a06Ro00000RgVB7IAN,449230,2025-12-11,,"Salt Lake City, UT","Salt Lake City, UT | Main C 03D",Salt Lake City
a06Ro00000RgVW5IAN,449233,2025-12-11,,"Salt Lake City, UT","Salt Lake City, UT | Main C 03D",Salt Lake City
a06Ro00000RgMZIIA3,449252,2025-12-11,,"Salt Lake City, UT","Salt Lake City, UT | Main C 03D",Salt Lake City
a06Ro00000RgUlLIAV,449255,2025-12-11,,"Salt Lake City, UT","Salt Lake City, UT | Main C 03D",Salt Lake City
a06Ro00000RgIDwIAN,449257,2025-12-11,,"Salt Lake City, UT","Salt Lake City, UT | Main C 03D","Salt Lake City, UT"
a06Ro00000RgSJjIAN,449262,2025-12-11,,"Salt Lake City, UT","Salt Lake City, UT | Main C 03D","Salt Lake City, UT"
a06Ro00000RgdAJIAZ,449293,2025-12-11,,"Salt Lake City, UT","Salt Lake City, UT | Main C 03D",Salt Lake City
a06Ro00000RgnMXIAZ,449296,2025-12-11,,"Salt Lake City, UT","Salt Lake City, UT | Main C 03D","Salt Lake City, UT"
a06Ro00000RgiWYIAZ,449298,2025-12-11,,"Salt Lake City, UT","Salt Lake City, UT | Main C 03D",Salt Lake City
a06Ro00000RgjkNIAR,449302,2025-12-11,,"Salt Lake City, UT","Salt Lake City, UT | Main C 03D",Salt Lake City
a06Ro00000RgktNIAR,449307,2025-12-11,,"Salt Lake City, UT","Salt Lake City, UT | Main C 03D",Salt Lake City
a06Ro00000RgXrJIAV,449309,2025-12-11,,"Salt Lake City, UT","Salt Lake City, UT | Main C 03D",Salt Lake City
a06Ro00000RgoKEIAZ,449312,2025-12-11,,"Salt Lake City, UT","Salt Lake City, UT | Main C 03D","Salt Lake City, UT"
a06Ro00000RgktOIAR,449316,2025-12-11,,"Salt Lake City, UT","Salt Lake City, UT | Main C 03D","Salt Lake City, UT"
a06Ro00000Rhrr7IAB,449473,2025-12-11,,"Salt Lake City, UT","Salt Lake City, UT | Main D 02A",
a06Ro00000RhsGvIAJ,449474,2025-12-11,,"Salt Lake City, UT","Salt Lake City, UT | Main D 02A",
a06Ro00000RhsaHIAR,449476,2025-12-11,,"Salt Lake City, UT","Salt Lake City, UT | Main D 02A",
a06Ro00000RhrRKIAZ,449477,2025-12-11,,"Salt Lake City, UT","Salt Lake City, UT | Main D 02A",
a06Ro00000RhtHpIAJ,449478,2025-12-11,,"Salt Lake City, UT","Salt Lake City, UT | Main D 02A",
a06Ro00000RhmzWIAR,449479,2025-12-11,,"Salt Lake City, UT","Salt Lake City, UT | Main D 02A","Salt Lake City, UT"
a06Ro00000RhuFVIAZ,449480,2025-12-11,,"Salt Lake City, UT","Salt Lake City, UT | Main D 02A",
a06Ro00000RhugvIAB,449481,2025-12-11,,"Salt Lake City, UT","Salt Lake City, UT | Main D 02A",
a06Ro00000Rhv1tIAB,449482,2025-12-11,,"Salt Lake City, UT","Salt Lake City, UT | Main D 02A",
a06Ro00000RhvwLIAR,449483,2025-12-11,,"Salt Lake City, UT","Salt Lake City, UT | Main D 02A",
a06Ro00000RhwfVIAR,449484,2025-12-11,,"Salt Lake City, UT","Salt Lake City, UT | Main D 02A",
a06Ro00000Ri7ZJIAZ,449486,2025-12-11,,"Salt Lake City, UT","Salt Lake City, UT | Main D 02A",
a06Ro00000Ri1osIAB,449487,2025-12-11,,"Salt Lake City, UT","Salt Lake City, UT | Main D 02A",
a06Ro00000Ri1s6IAB,449488,2025-12-11,,"Salt Lake City, UT","Salt Lake City, UT | Main D 02A",
a06Ro00000Ri59KIAR,449490,2025-12-11,,"Salt Lake City, UT","Salt Lake City, UT | Main D 02A",
a06Ro00000Ri9cjIAB,449493,2025-12-11,,"Salt Lake City, UT","Salt Lake City, UT | Main D 02A",
a06Ro00000Ri1daIAB,449494,2025-12-11,,"Salt Lake City, UT","Salt Lake City, UT | Main D 02A",
a06Ro00000Ri8TmIAJ,449496,2025-12-11,,"Salt Lake City, UT","Salt Lake City, UT | Main D 02A",
a06Ro00000RiA5lIAF,449497,2025-12-11,,"Salt Lake City, UT","Salt Lake City, UT | Main D 02A",
a06Ro00000RiANVIA3,449498,2025-12-11,,"Salt Lake City, UT","Salt Lake City, UT | Main D 02A",
a06Ro00000RiAYnIAN,449499,2025-12-11,,"Salt Lake City, UT","Salt Lake City, UT | Main D 02A",
a06Ro00000RiAk5IAF,449500,2025-12-11,,"Salt Lake City, UT","Salt Lake City, UT | Main D 02A",
a06Ro00000RiAybIAF,449501,2025-12-11,,"Salt Lake City, UT","Salt Lake City, UT | Main D 02A",
a06Ro00000RiBTFIA3,449505,2025-12-11,,"Salt Lake City, UT","Salt Lake City, UT | Main D 02A",
a06Ro00000RiBg9IAF,449506,2025-12-11,,"Salt Lake City, UT","Salt Lake City, UT | Main D 02A",
a06Ro00000RiBufIAF,449507,2025-12-11,,"Salt Lake City, UT","Salt Lake City, UT | Main D 02A",
a06Ro00000RiC7ZIAV,449508,2025-12-11,,"Salt Lake City, UT","Salt Lake City, UT | Main D 02A",
a06Ro00000RiCPJIA3,449509,2025-12-11,,"Salt Lake City, UT","Salt Lake City, UT | Main D 02A",
a06Ro00000RiCifIAF,449510,2025-12-11,,"Salt Lake City, UT","Salt Lake City, UT | Main D 02A",
a06Ro00000RiCsLIAV,449511,2025-12-11,,"Salt Lake City, UT","Salt Lake City, UT | Main D 02A",
a06Ro00000RiD3dIAF,449512,2025-12-11,,"Salt Lake City, UT","Salt Lake City, UT | Main D 02A",
a06Ro00000RiCluIAF,449513,2025-12-11,,"Salt Lake City, UT","Salt Lake City, UT | Main D 02A",
a06Ro00000RiDWfIAN,449514,2025-12-11,,"Salt Lake City, UT","Salt Lake City, UT | Main D 02A",
a06Ro00000RiDq1IAF,449515,2025-12-11,,"Salt Lake City, UT","Salt Lake City, UT | Main D 02A",
a06Ro00000RiEEDIA3,449516,2025-12-11,,"Salt Lake City, UT","Salt Lake City, UT | Main D 02A",
a06Ro00000RiEZBIA3,449517,2025-12-11,,"Salt Lake City, UT","Salt Lake City, UT | Main D 02A",
a06Ro00000RiEsXIAV,449518,2025-12-11,,"Salt Lake City, UT","Salt Lake City, UT | Main D 02A",
a06Ro00000RiFAHIA3,449519,2025-12-11,,"Salt Lake City, UT","Salt Lake City, UT | Main D 02A",
a06Ro00000RiFTdIAN,449520,2025-12-11,,"Salt Lake City, UT","Salt Lake City, UT | Main D 02A",
a06Ro00000RiFgXIAV,449521,2025-12-11,,"Salt Lake City, UT","Salt Lake City, UT | Main D 02A",
a06Ro00000RiFztIAF,449522,2025-12-11,,"Salt Lake City, UT","Salt Lake City, UT | Main D 02A",
a06Ro00000RkCGLIA3,449697,2025-12-11,,"Salt Lake City, UT","Salt Lake City, UT | Main D 03A",
a06Ro00000RkChlIAF,449698,2025-12-11,,"Salt Lake City, UT","Salt Lake City, UT | Main D 03A",
a06Ro00000RkDkHIAV,449700,2025-12-11,,"Salt Lake City, UT","Salt Lake City, UT | Main D 03A",
a06Ro00000RkEObIAN,449704,2025-12-11,,"Salt Lake City, UT","Salt Lake City, UT | Main D 03A",
a06Ro00000RkB90IAF,449705,2025-12-11,,"Salt Lake City, UT","Salt Lake City, UT | Main D 03A",
a06Ro00000RkFvnIAF,449720,2025-12-11,,"Salt Lake City, UT","Salt Lake City, UT | Main C 03D",Salt Lake City
a06Ro00000Rk5mlIAB,449722,2025-12-11,,"Salt Lake City, UT","Salt Lake City, UT | Main C 03D","Salt Lake City, UT"
a06Ro00000RkSZeIAN,449760,2025-12-11,,"Salt Lake City, UT","Salt Lake City, UT | Main D 03A",
a06Ro00000RkQzGIAV,449762,2025-12-11,,"Salt Lake City, UT","Salt Lake City, UT | Main D 03A",
a06Ro00000RkVajIAF,449764,2025-12-11,,"Salt Lake City, UT","Salt Lake City, UT | Main D 03A",
a06Ro00000RkWDRIA3,449766,2025-12-11,,"Salt Lake City, UT","Salt Lake City, UT | Main D 03A",
a06Ro00000RkWTZIA3,449767,2025-12-11,,Shipping,Shipping,"Salt Lake City, UT"
a06Ro00000RkCmfIAF,449768,2025-12-11,,"Salt Lake City, UT","Salt Lake City, UT | Main D 03A",
a06Ro00000RkX6HIAV,449769,2025-12-11,,"Salt Lake City, UT","Salt Lake City, UT | Main D 03A",
a06Ro00000RkXPdIAN,449770,2025-12-11,,"Salt Lake City, UT","Salt Lake City, UT | Main D 03A",
a06Ro00000RkG8hIAF,449771,2025-12-11,,"Salt Lake City, UT","Salt Lake City, UT | Main D 03A",
a06Ro00000RkYiHIAV,449772,2025-12-11,,"Salt Lake City, UT","Salt Lake City, UT | Main D 03A",
a06Ro00000RkZ3FIAV,449773,2025-12-11,,"Salt Lake City, UT","Salt Lake City, UT | Main D 03A",
a06Ro00000RkZUfIAN,449774,2025-12-11,,"Salt Lake City, UT","Salt Lake City, UT | Main D 03A",
a06Ro00000RkZmPIAV,449775,2025-12-11,,"Salt Lake City, UT","Salt Lake City, UT | Main D 03A",
a06Ro00000RkYdSIAV,449776,2025-12-11,,"Salt Lake City, UT","Salt Lake City, UT | Main D 03A",
a06Ro00000RkawzIAB,449777,2025-12-11,,"Salt Lake City, UT","Salt Lake City, UT | Main D 03A",
a06Ro00000RkbQ1IAJ,449779,2025-12-11,,"Salt Lake City, UT","Salt Lake City, UT | Main D 03A",
a06Ro00000RkbufIAB,449780,2025-12-11,,"Salt Lake City, UT","Salt Lake City, UT | Main D 03A",
a06Ro00000RkcFdIAJ,449781,2025-12-11,,"Salt Lake City, UT","Salt Lake City, UT | Main D 03A",
a06Ro00000RkZpeIAF,449782,2025-12-11,,"Salt Lake City, UT","Salt Lake City, UT | Main D 03A",
a06Ro00000RkcifIAB,449783,2025-12-11,,"Salt Lake City, UT","Salt Lake City, UT | Main D 03A",
a06Ro00000Rkd5FIAR,449784,2025-12-11,,"Salt Lake City, UT","Salt Lake City, UT | Main D 03A",
a06Ro00000RkdJlIAJ,449785,2025-12-11,,"Salt Lake City, UT","Salt Lake City, UT | Main D 03A",
a06Ro00000RkdZtIAJ,449786,2025-12-11,,"Salt Lake City, UT","Salt Lake City, UT | Main D 03A",
a06Ro00000RktunIAB,449817,2025-12-11,,"Salt Lake City, UT","Salt Lake City, UT | Main D 03A",
a06Ro00000RkwUTIAZ,449820,2025-12-11,,"Salt Lake City, UT","Salt Lake City, UT | Main D 03A",
a06Ro00000RkwvtIAB,449821,2025-12-11,,"Salt Lake City, UT","Salt Lake City, UT | Main D 03A",
a06Ro00000RkxS9IAJ,449823,2025-12-11,,"Salt Lake City, UT","Salt Lake City, UT | Main D 03A",
a06Ro00000Rky85IAB,449827,2025-12-11,,"Salt Lake City, UT","Salt Lake City, UT | Main D 03A",
a06Ro00000RkvgVIAR,449831,2025-12-11,,"Salt Lake City, UT","Salt Lake City, UT | Main D 03A",
a06Ro00000RkzH3IAJ,449833,2025-12-11,,"Salt Lake City, UT","Salt Lake City, UT | Main D 03A",
a06Ro00000RkzaPIAR,449837,2025-12-11,,"Salt Lake City, UT","Salt Lake City, UT | Main D 03A",
a06Ro00000Rkzs9IAB,449840,2025-12-11,,"Salt Lake City, UT","Salt Lake City, UT | Main D 03A",
a06Ro00000RkizOIAR,449841,2025-12-11,,"Salt Lake City, UT","Salt Lake City, UT | Main D 03A",
a06Ro00000RkvmwIAB,449847,2025-12-11,,"Salt Lake City, UT","Salt Lake City, UT | Main D 03A",
a06Ro00000Rl3VxIAJ,449849,2025-12-11,,"Salt Lake City, UT","Salt Lake City, UT | Main D 03A",
a06Ro00000Rl3qvIAB,449853,2025-12-11,,"Salt Lake City, UT","Salt Lake City, UT | Main D 03A",
a06Ro00000Rklh9IAB,449855,2025-12-11,,"Salt Lake City, UT","Salt Lake City, UT | Main D 03A",
a06Ro00000RkufbIAB,449856,2025-12-11,,"Salt Lake City, UT","Salt Lake City, UT | Main D 03A",
a06Ro00000Rl4VFIAZ,449857,2025-12-11,,"Salt Lake City, UT","Salt Lake City, UT | Main D 03A",
a06Ro00000Rl51VIAR,449858,2025-12-11,,"Salt Lake City, UT","Salt Lake City, UT | Main D 03A",
a06Ro00000Rl5JFIAZ,449861,2025-12-11,,"Salt Lake City, UT","Salt Lake City, UT | Main D 03A",
a06Ro00000Rl5RJIAZ,449862,2025-12-11,,"Salt Lake City, UT","Salt Lake City, UT | Main D 03A",
a06Ro00000Rl0gDIAR,449863,2025-12-11,,"Salt Lake City, UT","Salt Lake City, UT | Main D 03A","Salt Lake City, UT"
a06Ro00000Rl6gjIAB,449866,2025-12-11,,"Salt Lake City, UT","Salt Lake City, UT | Main D 03A","Salt Lake City, UT"
a06Ro00000RrGtVIAV,450177,2025-12-11,,"Salt Lake City, UT","Salt Lake City, UT | Main C 03B",
a06Ro00000RuWX7IAN,450516,2025-12-11,,"Salt Lake City, UT","Salt Lake City, UT | Main C 05B","Salt Lake City, UT"
a06Ro00000Ruh9BIAR,450519,2025-12-11,,"Salt Lake City, UT","Salt Lake City, UT | Main C 09B","Salt Lake City, UT"
a06Ro00000RuhE1IAJ,450520,2025-12-11,,"Salt Lake City, UT","Salt Lake City, UT | Main C 09B",Salt Lake City
a06Ro00000S3gDtIAJ,451174,2025-12-11,,"Salt Lake City, UT","Salt Lake City, UT | Main C 01A",
a06Ro00000S3mftIAB,451179,2025-12-11,,"Salt Lake City, UT","Salt Lake City, UT | Main C 01A",
a06Ro00000S3zreIAB,451208,2025-12-11,,"Salt Lake City, UT","Salt Lake City, UT | Main C 02B",
a06Ro00000S3wkBIAR,451209,2025-12-11,,"Salt Lake City, UT","Salt Lake City, UT | Main C 02B",
a06Ro00000S48zlIAB,451210,2025-12-11,,"Salt Lake City, UT","Salt Lake City, UT | Main C 02B",
a06Ro00000S499RIAR,451211,2025-12-11,,"Salt Lake City, UT","Salt Lake City, UT | Main C 02B","Salt Lake City, UT"
a06Ro00000S9j5pIAB,451357,2025-12-11,,"Salt Lake City, UT","Salt Lake City, UT | Main D 03F",Salt Lake City
a06Ro00000S9jFVIAZ,451358,2025-12-11,,"Salt Lake City, UT","Salt Lake City, UT | Main D 03F",Salt Lake City
a06Ro00000S9jPBIAZ,451359,2025-12-11,,"Salt Lake City, UT","Salt Lake City, UT | Main D 03F",Salt Lake City
a06Ro00000S9jYrIAJ,451360,2025-12-11,,"Salt Lake City, UT","Salt Lake City, UT | Main D 03F",Salt Lake City
a06Ro00000SHpqnIAD,451947,2025-12-11,,"Salt Lake City, UT","Salt Lake City, UT | Main C 03A",
a06Ro00000SO3PhIAL,452585,2025-12-11,,"Salt Lake City, UT","Salt Lake City, UT | Main D 14D",
a06Ro00000SOITVIA5,452607,2025-12-11,,"Salt Lake City, UT","Salt Lake City, UT | Main D 03D",Salt Lake City
a06Ro00000SOo1xIAD,452666,2025-12-11,,"Salt Lake City, UT","Salt Lake City, UT | Main D 03D",Salt Lake City
a06Ro00000SOo8PIAT,452667,2025-12-11,,"Salt Lake City, UT","Salt Lake City, UT | Main D 03D",Salt Lake City
a06Ro00000SUR97IAH,452960,2025-12-11,,"Salt Lake City, UT","Salt Lake City, UT | Main D 09B",
a06Ro00000SYA1iIAH,453441,2025-12-11,,"Salt Lake City, UT","Salt Lake City, UT | Main D 02F",Salt Lake City
a06Ro00000SYAWIIA5,453443,2025-12-11,,"Salt Lake City, UT","Salt Lake City, UT | Main D 02F",Salt Lake City
a06Ro00000SYRbxIAH,453446,2025-12-11,,"Salt Lake City, UT","Salt Lake City, UT | Main D 02F",Salt Lake City
a06Ro00000SYRorIAH,453448,2025-12-11,,"Salt Lake City, UT","Salt Lake City, UT | Main D 02F",Salt Lake City
a06Ro00000SYhtfIAD,453491,2025-12-11,,"Salt Lake City, UT","Salt Lake City, UT | Main C 02B",
a06Ro00000SYuMEIA1,453495,2025-12-11,,"Salt Lake City, UT","Salt Lake City, UT | Main C 02B",
a06Ro00000Sa4rNIAR,453561,2025-12-11,,"Salt Lake City, UT","Salt Lake City, UT | Main D 02D",Salt Lake City
a06Ro00000Sa52fIAB,453563,2025-12-11,,"Salt Lake City, UT","Salt Lake City, UT | Main D 02D",Salt Lake City
a06Ro00000Sa55tIAB,453564,2025-12-11,,"Salt Lake City, UT","Salt Lake City, UT | Main D 02D",Salt Lake City
a06Ro00000Sa5DxIAJ,453565,2025-12-11,,"Salt Lake City, UT","Salt Lake City, UT | Main D 02D",Salt Lake City
a06Ro00000Sa5PFIAZ,453566,2025-12-11,,"Salt Lake City, UT","Salt Lake City, UT | Main D 02D",Salt Lake City
a06Ro00000Sda0HIAR,453888,2025-12-11,,"Salt Lake City, UT","Salt Lake City, UT | Main D 11A",
a06Ro00000Se7STIAZ,453912,2025-12-11,,"Salt Lake City, UT","Salt Lake City, UT | Main C 05A",
a06Ro00000SgYzeIAF,454217,2025-12-11,,"Salt Lake City, UT","Salt Lake City, UT | Main C 03A","Salt Lake City, UT"
a06Ro00000SgOAgIAN,454219,2025-12-11,,"Salt Lake City, UT","Salt Lake City, UT | Main C 03A",Salt Lake City
a06Ro00000SgpQzIAJ,454220,2025-12-11,,"Salt Lake City, UT","Salt Lake City, UT | Main C 03A",Salt Lake City
a06Ro00000SgpxFIAR,454224,2025-12-11,,"Salt Lake City, UT","Salt Lake City, UT | Main C 03A",Salt Lake City
a06Ro00000Sgs77IAB,454228,2025-12-11,,"Salt Lake City, UT","Salt Lake City, UT | Main C 03A",Salt Lake City
a06Ro00000SgUZSIA3,454229,2025-12-11,,"Salt Lake City, UT","Salt Lake City, UT | Main C 03A",Salt Lake City
a06Ro00000SgsNFIAZ,454231,2025-12-11,,"Salt Lake City, UT","Salt Lake City, UT | Main C 03A",Salt Lake City
a06Ro00000SgsblIAB,454232,2025-12-11,,"Salt Lake City, UT","Salt Lake City, UT | Main C 03A",Salt Lake City
a06Ro00000Sgt3BIAR,454234,2025-12-11,,"Salt Lake City, UT","Salt Lake City, UT | Main C 03A",Salt Lake City
a06Ro00000SgrZGIAZ,454236,2025-12-11,,"Salt Lake City, UT","Salt Lake City, UT | Main C 03A",Salt Lake City
a06Ro00000Ss2fpIAB,454911,2025-12-11,,"Salt Lake City, UT","Salt Lake City, UT | Main D 03C",
a06Ro00000Ss3dVIAR,454913,2025-12-11,,"Salt Lake City, UT","Salt Lake City, UT | Main D 03C","Salt Lake City, UT"
a06Ro00000Ss8LRIAZ,454918,2025-12-11,,"Salt Lake City, UT","Salt Lake City, UT | Main D 03C",
a06Ro00000T0dLiIAJ,455968,2025-12-11,,"Salt Lake City, UT","Salt Lake City, UT | Main D 13C","Milwaukee, WI"
a06Ro00000T2VtRIAV,456239,2025-12-11,,Shipping,Shipping,"Salt Lake City, UT"
a06Ro00000T2WEPIA3,456240,2025-12-11,,"Salt Lake City, UT","Salt Lake City, UT | Main D 03B",
a06Ro00000T2X5dIAF,456242,2025-12-11,,"Salt Lake City, UT","Salt Lake City, UT | Main D 03B",
a06Ro00000T2XX3IAN,456243,2025-12-11,,"Salt Lake City, UT","Salt Lake City, UT | Main D 03B",
a06Ro00000T2XLmIAN,456244,2025-12-11,,"Salt Lake City, UT","Salt Lake City, UT | Main D 03B",
a06Ro00000T46r4IAB,456390,2025-12-11,,"Salt Lake City, UT","Salt Lake City, UT | Main D 03B",
a06Ro00000T41hhIAB,456394,2025-12-11,,"Salt Lake City, UT","Salt Lake City, UT | Main D 03B",
a06Ro00000T3xUJIAZ,456397,2025-12-11,,"Salt Lake City, UT","Salt Lake City, UT | Main D 03B",
a06Ro00000T4CoIIAV,456403,2025-12-11,,"Salt Lake City, UT","Salt Lake City, UT | Main D 03B",
a06Ro00000T3dYuIAJ,456416,2025-12-11,,"Salt Lake City, UT","Salt Lake City, UT | Main D 03B",
a06Ro00000T4MfZIAV,456418,2025-12-11,,"Salt Lake City, UT","Salt Lake City, UT | Main D 03B",
a06Ro00000T46UOIAZ,456421,2025-12-11,,"Salt Lake City, UT","Salt Lake City, UT | Main D 03B",
a06Ro00000T4NN7IAN,456423,2025-12-11,,"Salt Lake City, UT","Salt Lake City, UT | Main D 03B",
a06Ro00000T4owqIAB,456486,2025-12-11,,"Salt Lake City, UT","Salt Lake City, UT | Main D 04G",
a06Ro00000T5oxxIAB,456530,2025-12-11,,"Salt Lake City, UT","Salt Lake City, UT | Main C 02H",
a06Ro00000T5kZQIAZ,456531,2025-12-11,,"Salt Lake City, UT","Salt Lake City, UT | Main C 02H",
a06Ro00000TAfcIIAT,456719,2025-12-11,,"Salt Lake City, UT","Salt Lake City, UT | Main C 02H","Salt Lake City, UT"
a06Ro00000TEPp3IAH,457038,2025-12-11,,"Salt Lake City, UT","Salt Lake City, UT | Main D 03E",
a06Ro00000TEQd3IAH,457039,2025-12-11,,"Salt Lake City, UT","Salt Lake City, UT | Main D 03E",
a06Ro00000TEOL8IAP,457042,2025-12-11,,"Salt Lake City, UT","Salt Lake City, UT | Main D 03E",
a06Ro00000TES29IAH,457044,2025-12-11,,"Salt Lake City, UT","Salt Lake City, UT | Main D 03E",
a06Ro00000TESVBIA5,457046,2025-12-11,,"Salt Lake City, UT","Salt Lake City, UT | Main D 03E",
a06Ro00000TENbyIAH,457047,2025-12-11,,"Salt Lake City, UT","Salt Lake City, UT | Main D 03E",
a06Ro00000TETRFIA5,457049,2025-12-11,,"Salt Lake City, UT","Salt Lake City, UT | Main D 03E",
a06Ro00000TEOD4IAP,457050,2025-12-11,,"Salt Lake City, UT","Salt Lake City, UT | Main D 03E","Salt Lake City, UT"
a06Ro00000TH3tfIAD,457224,2025-12-11,,"Salt Lake City, UT","Salt Lake City, UT | Main C 01D",
a06Ro00000THCX7IAP,457225,2025-12-11,,"Salt Lake City, UT","Salt Lake City, UT | Main C 01D",
a06Ro00000THCldIAH,457226,2025-12-11,,"Salt Lake City, UT","Salt Lake City, UT | Main C 01D",
a06Ro00000THDZdIAP,457229,2025-12-11,,"Salt Lake City, UT","Salt Lake City, UT | Main C 01D",
a06Ro00000TGrcRIAT,457230,2025-12-11,,"Salt Lake City, UT","Salt Lake City, UT | Main C 01D","Salt Lake City, UT"
a06Ro00000THTkrIAH,457275,2025-12-11,,"Salt Lake City, UT","Salt Lake City, UT | Main D 04B",Salt Lake City
a06Ro00000TLWIjIAP,457593,2025-12-11,,"Salt Lake City, UT","Salt Lake City, UT | Main C 02A",
a06Ro00000TLWKLIA5,457594,2025-12-11,,"Salt Lake City, UT","Salt Lake City, UT | Main C 02A",
a06Ro00000TMdGaIAL,457634,2026-03-20,,"Salt Lake City, UT","Salt Lake City, UT | Main D 07A",
a06Ro00000TMvwbIAD,457645,2025-12-11,,"Salt Lake City, UT","Salt Lake City, UT | Main D 09A",
a06Ro00000TN2ZtIAL,457668,2025-12-11,,"Salt Lake City, UT","Salt Lake City, UT | Main D 07A",
a06Ro00000TMpWEIA1,457672,2025-12-11,,"Salt Lake City, UT","Salt Lake City, UT | Main D 07A",
a06Ro00000TNAsPIAX,457673,2025-12-11,,"Salt Lake City, UT","Salt Lake City, UT | Main D 07A",
a06Ro00000TNHDxIAP,457677,2025-12-11,,"Salt Lake City, UT","Salt Lake City, UT | Main D 15A",
a06Ro00000TNII5IAP,457678,2025-12-11,,"Salt Lake City, UT","Salt Lake City, UT | Main D 15B","Milwaukee, WI"
a06Ro00000TNJ2rIAH,457680,2025-12-11,,"Salt Lake City, UT","Salt Lake City, UT | Main D 15B",
a06Ro00000TNOgrIAH,457687,2025-12-11,,"Salt Lake City, UT","Salt Lake City, UT | Main D 12B",
a06Ro00000TNVSDIA5,457697,2025-12-11,,"Salt Lake City, UT","Salt Lake City, UT | Main D 12B",
a06Ro00000TNXllIAH,457701,2025-12-11,,"Salt Lake City, UT","Salt Lake City, UT | Main D 15B",
a06Ro00000TNOXCIA5,457702,2025-12-11,,"Salt Lake City, UT","Salt Lake City, UT | Main D 15B",
a06Ro00000TNdcfIAD,457706,2025-12-11,,"Salt Lake City, UT","Salt Lake City, UT | Main D 07D",
a06Ro00000TNGWRIA5,457707,2025-12-11,,"Salt Lake City, UT","Salt Lake City, UT | Main D 08D",
a06Ro00000TNiXVIA1,457708,2025-12-11,,"Salt Lake City, UT","Salt Lake City, UT | Main D 08D",
a06Ro00000TNjoXIAT,457714,2025-12-11,,"Salt Lake City, UT","Salt Lake City, UT | Main D 07D",
a06Ro00000TNMvEIAX,457719,2025-12-11,,"Salt Lake City, UT","Salt Lake City, UT | Main D 07D",
a06Ro00000TNd3DIAT,457720,2025-12-11,,"Salt Lake City, UT","Salt Lake City, UT | Main D 07D",
a06Ro00000TNmclIAD,457721,2025-12-11,,"Salt Lake City, UT","Salt Lake City, UT | Main D 07B",
a06Ro00000TNqA5IAL,457722,2025-12-11,,"Salt Lake City, UT","Salt Lake City, UT | Main D 07B",
a06Ro00000TNineIAD,457723,2025-12-11,,"Salt Lake City, UT","Salt Lake City, UT | Main D 07B",
a06Ro00000TO4ZiIAL,457731,2025-12-11,,"Salt Lake City, UT","Salt Lake City, UT | Main D 08F",
a06Ro00000TT0yPIAT,457918,2025-12-11,,"Salt Lake City, UT","Salt Lake City, UT | Main D 09G",
a06Ro00000TT8BEIA1,457950,2025-12-11,,"Salt Lake City, UT","Salt Lake City, UT | Main D 08E","Milwaukee, WI"
a06Ro00000TTH6PIAX,457958,2025-12-11,,"Salt Lake City, UT","Salt Lake City, UT | Main D 12F",
a06Ro00000TTIP3IAP,457963,2025-12-11,,"Salt Lake City, UT","Salt Lake City, UT | Main D 08G",
a06Ro00000TTK4IIAX,457967,2025-12-11,,"Salt Lake City, UT","Salt Lake City, UT | Main D 08G",
a06Ro00000TTNlJIAX,457970,2025-12-11,,"Salt Lake City, UT","Salt Lake City, UT | Main C 02A",
a06Ro00000TTPiHIAX,457974,2025-12-11,,"Salt Lake City, UT","Salt Lake City, UT | Main C 02A","Salt Lake City, UT"
a06Ro00000TTPjtIAH,457975,2025-12-11,,"Salt Lake City, UT","Salt Lake City, UT | Main D 09G",
a06Ro00000TTT9BIAX,457983,2025-12-11,,"Salt Lake City, UT","Salt Lake City, UT | Main D 12F",
a06Ro00000TTTxBIAX,457985,2025-12-11,,"Salt Lake City, UT","Salt Lake City, UT | Main D 15D",
a06Ro00000TTc2nIAD,457993,2025-12-11,,"Salt Lake City, UT","Salt Lake City, UT | Main D 10C",
a06Ro00000TTdlGIAT,458003,2025-12-11,,Shipping,Shipping,"Salt Lake City, UT"
a06Ro00000TTo0jIAD,458009,2025-12-11,,"Salt Lake City, UT","Salt Lake City, UT | Main D 13B",
a06Ro00000TTiGIIA1,458010,2025-12-11,,"Salt Lake City, UT","Salt Lake City, UT | Main D 12D",
a06Ro00000TUEUgIAP,458028,2025-12-11,,"Salt Lake City, UT","Salt Lake City, UT | Main D 08A","Milwaukee, WI"
a06Ro00000TUWo9IAH,458046,2025-12-11,,"Salt Lake City, UT","Salt Lake City, UT | Main D 08A",
a06Ro00000TUNzOIAX,458048,2025-12-11,,"Salt Lake City, UT","Salt Lake City, UT | Main D 08D",
a06Ro00000TUnk9IAD,458054,2025-12-11,,"Salt Lake City, UT","Salt Lake City, UT | Main D 08E",
a06Ro00000TUzi5IAD,458083,2025-12-11,,"Salt Lake City, UT","Salt Lake City, UT | Main D 04B","Milwaukee, WI"
a06Ro00000TWbrnIAD,458193,2025-12-11,,"Salt Lake City, UT","Salt Lake City, UT | Main D 14E",Salt Lake City
a06Ro00000Tg7ScIAJ,458919,2025-12-11,,"Salt Lake City, UT","Salt Lake City, UT | Main C 07B",
a06Ro00000TgSQbIAN,458959,2025-12-11,,"Salt Lake City, UT","Salt Lake City, UT | Main D 12B",
a06Ro00000ThKijIAF,459019,2025-12-11,,"Salt Lake City, UT","Salt Lake City, UT | Main D 13D","Salt Lake City, UT"
a06Ro00000TjVerIAF,459196,2025-12-11,,"Salt Lake City, UT","Salt Lake City, UT | Main D 15A","Salt Lake City, UT"
a06Ro00000TjjMrIAJ,459220,2025-12-11,,"Salt Lake City, UT","Salt Lake City, UT | Main D 03F",Salt Lake City
a06Ro00000TjjmfIAB,459221,2025-12-11,,"Salt Lake City, UT","Salt Lake City, UT | Main D 03F",Salt Lake City
a06Ro00000TjjujIAB,459224,2025-12-11,,"Salt Lake City, UT","Salt Lake City, UT | Main D 16B",Salt Lake City
a06Ro00000Tju29IAB,459239,2025-12-11,,"Salt Lake City, UT","Salt Lake City, UT | Main C 06D",
a06Ro00000Tjua1IAB,459241,2025-12-11,,"Salt Lake City, UT","Salt Lake City, UT | Main C 06D",
a06Ro00000TjvRFIAZ,459242,2025-12-11,,"Salt Lake City, UT","Salt Lake City, UT | Main C 06D",
a06Ro00000TjwDdIAJ,459244,2025-12-11,,"Salt Lake City, UT","Salt Lake City, UT | Main C 06D",
a06Ro00000TjwS9IAJ,459245,2025-12-11,,"Salt Lake City, UT","Salt Lake City, UT | Main C 06D",
a06Ro00000TjrYwIAJ,459247,2025-12-11,,"Salt Lake City, UT","Salt Lake City, UT | Main C 06D",
a06Ro00000TjwtaIAB,459250,2025-12-11,,"Salt Lake City, UT","Salt Lake City, UT | Main C 06D",
a06Ro00000TjyLtIAJ,459252,2025-12-11,,"Salt Lake City, UT","Salt Lake City, UT | Main C 06D",
a06Ro00000TjyaPIAR,459253,2025-12-11,,"Salt Lake City, UT","Salt Lake City, UT | Main C 06D",
a06Ro00000Tjn3uIAB,459254,2025-12-11,,"Salt Lake City, UT","Salt Lake City, UT | Main C 06D",
a06Ro00000TrAdFIAV,459534,2025-12-11,,"Salt Lake City, UT","Salt Lake City, UT | Main D 08A",
a06Ro00000TwmMvIAJ,459908,2025-12-11,,"Salt Lake City, UT","Salt Lake City, UT | Main D 04G",
a06Ro00000TwmhtIAB,459909,2025-12-11,,"Salt Lake City, UT","Salt Lake City, UT | Main D 04G",
a06Ro00000TwzATIAZ,459923,2025-12-11,,"Salt Lake City, UT","Salt Lake City, UT | Main C 03C",
a06Ro00000TzBHBIA3,460084,2025-12-11,,"Salt Lake City, UT","Salt Lake City, UT | Main D 05B",
a06Ro00000TzBNdIAN,460085,2025-12-11,,"Salt Lake City, UT","Salt Lake City, UT | Main D 05B",
a06Ro00000U0dMfIAJ,460327,2025-12-11,,"Salt Lake City, UT","Salt Lake City, UT | Main D 11D","Salt Lake City, UT"
a06Ro00000U1BJVIA3,460376,2025-12-11,,"Salt Lake City, UT","Salt Lake City, UT | Main D 14F","Salt Lake City, UT"
a06Ro00000U3T7RIAV,460585,2025-12-11,,"Salt Lake City, UT","Salt Lake City, UT | Main C 14C","Salt Lake City, UT"
a06Ro00000U5WysIAF,460757,2025-12-11,,"Salt Lake City, UT","Salt Lake City, UT | Main C 02H",
a06Ro00000U83U5IAJ,460928,2025-12-11,,"Salt Lake City, UT","Salt Lake City, UT | Main D 18B","Milwaukee, WI"
a06Ro00000U8jRiIAJ,461034,2025-12-11,,"Salt Lake City, UT","Salt Lake City, UT | Main C 03B",
a06Ro00000U91EvIAJ,461035,2025-12-11,,"Salt Lake City, UT","Salt Lake City, UT | Main C 05B",
a06Ro00000UHcxGIAT,461582,2025-12-11,,"Salt Lake City, UT","Salt Lake City, UT | Main C 14D",Salt Lake City
a06Ro00000UHrZhIAL,461585,2025-12-11,,"Salt Lake City, UT","Salt Lake City, UT | Main C 14D",Salt Lake City
a06Ro00000UHsXNIA1,461586,2025-12-11,,"Salt Lake City, UT","Salt Lake City, UT | Main C 14D",Salt Lake City
a06Ro00000UHqP8IAL,461589,2025-12-11,,"Salt Lake City, UT","Salt Lake City, UT | Main C 14D",Salt Lake City
a06Ro00000UHw9ZIAT,461592,2025-12-11,,"Salt Lake City, UT","Salt Lake City, UT | Main C 14D","Salt Lake City, UT"
a06Ro00000UHkMwIAL,461593,2025-12-11,,"Salt Lake City, UT","Salt Lake City, UT | Main C 14D","Salt Lake City, UT"
a06Ro00000UKb73IAD,461833,2025-12-11,,"Salt Lake City, UT","Salt Lake City, UT | Main C 13B",
a06Ro00000UL0yDIAT,461880,2025-12-11,,"Salt Lake City, UT","Salt Lake City, UT | Main D 02C","Salt Lake City, UT"
a06Ro00000ULDaUIAX,461924,2025-12-11,,"Salt Lake City, UT","Salt Lake City, UT | Main D 02B",Salt Lake City
a06Ro00000ULH4bIAH,461927,2025-12-11,,"Salt Lake City, UT","Salt Lake City, UT | Main D 02B",Salt Lake City
a06Ro00000UL7JnIAL,461928,2025-12-11,,"Salt Lake City, UT","Salt Lake City, UT | Main D 02B",Salt Lake City
a06Ro00000ULG8YIAX,461929,2025-12-11,,"Salt Lake City, UT","Salt Lake City, UT | Main D 02B",Salt Lake City
a06Ro00000UKuw7IAD,461930,2025-12-11,,"Salt Lake City, UT","Salt Lake City, UT | Main D 02B",Salt Lake City
a06Ro00000ULHkXIAX,461931,2025-12-11,,"Salt Lake City, UT","Salt Lake City, UT | Main D 02B",Salt Lake City
a06Ro00000ULI3tIAH,461932,2025-12-11,,"Salt Lake City, UT","Salt Lake City, UT | Main D 02B",Salt Lake City
a06Ro00000ULFagIAH,461934,2025-12-11,,"Salt Lake City, UT","Salt Lake City, UT | Main D 02B",Salt Lake City
a06Ro00000ULJKvIAP,461935,2025-12-11,,"Salt Lake City, UT","Salt Lake City, UT | Main D 02B",Salt Lake City
a06Ro00000ULU8HIAX,461956,2025-12-11,,"Salt Lake City, UT","Salt Lake City, UT | Main D 03A",Salt Lake City
a06Ro00000ULBGwIAP,461957,2025-12-11,,"Salt Lake City, UT","Salt Lake City, UT | Main D 03A",Salt Lake City
a06Ro00000ULUZhIAP,461958,2025-12-11,,"Salt Lake City, UT","Salt Lake City, UT | Main D 03A",Salt Lake City
a06Ro00000ULUwHIAX,461959,2025-12-11,,"Salt Lake City, UT","Salt Lake City, UT | Main D 03A",Salt Lake City
a06Ro00000ULVE1IAP,461960,2025-12-11,,"Salt Lake City, UT","Salt Lake City, UT | Main D 03A",Salt Lake City
a06Ro00000ULKfGIAX,461962,2025-12-11,,"Salt Lake City, UT","Salt Lake City, UT | Main D 03A",Salt Lake City
a06Ro00000USURmIAP,462642,2025-12-11,,"Salt Lake City, UT","Salt Lake City, UT | Main C 01E",
a06Ro00000USkkzIAD,462649,2025-12-11,,"Salt Lake City, UT","Salt Lake City, UT | Main C 01E",
a06Ro00000UT12fIAD,462710,2025-12-11,,"Salt Lake City, UT","Salt Lake City, UT | Main D 01D",
a06Ro00000UT0xqIAD,462711,2025-12-11,,"Salt Lake City, UT","Salt Lake City, UT | Main C 02E",
a06Ro00000UT2YDIA1,462712,2025-12-11,,"Salt Lake City, UT","Salt Lake City, UT | Main C 02E",
a06Ro00000UYzkXIAT,463032,2025-12-11,,"Salt Lake City, UT","Salt Lake City, UT | Main D 01D",
a06Ro00000UYzxRIAT,463033,2025-12-11,,"Salt Lake City, UT","Salt Lake City, UT | Main D 01D",
a06Ro00000UZ1HhIAL,463037,2025-12-11,,"Salt Lake City, UT","Salt Lake City, UT | Main C 02G",
a06Ro00000UbMptIAF,463267,2025-12-11,,"Salt Lake City, UT","Salt Lake City, UT | Main C 02F",
a06Ro00000UbbP7IAJ,463314,2026-03-13,,"Salt Lake City, UT","Salt Lake City, UT | Main D 18A",
a06Ro00000UbydRIAR,463331,2025-12-11,,"Salt Lake City, UT","Salt Lake City, UT | Main C 11C",
a06Ro00000Ubz02IAB,463333,2025-12-11,,"Salt Lake City, UT","Salt Lake City, UT | Main C 11C",
a06Ro00000Ubow4IAB,463336,2025-12-11,,"Salt Lake City, UT","Salt Lake City, UT | Main C 13B",
a06Ro00000Uc2CPIAZ,463338,2025-12-11,,"Salt Lake City, UT","Salt Lake City, UT | Main C 11C",
a06Ro00000Uc2sLIAR,463339,2025-12-11,,"Salt Lake City, UT","Salt Lake City, UT | Main C 13C","Milwaukee, WI"
a06Ro00000Uc3jZIAR,463340,2025-12-11,,"Salt Lake City, UT","Salt Lake City, UT | Main C 03C","Fishers, IN"
a06Ro00000UdF5zIAF,463413,2025-12-11,,"Salt Lake City, UT","Salt Lake City, UT | Main C 04B",
a06Ro00000Ue68fIAB,463568,2025-12-11,,"Salt Lake City, UT","Salt Lake City, UT | Main C 02C",
a06Ro00000Udlp2IAB,463569,2025-12-11,,"Salt Lake City, UT","Salt Lake City, UT | Main C 02C","Salt Lake City, UT"
a06Ro00000UeGXtIAN,463639,2025-12-11,,"Salt Lake City, UT","Salt Lake City, UT | Main C 03F",
a06Ro00000UecJqIAJ,463640,2025-12-11,,"Salt Lake City, UT","Salt Lake City, UT | Main C 03F",
a06Ro00000UefSzIAJ,463641,2025-12-11,,"Salt Lake City, UT","Salt Lake City, UT | Main C 03F",
a06Ro00000Uf5GzIAJ,463665,2025-12-11,,"Salt Lake City, UT","Salt Lake City, UT | Main C 02B",
a06Ro00000UpnobIAB,464465,2025-12-11,,"Salt Lake City, UT","Salt Lake City, UT | Main C 02G",
a06Ro00000Upq9nIAB,464488,2025-12-11,,"Salt Lake City, UT","Salt Lake City, UT | Main C 04D",
a06Ro00000UpcrcIAB,464495,2025-12-11,,"Salt Lake City, UT","Salt Lake City, UT | Main C 05A",
a06Ro00000UpyYkIAJ,464497,2025-12-11,,"Salt Lake City, UT","Salt Lake City, UT | Main C 03A",
a06Ro00000Ur2TqIAJ,464643,2025-12-11,,"Salt Lake City, UT","Salt Lake City, UT | Main C 06B",
a06Ro00000UrEy5IAF,464701,2025-12-11,,"Salt Lake City, UT","Salt Lake City, UT | Main C 14C",
a06Ro00000UrWtKIAV,464702,2025-12-11,,"Salt Lake City, UT","Salt Lake City, UT | Main C 14C",
a06Ro00000UrGWqIAN,464703,2025-12-11,,"Salt Lake City, UT","Salt Lake City, UT | Main C 14C",
a06Ro00000UsGL5IAN,464922,2025-12-11,,"Salt Lake City, UT","Salt Lake City, UT | Main C 06B",
a06Ro00000Us7hdIAB,464927,2025-12-11,,"Salt Lake City, UT","Salt Lake City, UT | Main C 06B",
a06Ro00000UuJmgIAF,465161,2025-12-11,,"Salt Lake City, UT","Salt Lake City, UT | Main C 06B",
a06Ro00000UyBLtIAN,465600,2025-12-11,,"Salt Lake City, UT","Salt Lake City, UT | Main D 05D",
a06Ro00000UxvqhIAB,465602,2025-12-11,,"Salt Lake City, UT","Salt Lake City, UT | Main D 05D",
a06Ro00000UyBCEIA3,465604,2025-12-11,,"Salt Lake City, UT","Salt Lake City, UT | Main D 05D",
a06Ro00000UyCJZIA3,465606,2026-03-20,,"Salt Lake City, UT","Salt Lake City, UT | Main D 05D",
a06Ro00000UxtQcIAJ,465611,2025-12-11,,"Salt Lake City, UT","Salt Lake City, UT | Main D 05D",
a06Ro00000UyChpIAF,465612,2025-12-11,,"Salt Lake City, UT","Salt Lake City, UT | Main D 05D",
a06Ro00000UyDxBIAV,465615,2025-12-11,,"Salt Lake City, UT","Salt Lake City, UT | Main D 05D",
a06Ro00000UyEI9IAN,465616,2025-12-11,,"Salt Lake City, UT","Salt Lake City, UT | Main D 05D",
a06Ro00000UyETRIA3,465618,2025-12-11,,"Salt Lake City, UT","Salt Lake City, UT | Main D 05D",
a06Ro00000Uy7RyIAJ,465620,2025-12-11,,"Salt Lake City, UT","Salt Lake City, UT | Main D 05D",
a06Ro00000UyAJOIA3,465626,2025-12-11,,"Salt Lake City, UT","Salt Lake City, UT | Main D 05D",
a06Ro00000UyCgBIAV,465627,2025-12-11,,"Salt Lake City, UT","Salt Lake City, UT | Main D 05D",
a06Ro00000UyGlNIAV,465628,2025-12-11,,"Salt Lake City, UT","Salt Lake City, UT | Main D 05D",
a06Ro00000UyHG1IAN,465629,2025-12-11,,"Salt Lake City, UT","Salt Lake City, UT | Main D 05D",
a06Ro00000UyHfpIAF,465632,2025-12-11,,"Salt Lake City, UT","Salt Lake City, UT | Main D 05D",
a06Ro00000UyHvxIAF,465633,2025-12-11,,"Salt Lake City, UT","Salt Lake City, UT | Main D 05D",
a06Ro00000UyEQEIA3,465634,2025-12-11,,"Salt Lake City, UT","Salt Lake City, UT | Main D 05D",
a06Ro00000UyIjxIAF,465635,2025-12-11,,"Salt Lake City, UT","Salt Lake City, UT | Main D 05D",
a06Ro00000UyJ89IAF,465636,2025-12-11,,"Salt Lake City, UT","Salt Lake City, UT | Main D 05D",
a06Ro00000UyHmIIAV,465638,2025-12-11,,"Salt Lake City, UT","Salt Lake City, UT | Main D 05D",
a06Ro00000UyJcnIAF,465639,2025-12-11,,"Salt Lake City, UT","Salt Lake City, UT | Main D 05D",
a06Ro00000UyJxlIAF,465640,2025-12-11,,"Salt Lake City, UT","Salt Lake City, UT | Main D 05D",
a06Ro00000Uy22WIAR,465641,2025-12-11,,"Salt Lake City, UT","Salt Lake City, UT | Main D 05D",
a06Ro00000Uy47ZIAR,465642,2025-12-11,,"Salt Lake City, UT","Salt Lake City, UT | Main D 05D",
a06Ro00000V06EtIAJ,465893,2025-12-11,,"Salt Lake City, UT","Salt Lake City, UT | Main C 03D",
a06Ro00000V0xfmIAB,466030,2025-12-11,,"Salt Lake City, UT","Salt Lake City, UT | Main D 03B",Salt Lake City
a06Ro00000V0q82IAB,466031,2025-12-11,,"Salt Lake City, UT","Salt Lake City, UT | Main D 03B",Salt Lake City
a06Ro00000V0if9IAB,466032,2025-12-11,,"Salt Lake City, UT","Salt Lake City, UT | Main D 03B",Salt Lake City
a06Ro00000V0y2LIAR,466034,2025-12-11,,"Salt Lake City, UT","Salt Lake City, UT | Main D 03B",Salt Lake City
a06Ro00000V1IApIAN,466087,2025-12-11,,"Salt Lake City, UT","Salt Lake City, UT | Main C 03D","Salt Lake City, UT"
a06Ro00000V1aCXIAZ,466088,2025-12-11,,"Salt Lake City, UT","Salt Lake City, UT | Main C 03D","Salt Lake City, UT"
a06Ro00000V1fKDIAZ,466089,2025-12-11,,"Salt Lake City, UT","Salt Lake City, UT | Main C 03D","Salt Lake City, UT"
a06Ro00000V1b6yIAB,466103,2025-12-11,,"Salt Lake City, UT","Salt Lake City, UT | Main C 02B",
a06Ro00000V1mggIAB,466104,2025-12-11,,"Salt Lake City, UT","Salt Lake City, UT | Main C 03D",Salt Lake City
a06Ro00000V1ZgEIAV,466106,2025-12-11,,"Salt Lake City, UT","Salt Lake City, UT | Main C 02B",
a06Ro00000V1zfVIAR,466107,2025-12-11,,"Salt Lake City, UT","Salt Lake City, UT | Main C 02B",
a06Ro00000V21XdIAJ,466110,2025-12-11,,"Salt Lake City, UT","Salt Lake City, UT | Main C 02B",
a06Ro00000V290XIAR,466114,2025-12-11,,"Salt Lake City, UT","Salt Lake City, UT | Main C 03D",Salt Lake City
a06Ro00000V1hKUIAZ,466116,2025-12-11,,"Salt Lake City, UT","Salt Lake City, UT | Main C 03D",Salt Lake City
a06Ro00000V29WnIAJ,466117,2025-12-11,,"Salt Lake City, UT","Salt Lake City, UT | Main C 03D",Salt Lake City
a06Ro00000V1zNnIAJ,466118,2025-12-11,,"Salt Lake City, UT","Salt Lake City, UT | Main C 03D",Salt Lake City
a06Ro00000V24nHIAR,466119,2025-12-11,,"Salt Lake City, UT","Salt Lake City, UT | Main C 03D",Salt Lake City
a06Ro00000V1vnFIAR,466120,2025-12-11,,"Salt Lake City, UT","Salt Lake City, UT | Main C 03D",Salt Lake City
a06Ro00000V2A7tIAF,466121,2025-12-11,,"Salt Lake City, UT","Salt Lake City, UT | Main C 03D",Salt Lake City
a06Ro00000V1tYaIAJ,466124,2025-12-11,,"Salt Lake City, UT","Salt Lake City, UT | Main C 03D",Salt Lake City
a06Ro00000V2Dc1IAF,466128,2025-12-11,,"Salt Lake City, UT","Salt Lake City, UT | Main C 05E",
a06Ro00000V3vW9IAJ,466325,2025-12-11,,"Salt Lake City, UT","Salt Lake City, UT | Main C 09B","Milwaukee, WI"
a06Ro00000V3j6pIAB,466326,2025-12-11,,"Salt Lake City, UT","Salt Lake City, UT | Main C 09B",
a06Ro00000V3lv0IAB,466327,2025-12-11,,"Salt Lake City, UT","Salt Lake City, UT | Main C 09B",
a06Ro00000V43YYIAZ,466349,2025-12-11,,"Salt Lake City, UT","Salt Lake City, UT | Main C 04B",
a06Ro00000V3rcEIAR,466352,2025-12-11,,"Salt Lake City, UT","Salt Lake City, UT | Main C 04B",
a06Ro00000V3tuBIAR,466356,2025-12-11,,"Salt Lake City, UT","Salt Lake City, UT | Main C 05A",
a06Ro00000V4Cs3IAF,466392,2025-12-11,,"Salt Lake City, UT","Salt Lake City, UT | Main C 02G","Salt Lake City, UT"
a06Ro00000V4C7FIAV,466418,2025-12-11,,"Salt Lake City, UT","Salt Lake City, UT | Main C 02B",
a06Ro00000V4TmLIAV,466420,2025-12-11,,"Salt Lake City, UT","Salt Lake City, UT | Main C 02B",
a06Ro00000V4FrSIAV,466441,2025-12-11,,"Salt Lake City, UT","Salt Lake City, UT | Main C 14B",
a06Ro00000V4oZ3IAJ,466468,2025-12-11,,"Salt Lake City, UT","Salt Lake City, UT | Main C 02B",
a06Ro00000V4mYtIAJ,466471,2025-12-11,,"Salt Lake City, UT","Salt Lake City, UT | Main C 02B",
a06Ro00000V54qjIAB,466488,2025-12-11,,"Salt Lake City, UT","Salt Lake City, UT | Main C 13D","Milwaukee, WI"
a06Ro00000V553dIAB,466492,2025-12-11,,"Salt Lake City, UT","Salt Lake City, UT | Main C 13D","Milwaukee, WI"
a06Ro00000V9Q34IAF,466667,2025-12-11,,"Salt Lake City, UT","Salt Lake City, UT | Main C 13D","Salt Lake City, UT"
a06Ro00000V8kWuIAJ,466668,2025-12-11,,"Salt Lake City, UT","Salt Lake City, UT | Main C 18D","Fishers, IN"
a06Ro00000VA6GnIAL,466735,2025-12-11,,"Salt Lake City, UT","Salt Lake City, UT | Main C 02G","Salt Lake City, UT"
a06Ro00000VAIZhIAP,466759,2025-12-11,,"Salt Lake City, UT","Salt Lake City, UT | Main C 04F",
a06Ro00000VAIZiIAP,466760,2025-12-11,,"Salt Lake City, UT","Salt Lake City, UT | Main C 04F",
a06Ro00000VA8IdIAL,466770,2025-12-11,,"Salt Lake City, UT","Salt Lake City, UT | Main C 04D",
a06Ro00000VD93dIAD,467063,2025-12-11,,"Salt Lake City, UT","Salt Lake City, UT | Main D 05B",
a06Ro00000VD9A5IAL,467064,2025-12-11,,"Salt Lake City, UT","Salt Lake City, UT | Main D 05B",
a06Ro00000VTLjxIAH,467975,,,"Salt Lake City, UT","Salt Lake City, UT | Main C 08E",
a06Ro00000VTZtNIAX,468004,,,"Salt Lake City, UT","Salt Lake City, UT | Main C 13B","Milwaukee, WI"
a06Ro00000VTZwbIAH,468005,,,"Salt Lake City, UT","Salt Lake City, UT | Main C 13B",Salt Lake City
a06Ro00000VTaJCIA1,468013,,,"Salt Lake City, UT","Salt Lake City, UT | Main C 14C",Salt Lake City
a06Ro00000VTdfFIAT,468014,,,"Salt Lake City, UT","Salt Lake City, UT | Main C 14C",Salt Lake City
a06Ro00000VTUIcIAP,468015,,,"Salt Lake City, UT","Salt Lake City, UT | Main C 14C",Salt Lake City
a06Ro00000VTTPmIAP,468016,,,"Salt Lake City, UT","Salt Lake City, UT | Main C 14C",Salt Lake City
a06Ro00000VTcGAIA1,468017,,,"Salt Lake City, UT","Salt Lake City, UT | Main C 14C",Salt Lake City
a06Ro00000VU7WrIAL,468090,2025-12-02,,"Salt Lake City, UT","Salt Lake City, UT | Main C 03A",Salt Lake City
a06Ro00000VTs82IAD,468091,2025-12-02,,"Salt Lake City, UT","Salt Lake City, UT | Main C 03A",Salt Lake City
a06Ro00000VU7i9IAD,468092,2025-12-02,,"Salt Lake City, UT","Salt Lake City, UT | Main C 03A",Salt Lake City
a06Ro00000VU1UgIAL,468093,2025-12-02,,"Salt Lake City, UT","Salt Lake City, UT | Main C 03A",Salt Lake City
a06Ro00000VTpDPIA1,468094,2025-12-02,,"Salt Lake City, UT","Salt Lake City, UT | Main C 03A",Salt Lake City
a06Ro00000VTpDQIA1,468095,2025-12-02,,"Salt Lake City, UT","Salt Lake City, UT | Main C 03A",Salt Lake City
a06Ro00000VU7tRIAT,468096,2025-12-02,,"Salt Lake City, UT","Salt Lake City, UT | Main C 03A",Salt Lake City
a06Ro00000VU7v3IAD,468097,2025-12-02,,"Salt Lake City, UT","Salt Lake City, UT | Main C 03A",Salt Lake City
a06Ro00000VU7wfIAD,468098,2025-12-02,,"Salt Lake City, UT","Salt Lake City, UT | Main C 03A",Salt Lake City
a06Ro00000VU7ztIAD,468099,2025-12-02,,"Salt Lake City, UT","Salt Lake City, UT | Main C 03A",Salt Lake City
a06Ro00000VU837IAD,468100,2025-12-02,,"Salt Lake City, UT","Salt Lake City, UT | Main C 03A","Salt Lake City, UT"
a06Ro00000VbxDmIAJ,468775,2025-12-04,,"Salt Lake City, UT","Salt Lake City, UT | Main D 14F","Salt Lake City, UT"
a06Ro00000VpenyIAB,470109,2025-12-10,,"Salt Lake City, UT","Salt Lake City, UT | Main C 03D",Salt Lake City
a06Ro00000VpgRZIAZ,470111,2025-12-10,,"Salt Lake City, UT","Salt Lake City, UT | Main C 03D",Salt Lake City
a06Ro00000Vpce7IAB,470112,2025-12-10,,"Salt Lake City, UT","Salt Lake City, UT | Main C 03D","Salt Lake City, UT"
a06Ro00000VpFT1IAN,470113,2025-12-10,,"Salt Lake City, UT","Salt Lake City, UT | Main C 03D",Salt Lake City
a06Ro00000VpgWPIAZ,470114,2025-12-10,,"Salt Lake City, UT","Salt Lake City, UT | Main C 03D",Salt Lake City
a06Ro00000VpgbFIAR,470115,2025-12-10,,"Salt Lake City, UT","Salt Lake City, UT | Main C 03D",Salt Lake City
a06Ro00000VpghhIAB,470116,2025-12-10,,"Salt Lake City, UT","Salt Lake City, UT | Main C 03D",Salt Lake City
a06Ro00000VpgmXIAR,470117,2025-12-10,,"Salt Lake City, UT","Salt Lake City, UT | Main C 03D",Salt Lake City
a06Ro00000VpLv2IAF,470118,2025-12-10,,"Salt Lake City, UT","Salt Lake City, UT | Main C 03D",Salt Lake City
a06Ro00000VpTSmIAN,470119,2025-12-10,,"Salt Lake City, UT","Salt Lake City, UT | Main C 03D",Salt Lake City
a06Ro00000VpgszIAB,470120,2025-12-10,,"Salt Lake City, UT","Salt Lake City, UT | Main C 03D",Salt Lake City
a06Ro00000VpgxpIAB,470121,2025-12-10,,"Salt Lake City, UT","Salt Lake City, UT | Main C 03D",Salt Lake City
a06Ro00000Vph13IAB,470122,2025-12-10,,"Salt Lake City, UT","Salt Lake City, UT | Main C 03D",Salt Lake City
a06Ro00000Vph7VIAR,470123,2025-12-10,,"Salt Lake City, UT","Salt Lake City, UT | Main C 03D",Salt Lake City
a06Ro00000VpEiGIAV,470124,2025-12-10,,"Salt Lake City, UT","Salt Lake City, UT | Main C 03D",Salt Lake City
a06Ro00000VpaduIAB,470125,2025-12-10,,Shipping,Shipping,"Salt Lake City, UT"
a06Ro00000VxH2zIAF,471226,2025-12-12,,"Salt Lake City, UT","Salt Lake City, UT | Main D 14D",
a06Ro00000W5EKsIAN,471914,,,"Salt Lake City, UT","Salt Lake City, UT | Main D 04A",
a06Ro00000W5G6YIAV,471921,2025-12-16,,"Salt Lake City, UT","Salt Lake City, UT | Scott Trover",
a06Ro00000W50jLIAR,471923,2025-12-16,,"Salt Lake City, UT","Salt Lake City, UT | Main D 05A",
a06Ro00000W8EMmIAN,472104,,,"Salt Lake City, UT","Salt Lake City, UT | Main C 02F",
a06Ro00000WEMPdIAP,472598,2025-12-19,,"Salt Lake City, UT","Salt Lake City, UT | Main D 03C",Salt Lake City
a06Ro00000WEN8nIAH,472604,2026-03-20,,"Salt Lake City, UT","Salt Lake City, UT | Main D 03C",Salt Lake City
a06Ro00000WE4qwIAD,472605,2025-12-19,,"Salt Lake City, UT","Salt Lake City, UT | Main D 03C","Salt Lake City, UT"
a06Ro00000WENFFIA5,472606,2025-12-19,,"Salt Lake City, UT","Salt Lake City, UT | Main D 03C",Salt Lake City
a06Ro00000WMKSHIA5,473357,,,"Salt Lake City, UT","Salt Lake City, UT | Main C 02B","Tampa, FL"
a06Ro00000WMu5zIAD,473548,2025-12-23,,"Salt Lake City, UT","Salt Lake City, UT | Main D 03C",Salt Lake City
a06Ro00000WN3HJIA1,473549,2025-12-23,,"Salt Lake City, UT","Salt Lake City, UT | Main D 03C",Salt Lake City
a06Ro00000WN2LGIA1,473551,2025-12-23,,"Salt Lake City, UT","Salt Lake City, UT | Main D 03C",Salt Lake City
a06Ro00000WN3nZIAT,473552,2025-12-23,,"Salt Lake City, UT","Salt Lake City, UT | Main D 03C",Salt Lake City
a06Ro00000WN3Z4IAL,473553,2025-12-23,,"Salt Lake City, UT","Salt Lake City, UT | Main D 03C",Salt Lake City
a06Ro00000WN3vdIAD,473554,2025-12-23,,"Salt Lake City, UT","Salt Lake City, UT | Main D 03C","Salt Lake City, UT"
a06Ro00000WN425IAD,473555,2025-12-23,,"Salt Lake City, UT","Salt Lake City, UT | Main D 03C","Salt Lake City, UT"
a06Ro00000WN4GcIAL,473562,,,"Salt Lake City, UT","Salt Lake City, UT | Main D 04D",
a06Ro00000WN2GQIA1,473563,,,"Salt Lake City, UT","Salt Lake City, UT | Main D 04D",
a06Ro00000WWPqTIAX,474128,,,"Salt Lake City, UT","Salt Lake City, UT | Main C 12A","Salt Lake City, UT"
a06Ro00000WXC81IAH,474257,,,"Salt Lake City, UT","Salt Lake City, UT | Main C 02A",
a06Ro00000WZ6WLIA1,474419,,,"Salt Lake City, UT","Salt Lake City, UT | Main D 04A","Salt Lake City, UT"
a06Ro00000WZ8JfIAL,474609,2025-12-30,,"Salt Lake City, UT","Salt Lake City, UT | Main D 04B",Salt Lake City
a06Ro00000WZeHuIAL,474655,2025-12-30,,"Salt Lake City, UT","Salt Lake City, UT | Main D 09A",Salt Lake City
a06Ro00000WbwCIIAZ,474870,2025-12-31,,"Salt Lake City, UT","Salt Lake City, UT | Main D 17C",
a06Ro00000Wc0W1IAJ,474888,2025-12-31,,"Salt Lake City, UT","Salt Lake City, UT | Main C 03C",
a06Ro00000WkFw9IAF,475741,2026-01-05,,"Salt Lake City, UT","Salt Lake City, UT | Main D 08B",Salt Lake City
a06Ro00000WlXnhIAF,476030,2026-01-05,,Shipping,Shipping,"Salt Lake City, UT"
a06Ro00000WoV7pIAF,476317,,,"Salt Lake City, UT","Salt Lake City, UT | Main D 11G",
a06Ro00000WoW77IAF,476322,,,"Salt Lake City, UT","Salt Lake City, UT | Main D 11F",
a06Ro00000WoFmFIAV,476324,,,"Salt Lake City, UT","Salt Lake City, UT | Main D 11F",
a06Ro00000WobMvIAJ,476352,,,"Salt Lake City, UT","Salt Lake City, UT | Main D 11D",
a06Ro00000WqhG9IAJ,476568,,,"Salt Lake City, UT","Salt Lake City, UT | Main D 14F","Salt Lake City, UT"
a06Ro00000WqhJOIAZ,476613,,,"Salt Lake City, UT","Salt Lake City, UT | Main D 11A","Salt Lake City, UT"
a06Ro00000WrUC2IAN,476661,,,"Salt Lake City, UT","Salt Lake City, UT | Main D 11E",
a06Ro00000WrT7uIAF,476663,,,"Salt Lake City, UT","Salt Lake City, UT | Main D 11E",
a06Ro00000WrLZBIA3,476664,,,"Salt Lake City, UT","Salt Lake City, UT | Main D 11E",
a06Ro00000WrZtFIAV,476665,,,"Salt Lake City, UT","Salt Lake City, UT | Main D 11E",
a06Ro00000WrKxUIAV,476666,,,"Salt Lake City, UT","Salt Lake City, UT | Main D 11E",
a06Ro00000WrbJyIAJ,476667,,,"Salt Lake City, UT","Salt Lake City, UT | Main D 11E",
a06Ro00000WrVuVIAV,476669,,,"Salt Lake City, UT","Salt Lake City, UT | Main D 11E",
a06Ro00000WrcXlIAJ,476671,,,"Salt Lake City, UT","Salt Lake City, UT | Main D 11E",
a06Ro00000WuNvaIAF,477052,,,"Salt Lake City, UT","Salt Lake City, UT | Main D 17C",
a06Ro00000WuA8lIAF,477053,,,"Salt Lake City, UT","Salt Lake City, UT | Main D 17C",
a06Ro00000WuStdIAF,477055,,,"Salt Lake City, UT","Salt Lake City, UT | Main D 11C",
a06Ro00000WuN1CIAV,477056,,,"Salt Lake City, UT","Salt Lake City, UT | Main D 11C",
a06Ro00000Wuo9RIAR,477067,2026-01-08,,"Salt Lake City, UT","Salt Lake City, UT | Main D 11E","Salt Lake City, UT"
a06Ro00000Wx74fIAB,477306,,,"Salt Lake City, UT","Salt Lake City, UT | Main D 11D",
a06Ro00000Wx74gIAB,477307,,,"Salt Lake City, UT","Salt Lake City, UT | Main D 11D",
a06Ro00000WxQ8vIAF,477320,,,"Salt Lake City, UT","Salt Lake City, UT | Main C 05C",
a06Ro00000WxlV7IAJ,477328,,,"Salt Lake City, UT","Salt Lake City, UT | Main C 05C",
a06Ro00000X2s4XIAR,477508,,,"Salt Lake City, UT","Salt Lake City, UT | Main D 10A",
a06Ro00000X2sCbIAJ,477509,,,"Salt Lake City, UT","Salt Lake City, UT | Main D 10A",
a06Ro00000X2xk9IAB,477514,,,"Salt Lake City, UT","Salt Lake City, UT | Main D 14A",
a06Ro00000X2V7yIAF,477516,,,"Salt Lake City, UT","Salt Lake City, UT | Main D 14A","Salt Lake City, UT"
a06Ro00000X706jIAB,477852,2026-01-13,,"Salt Lake City, UT","Salt Lake City, UT | Main D 03B",Salt Lake City
a06Ro00000X6zfKIAR,477853,2026-01-13,,"Salt Lake City, UT","Salt Lake City, UT | Main D 03B","Salt Lake City, UT"
a06Ro00000X6yheIAB,477854,2026-01-13,,"Salt Lake City, UT","Salt Lake City, UT | Main D 03B","Salt Lake City, UT"
a06Ro00000XCKCsIAP,478372,,,"Salt Lake City, UT","Salt Lake City, UT | Main C 03E",
a06Ro00000XEuk6IAD,478722,2026-01-16,,"Salt Lake City, UT","Salt Lake City, UT | Main D 04E","Salt Lake City, UT"
a06Ro00000XFvFtIAL,478782,,,"Salt Lake City, UT","Salt Lake City, UT | Main D 11C",
a06Ro00000XKZyGIAX,478929,2026-01-19,,"Salt Lake City, UT","Salt Lake City, UT | Main D 02D",
a06Ro00000XKbd7IAD,478930,2026-01-19,,"Salt Lake City, UT","Salt Lake City, UT | Main D 02D",
a06Ro00000XKbd8IAD,478931,2026-01-19,,"Salt Lake City, UT","Salt Lake City, UT | Main D 02D",
a06Ro00000XKWn8IAH,478933,2026-01-19,,"Salt Lake City, UT","Salt Lake City, UT | Main D 02D",
a06Ro00000XKUjiIAH,478934,2026-01-19,,"Salt Lake City, UT","Salt Lake City, UT | Main D 02D",
a06Ro00000XKbq1IAD,478936,2026-01-19,,"Salt Lake City, UT","Salt Lake City, UT | Main D 02D",
a06Ro00000XKbJmIAL,478937,2026-01-19,,"Salt Lake City, UT","Salt Lake City, UT | Main D 02D",
a06Ro00000XKbwTIAT,478938,2026-01-19,,"Salt Lake City, UT","Salt Lake City, UT | Main D 02D",
a06Ro00000XLVLxIAP,479231,2026-05-01,,"Salt Lake City, UT","Salt Lake City, UT | Main D 11A","Milwaukee, WI"
a06Ro00000XLd8EIAT,479289,2026-01-19,,"Salt Lake City, UT","Salt Lake City, UT | Main D 04B",Salt Lake City
a06Ro00000XLmprIAD,479322,,,"Salt Lake City, UT","Salt Lake City, UT | Main C 05D","Salt Lake City, UT"
a06Ro00000XM2eUIAT,479326,2026-01-19,,"Salt Lake City, UT","Salt Lake City, UT | Main C 03D",Salt Lake City
a06Ro00000XM9PpIAL,479330,2026-01-19,,"Salt Lake City, UT","Salt Lake City, UT | Main C 03D",Salt Lake City
a06Ro00000XM9RRIA1,479331,2026-01-19,,"Salt Lake City, UT","Salt Lake City, UT | Main C 03D",Salt Lake City
a06Ro00000XM9PqIAL,479332,2026-01-19,,"Salt Lake City, UT","Salt Lake City, UT | Main C 03D",Salt Lake City
a06Ro00000XM9XtIAL,479333,2026-01-19,,"Salt Lake City, UT","Salt Lake City, UT | Main C 03D",Salt Lake City
a06Ro00000XM9ZVIA1,479334,2026-01-19,,"Salt Lake City, UT","Salt Lake City, UT | Main C 03D",Salt Lake City
a06Ro00000XOXe9IAH,479436,,,"Salt Lake City, UT","Salt Lake City, UT | Main C 03E",
a06Ro00000XOYC1IAP,479441,,,"Salt Lake City, UT","Salt Lake City, UT | Main C 03E",
a06Ro00000XuT17IAF,481418,,,"Salt Lake City, UT","Salt Lake City, UT | Main C 07E",
a06Ro00000YDTAHIA5,482793,,,"Salt Lake City, UT","Salt Lake City, UT | Main D 04E",
a06Ro00000YDTOnIAP,482794,,,"Salt Lake City, UT","Salt Lake City, UT | Main C 02G","Salt Lake City, UT"
a06Ro00000YMwGHIA1,483515,,,"Salt Lake City, UT","Salt Lake City, UT | Main D 07D","Milwaukee, WI"
a06Ro00000YMwPxIAL,483516,,,"Salt Lake City, UT","Salt Lake City, UT | Main D 07D","Milwaukee, WI"
a06Ro00000YNVXOIA5,483550,,,Shipping,Shipping,"Salt Lake City, UT"
a06Ro00000YRPLNIA5,483788,,,Shipping,Shipping,"Salt Lake City, UT"
a06Ro00000YS4BZIA1,483792,,,"Salt Lake City, UT","Salt Lake City, UT | Main D 05D",
a06Ro00000YY8h8IAD,484029,,,"Salt Lake City, UT","Salt Lake City, UT | Main C 05E",
a06Ro00000YZSXJIA5,484239,,,"Salt Lake City, UT","Salt Lake City, UT | Main D 05D",
a06Ro00000Z4hGkIAJ,508474,,,"Salt Lake City, UT","Salt Lake City, UT | Main D 10B",
a06Ro00000Z7Kc9IAF,508732,,,"Salt Lake City, UT","Salt Lake City, UT | Main D 04E",
a06Ro00000Z75bWIAR,508734,,,"Salt Lake City, UT","Salt Lake City, UT | Main D 04F","Salt Lake City, UT"
a06Ro00000Z7fS5IAJ,508765,,,"Salt Lake City, UT","Salt Lake City, UT | Main D 09A",
a06Ro00000Z7hyXIAR,508769,,,"Salt Lake City, UT","Salt Lake City, UT | Main D 08A",
a06Ro00000Z7oYcIAJ,508777,,,"Salt Lake City, UT","Salt Lake City, UT | Main D 09D",
a06Ro00000Z7vLZIAZ,508782,,,"Salt Lake City, UT","Salt Lake City, UT | Main D 14A",
a06Ro00000Z82DNIAZ,508791,,,"Salt Lake City, UT","Salt Lake City, UT | Main D 08A","Salt Lake City, UT"
a06Ro00000Z8aAJIAZ,508811,,,"Salt Lake City, UT","Salt Lake City, UT | Main D 09A",
a06Ro00000Z8nozIAB,508813,,,"Salt Lake City, UT","Salt Lake City, UT | Main D 14A",
a06Ro00000Z8VXVIA3,508821,,,"Salt Lake City, UT","Salt Lake City, UT | Main D 09A",
a06Ro00000Z91WzIAJ,508827,,,"Salt Lake City, UT","Salt Lake City, UT | Main C 02H",
a06Ro00000ZCqt8IAD,509078,,,"Salt Lake City, UT","Salt Lake City, UT | Main D 10A",
a06Ro00000ZCy13IAD,509079,,,"Salt Lake City, UT","Salt Lake City, UT | Main D 10A",
a06Ro00000ZGq8DIAT,509322,,,"Salt Lake City, UT","Salt Lake City, UT | Main D 09H",
a06Ro00000ZGh5UIAT,509323,,,"Salt Lake City, UT","Salt Lake City, UT | Main D 18C",
a06Ro00000ZGh5VIAT,509324,,,"Salt Lake City, UT","Salt Lake City, UT | Main D 18C",
a06Ro00000ZO2AzIAL,509678,,,"Salt Lake City, UT","Salt Lake City, UT | Main D 14A",
a06Ro00000ZOsCnIAL,509716,,,"Salt Lake City, UT","Salt Lake City, UT | Main C 12A",
a06Ro00000ZQjmxIAD,509856,,,"Salt Lake City, UT","Salt Lake City, UT | Main D 14A","Salt Lake City, UT"
a06Ro00000ZR5qfIAD,509868,,,"Salt Lake City, UT","Salt Lake City, UT | Main D 10D","Salt Lake City, UT"
a06Ro00000ZRXYRIA5,509992,,,"Salt Lake City, UT","Salt Lake City, UT | Main D 13A",
a06Ro00000ZS7VRIA1,509999,2026-02-24,,"Salt Lake City, UT","Salt Lake City, UT | Main D 02E","Milwaukee, WI"
a06Ro00000ZS1BWIA1,510001,2026-02-24,,"Salt Lake City, UT","Salt Lake City, UT | Main D 02E","Milwaukee, WI"
a06Ro00000ZSr3dIAD,510060,,,"Salt Lake City, UT","Salt Lake City, UT | Main D 09D",
a06Ro00000ZTEkzIAH,510063,,,"Salt Lake City, UT","Salt Lake City, UT | Main D 12F",
a06Ro00000ZXstYIAT,510499,,,"Salt Lake City, UT","Salt Lake City, UT | Main D 03D","Salt Lake City, UT"
a06Ro00000ZbnyTIAR,510720,2026-02-26,,"Salt Lake City, UT","Salt Lake City, UT | Main D 05F",Salt Lake City
a06Ro00000ZbapyIAB,510721,2026-02-26,,"Salt Lake City, UT","Salt Lake City, UT | Main D 05F",Salt Lake City
a06Ro00000Zbn42IAB,510722,2026-02-26,,"Salt Lake City, UT","Salt Lake City, UT | Main D 05F",Salt Lake City
a06Ro00000Zbo89IAB,510723,2026-02-26,,"Salt Lake City, UT","Salt Lake City, UT | Main D 05F",Salt Lake City
a06Ro00000ZbQx5IAF,510724,2026-02-26,,"Salt Lake City, UT","Salt Lake City, UT | Main D 05F",Salt Lake City
a06Ro00000ZbEnrIAF,510725,2026-02-26,,"Salt Lake City, UT","Salt Lake City, UT | Main D 05F","Salt Lake City, UT"
a06Ro00000ZbIEnIAN,510726,2026-02-26,,"Salt Lake City, UT","Salt Lake City, UT | Main D 05F",Salt Lake City
a06Ro00000ZboT7IAJ,510727,2026-02-26,,"Salt Lake City, UT","Salt Lake City, UT | Main D 05F",Salt Lake City
a06Ro00000Zbip8IAB,510728,2026-02-26,,"Salt Lake City, UT","Salt Lake City, UT | Main D 05F",Salt Lake City
a06Ro00000ZbohdIAB,510729,2026-02-26,,"Salt Lake City, UT","Salt Lake City, UT | Main D 05F",Salt Lake City
a06Ro00000ZbmccIAB,510731,2026-02-26,,"Salt Lake City, UT","Salt Lake City, UT | Main D 05F",Salt Lake City
a06Ro00000ZbosvIAB,510732,2026-02-26,,"Salt Lake City, UT","Salt Lake City, UT | Main D 05F",Salt Lake City
a06Ro00000ZbjJpIAJ,510733,2026-02-26,,"Salt Lake City, UT","Salt Lake City, UT | Main D 05F",Salt Lake City
a06Ro00000ZbLENIA3,510734,2026-02-26,,"Salt Lake City, UT","Salt Lake City, UT | Main D 05F",Salt Lake City
a06Ro00000Zbp5pIAB,510735,2026-02-26,,"Salt Lake City, UT","Salt Lake City, UT | Main D 05F",Salt Lake City
a06Ro00000Zh98jIAB,511186,,,"Salt Lake City, UT","Salt Lake City, UT | Main C 06E",
a06Ro00000Zh0zxIAB,511187,2026-02-27,,"Salt Lake City, UT","Salt Lake City, UT | Main C 06E",
a06Ro00000ZgeUqIAJ,511188,2026-02-27,,"Salt Lake City, UT","Salt Lake City, UT | Main C 06E",
a06Ro00000ZgiOjIAJ,511189,2026-02-27,,"Salt Lake City, UT","Salt Lake City, UT | Main C 06E",
a06Ro00000ZhAJJIA3,511190,2026-02-27,,"Salt Lake City, UT","Salt Lake City, UT | Main C 06E",
a06Ro00000Zgkf0IAB,511191,2026-02-27,,"Salt Lake City, UT","Salt Lake City, UT | Main C 06E",
a06Ro00000ZhAkjIAF,511192,2026-02-27,,"Salt Lake City, UT","Salt Lake City, UT | Main C 06E",
a06Ro00000ZgsB9IAJ,511193,2026-02-27,,"Salt Lake City, UT","Salt Lake City, UT | Main C 06E",
a06Ro00000ZgmDmIAJ,511194,2026-02-27,,"Salt Lake City, UT","Salt Lake City, UT | Main C 06E",
a06Ro00000Zh2aIIAR,511195,2026-02-27,,"Salt Lake City, UT","Salt Lake City, UT | Main C 06E",
a06Ro00000ZhBVVIA3,511196,2026-02-27,,"Salt Lake City, UT","Salt Lake City, UT | Main C 06E",
a06Ro00000ZhBfBIAV,511197,2026-02-27,,"Salt Lake City, UT","Salt Lake City, UT | Main C 06E",
a06Ro00000Zgx4NIAR,511198,2026-02-27,,"Salt Lake City, UT","Salt Lake City, UT | Main C 06E",
a06Ro00000Zh9QVIAZ,511199,2026-02-27,,"Salt Lake City, UT","Salt Lake City, UT | Main C 06E",
a06Ro00000ZhC8DIAV,511200,2026-02-27,,"Salt Lake City, UT","Salt Lake City, UT | Main C 06E",
a06Ro00000ZhCPxIAN,511201,2026-02-27,,"Salt Lake City, UT","Salt Lake City, UT | Main C 06E",
a06Ro00000ZgzZQIAZ,511202,2026-02-27,,"Salt Lake City, UT","Salt Lake City, UT | Main C 06E",
a06Ro00000ZgxPNIAZ,511203,2026-02-27,,"Salt Lake City, UT","Salt Lake City, UT | Main C 06E",
a06Ro00000Zgjz5IAB,511204,2026-02-27,,"Salt Lake City, UT","Salt Lake City, UT | Main C 06E",
a06Ro00000Zh3mUIAR,511205,2026-02-27,,"Salt Lake City, UT","Salt Lake City, UT | Main C 06E",
a06Ro00000Zgt2MIAR,511206,2026-02-27,,"Salt Lake City, UT","Salt Lake City, UT | Main C 06E",
a06Ro00000ZhDDzIAN,511208,2026-02-27,,"Salt Lake City, UT","Salt Lake City, UT | Main C 06E",
a06Ro00000Zh22SIAR,511209,2026-02-27,,"Salt Lake City, UT","Salt Lake City, UT | Main C 06E",
a06Ro00000Zh6CUIAZ,511210,2026-02-27,,"Salt Lake City, UT","Salt Lake City, UT | Main C 06E",
a06Ro00000ZgqcNIAR,511212,2026-02-27,,"Salt Lake City, UT","Salt Lake City, UT | Main C 06E",
a06Ro00000ZhEoLIAV,511214,2026-02-27,,"Salt Lake City, UT","Salt Lake City, UT | Main C 06E",
a06Ro00000ZhB5iIAF,511219,2026-02-27,,"Salt Lake City, UT","Salt Lake City, UT | Main C 11C",
a06Ro00000Zh4ygIAB,511220,2026-02-27,,"Salt Lake City, UT","Salt Lake City, UT | Main C 11C",
a06Ro00000Zh6qpIAB,511221,2026-02-27,,"Salt Lake City, UT","Salt Lake City, UT | Main C 11C",
a06Ro00000ZhKgrIAF,511222,2026-02-27,,"Salt Lake City, UT","Salt Lake City, UT | Main C 11C",
a06Ro00000ZnVg3IAF,511523,,,"Salt Lake City, UT","Salt Lake City, UT | Main C 13A",
a06Ro00000ZnVg4IAF,511524,,,"Salt Lake City, UT","Salt Lake City, UT | Main C 13A",
a06Ro00000ZnyyAIAR,511550,,,"Salt Lake City, UT","Salt Lake City, UT | Main D 05A",
a06Ro00000ZoCReIAN,511551,,,"Salt Lake City, UT","Salt Lake City, UT | Main D 05A",
a06Ro00000ZoenhIAB,511594,,,"Salt Lake City, UT","Salt Lake City, UT | Main C 02A",
a06Ro00000ZogkfIAB,511595,,,"Salt Lake City, UT","Salt Lake City, UT | Main C 02H",
a06Ro00000ZotLJIAZ,511618,,,"Salt Lake City, UT","Salt Lake City, UT | Main C 02E","Salt Lake City, UT"
a06Ro00000ZotLLIAZ,511620,,,"Salt Lake City, UT","Salt Lake City, UT | Main C 02E",
a06Ro00000ZowpTIAR,511644,,,"Salt Lake City, UT","Salt Lake City, UT | Main C 09C",
a06Ro00000ZpGPxIAN,511662,,,"Salt Lake City, UT","Salt Lake City, UT | Main C 06B",
a06Ro00000ZpIOXIA3,511680,,,"Salt Lake City, UT","Salt Lake City, UT | Main D 14A",
a06Ro00000ZptHeIAJ,511756,,,"Salt Lake City, UT","Salt Lake City, UT | Main D 13A",
a06Ro00000ZyApyIAF,512313,2026-03-26,2026-03-26,"Salt Lake City, UT","Salt Lake City, UT | Main C 18E","Salt Lake City, UT"
a06Ro00000a35ZWIAY,512693,,,"Salt Lake City, UT","Salt Lake City, UT | Main C 05E",
a06Ro00000a38dpIAA,512694,,,"Salt Lake City, UT","Salt Lake City, UT | Main C 05E",
a06Ro00000a3CnwIAE,512699,2026-03-05,,"Salt Lake City, UT","Salt Lake City, UT | Main C 11E","Salt Lake City, UT"
a06Ro00000a3djGIAQ,512710,,,"Salt Lake City, UT","Salt Lake City, UT | Main D 17B",
a06Ro00000a6IgfIAE,512847,,,"Salt Lake City, UT","Salt Lake City, UT | Main D 09H",
a06Ro00000a69zyIAA,512854,,,"Salt Lake City, UT","Salt Lake City, UT | Main C 09C",
a06Ro00000a6afCIAQ,512938,,,"Salt Lake City, UT","Salt Lake City, UT | Main D 10D",
a06Ro00000a7eX5IAI,512985,,,"Salt Lake City, UT","Salt Lake City, UT | Main D 13A",
a06Ro00000aEBQHIA4,513158,,,"Salt Lake City, UT","Salt Lake City, UT | Main D 14A",
a06Ro00000aEo3RIAS,513208,,,"Salt Lake City, UT","Salt Lake City, UT | Main D 13E",
a06Ro00000aF2cfIAC,513227,2026-03-09,,"Salt Lake City, UT","Salt Lake City, UT | Main C 14C","Salt Lake City, UT"
a06Ro00000aEyFjIAK,513229,2026-03-20,,"Salt Lake City, UT","Salt Lake City, UT | Main C 14C",
a06Ro00000aEjrmIAC,513231,2026-03-09,,"Salt Lake City, UT","Salt Lake City, UT | Main C 14C",
a06Ro00000aF52fIAC,513235,2026-03-09,,"Salt Lake City, UT","Salt Lake City, UT | Main C 14C",
a06Ro00000aF5sHIAS,513236,2026-03-09,,"Salt Lake City, UT","Salt Lake City, UT | Main C 14C",
a06Ro00000aEg16IAC,513237,2026-03-09,,"Salt Lake City, UT","Salt Lake City, UT | Main C 14C",
a06Ro00000aF48EIAS,513238,2026-03-09,,"Salt Lake City, UT","Salt Lake City, UT | Main C 14C",
a06Ro00000aFGHVIA4,513266,2026-03-20,,Shipping,Shipping,"Salt Lake City, UT"
a06Ro00000aIYUjIAO,513557,,,"Salt Lake City, UT","Salt Lake City, UT | Main C 06B",
a06Ro00000aIRJbIAO,513563,,,"Salt Lake City, UT","Salt Lake City, UT | Main C 05E",
a06Ro00000aIeK1IAK,513570,,,"Salt Lake City, UT","Salt Lake City, UT | Main D 10B",
a06Ro00000aIezxIAC,513571,,,"Salt Lake City, UT","Salt Lake City, UT | Main D 17B","Salt Lake City, UT"
a06Ro00000aM8YVIA0,513910,2026-03-11,,"Salt Lake City, UT","Salt Lake City, UT | Main D 04B",
a06Ro00000aPz1xIAC,514191,,,"Salt Lake City, UT","Salt Lake City, UT | Main D 09H",
a06Ro00000aQX8VIAW,514239,,,"Salt Lake City, UT","Salt Lake City, UT | Main D 12F",
a06Ro00000aROPhIAO,514296,2026-03-10,,"Salt Lake City, UT","Salt Lake City, UT | Main D 04B","Salt Lake City, UT"
a06Ro00000aReavIAC,514317,,,"Salt Lake City, UT","Salt Lake City, UT | Main D 10D",
a06Ro00000aTkltIAC,514484,2026-03-13,,"Salt Lake City, UT","Salt Lake City, UT | Main D 03B",
a06Ro00000aTksLIAS,514486,2026-03-20,,"Salt Lake City, UT","Salt Lake City, UT | Main D 03B",
a06Ro00000aTWiwIAG,514487,2026-03-20,,"Salt Lake City, UT","Salt Lake City, UT | Main D 03B",
a06Ro00000aTREcIAO,514488,2026-03-20,,"Salt Lake City, UT","Salt Lake City, UT | Main D 03B",
a06Ro00000aTl0PIAS,514489,2026-03-20,,"Salt Lake City, UT","Salt Lake City, UT | Main D 03B",
a06Ro00000aTl5FIAS,514490,2026-03-20,,"Salt Lake City, UT","Salt Lake City, UT | Main D 03B",
a06Ro00000aTl6rIAC,514491,2026-03-20,,"Salt Lake City, UT","Salt Lake City, UT | Main D 03B",
a06Ro00000aTlA5IAK,514492,2026-03-20,,"Salt Lake City, UT","Salt Lake City, UT | Main D 03B",
a06Ro00000aTlBhIAK,514493,2026-03-20,,"Salt Lake City, UT","Salt Lake City, UT | Main D 03B",
a06Ro00000aTlDJIA0,514495,2026-03-20,,"Salt Lake City, UT","Salt Lake City, UT | Main D 03B",
a06Ro00000aVMqmIAG,514652,,,"Salt Lake City, UT","Salt Lake City, UT | Main D 10D",
a06Ro00000abu4vIAA,514857,,,"Salt Lake City, UT","Salt Lake City, UT | Main D 17B",
a06Ro00000abuHqIAI,514882,,,"Salt Lake City, UT","Salt Lake City, UT | Main C 09C","Salt Lake City, UT"
a06Ro00000accsMIAQ,514918,,,"Salt Lake City, UT","Salt Lake City, UT | Main D 10B",
a06Ro00000adBRtIAM,514960,2026-03-16,,"Salt Lake City, UT","Salt Lake City, UT | Main D 03D",Salt Lake City
a06Ro00000adBbZIAU,514961,2026-03-16,,"Salt Lake City, UT","Salt Lake City, UT | Main D 03D","Salt Lake City, UT"
a06Ro00000adB0UIAU,514962,2026-03-16,,"Salt Lake City, UT","Salt Lake City, UT | Main D 03D",Salt Lake City
a06Ro00000adBwXIAU,514963,2026-03-16,,"Salt Lake City, UT","Salt Lake City, UT | Main D 03D","Salt Lake City, UT"
a06Ro00000ad6ldIAA,514964,2026-03-16,,"Salt Lake City, UT","Salt Lake City, UT | Main D 03D","Salt Lake City, UT"
a06Ro00000adLEMIA2,514976,2026-03-16,,"Salt Lake City, UT","Salt Lake City, UT | Main C 03G",
a06Ro00000ad4IOIAY,514977,2026-03-16,,"Salt Lake City, UT","Salt Lake City, UT | Main C 03G",
a06Ro00000adU7yIAE,514978,2026-03-16,,"Salt Lake City, UT","Salt Lake City, UT | Main C 03G",
a06Ro00000adLz9IAE,514979,2026-03-16,,"Salt Lake City, UT","Salt Lake City, UT | Main C 03G",
a06Ro00000adX4DIAU,514982,2026-03-16,,"Salt Lake City, UT","Salt Lake City, UT | Main C 03G",
a06Ro00000afUTdIAM,515096,2026-03-17,,"Salt Lake City, UT","Salt Lake City, UT | Main C 14A",
a06Ro00000afyEqIAI,515178,,,"Salt Lake City, UT","Salt Lake City, UT | Main D 12F",
a06Ro00000agZJBIA2,515211,,,"Salt Lake City, UT","Salt Lake City, UT | Main D 13A",
a06Ro00000agrj9IAA,515262,,,"Salt Lake City, UT","Salt Lake City, UT | Main D 10B",
a06Ro00000agrjAIAQ,515263,,,"Salt Lake City, UT","Salt Lake City, UT | Main D 10B",
a06Ro00000akB3lIAE,515379,,,"Salt Lake City, UT","Salt Lake City, UT | Main D 12F",
a06Ro00000alxj3IAA,515515,,,"Salt Lake City, UT","Salt Lake City, UT | Main D 10D",
a06Ro00000apMeTIAU,515896,,,"Salt Lake City, UT","Salt Lake City, UT | Main D 14G",
a06Ro00000apU2XIAU,515909,,,"Salt Lake City, UT","Salt Lake City, UT | Main D 13G","Salt Lake City, UT"
a06Ro00000apRUUIA2,515922,,,"Salt Lake City, UT","Salt Lake City, UT | Main D 13E",
a06Ro00000apumcIAA,515924,,,"Salt Lake City, UT","Salt Lake City, UT | Main D 13G",
a06Ro00000arhGeIAI,516108,2026-03-20,,"Salt Lake City, UT","Salt Lake City, UT | Main C 14B",
a06Ro00000asrozIAA,516203,,,"Salt Lake City, UT","Salt Lake City, UT | Main D 14G",
a06Ro00000aswBxIAI,516207,,,"Salt Lake City, UT","Salt Lake City, UT | Main D 13G",
a06Ro00000at0nTIAQ,516210,,,"Salt Lake City, UT","Salt Lake City, UT | Main D 13G","Salt Lake City, UT"
a06Ro00000at7NVIAY,516219,,,"Salt Lake City, UT","Salt Lake City, UT | Main D 14F",
a06Ro00000aszrOIAQ,516230,,,"Salt Lake City, UT","Salt Lake City, UT | Main D 15D",
a06Ro00000at5tcIAA,516233,,,"Salt Lake City, UT","Salt Lake City, UT | Main D 15D",
a06Ro00000atAGYIA2,516267,2026-03-20,,"Salt Lake City, UT","Salt Lake City, UT | Main C 08C",
a06Ro00000atmAZIAY,516268,2026-03-20,,"Salt Lake City, UT","Salt Lake City, UT | Main C 14C",
a06Ro00000azqY2IAI,516483,,,"Salt Lake City, UT","Salt Lake City, UT | Main D 14G",
a06Ro00000b0imvIAA,516521,,,"Salt Lake City, UT","Salt Lake City, UT | Main D 15D",
a06Ro00000b0izqIAA,516537,,,"Salt Lake City, UT","Salt Lake City, UT | Main D 13G",
a06Ro00000b0bYbIAI,516539,,,"Salt Lake City, UT","Salt Lake City, UT | Main D 15D",
a06Ro00000b0L2NIAU,516548,,,"Salt Lake City, UT","Salt Lake City, UT | Main D 15D",
a06Ro00000b1GILIA2,516563,,,"Salt Lake City, UT","Salt Lake City, UT | Main D 14G",
a06Ro00000b1dLNIAY,516580,,,"Salt Lake City, UT","Salt Lake City, UT | Main D 14G",
a06Ro00000b48o5IAA,516782,,,"Salt Lake City, UT","Salt Lake City, UT | Main D 14G",
a06Ro00000b3yaHIAQ,516833,,,"Salt Lake City, UT","Salt Lake City, UT | Main C 05E",
a06Ro00000b3gdLIAQ,516840,,,"Salt Lake City, UT","Salt Lake City, UT | Main C 05E",
a06Ro00000b4bQHIAY,516868,,,"Salt Lake City, UT","Salt Lake City, UT | Main D 13A",
a06Ro00000b4zNlIAI,516924,,,"Salt Lake City, UT","Salt Lake City, UT | Main D 17B",
a06Ro00000b5RNFIA2,516962,2026-03-24,,"Salt Lake City, UT","Salt Lake City, UT | Main D 04B",
a06Ro00000b8AUjIAM,517077,,,"Salt Lake City, UT","Salt Lake City, UT | Main D 13G",
a06Ro00000b8HuPIAU,517093,,,"Salt Lake City, UT","Salt Lake City, UT | Main D 15D",
a06Ro00000b8QXuIAM,517169,,,"Salt Lake City, UT","Salt Lake City, UT | Main C 13C","Salt Lake City, UT"
a06Ro00000b8YFLIA2,517209,,,"Salt Lake City, UT","Salt Lake City, UT | Main D 13E",
a06Ro00000b8nPdIAI,517211,,,"Salt Lake City, UT","Salt Lake City, UT | Main C 08B",
a06Ro00000b926vIAA,517236,,,"Salt Lake City, UT","Salt Lake City, UT | Main C 07E",
a06Ro00000b9ItFIAU,517257,,,"Salt Lake City, UT","Salt Lake City, UT | Main C 06B",
a06Ro00000b9sALIAY,517299,,,"Salt Lake City, UT","Salt Lake City, UT | Mezzanine OC 01B","Salt Lake City, UT"
a06Ro00000bAMYDIA4,517336,2026-03-25,,"Salt Lake City, UT","Salt Lake City, UT | Main D 02E",Salt Lake City
a06Ro00000bACXGIA4,517337,2026-03-25,,"Salt Lake City, UT","Salt Lake City, UT | Main D 02E",Salt Lake City
a06Ro00000bAFyBIAW,517338,2026-03-25,,"Salt Lake City, UT","Salt Lake City, UT | Main D 02E",Salt Lake City
a06Ro00000bAHS6IAO,517339,2026-03-25,,"Salt Lake City, UT","Salt Lake City, UT | Main D 02E",Salt Lake City
a06Ro00000b9vt1IAA,517340,2026-03-25,,"Salt Lake City, UT","Salt Lake City, UT | Main D 02E",Salt Lake City
a06Ro00000bAivJIAS,517345,2026-03-25,,"Salt Lake City, UT","Salt Lake City, UT | Main C 03G",Salt Lake City
a06Ro00000bAb5qIAC,517346,2026-03-25,,"Salt Lake City, UT","Salt Lake City, UT | Main C 03G",Salt Lake City
a06Ro00000bAj1lIAC,517347,2026-03-25,,"Salt Lake City, UT","Salt Lake City, UT | Main C 03G",Salt Lake City
a06Ro00000bAhuQIAS,517348,2026-03-25,,"Salt Lake City, UT","Salt Lake City, UT | Main C 03G",Salt Lake City
a06Ro00000bAfNyIAK,517349,2026-03-25,,"Salt Lake City, UT","Salt Lake City, UT | Main C 03G",Salt Lake City
a06Ro00000bAU5zIAG,517350,2026-03-25,,"Salt Lake City, UT","Salt Lake City, UT | Main C 03G","Salt Lake City, UT"
a06Ro00000bCUt5IAG,517384,2026-03-26,,"Salt Lake City, UT","Salt Lake City, UT | Main D 08C","Salt Lake City, UT"
a06Ro00000bCkkwIAC,517441,,,"Salt Lake City, UT","Salt Lake City, UT | Main C 06C",
a06Ro00000bDgvOIAS,517505,,,"Salt Lake City, UT","Salt Lake City, UT | Main D 17B","Salt Lake City, UT"
a06Ro00000bI5iHIAS,517760,,,"Salt Lake City, UT","Salt Lake City, UT | Main D 17B",
a06Ro00000bIurFIAS,517890,,,"Salt Lake City, UT","Salt Lake City, UT | Main D 10D",
a06Ro00000bJFcNIAW,517943,,,"Salt Lake City, UT","Salt Lake City, UT | Main C 07C",
a06Ro00000bK8grIAC,517998,2026-03-27,,"Salt Lake City, UT","Salt Lake City, UT | Main D 15C",
a06Ro00000bK8k5IAC,517999,2026-03-27,,"Salt Lake City, UT","Salt Lake City, UT | Main D 15C",
a06Ro00000bK8nJIAS,518000,2026-03-27,,"Salt Lake City, UT","Salt Lake City, UT | Main D 15C",
a06Ro00000bJoQQIA0,518001,2026-03-27,,"Salt Lake City, UT","Salt Lake City, UT | Main D 15C",
a06Ro00000bJtl4IAC,518002,2026-03-27,,"Salt Lake City, UT","Salt Lake City, UT | Main D 15C",
a06Ro00000bK25CIAS,518003,2026-03-27,,"Salt Lake City, UT","Salt Lake City, UT | Main D 15C",
a06Ro00000bK8tlIAC,518004,2026-03-27,,"Salt Lake City, UT","Salt Lake City, UT | Main D 15C",
a06Ro00000bK8wzIAC,518005,2026-03-27,,"Salt Lake City, UT","Salt Lake City, UT | Main D 15C",
a06Ro00000bQ7i5IAC,518083,,,"Salt Lake City, UT","Salt Lake City, UT | Main D 14A",
a06Ro00000bVDQHIA4,518660,2026-03-31,,"Salt Lake City, UT","Salt Lake City, UT | Main C 06C",
a06Ro00000bVDgPIAW,518664,2026-03-31,,"Salt Lake City, UT","Salt Lake City, UT | Main C 06C",
a06Ro00000bVDmrIAG,518667,2026-03-31,,"Salt Lake City, UT","Salt Lake City, UT | Main C 06C",
a06Ro00000bUfTTIA0,518669,2026-03-31,,"Salt Lake City, UT","Salt Lake City, UT | Main C 06C",
a06Ro00000bV4A6IAK,518670,2026-03-31,,"Salt Lake City, UT","Salt Lake City, UT | Main C 06C",
a06Ro00000bVECfIAO,518671,2026-03-31,,"Salt Lake City, UT","Salt Lake City, UT | Main C 06C",
a06Ro00000bUtJlIAK,518673,2026-03-31,,"Salt Lake City, UT","Salt Lake City, UT | Main C 06C",
a06Ro00000bVDRxIAO,518675,2026-03-31,,"Salt Lake City, UT","Salt Lake City, UT | Main C 06C",
a06Ro00000bV2pqIAC,518677,2026-03-31,,"Salt Lake City, UT","Salt Lake City, UT | Main C 06C",
a06Ro00000bVEcTIAW,518678,2026-03-31,,"Salt Lake City, UT","Salt Lake City, UT | Main C 06C",
a06Ro00000bUsvKIAS,518683,2026-03-31,,"Salt Lake City, UT","Salt Lake City, UT | Main C 06C",
a06Ro00000bVFdNIAW,518684,2026-03-31,,"Salt Lake City, UT","Salt Lake City, UT | Main C 06C",
a06Ro00000bVB8MIAW,518685,2026-03-31,,"Salt Lake City, UT","Salt Lake City, UT | Main C 06C",
a06Ro00000bUp35IAC,518686,2026-03-31,,"Salt Lake City, UT","Salt Lake City, UT | Main C 06C",
a06Ro00000bVFrtIAG,518687,2026-03-31,,"Salt Lake City, UT","Salt Lake City, UT | Main C 06C",
a06Ro00000bVFyLIAW,518688,2026-03-31,,"Salt Lake City, UT","Salt Lake City, UT | Main C 06C",
a06Ro00000bV6DWIA0,518689,2026-03-31,,"Salt Lake City, UT","Salt Lake City, UT | Main C 06C",
a06Ro00000bVECgIAO,518690,2026-03-31,,"Salt Lake City, UT","Salt Lake City, UT | Main C 06C",
a06Ro00000bV37bIAC,518699,,,"Salt Lake City, UT","Salt Lake City, UT | Main D 12F",
a06Ro00000bWCiIIAW,518864,2026-03-31,,"Salt Lake City, UT","Salt Lake City, UT | Main C 14D","Milwaukee, WI"
a06Ro00000bfux0IAA,519548,,,"Salt Lake City, UT","Salt Lake City, UT | Main C 02B",
a06Ro00000bg52nIAA,519549,,,"Salt Lake City, UT","Salt Lake City, UT | Main C 02B",
a06Ro00000bfi7qIAA,519551,,,"Salt Lake City, UT","Salt Lake City, UT | Main C 02B",
a06Ro00000bffV0IAI,519553,,,"Salt Lake City, UT","Salt Lake City, UT | Main C 02B",
a06Ro00000bg5dtIAA,519554,,,"Salt Lake City, UT","Salt Lake City, UT | Main C 03E",
a06Ro00000bg3diIAA,519556,,,"Salt Lake City, UT","Salt Lake City, UT | Main C 03E",
a06Ro00000bg6TVIAY,519557,,,"Salt Lake City, UT","Salt Lake City, UT | Main C 03E",
a06Ro00000biNDJIA2,519658,,,"Salt Lake City, UT","Salt Lake City, UT | Main C 03C",
a06Ro00000biyo2IAA,519754,2026-04-03,,"Salt Lake City, UT","Salt Lake City, UT | Main D 03F","Salt Lake City, UT"
a06Ro00000bj68nIAA,519755,2026-04-03,,"Salt Lake City, UT","Salt Lake City, UT | Main D 03F","Salt Lake City, UT"
a06Ro00000bj2mkIAA,519756,2026-04-03,,"Salt Lake City, UT","Salt Lake City, UT | Main D 03F","Salt Lake City, UT"
a06Ro00000bj3VuIAI,519757,2026-04-03,,"Salt Lake City, UT","Salt Lake City, UT | Main D 03C","Salt Lake City, UT"
a06Ro00000bpIyXIAU,519953,,,"Salt Lake City, UT","Salt Lake City, UT | Main D 13G",
a06Ro00000bpbZjIAI,519956,,,"Salt Lake City, UT","Salt Lake City, UT | Main D 13G",
a06Ro00000bq5JFIAY,519964,,,"Salt Lake City, UT","Salt Lake City, UT | Main D 13G",
a06Ro00000bpmV8IAI,519966,,,"Salt Lake City, UT","Salt Lake City, UT | Main D 14G",
a06Ro00000bphwtIAA,519969,,,"Salt Lake City, UT","Salt Lake City, UT | Main D 14G",
a06Ro00000bqH4HIAU,519973,,,"Salt Lake City, UT","Salt Lake City, UT | Main D 15D","Salt Lake City, UT"
a06Ro00000bqSu9IAE,519985,,,"Salt Lake City, UT","Salt Lake City, UT | Main D 14G",
a06Ro00000bqVwrIAE,519990,,,"Salt Lake City, UT","Salt Lake City, UT | Main D 14G",
a06Ro00000bqM0lIAE,520093,,,"Salt Lake City, UT","Salt Lake City, UT | Main D 13G",
a06Ro00000brC5lIAE,520134,,,"Salt Lake City, UT","Salt Lake City, UT | Main D 14G",
a06Ro00000br3TuIAI,520137,,,"Salt Lake City, UT","Salt Lake City, UT | Main D 14G",
a06Ro00000brDLCIA2,520138,,,"Salt Lake City, UT","Salt Lake City, UT | Main D 13G",
a06Ro00000brdkHIAQ,520152,,,"Salt Lake City, UT","Salt Lake City, UT | Main D 15D",
a06Ro00000brOIEIA2,520155,,,"Salt Lake City, UT","Salt Lake City, UT | Main D 15D",
a06Ro00000brfB0IAI,520158,,,"Salt Lake City, UT","Salt Lake City, UT | Main D 15D",
a06Ro00000brl6jIAA,520161,,,"Salt Lake City, UT","Salt Lake City, UT | Main D 15D",
a06Ro00000brmE5IAI,520163,,,"Salt Lake City, UT","Salt Lake City, UT | Main D 15D",
a06Ro00000btPTWIA2,520287,,,"Salt Lake City, UT","Salt Lake City, UT | Main D 13G",
a06Ro00000btiskIAA,520346,,,"Salt Lake City, UT","Salt Lake City, UT | Main D 13G",
a06Ro00000buuWrIAI,520425,,,"Salt Lake City, UT","Salt Lake City, UT | Main D 04E",
a06Ro00000bwO7tIAE,520476,,,"Salt Lake City, UT","Salt Lake City, UT | Main C 11B",
a06Ro00000cT9ZtIAK,522465,2026-04-16,,"Salt Lake City, UT","Salt Lake City, UT | Main D 03D",Salt Lake City
a06Ro00000cSz5uIAC,522466,2026-04-16,,"Salt Lake City, UT","Salt Lake City, UT | Main D 03D","Salt Lake City, UT"
a06Ro00000cT36JIAS,522470,2026-04-16,,"Salt Lake City, UT","Salt Lake City, UT | Main D 03D",Salt Lake City
a06Ro00000ceTVFIA2,523070,2026-04-20,,"Salt Lake City, UT","Salt Lake City, UT | Main C 13C",
a06Ro00000ceRgMIAU,523072,2026-04-20,,"Salt Lake City, UT","Salt Lake City, UT | Main C 13C",
a06Ro00000ceGY2IAM,523073,2026-04-20,,"Salt Lake City, UT","Salt Lake City, UT | Main C 13C",
a06Ro00000ceUPhIAM,523074,2026-04-20,,"Salt Lake City, UT","Salt Lake City, UT | Main C 13C",
a06Ro00000cpX8vIAE,524030,2026-04-22,,"Salt Lake City, UT","Salt Lake City, UT | Main D 02F","Salt Lake City, UT"
a06Ro00000cpXFNIA2,524031,2026-04-22,,"Salt Lake City, UT","Salt Lake City, UT | Main D 02F","Salt Lake City, UT"
a06Ro00000cpXGzIAM,524032,2026-04-22,,"Salt Lake City, UT","Salt Lake City, UT | Main D 02F","Salt Lake City, UT"
a06Ro00000cpTLSIA2,524033,2026-04-22,,"Salt Lake City, UT","Salt Lake City, UT | Main D 02F","Salt Lake City, UT"
a06Ro00000cpF7CIAU,524034,2026-04-22,,"Salt Lake City, UT","Salt Lake City, UT | Main D 02F","Salt Lake City, UT"
a06Ro00000cpSkNIAU,524035,2026-04-22,,"Salt Lake City, UT","Salt Lake City, UT | Main D 02F","Salt Lake City, UT"
a06Ro00000dEjq2IAC,526012,2026-04-30,,"Salt Lake City, UT","Salt Lake City, UT | Main D 02C",
a06Ro00000dEgowIAC,526013,2026-04-30,,"Salt Lake City, UT","Salt Lake City, UT | Main D 02C",
a06Ro00000dEU9SIAW,526014,2026-04-30,,"Salt Lake City, UT","Salt Lake City, UT | Main D 02C","Salt Lake City, UT"
a06Ro00000dEvEUIA0,526155,2026-04-30,,"Salt Lake City, UT","Salt Lake City, UT | Main D 03D",
a06Ro00000dFB1VIAW,526156,2026-04-30,,"Salt Lake City, UT","Salt Lake City, UT | Main D 03D",
a06Ro00000dF3LiIAK,526158,2026-04-30,,"Salt Lake City, UT","Salt Lake City, UT | Main D 03D",
a06Ro00000dFADWIA4,526160,2026-04-30,,"Salt Lake City, UT","Salt Lake City, UT | Main D 03D",
a06Ro00000dFBvxIAG,526161,2026-04-30,,"Salt Lake City, UT","Salt Lake City, UT | Main D 03D",
a06Ro00000dFCATIA4,526163,2026-04-30,,"Salt Lake City, UT","Salt Lake City, UT | Main D 03D",
a06Ro00000dHAJ5IAO,526241,2026-04-30,,"Salt Lake City, UT","Salt Lake City, UT | Main D 05F","Salt Lake City, UT"
a06Ro00000dPq09IAC,526475,2026-05-04,,"Salt Lake City, UT","Salt Lake City, UT | Main D 15C",
a06Ro00000dQKfnIAG,526638,,,"Salt Lake City, UT","Salt Lake City, UT | Main D 14F",
a06Ro00000dQoU9IAK,526643,,,"Salt Lake City, UT","Salt Lake City, UT | Main D 15D","Salt Lake City, UT"
a06Ro00000dQuEbIAK,526684,,,"Salt Lake City, UT","Salt Lake City, UT | Main D 15D",
a06Ro00000dQRcRIAW,526686,,,"Salt Lake City, UT","Salt Lake City, UT | Main D 14F",
a06Ro00000dQxyvIAC,526698,,,"Salt Lake City, UT","Salt Lake City, UT | Main D 14G",
a06Ro00000dQurLIAS,526701,,,"Salt Lake City, UT","Salt Lake City, UT | Main D 15D",
a06Ro00000dRNJpIAO,526722,,,"Salt Lake City, UT","Salt Lake City, UT | Main D 14F","Salt Lake City, UT"
a06Ro00000dR6qtIAC,526727,,,"Salt Lake City, UT","Salt Lake City, UT | Main D 14G",
a06Ro00000dRP2IIAW,526731,,,"Salt Lake City, UT","Salt Lake City, UT | Main D 14G",
a06Ro00000dRaKHIA0,526760,,,"Salt Lake City, UT","Salt Lake City, UT | Main D 14G",
a06Ro00000dUesoIAC,527092,,,"Salt Lake City, UT","Salt Lake City, UT | Main D 14G",
a06Ro00000dUu37IAC,527101,,,"Salt Lake City, UT","Salt Lake City, UT | Main D 13G",
a06Ro00000dV2ALIA0,527114,2026-05-05,,"Salt Lake City, UT","Salt Lake City, UT | Main C 13D",Salt Lake City
a06Ro00000dVDs9IAG,527127,2026-05-05,,"Salt Lake City, UT","Salt Lake City, UT | Main C 13D",Salt Lake City
a06Ro00000dWFALIA4,527172,,,"Salt Lake City, UT","Salt Lake City, UT | Main D 13G",
a06Ro00000dYbxyIAC,527439,,,"Salt Lake City, UT","Salt Lake City, UT | Main C 07E",
a06Ro00000da9O5IAI,527512,,,"Salt Lake City, UT","Salt Lake City, UT | Main C 07E",
a06Ro00000dcfuvIAA,527718,,,"Salt Lake City, UT","Salt Lake City, UT | Main C 08B",
a06Ro00000dd1ozIAA,527754,,,"Salt Lake City, UT","Salt Lake City, UT | Main C 08B",
a06Ro00000ddPRYIA2,527805,,,"Salt Lake City, UT","Salt Lake City, UT | Main D 15D",
a06Ro00000de35ZIAQ,527808,2026-05-07,,"Salt Lake City, UT","Salt Lake City, UT | Main D 18D",
a06Ro00000de7NhIAI,527814,,,"Salt Lake City, UT","Salt Lake City, UT | Main C 08B",
a06Ro00000dfslxIAA,527898,,,"Salt Lake City, UT","Salt Lake City, UT | Main C 08B",
a06Ro00000dgHPNIA2,527930,,,"Salt Lake City, UT","Salt Lake City, UT | Main D 13F",
a06Ro00000doASLIA2,528311,,,"Salt Lake City, UT","Salt Lake City, UT | Main D 09C",
a06Ro00000dnxwZIAQ,528316,,,"Salt Lake City, UT","Salt Lake City, UT | Main C 05C",
a06Ro00000doFJyIAM,528328,,,"Salt Lake City, UT","Salt Lake City, UT | Main D 09C",
a06Ro00000dpFPxIAM,528372,,,"Salt Lake City, UT","Salt Lake City, UT | Main D 09B",
a06Ro00000drwk9IAA,528588,,,"Salt Lake City, UT","Salt Lake City, UT | Main D 04F","Salt Lake City, UT"
a06Ro00000dsFV4IAM,528610,,,"Salt Lake City, UT","Salt Lake City, UT | Main C 08B",
a06Ro00000dsH8gIAE,528621,2026-05-12,,"Salt Lake City, UT","Salt Lake City, UT | Main D 08B","Salt Lake City, UT"
a06Ro00000dstYwIAI,528676,,,"Salt Lake City, UT","Salt Lake City, UT | Main D 09A",
a06Ro00000dxEwYIAU,528929,,,"Salt Lake City, UT","Salt Lake City, UT | Main D 06D",
a06Ro00000e5otBIAQ,529595,,,"Salt Lake City, UT","Salt Lake City, UT | Main D 08A",
a06Ro00000eFhYgIAK,530082,,,"Salt Lake City, UT","Salt Lake City, UT | Main D 06D",
a06Ro00000eJo25IAC,530417,,,"Salt Lake City, UT","Salt Lake City, UT | Main C 11E",
a06Ro00000eNcaDIAS,530742,,,"Salt Lake City, UT","Salt Lake City, UT | Main D 13E",
a06Ro00000eOObdIAG,530799,,,"Salt Lake City, UT","Salt Lake City, UT | Main C 06B",
a06Ro00000eP0dhIAC,530822,,,"Salt Lake City, UT","Salt Lake City, UT | Main D 03D",
a06Ro00000eRcBpIAK,530948,,,"Salt Lake City, UT","Salt Lake City, UT | Main D 07C",
a06Ro00000eahKLIAY,531358,,,"Salt Lake City, UT","Salt Lake City, UT | Main C 08B","Salt Lake City, UT"
a06Ro00000ec8ITIAY,531483,2026-05-26,,"Salt Lake City, UT","Salt Lake City, UT | Main D 11D",
a06Ro00000ebjYcIAI,531484,2026-05-26,,"Salt Lake City, UT","Salt Lake City, UT | Main D 11D",
a06Ro00000ebfl9IAA,531485,2026-05-26,,"Salt Lake City, UT","Salt Lake City, UT | Main D 11D",
a06Ro00000ej8wrIAA,531987,,,"Salt Lake City, UT","Salt Lake City, UT | Main D 07B",
a06Ro00000ekJWrIAM,532133,,,Shipping,Shipping,"Salt Lake City, UT"
a06Ro00000eknMtIAI,532153,2026-05-28,,"Salt Lake City, UT","Salt Lake City, UT | Main C 03D",
a06Ro00000ekgDLIAY,532154,2026-05-28,,"Salt Lake City, UT","Salt Lake City, UT | Main C 03D",
a06Ro00000elA6YIAU,532155,2026-05-28,,"Salt Lake City, UT","Salt Lake City, UT | Main C 03D",
a06Ro00000elGTiIAM,532156,2026-05-28,,"Salt Lake City, UT","Salt Lake City, UT | Main C 03D",
a06Ro00000ekwDGIAY,532157,2026-05-28,,"Salt Lake City, UT","Salt Lake City, UT | Main C 03D",
a06Ro00000el5IAIAY,532159,2026-05-28,,"Salt Lake City, UT","Salt Lake City, UT | Main C 03D",
a06Ro00000elITtIAM,532161,2026-05-28,,Shipping,Shipping,"Salt Lake City, UT"
a06Ro00000endZ4IAI,532274,2026-05-29,,"Salt Lake City, UT","Salt Lake City, UT | Main C 03D",
a06Ro00000enpbpIAA,532275,2026-05-29,,"Salt Lake City, UT","Salt Lake City, UT | Main C 03D",
a06Ro00000enpdRIAQ,532276,2026-05-29,,"Salt Lake City, UT","Salt Lake City, UT | Main C 03D",
a06Ro00000enplVIAQ,532277,2026-05-29,,"Salt Lake City, UT","Salt Lake City, UT | Main C 03D",
a06Ro00000enonqIAA,532278,2026-05-29,,"Salt Lake City, UT","Salt Lake City, UT | Main C 03D",
a06Ro00000enpwnIAA,532280,2026-05-29,,"Salt Lake City, UT","Salt Lake City, UT | Main C 03D",
a06Ro00000enTBYIA2,532281,2026-05-29,,"Salt Lake City, UT","Salt Lake City, UT | Main C 03D",
a06Ro00000enq9hIAA,532282,2026-05-29,,"Salt Lake City, UT","Salt Lake City, UT | Main C 03D",
a06Ro00000enqHlIAI,532283,2026-05-29,,"Salt Lake City, UT","Salt Lake City, UT | Main C 03D",
a06Ro00000enqT3IAI,532284,2026-05-29,,"Salt Lake City, UT","Salt Lake City, UT | Main C 03D",
a06Ro00000eowctIAA,532450,,,"Salt Lake City, UT","Salt Lake City, UT | Main D 14A",
a06Ro00000ep1FyIAI,532464,,,"Salt Lake City, UT","Salt Lake City, UT | Main D 05D",
a06Ro00000evDWAIA2,532689,,,"Salt Lake City, UT","Salt Lake City, UT | Tom Wixom",
a06Ro00000f3o8mIAA,533410,2026-06-03,,"Salt Lake City, UT","Salt Lake City, UT | Main D 07E",Salt Lake City
a06Ro00000f3y9hIAA,533411,2026-06-03,,"Salt Lake City, UT","Salt Lake City, UT | Main D 07E",Salt Lake City
a06Ro00000f3p1bIAA,533412,2026-06-03,,"Salt Lake City, UT","Salt Lake City, UT | Main D 07E",Salt Lake City
a06Ro00000f3yG9IAI,533414,2026-06-03,,"Salt Lake City, UT","Salt Lake City, UT | Main D 07E",Salt Lake City
a06Ro00000f3yJNIAY,533415,2026-06-03,,"Salt Lake City, UT","Salt Lake City, UT | Main D 07E",Salt Lake City
a06Ro00000f3vBqIAI,533416,2026-06-03,,"Salt Lake City, UT","Salt Lake City, UT | Main D 07E",Salt Lake City
a06Ro00000f4UzBIAU,533443,2026-06-03,,"Salt Lake City, UT","Salt Lake City, UT | Main C 11E","Salt Lake City, UT"
a06Ro00000f8Pw6IAE,533828,2026-06-04,,"Salt Lake City, UT","Salt Lake City, UT | Main D 05F",Salt Lake City
a06Ro00000fIvbTIAS,534353,,,"Salt Lake City, UT","Salt Lake City, UT | Main D 06E",
a06Ro00000fJFIHIA4,534356,,,"Salt Lake City, UT","Salt Lake City, UT | Main D 06E",
a06Ro00000fK7c1IAC,534475,2026-06-08,,"Salt Lake City, UT","Salt Lake City, UT | Main D 02D","Salt Lake City, UT"
a06Ro00000fJcJjIAK,534476,2026-06-08,,"Salt Lake City, UT","Salt Lake City, UT | Main D 02D","Salt Lake City, UT"
a06Ro00000fIz3rIAC,534477,2026-06-08,,"Salt Lake City, UT","Salt Lake City, UT | Main D 02D","Salt Lake City, UT"
a06Ro00000fK7ovIAC,534478,2026-06-08,,"Salt Lake City, UT","Salt Lake City, UT | Main D 02D","Salt Lake City, UT"
a06Ro00000fK7vNIAS,534480,2026-06-08,,"Salt Lake City, UT","Salt Lake City, UT | Main D 02D","Salt Lake City, UT"
a06Ro00000fK7wzIAC,534481,2026-06-08,,"Salt Lake City, UT","Salt Lake City, UT | Main D 02D","Salt Lake City, UT"
a06Ro00000fJQf9IAG,534482,2026-06-08,,"Salt Lake City, UT","Salt Lake City, UT | Main D 02D","Salt Lake City, UT"
a06Ro00000fJvscIAC,534483,2026-06-08,,"Salt Lake City, UT","Salt Lake City, UT | Main D 02D","Salt Lake City, UT"
a06Ro00000fK2Z8IAK,534485,2026-06-08,,"Salt Lake City, UT","Salt Lake City, UT | Main D 02D","Salt Lake City, UT"
a06Ro00000fK89tIAC,534486,2026-06-08,,"Salt Lake City, UT","Salt Lake City, UT | Main D 02D","Salt Lake City, UT"
a06Ro00000fKDfpIAG,534512,2026-06-08,,"Salt Lake City, UT","Salt Lake City, UT | Main D 02D",Salt Lake City
a06Ro00000fKDxZIAW,534514,2026-06-08,,"Salt Lake City, UT","Salt Lake City, UT | Main D 02D",Salt Lake City
a06Ro00000fKE2PIAW,534515,2026-06-08,,"Salt Lake City, UT","Salt Lake City, UT | Main D 02D",Salt Lake City
a06Ro00000fK8TGIA0,534516,2026-06-08,,"Salt Lake City, UT","Salt Lake City, UT | Main D 02D",Salt Lake City
a06Ro00000fKEC5IAO,534517,2026-06-08,2026-06-19,"Salt Lake City, UT","Salt Lake City, UT | Main D 02D",Salt Lake City
a06Ro00000fKEGvIAO,534518,2026-06-08,,"Salt Lake City, UT","Salt Lake City, UT | Main D 02D",Salt Lake City
a06Ro00000fK3LWIA0,534519,2026-06-08,,"Salt Lake City, UT","Salt Lake City, UT | Main D 02D",Salt Lake City
a06Ro00000fJmHTIA0,534520,2026-06-08,,"Salt Lake City, UT","Salt Lake City, UT | Main D 02D",Salt Lake City
a06Ro00000fKEaHIAW,534521,2026-06-08,,"Salt Lake City, UT","Salt Lake City, UT | Main D 02D",Salt Lake City
a06Ro00000fKEqPIAW,534522,2026-06-08,,"Salt Lake City, UT","Salt Lake City, UT | Main D 02D",Salt Lake City
a06Ro00000fKRkPIAW,534539,2026-06-08,,"Salt Lake City, UT","Salt Lake City, UT | Main D 02D","Salt Lake City, UT"
a06Ro00000fKOxqIAG,534540,2026-06-08,,"Salt Lake City, UT","Salt Lake City, UT | Main D 02D","Salt Lake City, UT"
a06Ro00000fKRqrIAG,534541,2026-06-08,,"Salt Lake City, UT","Salt Lake City, UT | Main D 02D","Salt Lake City, UT"
a06Ro00000fKRu5IAG,534542,2026-06-08,,"Salt Lake City, UT","Salt Lake City, UT | Main D 02D","Salt Lake City, UT"
a06Ro00000fKRyvIAG,534543,2026-06-08,,"Salt Lake City, UT","Salt Lake City, UT | Main D 02D","Salt Lake City, UT"
a06Ro00000fKS29IAG,534544,2026-06-08,,"Salt Lake City, UT","Salt Lake City, UT | Main D 02D","Salt Lake City, UT"
a06Ro00000fKCBuIAO,534545,2026-06-08,,"Salt Lake City, UT","Salt Lake City, UT | Main D 02D","Salt Lake City, UT"
a06Ro00000fKS5NIAW,534546,2026-06-08,,"Salt Lake City, UT","Salt Lake City, UT | Main D 02D","Salt Lake City, UT"
a06Ro00000fJp0pIAC,534547,2026-06-08,,"Salt Lake City, UT","Salt Lake City, UT | Main D 02D","Salt Lake City, UT"
a06Ro00000fKS5OIAW,534548,2026-06-08,,"Salt Lake City, UT","Salt Lake City, UT | Main D 02D","Salt Lake City, UT"
a06Ro00000fKSGfIAO,534549,2026-06-08,,"Salt Lake City, UT","Salt Lake City, UT | Main D 02D","Salt Lake City, UT"
a06Ro00000fKSIHIA4,534550,2026-06-08,,"Salt Lake City, UT","Salt Lake City, UT | Main D 02D","Salt Lake City, UT"
a06Ro00000fKSJtIAO,534551,2026-06-08,,"Salt Lake City, UT","Salt Lake City, UT | Main D 02D","Salt Lake City, UT"
a06Ro00000fKHEoIAO,534552,2026-06-08,,"Salt Lake City, UT","Salt Lake City, UT | Main D 02D","Salt Lake City, UT"
a06Ro00000fKSQLIA4,534553,2026-06-08,,"Salt Lake City, UT","Salt Lake City, UT | Main D 02D","Salt Lake City, UT"
a06Ro00000fT8CIIA0,535027,2026-06-10,,"Salt Lake City, UT","Salt Lake City, UT | Main D 03G",Salt Lake City
a06Ro00000fTPOPIA4,535028,2026-06-10,,"Salt Lake City, UT","Salt Lake City, UT | Main D 03G",Salt Lake City
a06Ro00000fTPZhIAO,535029,2026-06-10,,"Salt Lake City, UT","Salt Lake City, UT | Main D 03G",Salt Lake City
a06Ro00000fTPwHIAW,535031,2026-06-10,,"Salt Lake City, UT","Salt Lake City, UT | Main D 03G",Salt Lake City
a06Ro00000fT1kIIAS,535033,2026-06-10,,"Salt Lake City, UT","Salt Lake City, UT | Main D 03G",Salt Lake City
a06Ro00000fTR5FIAW,535034,2026-06-10,,"Salt Lake City, UT","Salt Lake City, UT | Main D 03G",Salt Lake City
a06Ro00000fT7mVIAS,535035,2026-06-10,,"Salt Lake City, UT","Salt Lake City, UT | Main D 03G","Salt Lake City, UT"
a06Ro00000fXuNCIA0,535280,,,"Salt Lake City, UT","Salt Lake City, UT | Main D 06D",
a06Ro00000fXuNDIA0,535281,,,"Salt Lake City, UT","Salt Lake City, UT | Main D 06D",
a06Ro00000fXuNEIA0,535282,,,"Salt Lake City, UT","Salt Lake City, UT | Main D 06D",
a06Ro00000fXuNFIA0,535283,,,"Salt Lake City, UT","Salt Lake City, UT | Main D 06D",
a06Ro00000fYpA9IAK,535362,,,"Salt Lake City, UT","Salt Lake City, UT | Main D 02D",
a06Ro00000fd5g9IAA,535707,,,"Salt Lake City, UT","Salt Lake City, UT | Main C 02H",
a06Ro00000fiImPIAU,535822,2026-06-15,,"Salt Lake City, UT","Salt Lake City, UT | Main C 03D",
a06Ro00000fjEP0IAM,535965,2026-06-15,,"Salt Lake City, UT","Salt Lake City, UT | Main D 03D",Salt Lake City
a06Ro00000fjLqHIAU,535966,2026-06-15,,"Salt Lake City, UT","Salt Lake City, UT | Main D 03D",Salt Lake City
a06Ro00000fjLyLIAU,535967,2026-06-15,,Shipping,Shipping,"Salt Lake City, UT"
a06Ro00000fjZbVIAU,535998,,,"Salt Lake City, UT","Salt Lake City, UT | Main C 04C",
a06Ro00000fk9zyIAA,536022,,,"Salt Lake City, UT","Salt Lake City, UT | Main C 02F",
a06Ro00000fkPgXIAU,536027,,,Consumed,Consumed,
a06Ro00000fwheUIAQ,537217,,,"Salt Lake City, UT","Salt Lake City, UT | Main D 02D",
a06Ro00000g7zzRIAQ,537858,,,"Salt Lake City, UT","Salt Lake City, UT | Main D 02D",
a06Ro00000g8FksIAE,537863,,,"Salt Lake City, UT","Salt Lake City, UT | Main D 06D","Salt Lake City, UT"
a06Ro00000g8FktIAE,537864,,,"Salt Lake City, UT","Salt Lake City, UT | Main D 06D","Salt Lake City, UT"
a06Ro00000g7quYIAQ,537865,,,"Salt Lake City, UT","Salt Lake City, UT | Main C 06D",
a06Ro00000g7quZIAQ,537866,,,"Salt Lake City, UT","Salt Lake City, UT | Main C 06D",
a06Ro00000g7quaIAA,537867,,,"Salt Lake City, UT","Salt Lake City, UT | Main C 06D",
a06Ro00000g7qubIAA,537868,,,"Salt Lake City, UT","Salt Lake City, UT | Main C 06D",
a06Ro00000g7qucIAA,537869,,,"Salt Lake City, UT","Salt Lake City, UT | Main C 06D",
a06Ro00000g7qudIAA,537870,,,"Salt Lake City, UT","Salt Lake City, UT | Main C 06D",
a06Ro00000g7queIAA,537871,,,"Salt Lake City, UT","Salt Lake City, UT | Main C 06D",
a06Ro00000g7qufIAA,537872,,,"Salt Lake City, UT","Salt Lake City, UT | Main C 06D",
a06Ro00000g7qugIAA,537873,,,"Salt Lake City, UT","Salt Lake City, UT | Main C 06D",
a06Ro00000g7quhIAA,537874,,,"Salt Lake City, UT","Salt Lake City, UT | Main C 06D",
a06Ro00000gBjrFIAS,538087,,,"Salt Lake City, UT","Salt Lake City, UT | Main C 12A","Salt Lake City, UT"
a06Ro00000gM7AjIAK,538663,,,"Salt Lake City, UT","Salt Lake City, UT | Main D 06A",
a06Ro00000gPx6LIAS,538953,,,"Salt Lake City, UT","Salt Lake City, UT | Main C 02A",
a06Ro00000gcK8nIAE,539679,,,"Salt Lake City, UT","Salt Lake City, UT | Main C 06B",
a06Ro00000gcKf3IAE,539682,,,"Salt Lake City, UT","Salt Lake City, UT | Main C 06B",
a06Ro00000ggDBxIAM,539896,,,"Salt Lake City, UT","Salt Lake City, UT | Main C 05B",
a06Ro00000ggDByIAM,539897,,,"Salt Lake City, UT","Salt Lake City, UT | Main C 05B",
a06Ro00000gtvFBIAY,540468,,,"Salt Lake City, UT","Salt Lake City, UT | Main D 05G",
a06Ro00000guYusIAE,540513,,,"Salt Lake City, UT","Salt Lake City, UT | Main C 04C",
a06Ro00000gv0xZIAQ,540523,,,"Salt Lake City, UT","Salt Lake City, UT | Main C 07A",
a06Ro00000hHjftIAC,541760,,,"Salt Lake City, UT","Salt Lake City, UT | Main C 03D",
a06Ro00000hHdaVIAS,541761,,,"Salt Lake City, UT","Salt Lake City, UT | Main C 03D",
a06Ro00000hHjsnIAC,541762,,,"Salt Lake City, UT","Salt Lake City, UT | Main C 03D",
a06Ro00000hHjxdIAC,541763,,,"Salt Lake City, UT","Salt Lake City, UT | Main C 03D",
a06Ro00000hHk2TIAS,541764,,,Shipping,Shipping,"Salt Lake City, UT"
a06Ro00000hHi0iIAC,541767,2026-07-13,,"Salt Lake City, UT","Salt Lake City, UT | Main C 03D",
a06Ro00000hHmHBIA0,541768,2026-07-13,,"Salt Lake City, UT","Salt Lake City, UT | Main C 03D",
a06Ro00000hHJTiIAO,541770,2026-07-13,,"Salt Lake City, UT","Salt Lake City, UT | Main C 03D",
a06Ro00000hHnZpIAK,541774,2026-07-13,,"Salt Lake City, UT","Salt Lake City, UT | Main C 03D",
a06Ro00000hI8hVIAS,541815,2026-07-13,2024-12-20,"Salt Lake City, UT","Salt Lake City, UT | Main D 10C",
a06Ro00000hI9bxIAC,541817,2026-07-13,2024-12-20,"Salt Lake City, UT","Salt Lake City, UT | Main D 10C",
a06Ro00000hIBU5IAO,541820,2026-07-13,2024-12-20,"Salt Lake City, UT","Salt Lake City, UT | Main D 10C",
a06Ro00000hJHE5IAO,541888,2026-07-13,,"Salt Lake City, UT","Salt Lake City, UT | Main D 05A",
a06Ro00000hJ8tzIAC,541889,2026-07-13,,"Salt Lake City, UT","Salt Lake City, UT | Main D 05A",
a06Ro00000hJHSbIAO,541890,2026-07-13,,"Salt Lake City, UT","Salt Lake City, UT | Main D 05A",
a06Ro00000hJHXRIA4,541891,2026-07-13,,"Salt Lake City, UT","Salt Lake City, UT | Main D 05A",
a06Ro00000hJHZ3IAO,541892,2026-07-13,,"Salt Lake City, UT","Salt Lake City, UT | Main D 05A",
a06Ro00000hJHcHIAW,541893,2026-07-13,,"Salt Lake City, UT","Salt Lake City, UT | Main D 05A",
a06Ro00000hJ6c2IAC,541894,2026-07-13,,"Salt Lake City, UT","Salt Lake City, UT | Main D 05A",
a06Ro00000hJHlxIAG,541895,2026-07-13,,"Salt Lake City, UT","Salt Lake City, UT | Main D 05A",
a06Ro00000hJHUEIA4,541896,2026-07-13,,"Salt Lake City, UT","Salt Lake City, UT | Main D 05A",
a06Ro00000hJHyrIAG,541897,2026-07-13,,"Salt Lake City, UT","Salt Lake City, UT | Main D 05A",
a06Ro00000hJHHKIA4,541898,2026-07-13,,"Salt Lake City, UT","Salt Lake City, UT | Main D 05A",
a06Ro00000hJI8XIAW,541899,2026-07-13,,"Salt Lake City, UT","Salt Lake City, UT | Main D 05A",
a06Ro00000hJIDNIA4,541900,2026-07-13,,"Salt Lake City, UT","Salt Lake City, UT | Main D 05A",
a06Ro00000hJIGbIAO,541901,2026-07-13,,"Salt Lake City, UT","Salt Lake City, UT | Main D 05A",
a06Ro00000hJIJpIAO,541903,2026-07-13,,"Salt Lake City, UT","Salt Lake City, UT | Main D 05A",
a06Ro00000hJ1xKIAS,541904,2026-07-13,,"Salt Lake City, UT","Salt Lake City, UT | Main D 05A",
a06Ro00000hIwhXIAS,541905,2026-07-13,,"Salt Lake City, UT","Salt Lake City, UT | Main D 05A",
a06Ro00000hIyY2IAK,541906,2026-07-13,,"Salt Lake City, UT","Salt Lake City, UT | Main D 05A",
a06Ro00000hIpJVIA0,541907,2026-07-13,,"Salt Lake City, UT","Salt Lake City, UT | Main D 05A",
a06Ro00000hJHfWIAW,541908,2026-07-13,,"Salt Lake City, UT","Salt Lake City, UT | Main D 05A",
a06Ro00000hMKvNIAW,542097,2026-07-14,,"Salt Lake City, UT","Salt Lake City, UT | Main C 02C",Salt Lake City
a06Ro00000hML9tIAG,542098,2026-07-14,,"Salt Lake City, UT","Salt Lake City, UT | Main C 02C",Salt Lake City
a06Ro00000hMLOPIA4,542099,2026-07-14,,"Salt Lake City, UT","Salt Lake City, UT | Main C 02C",Salt Lake City
a06Ro00000hMLZhIAO,542100,2026-07-14,,"Salt Lake City, UT","Salt Lake City, UT | Main C 02C",Salt Lake City
a06Ro00000hMLzVIAW,542102,2026-07-14,,"Salt Lake City, UT","Salt Lake City, UT | Main C 02C",Salt Lake City
a06Ro00000hMFkQIAW,542103,2026-07-14,,"Salt Lake City, UT","Salt Lake City, UT | Main C 02C",Salt Lake City
a06Ro00000hMMM5IAO,542104,2026-07-14,,"Salt Lake City, UT","Salt Lake City, UT | Main C 02C",Salt Lake City
a06Ro00000hMEd5IAG,542106,2026-07-14,,"Salt Lake City, UT","Salt Lake City, UT | Main C 02C",Salt Lake City
a06Ro00000hMNoPIAW,542107,2026-07-14,,"Salt Lake City, UT","Salt Lake City, UT | Main C 02C",Salt Lake City
a06Ro00000hML0EIAW,542108,2026-07-14,,"Salt Lake City, UT","Salt Lake City, UT | Scott Trover",Salt Lake City
a06Ro00000hMOanIAG,542109,2026-07-14,,"Salt Lake City, UT","Salt Lake City, UT | Main C 02C",Salt Lake City
a06Ro00000hMOe1IAG,542110,2026-07-14,,"Salt Lake City, UT","Salt Lake City, UT | Main C 02C",Salt Lake City
a06Ro00000hMOkTIAW,542111,2026-07-14,,"Salt Lake City, UT","Salt Lake City, UT | Main C 02C",Salt Lake City
a06Ro00000hMPJxIAO,542112,2026-07-14,,"Salt Lake City, UT","Salt Lake City, UT | Main C 02C",Salt Lake City
a06Ro00000hMMAoIAO,542113,2026-07-14,,"Salt Lake City, UT","Salt Lake City, UT | Main C 02C",Salt Lake City
a06Ro00000hMILiIAO,542114,2026-07-14,,"Salt Lake City, UT","Salt Lake City, UT | Main C 02C",Salt Lake City
a06Ro00000hMOJ4IAO,542116,2026-07-14,,"Salt Lake City, UT","Salt Lake City, UT | Main C 02C",Salt Lake City
a06Ro00000hLjO0IAK,542117,2026-07-14,,"Salt Lake City, UT","Salt Lake City, UT | Main C 02C",Salt Lake City
a06Ro00000hMRNNIA4,542118,2026-07-14,,"Salt Lake City, UT","Salt Lake City, UT | Main C 02C",Salt Lake City
a06Ro00000hMRvFIAW,542119,2026-07-14,,"Salt Lake City, UT","Salt Lake City, UT | Main C 02C",Salt Lake City
a06Ro00000hM6UFIA0,542120,2026-07-14,,"Salt Lake City, UT","Salt Lake City, UT | Main C 02C",Salt Lake City
a06Ro00000hMSg1IAG,542121,2026-07-14,,"Salt Lake City, UT","Salt Lake City, UT | Main C 02C",Salt Lake City
a06Ro00000hMRKCIA4,542122,2026-07-14,,"Salt Lake City, UT","Salt Lake City, UT | Main C 02C",Salt Lake City
a06Ro00000hMT7RIAW,542123,2026-07-14,,"Salt Lake City, UT","Salt Lake City, UT | Main C 02C",Salt Lake City
a06Ro00000hMTH7IAO,542124,2026-07-14,,"Salt Lake City, UT","Salt Lake City, UT | Scott Trover",Salt Lake City
a06Ro00000hM9bnIAC,542125,2026-07-14,,"Salt Lake City, UT","Salt Lake City, UT | Main C 02C",Salt Lake City
a06Ro00000hMTgvIAG,542126,2026-07-14,,"Salt Lake City, UT","Salt Lake City, UT | Main C 02C",Salt Lake City
a06Ro00000hMUBZIA4,542127,2026-07-14,,"Salt Lake City, UT","Salt Lake City, UT | Main C 02C",Salt Lake City
a06Ro00000hMGmwIAG,542128,2026-07-14,,"Salt Lake City, UT","Salt Lake City, UT | Main C 02C",Salt Lake City
a06Ro00000hMTgwIAG,542129,2026-07-14,,"Salt Lake City, UT","Salt Lake City, UT | Main C 02C",Salt Lake City
a06Ro00000hMHO2IAO,542132,2026-07-14,,"Salt Lake City, UT","Salt Lake City, UT | Main C 02C",Salt Lake City
a06Ro00000hLz2wIAC,542133,2026-07-14,,"Salt Lake City, UT","Salt Lake City, UT | Main C 02C",Salt Lake City
a06Ro00000hMVNlIAO,542134,2026-07-14,,"Salt Lake City, UT","Salt Lake City, UT | Main C 02C",Salt Lake City
a06Ro00000hMVcHIAW,542135,2026-07-14,,"Salt Lake City, UT","Salt Lake City, UT | Main C 02C",Salt Lake City
a06Ro00000hMVnZIAW,542136,2026-07-14,,"Salt Lake City, UT","Salt Lake City, UT | Main C 02C",Salt Lake City
a06Ro00000hMP0cIAG,542137,2026-07-14,,"Salt Lake City, UT","Salt Lake City, UT | Main C 02C",Salt Lake City
a06Ro00000hMWWjIAO,542138,2026-07-14,,"Salt Lake City, UT","Salt Lake City, UT | Main C 02C",Salt Lake City
a06Ro00000hMSuYIAW,542139,2026-07-14,,"Salt Lake City, UT","Salt Lake City, UT | Main C 02C",Salt Lake City
a06Ro00000hMgKnIAK,542144,2026-07-14,,"Salt Lake City, UT","Salt Lake City, UT | Main C 02C",Salt Lake City
a06Ro00000hMaFPIA0,542145,2026-07-14,,"Salt Lake City, UT","Salt Lake City, UT | Main C 02C",Salt Lake City
a06Ro00000hMYAMIA4,542146,2026-07-14,,"Salt Lake City, UT","Salt Lake City, UT | Main C 02C",Salt Lake City
a06Ro00000hMgsfIAC,542149,2026-07-14,,"Salt Lake City, UT","Salt Lake City, UT | Main C 02C",Salt Lake City
a06Ro00000hMdTOIA0,542150,2026-07-14,,"Salt Lake City, UT","Salt Lake City, UT | Main C 02C",Salt Lake City
a06Ro00000hMh7BIAS,542151,2026-07-14,,"Salt Lake City, UT","Salt Lake City, UT | Main C 02C",Salt Lake City
a06Ro00000hMMUAIA4,542152,2026-07-14,,"Salt Lake City, UT","Salt Lake City, UT | Main C 02C",Salt Lake City
a06Ro00000hMhVNIA0,542155,2026-07-14,,"Salt Lake City, UT","Salt Lake City, UT | Main C 02C",Salt Lake City
a06Ro00000hMhbpIAC,542156,2026-07-14,,"Salt Lake City, UT","Salt Lake City, UT | Main C 02C",Salt Lake City
a06Ro00000hR4MvIAK,542457,,,"Salt Lake City, UT","Salt Lake City, UT | Main D 06E",
a06Ro00000hRObmIAG,542480,2026-07-15,,"Salt Lake City, UT","Salt Lake City, UT | Main C 03D",
a06Ro00000hRT8PIAW,542481,2026-07-15,,"Salt Lake City, UT","Salt Lake City, UT | Main C 03D",
a06Ro00000hRTGTIA4,542482,2026-07-15,,"Salt Lake City, UT","Salt Lake City, UT | Main C 03D",
a06Ro00000hRTI5IAO,542483,2026-07-15,,"Salt Lake City, UT","Salt Lake City, UT | Main C 03D",
a06Ro00000hRTLJIA4,542484,2026-07-15,,"Salt Lake City, UT","Salt Lake City, UT | Main C 03D",
a06Ro00000hRTMvIAO,542485,2026-07-15,,"Salt Lake City, UT","Salt Lake City, UT | Main C 03D",
a06Ro00000hRSNeIAO,542486,2026-07-15,,"Salt Lake City, UT","Salt Lake City, UT | Main C 03D",
a06Ro00000hRTRlIAO,542487,2026-07-15,,"Salt Lake City, UT","Salt Lake City, UT | Main C 03D",
a06Ro00000hRTUzIAO,542488,2026-07-15,,"Salt Lake City, UT","Salt Lake City, UT | Main C 03D",
a06Ro00000hRTYDIA4,542489,2026-07-15,,"Salt Lake City, UT","Salt Lake City, UT | Main C 03D",
a06Ro00000hRUxJIAW,542490,2026-07-15,,"Salt Lake City, UT","Salt Lake City, UT | Main C 03D",
a06Ro00000hRTBeIAO,542491,2026-07-15,,"Salt Lake City, UT","Salt Lake City, UT | Main C 03D",
a06Ro00000hRMF0IAO,542492,2026-07-15,,"Salt Lake City, UT","Salt Lake City, UT | Main C 03D",
a06Ro00000hRV6zIAG,542493,2026-07-15,,"Salt Lake City, UT","Salt Lake City, UT | Main C 03D",
a06Ro00000hROFCIA4,542494,2026-07-15,,"Salt Lake City, UT","Salt Lake City, UT | Main C 03D",
a06Ro00000hRIswIAG,542495,2026-07-15,,"Salt Lake City, UT","Salt Lake City, UT | Main C 03D",
a06Ro00000hQreIIAS,542496,2026-07-15,,"Salt Lake City, UT","Salt Lake City, UT | Main C 03D",
a06Ro00000hRVGfIAO,542497,2026-07-15,,"Salt Lake City, UT","Salt Lake City, UT | Main C 03D",
a06Ro00000hRFQQIA4,542498,2026-07-15,,"Salt Lake City, UT","Salt Lake City, UT | Main C 03D",
a06Ro00000hRVQLIA4,542499,2026-07-15,,"Salt Lake City, UT","Salt Lake City, UT | Main C 03D",
a06Ro00000hYDEzIAO,542976,2026-07-17,,"Salt Lake City, UT","Salt Lake City, UT | Main D 03F",Salt Lake City
a06Ro00000hYF2IIAW,542980,2026-07-17,,"Salt Lake City, UT","Salt Lake City, UT | Main D 03F",Salt Lake City
a06Ro00000hY8dXIAS,542981,2026-07-17,,"Salt Lake City, UT","Salt Lake City, UT | Main D 03F",Salt Lake City
a06Ro00000hYHC9IAO,542982,2026-07-17,,"Salt Lake City, UT","Salt Lake City, UT | Main D 03F",Salt Lake City
a06Ro00000hY6qEIAS,542983,2026-07-17,,"Salt Lake City, UT","Salt Lake City, UT | Main D 03F",Salt Lake City
a06Ro00000hY4OcIAK,542984,2026-07-17,,"Salt Lake City, UT","Salt Lake City, UT | Main D 03F",Salt Lake City
a06Ro00000hY34MIAS,542985,2026-07-17,,"Salt Lake City, UT","Salt Lake City, UT | Main D 03F",Salt Lake City
a06Ro00000hY2TGIA0,542986,2026-07-17,,"Salt Lake City, UT","Salt Lake City, UT | Main D 03F",Salt Lake City
a06Ro00000hYHX7IAO,542987,2026-07-17,,"Salt Lake City, UT","Salt Lake City, UT | Main D 03F",Salt Lake City
a06Ro00000hY6biIAC,542988,2026-07-17,,"Salt Lake City, UT","Salt Lake City, UT | Main D 03F",Salt Lake City
a06Ro00000hkdtdIAA,543872,2026-07-21,,"Salt Lake City, UT","Salt Lake City, UT | Main C 08B",
a06Ro00000hkrWnIAI,543890,,,"Salt Lake City, UT","Salt Lake City, UT | Main D 09H",
a06Ro00000hlxNGIAY,543958,,,"Salt Lake City, UT","Salt Lake City, UT | Main C 11E",
a06Ro00000hp9dBIAQ,544254,,,"Salt Lake City, UT","Salt Lake City, UT | Main C 11E",
a06Ro00000hso8jIAA,544733,,,Shipping,Shipping,"Salt Lake City, UT"
a06Ro00000hsowjIAA,544736,,,Shipping,Shipping,"Salt Lake City, UT"
a06Ro00000hu3tiIAA,544820,,,"Salt Lake City, UT","Salt Lake City, UT | Main D 12F",
a06Ro00000i3bcnIAA,545368,,,"Salt Lake City, UT","Salt Lake City, UT | Main D 17B",
a06Ro00000iDrRlIAK,546095,2026-07-29,,"Salt Lake City, UT","Salt Lake City, UT | Main C 01F",Salt Lake City
a06Ro00000iDrd3IAC,546096,2026-07-29,,"Salt Lake City, UT","Salt Lake City, UT | Main C 01F",Salt Lake City
a06Ro00000iDrefIAC,546097,2026-07-29,,"Salt Lake City, UT","Salt Lake City, UT | Main C 01F",Salt Lake City
a06Ro00000iDrgHIAS,546098,2026-07-29,,"Salt Lake City, UT","Salt Lake City, UT | Main C 01F",Salt Lake City
a06Ro00000iDQZeIAO,546099,2026-07-29,,"Salt Lake City, UT","Salt Lake City, UT | Main C 01F",Salt Lake City
a06Ro00000iDrl7IAC,546100,2026-07-29,,"Salt Lake City, UT","Salt Lake City, UT | Main C 01F",Salt Lake City
a06Ro00000iDmtWIAS,546101,2026-07-29,,"Salt Lake City, UT","Salt Lake City, UT | Main C 01F",Salt Lake City
a06Ro00000iDdNCIA0,546102,2026-07-29,,"Salt Lake City, UT","Salt Lake City, UT | Main C 01F",Salt Lake City
a06Ro00000iDm3vIAC,546103,2026-07-29,,"Salt Lake City, UT","Salt Lake City, UT | Main C 01F",Salt Lake City
a06Ro00000iDrrZIAS,546104,2026-07-29,,"Salt Lake City, UT","Salt Lake City, UT | Main C 01F",Salt Lake City
