Id,Stock_Checked__c,Inventory_Count_Date__c
a06Ro00000CO1IsIAL,2026-08-04,2026-08-04
a06Ro00000CO1byIAD,2026-08-04,2026-08-04
a06Ro00000CO1bzIAD,2026-08-04,2026-08-04
a06Ro00000CO1c0IAD,2026-08-04,2026-08-04
a06Ro00000CO1c1IAD,2026-08-04,2026-08-04
a06Ro00000CO1c2IAD,2026-08-04,2026-08-04
a06Ro00000CO1c3IAD,2026-08-04,2026-08-04
a06Ro00000CO1c4IAD,2026-08-04,2026-08-04
a06Ro00000CO1c5IAD,2026-08-04,2026-08-04
a06Ro00000CO1c6IAD,2026-08-04,2026-08-04
a06Ro00000CO1c7IAD,2026-08-04,2026-08-04
a06Ro00000CO1c8IAD,2026-08-04,2026-08-04
a06Ro00000CO1c9IAD,2026-08-04,2026-08-04
a06Ro00000CO1cAIAT,2026-08-04,2026-08-04
a06Ro00000CO1cNIAT,2026-08-04,2026-08-04
a06Ro00000CO1cOIAT,2026-08-04,2026-08-04
a06Ro00000CO1cPIAT,2026-08-04,2026-08-04
a06Ro00000CO1cTIAT,2026-08-04,2026-08-04
a06Ro00000CO1cVIAT,2026-08-04,2026-08-04
a06Ro00000CO1daIAD,2026-08-04,2026-08-04
a06Ro00000CO1dbIAD,2026-08-04,2026-08-04
a06Ro00000CO1dcIAD,2026-08-04,2026-08-04
a06Ro00000CO1ddIAD,2026-08-04,2026-08-04
a06Ro00000CO1deIAD,2026-08-04,2026-08-04
a06Ro00000CO1dfIAD,2026-08-04,2026-08-04
a06Ro00000CO1dkIAD,2026-08-04,2026-08-04
a06Ro00000CO1dmIAD,2026-08-04,2026-08-04
a06Ro00000CO1dnIAD,2026-08-04,2026-08-04
a06Ro00000CO1doIAD,2026-08-04,2026-08-04
a06Ro00000CO1duIAD,2026-08-04,2026-08-04
a06Ro00000CO1dvIAD,2026-08-04,2026-08-04
a06Ro00000CO1dwIAD,2026-08-04,2026-08-04
a06Ro00000CO1dxIAD,2026-08-04,2026-08-04
a06Ro00000CO1dyIAD,2026-08-04,2026-08-04
a06Ro00000CO1dzIAD,2026-08-04,2026-08-04
a06Ro00000CO1e0IAD,2026-08-04,2026-08-04
a06Ro00000CO1e1IAD,2026-08-04,2026-08-04
a06Ro00000CO1e2IAD,2026-08-04,2026-08-04
a06Ro00000CO1e3IAD,2026-08-04,2026-08-04
a06Ro00000CO1e8IAD,2026-08-04,2026-08-04
a06Ro00000CO1e9IAD,2026-08-04,2026-08-04
a06Ro00000CO1eAIAT,2026-08-04,2026-08-04
a06Ro00000CO1eBIAT,2026-08-04,2026-08-04
a06Ro00000CO1eCIAT,2026-08-04,2026-08-04
a06Ro00000CO1eDIAT,2026-08-04,2026-08-04
a06Ro00000CO1eEIAT,2026-08-04,2026-08-04
a06Ro00000CO1eHIAT,2026-08-04,2026-08-04
a06Ro00000CO1eJIAT,2026-08-04,2026-08-04
a06Ro00000CO1eLIAT,2026-08-04,2026-08-04
a06Ro00000CO1eMIAT,2026-08-04,2026-08-04
a06Ro00000CO1g2IAD,2026-08-04,2026-08-04
a06Ro00000CO1g3IAD,2026-08-04,2026-08-04
a06Ro00000CO1g4IAD,2026-08-04,2026-08-04
a06Ro00000CO1g5IAD,2026-08-04,2026-08-04
a06Ro00000CO1g6IAD,2026-08-04,2026-08-04
a06Ro00000CO1g7IAD,2026-08-04,2026-08-04
a06Ro00000CO1g8IAD,2026-08-04,2026-08-04
a06Ro00000CO1g9IAD,2026-08-04,2026-08-04
a06Ro00000CO1gbIAD,2026-08-04,2026-08-04
a06Ro00000CO1gfIAD,2026-08-04,2026-08-04
a06Ro00000CO1hyIAD,2026-08-04,2026-08-04
a06Ro00000CO1hzIAD,2026-08-04,2026-08-04
a06Ro00000CO1i0IAD,2026-08-04,2026-08-04
a06Ro00000CO1j0IAD,2026-08-04,2026-08-04
a06Ro00000CO1BjIAL,2026-08-04,2026-08-04
a06Ro00000CNzXXIA1,2026-08-04,2026-08-04
a06Ro00000CNzXYIA1,2026-08-04,2026-08-04
a06Ro00000CNzXZIA1,2026-08-04,2026-08-04
a06Ro00000CNzXaIAL,2026-08-04,2026-08-04
a06Ro00000CNzXbIAL,2026-08-04,2026-08-04
a06Ro00000CNzXcIAL,2026-08-04,2026-08-04
a06Ro00000CNzXeIAL,2026-08-04,2026-08-04
a06Ro00000CNzXfIAL,2026-08-04,2026-08-04
a06Ro00000CNzahIAD,2026-08-04,2026-08-04
a06Ro00000CNzaiIAD,2026-08-04,2026-08-04
a06Ro00000CNzajIAD,2026-08-04,2026-08-04
a06Ro00000CO3lvIAD,2026-08-04,2026-08-04
a06Ro00000CO3m2IAD,2026-08-04,2026-08-04
a06Ro00000CO3m3IAD,2026-08-04,2026-08-04
a06Ro00000CO4BwIAL,2026-08-04,2026-08-04
a06Ro00000CO4C5IAL,2026-08-04,2026-08-04
a06Ro00000CO4C6IAL,2026-08-04,2026-08-04
a06Ro00000CO4EvIAL,2026-08-04,2026-08-04
a06Ro00000CO4IDIA1,2026-08-04,2026-08-04
a06Ro00000CO4IEIA1,2026-08-04,2026-08-04
a06Ro00000CO4IFIA1,2026-08-04,2026-08-04
a06Ro00000CO4MwIAL,2026-08-04,2026-08-04
a06Ro00000CO4MxIAL,2026-08-04,2026-08-04
a06Ro00000CO4MyIAL,2026-08-04,2026-08-04
a06Ro00000CO4MzIAL,2026-08-04,2026-08-04
a06Ro00000CO4N0IAL,2026-08-04,2026-08-04
a06Ro00000CO4N1IAL,2026-08-04,2026-08-04
a06Ro00000CO4QCIA1,2026-08-04,2026-08-04
a06Ro00000CO4QDIA1,2026-08-04,2026-08-04
a06Ro00000CO4QEIA1,2026-08-04,2026-08-04
a06Ro00000CO4QKIA1,2026-08-04,2026-08-04
a06Ro00000CO4QLIA1,2026-08-04,2026-08-04
a06Ro00000CO4TqIAL,2026-08-04,2026-08-04
a06Ro00000CO4UzIAL,2026-08-04,2026-08-04
a06Ro00000CO4V0IAL,2026-08-04,2026-08-04
a06Ro00000CO4V1IAL,2026-08-04,2026-08-04
a06Ro00000CO4V2IAL,2026-08-04,2026-08-04
a06Ro00000CO4V3IAL,2026-08-04,2026-08-04
a06Ro00000CO4WfIAL,2026-08-04,2026-08-04
a06Ro00000CO4WwIAL,2026-08-04,2026-08-04
a06Ro00000CO4WyIAL,2026-08-04,2026-08-04
a06Ro00000CO4WzIAL,2026-08-04,2026-08-04
a06Ro00000CO4X0IAL,2026-08-04,2026-08-04
a06Ro00000CO4YfIAL,2026-08-04,2026-08-04
a06Ro00000CO4YgIAL,2026-08-04,2026-08-04
a06Ro00000CNrRLIA1,2026-08-04,2026-08-04
a06Ro00000CO4ZzIAL,2026-08-04,2026-08-04
a06Ro00000CO4a0IAD,2026-08-04,2026-08-04
a06Ro00000CO4a1IAD,2026-08-04,2026-08-04
a06Ro00000CO4a2IAD,2026-08-04,2026-08-04
a06Ro00000CO4a3IAD,2026-08-04,2026-08-04
a06Ro00000CO4a4IAD,2026-08-04,2026-08-04
a06Ro00000CO4a5IAD,2026-08-04,2026-08-04
a06Ro00000CO4a6IAD,2026-08-04,2026-08-04
a06Ro00000CO4a7IAD,2026-08-04,2026-08-04
a06Ro00000CO4a8IAD,2026-08-04,2026-08-04
a06Ro00000CO4a9IAD,2026-08-04,2026-08-04
a06Ro00000CO4aAIAT,2026-08-04,2026-08-04
a06Ro00000CO4aBIAT,2026-08-04,2026-08-04
a06Ro00000CO4aCIAT,2026-08-04,2026-08-04
a06Ro00000CO4aDIAT,2026-08-04,2026-08-04
a06Ro00000CO4aEIAT,2026-08-04,2026-08-04
a06Ro00000CO4aFIAT,2026-08-04,2026-08-04
a06Ro00000CO4aGIAT,2026-08-04,2026-08-04
a06Ro00000CO4aIIAT,2026-08-04,2026-08-04
a06Ro00000CO2eVIAT,2026-08-04,2026-08-04
a06Ro00000CO2eWIAT,2026-08-04,2026-08-04
a06Ro00000CO2eXIAT,2026-08-04,2026-08-04
a06Ro00000CO2eYIAT,2026-08-04,2026-08-04
a06Ro00000CO2eZIAT,2026-08-04,2026-08-04
a06Ro00000CO2eaIAD,2026-08-04,2026-08-04
a06Ro00000CO2ebIAD,2026-08-04,2026-08-04
a06Ro00000CO2ecIAD,2026-08-04,2026-08-04
a06Ro00000CO2edIAD,2026-08-04,2026-08-04
a06Ro00000CO2eeIAD,2026-08-04,2026-08-04
a06Ro00000CO2efIAD,2026-08-04,2026-08-04
a06Ro00000CO2egIAD,2026-08-04,2026-08-04
a06Ro00000CO2ehIAD,2026-08-04,2026-08-04
a06Ro00000CO2eiIAD,2026-08-04,2026-08-04
a06Ro00000CO2ejIAD,2026-08-04,2026-08-04
a06Ro00000CO2ekIAD,2026-08-04,2026-08-04
a06Ro00000CO2elIAD,2026-08-04,2026-08-04
a06Ro00000CO2emIAD,2026-08-04,2026-08-04
a06Ro00000CO2eoIAD,2026-08-04,2026-08-04
a06Ro00000CO2epIAD,2026-08-04,2026-08-04
a06Ro00000CO2esIAD,2026-08-04,2026-08-04
a06Ro00000CO2etIAD,2026-08-04,2026-08-04
a06Ro00000CO2ewIAD,2026-08-04,2026-08-04
a06Ro00000CO4dEIAT,2026-08-04,2026-08-04
a06Ro00000CO4dFIAT,2026-08-04,2026-08-04
a06Ro00000CO4dGIAT,2026-08-04,2026-08-04
a06Ro00000CO4dHIAT,2026-08-04,2026-08-04
a06Ro00000CO4dIIAT,2026-08-04,2026-08-04
a06Ro00000CO4dKIAT,2026-08-04,2026-08-04
a06Ro00000CO4dLIAT,2026-08-04,2026-08-04
a06Ro00000CO4dMIAT,2026-08-04,2026-08-04
a06Ro00000CO4dOIAT,2026-08-04,2026-08-04
a06Ro00000CO4dPIAT,2026-08-04,2026-08-04
a06Ro00000CO4dQIAT,2026-08-04,2026-08-04
a06Ro00000CO4dRIAT,2026-08-04,2026-08-04
a06Ro00000CO4dSIAT,2026-08-04,2026-08-04
a06Ro00000CO4dTIAT,2026-08-04,2026-08-04
a06Ro00000CO4dUIAT,2026-08-04,2026-08-04
a06Ro00000CO4dVIAT,2026-08-04,2026-08-04
a06Ro00000CO4dWIAT,2026-08-04,2026-08-04
a06Ro00000CO4efIAD,2026-08-04,2026-08-04
a06Ro00000CO4egIAD,2026-08-04,2026-08-04
a06Ro00000CO4eoIAD,2026-08-04,2026-08-04
a06Ro00000CO4eqIAD,2026-08-04,2026-08-04
a06Ro00000CO4erIAD,2026-08-04,2026-08-04
a06Ro00000CO4euIAD,2026-08-04,2026-08-04
a06Ro00000CO4eyIAD,2026-08-04,2026-08-04
a06Ro00000CO4ezIAD,2026-08-04,2026-08-04
a06Ro00000CO4f0IAD,2026-08-04,2026-08-04
a06Ro00000CO4f1IAD,2026-08-04,2026-08-04
a06Ro00000CO4f2IAD,2026-08-04,2026-08-04
a06Ro00000CO4f3IAD,2026-08-04,2026-08-04
a06Ro00000CO4f7IAD,2026-08-04,2026-08-04
a06Ro00000CO4f8IAD,2026-08-04,2026-08-04
a06Ro00000CO2zSIAT,2026-08-04,2026-08-04
a06Ro00000CO4gUIAT,2026-08-04,2026-08-04
a06Ro00000CO4gVIAT,2026-08-04,2026-08-04
a06Ro00000CO4gWIAT,2026-08-04,2026-08-04
a06Ro00000CO4hxIAD,2026-08-04,2026-08-04
a06Ro00000CO4i2IAD,2026-08-04,2026-08-04
a06Ro00000CO4i3IAD,2026-08-04,2026-08-04
a06Ro00000CO4i4IAD,2026-08-04,2026-08-04
a06Ro00000CO4zwIAD,2026-08-04,2026-08-04
a06Ro00000CO4zxIAD,2026-08-04,2026-08-04
a06Ro00000CO4zzIAD,2026-08-04,2026-08-04
a06Ro00000CO500IAD,2026-08-04,2026-08-04
a06Ro00000CO502IAD,2026-08-04,2026-08-04
a06Ro00000CO503IAD,2026-08-04,2026-08-04
a06Ro00000CO504IAD,2026-08-04,2026-08-04
a06Ro00000CO505IAD,2026-08-04,2026-08-04
a06Ro00000CNzEBIA1,2026-08-04,2026-08-04
a06Ro00000CNzECIA1,2026-08-04,2026-08-04
a06Ro00000CNzEDIA1,2026-08-04,2026-08-04
a06Ro00000CNzEEIA1,2026-08-04,2026-08-04
a06Ro00000CNzEHIA1,2026-08-04,2026-08-04
a06Ro00000CNzEIIA1,2026-08-04,2026-08-04
a06Ro00000CNzEJIA1,2026-08-04,2026-08-04
a06Ro00000CNzEKIA1,2026-08-04,2026-08-04
a06Ro00000CNzELIA1,2026-08-04,2026-08-04
a06Ro00000CNzEMIA1,2026-08-04,2026-08-04
a06Ro00000CNzENIA1,2026-08-04,2026-08-04
a06Ro00000CNzEOIA1,2026-08-04,2026-08-04
a06Ro00000CNzEPIA1,2026-08-04,2026-08-04
a06Ro00000CNzEQIA1,2026-08-04,2026-08-04
a06Ro00000CNzERIA1,2026-08-04,2026-08-04
a06Ro00000CNzESIA1,2026-08-04,2026-08-04
a06Ro00000CNzETIA1,2026-08-04,2026-08-04
a06Ro00000CNzEUIA1,2026-08-04,2026-08-04
a06Ro00000CNzEVIA1,2026-08-04,2026-08-04
a06Ro00000CO51GIAT,2026-08-04,2026-08-04
a06Ro00000CO51LIAT,2026-08-04,2026-08-04
a06Ro00000CO51MIAT,2026-08-04,2026-08-04
a06Ro00000CO51NIAT,2026-08-04,2026-08-04
a06Ro00000CO51OIAT,2026-08-04,2026-08-04
a06Ro00000CO51PIAT,2026-08-04,2026-08-04
a06Ro00000CO51QIAT,2026-08-04,2026-08-04
a06Ro00000CO51RIAT,2026-08-04,2026-08-04
a06Ro00000CO51SIAT,2026-08-04,2026-08-04
a06Ro00000CO51fIAD,2026-08-04,2026-08-04
a06Ro00000CO52wIAD,2026-08-04,2026-08-04
a06Ro00000CO52xIAD,2026-08-04,2026-08-04
a06Ro00000CO52zIAD,2026-08-04,2026-08-04
a06Ro00000CO530IAD,2026-08-04,2026-08-04
a06Ro00000CO533IAD,2026-08-04,2026-08-04
a06Ro00000CO534IAD,2026-08-04,2026-08-04
a06Ro00000CO535IAD,2026-08-04,2026-08-04
a06Ro00000CO536IAD,2026-08-04,2026-08-04
a06Ro00000CO537IAD,2026-08-04,2026-08-04
a06Ro00000CO538IAD,2026-08-04,2026-08-04
a06Ro00000CO539IAD,2026-08-04,2026-08-04
a06Ro00000CO53AIAT,2026-08-04,2026-08-04
a06Ro00000CO53BIAT,2026-08-04,2026-08-04
a06Ro00000CO53DIAT,2026-08-04,2026-08-04
a06Ro00000CO53FIAT,2026-08-04,2026-08-04
a06Ro00000CO566IAD,2026-08-04,2026-08-04
a06Ro00000CO567IAD,2026-08-04,2026-08-04
a06Ro00000CO568IAD,2026-08-04,2026-08-04
a06Ro00000CO569IAD,2026-08-04,2026-08-04
a06Ro00000CO56AIAT,2026-08-04,2026-08-04
a06Ro00000CO56EIAT,2026-08-04,2026-08-04
a06Ro00000CO56FIAT,2026-08-04,2026-08-04
a06Ro00000CO56GIAT,2026-08-04,2026-08-04
a06Ro00000CO56HIAT,2026-08-04,2026-08-04
a06Ro00000CO56IIAT,2026-08-04,2026-08-04
a06Ro00000CO56JIAT,2026-08-04,2026-08-04
a06Ro00000CO56KIAT,2026-08-04,2026-08-04
a06Ro00000CO56LIAT,2026-08-04,2026-08-04
a06Ro00000CO56MIAT,2026-08-04,2026-08-04
a06Ro00000CO56NIAT,2026-08-04,2026-08-04
a06Ro00000CO56OIAT,2026-08-04,2026-08-04
a06Ro00000CO56PIAT,2026-08-04,2026-08-04
a06Ro00000CO56QIAT,2026-08-04,2026-08-04
a06Ro00000CO56RIAT,2026-08-04,2026-08-04
a06Ro00000CO56SIAT,2026-08-04,2026-08-04
a06Ro00000CO56TIAT,2026-08-04,2026-08-04
a06Ro00000CO56UIAT,2026-08-04,2026-08-04
a06Ro00000CO56VIAT,2026-08-04,2026-08-04
a06Ro00000CO56WIAT,2026-08-04,2026-08-04
a06Ro00000CO56XIAT,2026-08-04,2026-08-04
a06Ro00000CO56YIAT,2026-08-04,2026-08-04
a06Ro00000CNuQpIAL,2026-08-04,2026-08-04
a06Ro00000CNuQqIAL,2026-08-04,2026-08-04
a06Ro00000CNuQrIAL,2026-08-04,2026-08-04
a06Ro00000CNuQsIAL,2026-08-04,2026-08-04
a06Ro00000CNuQvIAL,2026-08-04,2026-08-04
a06Ro00000CNuQwIAL,2026-08-04,2026-08-04
a06Ro00000CO57rIAD,2026-08-04,2026-08-04
a06Ro00000CO57sIAD,2026-08-04,2026-08-04
a06Ro00000CO57uIAD,2026-08-04,2026-08-04
a06Ro00000CO580IAD,2026-08-04,2026-08-04
a06Ro00000CO581IAD,2026-08-04,2026-08-04
a06Ro00000CO582IAD,2026-08-04,2026-08-04
a06Ro00000CO583IAD,2026-08-04,2026-08-04
a06Ro00000CO586IAD,2026-08-04,2026-08-04
a06Ro00000CO587IAD,2026-08-04,2026-08-04
a06Ro00000CO588IAD,2026-08-04,2026-08-04
a06Ro00000CO589IAD,2026-08-04,2026-08-04
a06Ro00000CO58AIAT,2026-08-04,2026-08-04
a06Ro00000CO59JIAT,2026-08-04,2026-08-04
a06Ro00000CO59KIAT,2026-08-04,2026-08-04
a06Ro00000CO59LIAT,2026-08-04,2026-08-04
a06Ro00000CO59MIAT,2026-08-04,2026-08-04
a06Ro00000CO59PIAT,2026-08-04,2026-08-04
a06Ro00000CO59QIAT,2026-08-04,2026-08-04
a06Ro00000CO59RIAT,2026-08-04,2026-08-04
a06Ro00000CO59TIAT,2026-08-04,2026-08-04
a06Ro00000CO59WIAT,2026-08-04,2026-08-04
a06Ro00000CO59YIAT,2026-08-04,2026-08-04
a06Ro00000CO59ZIAT,2026-08-04,2026-08-04
a06Ro00000CO59aIAD,2026-08-04,2026-08-04
a06Ro00000CO59bIAD,2026-08-04,2026-08-04
a06Ro00000CO59cIAD,2026-08-04,2026-08-04
a06Ro00000CO59dIAD,2026-08-04,2026-08-04
a06Ro00000CO59fIAD,2026-08-04,2026-08-04
a06Ro00000CO59gIAD,2026-08-04,2026-08-04
a06Ro00000CO59hIAD,2026-08-04,2026-08-04
a06Ro00000CO59iIAD,2026-08-04,2026-08-04
a06Ro00000CO5BOIA1,2026-08-04,2026-08-04
a06Ro00000CO5CXIA1,2026-08-04,2026-08-04
a06Ro00000CO5CYIA1,2026-08-04,2026-08-04
a06Ro00000CO5EDIA1,2026-08-04,2026-08-04
a06Ro00000CO5EEIA1,2026-08-04,2026-08-04
a06Ro00000CO5EFIA1,2026-08-04,2026-08-04
a06Ro00000CO5EGIA1,2026-08-04,2026-08-04
a06Ro00000CO5EHIA1,2026-08-04,2026-08-04
a06Ro00000CO5ENIA1,2026-08-04,2026-08-04
a06Ro00000CO5ETIA1,2026-08-04,2026-08-04
a06Ro00000CO5EUIA1,2026-08-04,2026-08-04
a06Ro00000CO5EVIA1,2026-08-04,2026-08-04
a06Ro00000CO5EWIA1,2026-08-04,2026-08-04
a06Ro00000CO5EYIA1,2026-08-04,2026-08-04
a06Ro00000CO5EZIA1,2026-08-04,2026-08-04
a06Ro00000CO5EaIAL,2026-08-04,2026-08-04
a06Ro00000CO5EbIAL,2026-08-04,2026-08-04
a06Ro00000CO5EcIAL,2026-08-04,2026-08-04
a06Ro00000CO5FlIAL,2026-08-04,2026-08-04
a06Ro00000CO5FmIAL,2026-08-04,2026-08-04
a06Ro00000CO5FnIAL,2026-08-04,2026-08-04
a06Ro00000CO5FoIAL,2026-08-04,2026-08-04
a06Ro00000CO5FpIAL,2026-08-04,2026-08-04
a06Ro00000CO5FqIAL,2026-08-04,2026-08-04
a06Ro00000CO5FrIAL,2026-08-04,2026-08-04
a06Ro00000CO5FsIAL,2026-08-04,2026-08-04
a06Ro00000CO5FtIAL,2026-08-04,2026-08-04
a06Ro00000CO5FuIAL,2026-08-04,2026-08-04
a06Ro00000CO5FvIAL,2026-08-04,2026-08-04
a06Ro00000CO5FwIAL,2026-08-04,2026-08-04
a06Ro00000CO5FxIAL,2026-08-04,2026-08-04
a06Ro00000CO5FyIAL,2026-08-04,2026-08-04
a06Ro00000CO5FzIAL,2026-08-04,2026-08-04
a06Ro00000CO5G0IAL,2026-08-04,2026-08-04
a06Ro00000CO5G4IAL,2026-08-04,2026-08-04
a06Ro00000CO5G5IAL,2026-08-04,2026-08-04
a06Ro00000CO5G6IAL,2026-08-04,2026-08-04
a06Ro00000CO5G8IAL,2026-08-04,2026-08-04
a06Ro00000CO5G9IAL,2026-08-04,2026-08-04
a06Ro00000CO5GAIA1,2026-08-04,2026-08-04
a06Ro00000CO5GBIA1,2026-08-04,2026-08-04
a06Ro00000CO5GCIA1,2026-08-04,2026-08-04
a06Ro00000CO5GDIA1,2026-08-04,2026-08-04
a06Ro00000CO5HNIA1,2026-08-04,2026-08-04
a06Ro00000CO5HOIA1,2026-08-04,2026-08-04
a06Ro00000CO5HPIA1,2026-08-04,2026-08-04
a06Ro00000CO5HQIA1,2026-08-04,2026-08-04
a06Ro00000CO5HSIA1,2026-08-04,2026-08-04
a06Ro00000CO5HZIA1,2026-08-04,2026-08-04
a06Ro00000CO5HaIAL,2026-08-04,2026-08-04
a06Ro00000CO5HbIAL,2026-08-04,2026-08-04
a06Ro00000CO5HcIAL,2026-08-04,2026-08-04
a06Ro00000CO5HdIAL,2026-08-04,2026-08-04
a06Ro00000CO5HfIAL,2026-08-04,2026-08-04
a06Ro00000CO5HgIAL,2026-08-04,2026-08-04
a06Ro00000CO5HhIAL,2026-08-04,2026-08-04
a06Ro00000CO5KgIAL,2026-08-04,2026-08-04
a06Ro00000CO5KsIAL,2026-08-04,2026-08-04
a06Ro00000CO5KyIAL,2026-08-04,2026-08-04
a06Ro00000CO5KzIAL,2026-08-04,2026-08-04
a06Ro00000CO5L0IAL,2026-08-04,2026-08-04
a06Ro00000CO5L1IAL,2026-08-04,2026-08-04
a06Ro00000CO5L2IAL,2026-08-04,2026-08-04
a06Ro00000CO5L3IAL,2026-08-04,2026-08-04
a06Ro00000CO5L4IAL,2026-08-04,2026-08-04
a06Ro00000CNs8tIAD,2026-08-04,2026-08-04
a06Ro00000CNs8uIAD,2026-08-04,2026-08-04
a06Ro00000CNs8vIAD,2026-08-04,2026-08-04
a06Ro00000CNs8wIAD,2026-08-04,2026-08-04
a06Ro00000CNs8xIAD,2026-08-04,2026-08-04
a06Ro00000CNs8yIAD,2026-08-04,2026-08-04
a06Ro00000CNs8zIAD,2026-08-04,2026-08-04
a06Ro00000CNs90IAD,2026-08-04,2026-08-04
a06Ro00000CNs91IAD,2026-08-04,2026-08-04
a06Ro00000CNs92IAD,2026-08-04,2026-08-04
a06Ro00000CNs93IAD,2026-08-04,2026-08-04
a06Ro00000CNs94IAD,2026-08-04,2026-08-04
a06Ro00000CNs95IAD,2026-08-04,2026-08-04
a06Ro00000CNs96IAD,2026-08-04,2026-08-04
a06Ro00000CNs97IAD,2026-08-04,2026-08-04
a06Ro00000CNs98IAD,2026-08-04,2026-08-04
a06Ro00000CNs99IAD,2026-08-04,2026-08-04
a06Ro00000CNs9AIAT,2026-08-04,2026-08-04
a06Ro00000CNs9BIAT,2026-08-04,2026-08-04
a06Ro00000CNs9CIAT,2026-08-04,2026-08-04
a06Ro00000CNs9DIAT,2026-08-04,2026-08-04
a06Ro00000CNs9EIAT,2026-08-04,2026-08-04
a06Ro00000CNs9FIAT,2026-08-04,2026-08-04
a06Ro00000CNs9GIAT,2026-08-04,2026-08-04
a06Ro00000CNs9HIAT,2026-08-04,2026-08-04
a06Ro00000CNs9IIAT,2026-08-04,2026-08-04
a06Ro00000CNs9JIAT,2026-08-04,2026-08-04
a06Ro00000CNs9KIAT,2026-08-04,2026-08-04
a06Ro00000CNs9LIAT,2026-08-04,2026-08-04
a06Ro00000CNs9MIAT,2026-08-04,2026-08-04
a06Ro00000CNwScIAL,2026-08-04,2026-08-04
a06Ro00000CNwSdIAL,2026-08-04,2026-08-04
a06Ro00000CNwSeIAL,2026-08-04,2026-08-04
a06Ro00000CNwSfIAL,2026-08-04,2026-08-04
a06Ro00000CNwSgIAL,2026-08-04,2026-08-04
a06Ro00000CNwShIAL,2026-08-04,2026-08-04
a06Ro00000CNwSiIAL,2026-08-04,2026-08-04
a06Ro00000CNwSjIAL,2026-08-04,2026-08-04
a06Ro00000CNwSkIAL,2026-08-04,2026-08-04
a06Ro00000CNwSlIAL,2026-08-04,2026-08-04
a06Ro00000CNwSmIAL,2026-08-04,2026-08-04
a06Ro00000CNwSnIAL,2026-08-04,2026-08-04
a06Ro00000CNwSoIAL,2026-08-04,2026-08-04
a06Ro00000CNwSpIAL,2026-08-04,2026-08-04
a06Ro00000CNwSqIAL,2026-08-04,2026-08-04
a06Ro00000CNwSrIAL,2026-08-04,2026-08-04
a06Ro00000CNwSsIAL,2026-08-04,2026-08-04
a06Ro00000CNwStIAL,2026-08-04,2026-08-04
a06Ro00000CNwSuIAL,2026-08-04,2026-08-04
a06Ro00000CNwSvIAL,2026-08-04,2026-08-04
a06Ro00000CNwSwIAL,2026-08-04,2026-08-04
a06Ro00000CNwSxIAL,2026-08-04,2026-08-04
a06Ro00000CNwSyIAL,2026-08-04,2026-08-04
a06Ro00000CNwSzIAL,2026-08-04,2026-08-04
a06Ro00000CNwT0IAL,2026-08-04,2026-08-04
a06Ro00000CNwT1IAL,2026-08-04,2026-08-04
a06Ro00000CNwT2IAL,2026-08-04,2026-08-04
a06Ro00000CNwT3IAL,2026-08-04,2026-08-04
a06Ro00000CNwT4IAL,2026-08-04,2026-08-04
a06Ro00000CNz81IAD,2026-08-04,2026-08-04
a06Ro00000CNz82IAD,2026-08-04,2026-08-04
a06Ro00000CNz83IAD,2026-08-04,2026-08-04
a06Ro00000CNz84IAD,2026-08-04,2026-08-04
a06Ro00000CNz89IAD,2026-08-04,2026-08-04
a06Ro00000CNz8BIAT,2026-08-04,2026-08-04
a06Ro00000CNz8CIAT,2026-08-04,2026-08-04
a06Ro00000CNz8JIAT,2026-08-04,2026-08-04
a06Ro00000CNz8KIAT,2026-08-04,2026-08-04
a06Ro00000CNz8MIAT,2026-08-04,2026-08-04
a06Ro00000CO0PxIAL,2026-08-04,2026-08-04
a06Ro00000CO0PyIAL,2026-08-04,2026-08-04
a06Ro00000CO0PzIAL,2026-08-04,2026-08-04
a06Ro00000CO0Q3IAL,2026-08-04,2026-08-04
a06Ro00000CO0Q5IAL,2026-08-04,2026-08-04
a06Ro00000CO0Q6IAL,2026-08-04,2026-08-04
a06Ro00000CO0Q8IAL,2026-08-04,2026-08-04
a06Ro00000CO0Q9IAL,2026-08-04,2026-08-04
a06Ro00000CO0QCIA1,2026-08-04,2026-08-04
a06Ro00000CO0QDIA1,2026-08-04,2026-08-04
a06Ro00000CO0QEIA1,2026-08-04,2026-08-04
a06Ro00000CO0QFIA1,2026-08-04,2026-08-04
a06Ro00000CO0QGIA1,2026-08-04,2026-08-04
a06Ro00000CO5NpIAL,2026-08-04,2026-08-04
a06Ro00000CO5NqIAL,2026-08-04,2026-08-04
a06Ro00000CO5NrIAL,2026-08-04,2026-08-04
a06Ro00000CO5NuIAL,2026-08-04,2026-08-04
a06Ro00000CO5NwIAL,2026-08-04,2026-08-04
a06Ro00000CO5NxIAL,2026-08-04,2026-08-04
a06Ro00000CO5NyIAL,2026-08-04,2026-08-04
a06Ro00000CO5O3IAL,2026-08-04,2026-08-04
a06Ro00000CO3OcIAL,2026-08-04,2026-08-04
a06Ro00000CO5R3IAL,2026-08-04,2026-08-04
a06Ro00000CO5R4IAL,2026-08-04,2026-08-04
a06Ro00000CO5R5IAL,2026-08-04,2026-08-04
a06Ro00000CO5R6IAL,2026-08-04,2026-08-04
a06Ro00000CO5R7IAL,2026-08-04,2026-08-04
a06Ro00000CO5R8IAL,2026-08-04,2026-08-04
a06Ro00000CO5R9IAL,2026-08-04,2026-08-04
a06Ro00000CO5RCIA1,2026-08-04,2026-08-04
a06Ro00000CO5RDIA1,2026-08-04,2026-08-04
a06Ro00000CO5REIA1,2026-08-04,2026-08-04
a06Ro00000CO5RHIA1,2026-08-04,2026-08-04
a06Ro00000CO5RIIA1,2026-08-04,2026-08-04
a06Ro00000CO5RMIA1,2026-08-04,2026-08-04
a06Ro00000CO5RPIA1,2026-08-04,2026-08-04
a06Ro00000CO5RQIA1,2026-08-04,2026-08-04
a06Ro00000CO5RRIA1,2026-08-04,2026-08-04
a06Ro00000CO5RSIA1,2026-08-04,2026-08-04
a06Ro00000CO5RTIA1,2026-08-04,2026-08-04
a06Ro00000CO5RUIA1,2026-08-04,2026-08-04
a06Ro00000CO5RVIA1,2026-08-04,2026-08-04
a06Ro00000CO5RWIA1,2026-08-04,2026-08-04
a06Ro00000CNxWlIAL,2026-08-04,2026-08-04
a06Ro00000CNxWmIAL,2026-08-04,2026-08-04
a06Ro00000CNxWnIAL,2026-08-04,2026-08-04
a06Ro00000CNxWoIAL,2026-08-04,2026-08-04
a06Ro00000CNxWpIAL,2026-08-04,2026-08-04
a06Ro00000CNxWqIAL,2026-08-04,2026-08-04
a06Ro00000CNxWrIAL,2026-08-04,2026-08-04
a06Ro00000CNxWsIAL,2026-08-04,2026-08-04
a06Ro00000CNxWtIAL,2026-08-04,2026-08-04
a06Ro00000CNxWuIAL,2026-08-04,2026-08-04
a06Ro00000CNxWvIAL,2026-08-04,2026-08-04
a06Ro00000CNxWwIAL,2026-08-04,2026-08-04
a06Ro00000CNxWxIAL,2026-08-04,2026-08-04
a06Ro00000CNxWyIAL,2026-08-04,2026-08-04
a06Ro00000CNxWzIAL,2026-08-04,2026-08-04
a06Ro00000CNxX0IAL,2026-08-04,2026-08-04
a06Ro00000CNxX1IAL,2026-08-04,2026-08-04
a06Ro00000CNxX2IAL,2026-08-04,2026-08-04
a06Ro00000CNxX3IAL,2026-08-04,2026-08-04
a06Ro00000CNxX4IAL,2026-08-04,2026-08-04
a06Ro00000CNxX5IAL,2026-08-04,2026-08-04
a06Ro00000CNxX6IAL,2026-08-04,2026-08-04
a06Ro00000CNxX7IAL,2026-08-04,2026-08-04
a06Ro00000CNxX8IAL,2026-08-04,2026-08-04
a06Ro00000CNxX9IAL,2026-08-04,2026-08-04
a06Ro00000CNxXAIA1,2026-08-04,2026-08-04
a06Ro00000CNxXBIA1,2026-08-04,2026-08-04
a06Ro00000CNxXCIA1,2026-08-04,2026-08-04
a06Ro00000CNxXDIA1,2026-08-04,2026-08-04
a06Ro00000CO5RYIA1,2026-08-04,2026-08-04
a06Ro00000CO5RZIA1,2026-08-04,2026-08-04
a06Ro00000CO5RaIAL,2026-08-04,2026-08-04
a06Ro00000CO5RbIAL,2026-08-04,2026-08-04
a06Ro00000CO5RkIAL,2026-08-04,2026-08-04
a06Ro00000CO5RlIAL,2026-08-04,2026-08-04
a06Ro00000CO5RmIAL,2026-08-04,2026-08-04
a06Ro00000CO5RnIAL,2026-08-04,2026-08-04
a06Ro00000CO5RtIAL,2026-08-04,2026-08-04
a06Ro00000CO5RuIAL,2026-08-04,2026-08-04
a06Ro00000CO5RvIAL,2026-08-04,2026-08-04
a06Ro00000CO5RwIAL,2026-08-04,2026-08-04
a06Ro00000CO5RyIAL,2026-08-04,2026-08-04
a06Ro00000CO5RzIAL,2026-08-04,2026-08-04
a06Ro00000CO5S0IAL,2026-08-04,2026-08-04
a06Ro00000CO5UHIA1,2026-08-04,2026-08-04
a06Ro00000CO5UJIA1,2026-08-04,2026-08-04
a06Ro00000CO1xjIAD,2026-08-04,2026-08-04
a06Ro00000CO5VvIAL,2026-08-04,2026-08-04
a06Ro00000CO5VwIAL,2026-08-04,2026-08-04
a06Ro00000CO5VxIAL,2026-08-04,2026-08-04
a06Ro00000CO5cMIAT,2026-08-04,2026-08-04
a06Ro00000CO56nIAD,2026-08-04,2026-08-04
a06Ro00000CO56oIAD,2026-08-04,2026-08-04
a06Ro00000CO56qIAD,2026-08-04,2026-08-04
a06Ro00000CO0rIIAT,2026-08-04,2026-08-04
a06Ro00000CO0rJIAT,2026-08-04,2026-08-04
a06Ro00000CNwUYIA1,2026-08-04,2026-08-04
a06Ro00000CNwUZIA1,2026-08-04,2026-08-04
a06Ro00000CNwUaIAL,2026-08-04,2026-08-04
a06Ro00000CNwUbIAL,2026-08-04,2026-08-04
a06Ro00000CNwUcIAL,2026-08-04,2026-08-04
a06Ro00000CNwUdIAL,2026-08-04,2026-08-04
a06Ro00000CNwUeIAL,2026-08-04,2026-08-04
a06Ro00000CNwUgIAL,2026-08-04,2026-08-04
a06Ro00000CNwUhIAL,2026-08-04,2026-08-04
a06Ro00000CNwUiIAL,2026-08-04,2026-08-04
a06Ro00000CO5fZIAT,2026-08-04,2026-08-04
a06Ro00000CO5faIAD,2026-08-04,2026-08-04
a06Ro00000CO5fbIAD,2026-08-04,2026-08-04
a06Ro00000CO5fcIAD,2026-08-04,2026-08-04
a06Ro00000CO5fdIAD,2026-08-04,2026-08-04
a06Ro00000CO5feIAD,2026-08-04,2026-08-04
a06Ro00000CO5fkIAD,2026-08-04,2026-08-04
a06Ro00000CO5sWIAT,2026-08-04,2026-08-04
a06Ro00000CO5sXIAT,2026-08-04,2026-08-04
a06Ro00000CO3sJIAT,2026-08-04,2026-08-04
a06Ro00000CO3sKIAT,2026-08-04,2026-08-04
a06Ro00000CO3sLIAT,2026-08-04,2026-08-04
a06Ro00000CO3sXIAT,2026-08-04,2026-08-04
a06Ro00000CO1p9IAD,2026-08-04,2026-08-04
a06Ro00000CO641IAD,2026-08-04,2026-08-04
a06Ro00000CO643IAD,2026-08-04,2026-08-04
a06Ro00000CO644IAD,2026-08-04,2026-08-04
a06Ro00000CO645IAD,2026-08-04,2026-08-04
a06Ro00000CO646IAD,2026-08-04,2026-08-04
a06Ro00000CO647IAD,2026-08-04,2026-08-04
a06Ro00000CO648IAD,2026-08-04,2026-08-04
a06Ro00000CO64AIAT,2026-08-04,2026-08-04
a06Ro00000CO64BIAT,2026-08-04,2026-08-04
a06Ro00000CO64CIAT,2026-08-04,2026-08-04
a06Ro00000CO64DIAT,2026-08-04,2026-08-04
a06Ro00000CO64EIAT,2026-08-04,2026-08-04
a06Ro00000CNzK3IAL,2026-08-04,2026-08-04
a06Ro00000CNzK4IAL,2026-08-04,2026-08-04
a06Ro00000CNzK5IAL,2026-08-04,2026-08-04
a06Ro00000CNzK6IAL,2026-08-04,2026-08-04
a06Ro00000CNzK7IAL,2026-08-04,2026-08-04
a06Ro00000CNzK8IAL,2026-08-04,2026-08-04
a06Ro00000CNzK9IAL,2026-08-04,2026-08-04
a06Ro00000CNzKAIA1,2026-08-04,2026-08-04
a06Ro00000CNzKBIA1,2026-08-04,2026-08-04
a06Ro00000CNzKCIA1,2026-08-04,2026-08-04
a06Ro00000CNzKDIA1,2026-08-04,2026-08-04
a06Ro00000CNzKEIA1,2026-08-04,2026-08-04
a06Ro00000CNzKFIA1,2026-08-04,2026-08-04
a06Ro00000CNzKGIA1,2026-08-04,2026-08-04
a06Ro00000CNzKHIA1,2026-08-04,2026-08-04
a06Ro00000CNzKIIA1,2026-08-04,2026-08-04
a06Ro00000CNzKJIA1,2026-08-04,2026-08-04
a06Ro00000CNzKKIA1,2026-08-04,2026-08-04
a06Ro00000CNzKLIA1,2026-08-04,2026-08-04
a06Ro00000CNzKMIA1,2026-08-04,2026-08-04
a06Ro00000CNzKOIA1,2026-08-04,2026-08-04
a06Ro00000CNzKPIA1,2026-08-04,2026-08-04
a06Ro00000CNzKQIA1,2026-08-04,2026-08-04
a06Ro00000CNzKRIA1,2026-08-04,2026-08-04
a06Ro00000CNzKSIA1,2026-08-04,2026-08-04
a06Ro00000CNzKTIA1,2026-08-04,2026-08-04
a06Ro00000CNzKUIA1,2026-08-04,2026-08-04
a06Ro00000CNzKVIA1,2026-08-04,2026-08-04
a06Ro00000CNzKWIA1,2026-08-04,2026-08-04
a06Ro00000CNjpFIAT,2026-08-04,2026-08-04
a06Ro00000CNjpGIAT,2026-08-04,2026-08-04
a06Ro00000CNjpHIAT,2026-08-04,2026-08-04
a06Ro00000CNjpIIAT,2026-08-04,2026-08-04
a06Ro00000CNjpJIAT,2026-08-04,2026-08-04
a06Ro00000CNjpLIAT,2026-08-04,2026-08-04
a06Ro00000CNjpMIAT,2026-08-04,2026-08-04
a06Ro00000CNjpNIAT,2026-08-04,2026-08-04
a06Ro00000CNjpOIAT,2026-08-04,2026-08-04
a06Ro00000CNjpPIAT,2026-08-04,2026-08-04
a06Ro00000CNjpQIAT,2026-08-04,2026-08-04
a06Ro00000CNjpRIAT,2026-08-04,2026-08-04
a06Ro00000CO5rUIAT,2026-08-04,2026-08-04
a06Ro00000CO6K7IAL,2026-08-04,2026-08-04
a06Ro00000CO6LgIAL,2026-08-04,2026-08-04
a06Ro00000CO3kgIAD,2026-08-04,2026-08-04
a06Ro00000CO6fBIAT,2026-08-04,2026-08-04
a06Ro00000CO6fCIAT,2026-08-04,2026-08-04
a06Ro00000CO6fDIAT,2026-08-04,2026-08-04
a06Ro00000CO6fEIAT,2026-08-04,2026-08-04
a06Ro00000CO6fFIAT,2026-08-04,2026-08-04
a06Ro00000CO6fGIAT,2026-08-04,2026-08-04
a06Ro00000CO6fHIAT,2026-08-04,2026-08-04
a06Ro00000CO6fIIAT,2026-08-04,2026-08-04
a06Ro00000CO6fJIAT,2026-08-04,2026-08-04
a06Ro00000CO6AoIAL,2026-08-04,2026-08-04
a06Ro00000CO6ApIAL,2026-08-04,2026-08-04
a06Ro00000CO6AqIAL,2026-08-04,2026-08-04
a06Ro00000CO6ArIAL,2026-08-04,2026-08-04
a06Ro00000CO6AsIAL,2026-08-04,2026-08-04
a06Ro00000CO6AtIAL,2026-08-04,2026-08-04
a06Ro00000CO6AuIAL,2026-08-04,2026-08-04
a06Ro00000CO6AvIAL,2026-08-04,2026-08-04
a06Ro00000CO6AwIAL,2026-08-04,2026-08-04
a06Ro00000CO6AxIAL,2026-08-04,2026-08-04
a06Ro00000CO6AyIAL,2026-08-04,2026-08-04
a06Ro00000CO6AzIAL,2026-08-04,2026-08-04
a06Ro00000CO6B0IAL,2026-08-04,2026-08-04
a06Ro00000CO6B1IAL,2026-08-04,2026-08-04
a06Ro00000CO6B2IAL,2026-08-04,2026-08-04
a06Ro00000CO6B3IAL,2026-08-04,2026-08-04
a06Ro00000CO6B4IAL,2026-08-04,2026-08-04
a06Ro00000CO6B5IAL,2026-08-04,2026-08-04
a06Ro00000CO6B7IAL,2026-08-04,2026-08-04
a06Ro00000CO6B8IAL,2026-08-04,2026-08-04
a06Ro00000CO6B9IAL,2026-08-04,2026-08-04
a06Ro00000CO6BAIA1,2026-08-04,2026-08-04
a06Ro00000CNzpAIAT,2026-08-04,2026-08-04
a06Ro00000CNzpBIAT,2026-08-04,2026-08-04
a06Ro00000CNzpCIAT,2026-08-04,2026-08-04
a06Ro00000CNzpDIAT,2026-08-04,2026-08-04
a06Ro00000CNzpEIAT,2026-08-04,2026-08-04
a06Ro00000CNzpFIAT,2026-08-04,2026-08-04
a06Ro00000CNzpGIAT,2026-08-04,2026-08-04
a06Ro00000CNzpHIAT,2026-08-04,2026-08-04
a06Ro00000CNzpIIAT,2026-08-04,2026-08-04
a06Ro00000CNzpJIAT,2026-08-04,2026-08-04
a06Ro00000CNzpKIAT,2026-08-04,2026-08-04
a06Ro00000CNzpLIAT,2026-08-04,2026-08-04
a06Ro00000CNzpMIAT,2026-08-04,2026-08-04
a06Ro00000CNzpNIAT,2026-08-04,2026-08-04
a06Ro00000CNzpOIAT,2026-08-04,2026-08-04
a06Ro00000CNzpPIAT,2026-08-04,2026-08-04
a06Ro00000CNzpQIAT,2026-08-04,2026-08-04
a06Ro00000CNzpRIAT,2026-08-04,2026-08-04
a06Ro00000CNzpSIAT,2026-08-04,2026-08-04
a06Ro00000CNzpUIAT,2026-08-04,2026-08-04
a06Ro00000CNzpVIAT,2026-08-04,2026-08-04
a06Ro00000CNzpWIAT,2026-08-04,2026-08-04
a06Ro00000CNzpcIAD,2026-08-04,2026-08-04
a06Ro00000CNzpdIAD,2026-08-04,2026-08-04
a06Ro00000CO6gTIAT,2026-08-04,2026-08-04
a06Ro00000CO6gUIAT,2026-08-04,2026-08-04
a06Ro00000CO6gVIAT,2026-08-04,2026-08-04
a06Ro00000CO6gWIAT,2026-08-04,2026-08-04
a06Ro00000CO6gXIAT,2026-08-04,2026-08-04
a06Ro00000CO6gYIAT,2026-08-04,2026-08-04
a06Ro00000CO6gZIAT,2026-08-04,2026-08-04
a06Ro00000CO6gaIAD,2026-08-04,2026-08-04
a06Ro00000CO6geIAD,2026-08-04,2026-08-04
a06Ro00000CO6gfIAD,2026-08-04,2026-08-04
a06Ro00000CO6ggIAD,2026-08-04,2026-08-04
a06Ro00000CO6ghIAD,2026-08-04,2026-08-04
a06Ro00000CO6giIAD,2026-08-04,2026-08-04
a06Ro00000CO6gjIAD,2026-08-04,2026-08-04
a06Ro00000CO6gkIAD,2026-08-04,2026-08-04
a06Ro00000CO6glIAD,2026-08-04,2026-08-04
a06Ro00000CO6gqIAD,2026-08-04,2026-08-04
a06Ro00000CO6grIAD,2026-08-04,2026-08-04
a06Ro00000CO6gsIAD,2026-08-04,2026-08-04
a06Ro00000CO6gtIAD,2026-08-04,2026-08-04
a06Ro00000CO3klIAD,2026-08-04,2026-08-04
a06Ro00000CO3kmIAD,2026-08-04,2026-08-04
a06Ro00000CO6iFIAT,2026-08-04,2026-08-04
a06Ro00000CO6iJIAT,2026-08-04,2026-08-04
a06Ro00000CO6iLIAT,2026-08-04,2026-08-04
a06Ro00000CO6iQIAT,2026-08-04,2026-08-04
a06Ro00000CO6CJIA1,2026-08-04,2026-08-04
a06Ro00000CO6CMIA1,2026-08-04,2026-08-04
a06Ro00000CO6COIA1,2026-08-04,2026-08-04
a06Ro00000CO6CPIA1,2026-08-04,2026-08-04
a06Ro00000CO6CQIA1,2026-08-04,2026-08-04
a06Ro00000CO6CfIAL,2026-08-04,2026-08-04
a06Ro00000CO6lQIAT,2026-08-04,2026-08-04
a06Ro00000CO6lUIAT,2026-08-04,2026-08-04
a06Ro00000CO6lVIAT,2026-08-04,2026-08-04
a06Ro00000CO6lWIAT,2026-08-04,2026-08-04
a06Ro00000CO6lXIAT,2026-08-04,2026-08-04
a06Ro00000CO6lYIAT,2026-08-04,2026-08-04
a06Ro00000CO6lZIAT,2026-08-04,2026-08-04
a06Ro00000CO6ldIAD,2026-08-04,2026-08-04
a06Ro00000CO6leIAD,2026-08-04,2026-08-04
a06Ro00000CO6lfIAD,2026-08-04,2026-08-04
a06Ro00000CO4gtIAD,2026-08-04,2026-08-04
a06Ro00000CO4guIAD,2026-08-04,2026-08-04
a06Ro00000CO4gvIAD,2026-08-04,2026-08-04
a06Ro00000CO4gxIAD,2026-08-04,2026-08-04
a06Ro00000CO4gyIAD,2026-08-04,2026-08-04
a06Ro00000CO4h2IAD,2026-08-04,2026-08-04
a06Ro00000CO4h4IAD,2026-08-04,2026-08-04
a06Ro00000CO4h5IAD,2026-08-04,2026-08-04
a06Ro00000CO4h6IAD,2026-08-04,2026-08-04
a06Ro00000CO4h7IAD,2026-08-04,2026-08-04
a06Ro00000CO4h8IAD,2026-08-04,2026-08-04
a06Ro00000CO4h9IAD,2026-08-04,2026-08-04
a06Ro00000CO4hAIAT,2026-08-04,2026-08-04
a06Ro00000CO4hBIAT,2026-08-04,2026-08-04
a06Ro00000CO4hCIAT,2026-08-04,2026-08-04
a06Ro00000CO4hDIAT,2026-08-04,2026-08-04
a06Ro00000CO6oXIAT,2026-08-04,2026-08-04
a06Ro00000CO6oZIAT,2026-08-04,2026-08-04
a06Ro00000CO6obIAD,2026-08-04,2026-08-04
a06Ro00000CO6ocIAD,2026-08-04,2026-08-04
a06Ro00000CO6odIAD,2026-08-04,2026-08-04
a06Ro00000CO6omIAD,2026-08-04,2026-08-04
a06Ro00000CO6onIAD,2026-08-04,2026-08-04
a06Ro00000CO6ooIAD,2026-08-04,2026-08-04
a06Ro00000CO6otIAD,2026-08-04,2026-08-04
a06Ro00000CO6ouIAD,2026-08-04,2026-08-04
a06Ro00000CO6ovIAD,2026-08-04,2026-08-04
a06Ro00000CO6owIAD,2026-08-04,2026-08-04
a06Ro00000CO6oxIAD,2026-08-04,2026-08-04
a06Ro00000CO6ozIAD,2026-08-04,2026-08-04
a06Ro00000CO6p0IAD,2026-08-04,2026-08-04
a06Ro00000CNzCSIA1,2026-08-04,2026-08-04
a06Ro00000CNzCTIA1,2026-08-04,2026-08-04
a06Ro00000CNzCUIA1,2026-08-04,2026-08-04
a06Ro00000CNzCdIAL,2026-08-04,2026-08-04
a06Ro00000CNyRDIA1,2026-08-04,2026-08-04
a06Ro00000CNyRHIA1,2026-08-04,2026-08-04
a06Ro00000CNyRIIA1,2026-08-04,2026-08-04
a06Ro00000CO6sAIAT,2026-08-04,2026-08-04
a06Ro00000CO6sBIAT,2026-08-04,2026-08-04
a06Ro00000CO6sCIAT,2026-08-04,2026-08-04
a06Ro00000CO6sDIAT,2026-08-04,2026-08-04
a06Ro00000CO6sEIAT,2026-08-04,2026-08-04
a06Ro00000CO41yIAD,2026-08-04,2026-08-04
a06Ro00000CO41zIAD,2026-08-04,2026-08-04
a06Ro00000CO0hcIAD,2026-08-04,2026-08-04
a06Ro00000CO0hdIAD,2026-08-04,2026-08-04
a06Ro00000CO0hiIAD,2026-08-04,2026-08-04
a06Ro00000CO0hjIAD,2026-08-04,2026-08-04
a06Ro00000CO0hkIAD,2026-08-04,2026-08-04
a06Ro00000CO0hrIAD,2026-08-04,2026-08-04
a06Ro00000CO19AIAT,2026-08-04,2026-08-04
a06Ro00000CO19MIAT,2026-08-04,2026-08-04
a06Ro00000CO19NIAT,2026-08-04,2026-08-04
a06Ro00000CO19OIAT,2026-08-04,2026-08-04
a06Ro00000CO19PIAT,2026-08-04,2026-08-04
a06Ro00000CO76UIAT,2026-08-04,2026-08-04
a06Ro00000CNvwMIAT,2026-08-04,2026-08-04
a06Ro00000CNvwcIAD,2026-08-04,2026-08-04
a06Ro00000CNxu2IAD,2026-08-04,2026-08-04
a06Ro00000CO7ROIA1,2026-08-04,2026-08-04
a06Ro00000CO7RPIA1,2026-08-04,2026-08-04
a06Ro00000CO7RQIA1,2026-08-04,2026-08-04
a06Ro00000CO7RRIA1,2026-08-04,2026-08-04
a06Ro00000CO7RSIA1,2026-08-04,2026-08-04
a06Ro00000CO7RTIA1,2026-08-04,2026-08-04
a06Ro00000CO7RUIA1,2026-08-04,2026-08-04
a06Ro00000CO7RVIA1,2026-08-04,2026-08-04
a06Ro00000CO7RWIA1,2026-08-04,2026-08-04
a06Ro00000CO7RXIA1,2026-08-04,2026-08-04
a06Ro00000CO7RcIAL,2026-08-04,2026-08-04
a06Ro00000CO7RdIAL,2026-08-04,2026-08-04
a06Ro00000CO7ReIAL,2026-08-04,2026-08-04
a06Ro00000CO7RfIAL,2026-08-04,2026-08-04
a06Ro00000CO7RhIAL,2026-08-04,2026-08-04
a06Ro00000CO7RiIAL,2026-08-04,2026-08-04
a06Ro00000CO3KQIA1,2026-08-04,2026-08-04
a06Ro00000CO3KRIA1,2026-08-04,2026-08-04
a06Ro00000CO3KSIA1,2026-08-04,2026-08-04
a06Ro00000CO3KTIA1,2026-08-04,2026-08-04
a06Ro00000CO3KUIA1,2026-08-04,2026-08-04
a06Ro00000CO3KVIA1,2026-08-04,2026-08-04
a06Ro00000CO3KWIA1,2026-08-04,2026-08-04
a06Ro00000CO3KXIA1,2026-08-04,2026-08-04
a06Ro00000CO3KYIA1,2026-08-04,2026-08-04
a06Ro00000CO3KZIA1,2026-08-04,2026-08-04
a06Ro00000CO3KaIAL,2026-08-04,2026-08-04
a06Ro00000CO3KbIAL,2026-08-04,2026-08-04
a06Ro00000CO3KoIAL,2026-08-04,2026-08-04
a06Ro00000CO3KpIAL,2026-08-04,2026-08-04
a06Ro00000CO3KqIAL,2026-08-04,2026-08-04
a06Ro00000CO3KrIAL,2026-08-04,2026-08-04
a06Ro00000CO3KsIAL,2026-08-04,2026-08-04
a06Ro00000CO3KtIAL,2026-08-04,2026-08-04
a06Ro00000CO6YtIAL,2026-08-04,2026-08-04
a06Ro00000CO6YuIAL,2026-08-04,2026-08-04
a06Ro00000CO6YvIAL,2026-08-04,2026-08-04
a06Ro00000CO6YwIAL,2026-08-04,2026-08-04
a06Ro00000CO6YxIAL,2026-08-04,2026-08-04
a06Ro00000CO6YyIAL,2026-08-04,2026-08-04
a06Ro00000CO6Z0IAL,2026-08-04,2026-08-04
a06Ro00000CO6Z1IAL,2026-08-04,2026-08-04
a06Ro00000CO6Z2IAL,2026-08-04,2026-08-04
a06Ro00000CO6Z3IAL,2026-08-04,2026-08-04
a06Ro00000CO6ZHIA1,2026-08-04,2026-08-04
a06Ro00000CO6ZIIA1,2026-08-04,2026-08-04
a06Ro00000CO6ZJIA1,2026-08-04,2026-08-04
a06Ro00000CO6ZKIA1,2026-08-04,2026-08-04
a06Ro00000CO6ZLIA1,2026-08-04,2026-08-04
a06Ro00000CO7T1IAL,2026-08-04,2026-08-04
a06Ro00000CO7T2IAL,2026-08-04,2026-08-04
a06Ro00000CO7T3IAL,2026-08-04,2026-08-04
a06Ro00000CO7T4IAL,2026-08-04,2026-08-04
a06Ro00000CO7T5IAL,2026-08-04,2026-08-04
a06Ro00000CO7T6IAL,2026-08-04,2026-08-04
a06Ro00000CO28bIAD,2026-08-04,2026-08-04
a06Ro00000CO28eIAD,2026-08-04,2026-08-04
a06Ro00000CO37bIAD,2026-08-04,2026-08-04
a06Ro00000CO37cIAD,2026-08-04,2026-08-04
a06Ro00000CO37uIAD,2026-08-04,2026-08-04
a06Ro00000CO1J1IAL,2026-08-04,2026-08-04
a06Ro00000CO1JCIA1,2026-08-04,2026-08-04
a06Ro00000CO1JDIA1,2026-08-04,2026-08-04
a06Ro00000CO1JEIA1,2026-08-04,2026-08-04
a06Ro00000CO1JFIA1,2026-08-04,2026-08-04
a06Ro00000CO1JGIA1,2026-08-04,2026-08-04
a06Ro00000CO1JHIA1,2026-08-04,2026-08-04
a06Ro00000CO1JJIA1,2026-08-04,2026-08-04
a06Ro00000CO1JKIA1,2026-08-04,2026-08-04
a06Ro00000CO1JLIA1,2026-08-04,2026-08-04
a06Ro00000CO1JMIA1,2026-08-04,2026-08-04
a06Ro00000CO1JNIA1,2026-08-04,2026-08-04
a06Ro00000CO1JOIA1,2026-08-04,2026-08-04
a06Ro00000CO7WXIA1,2026-08-04,2026-08-04
a06Ro00000CO7WYIA1,2026-08-04,2026-08-04
a06Ro00000CO2BwIAL,2026-08-04,2026-08-04
a06Ro00000CO2BxIAL,2026-08-04,2026-08-04
a06Ro00000CO2ByIAL,2026-08-04,2026-08-04
a06Ro00000CO2BzIAL,2026-08-04,2026-08-04
a06Ro00000CO2C0IAL,2026-08-04,2026-08-04
a06Ro00000CO2C1IAL,2026-08-04,2026-08-04
a06Ro00000CO2C2IAL,2026-08-04,2026-08-04
a06Ro00000CO2C3IAL,2026-08-04,2026-08-04
a06Ro00000CO2C4IAL,2026-08-04,2026-08-04
a06Ro00000CO2C5IAL,2026-08-04,2026-08-04
a06Ro00000CO2C6IAL,2026-08-04,2026-08-04
a06Ro00000CO2C7IAL,2026-08-04,2026-08-04
a06Ro00000CO2C8IAL,2026-08-04,2026-08-04
a06Ro00000CO2C9IAL,2026-08-04,2026-08-04
a06Ro00000CO2CAIA1,2026-08-04,2026-08-04
a06Ro00000CO2CCIA1,2026-08-04,2026-08-04
a06Ro00000CO2CEIA1,2026-08-04,2026-08-04
a06Ro00000CO2CFIA1,2026-08-04,2026-08-04
a06Ro00000CO2CGIA1,2026-08-04,2026-08-04
a06Ro00000CO2CHIA1,2026-08-04,2026-08-04
a06Ro00000CO2CIIA1,2026-08-04,2026-08-04
a06Ro00000CO2CJIA1,2026-08-04,2026-08-04
a06Ro00000CO2CKIA1,2026-08-04,2026-08-04
a06Ro00000CO2CLIA1,2026-08-04,2026-08-04
a06Ro00000CO7XvIAL,2026-08-04,2026-08-04
a06Ro00000CO7XwIAL,2026-08-04,2026-08-04
a06Ro00000CO7XxIAL,2026-08-04,2026-08-04
a06Ro00000CO7XyIAL,2026-08-04,2026-08-04
a06Ro00000CO7XzIAL,2026-08-04,2026-08-04
a06Ro00000CO7Y0IAL,2026-08-04,2026-08-04
a06Ro00000CO7Y5IAL,2026-08-04,2026-08-04
a06Ro00000CO7Y6IAL,2026-08-04,2026-08-04
a06Ro00000CO7Y7IAL,2026-08-04,2026-08-04
a06Ro00000CO7Y8IAL,2026-08-04,2026-08-04
a06Ro00000CO7Y9IAL,2026-08-04,2026-08-04
a06Ro00000CO7YAIA1,2026-08-04,2026-08-04
a06Ro00000CO7ZJIA1,2026-08-04,2026-08-04
a06Ro00000CO7ZKIA1,2026-08-04,2026-08-04
a06Ro00000CO7ZLIA1,2026-08-04,2026-08-04
a06Ro00000CO7ZMIA1,2026-08-04,2026-08-04
a06Ro00000CO7ZVIA1,2026-08-04,2026-08-04
a06Ro00000CO7ZYIA1,2026-08-04,2026-08-04
a06Ro00000CO7ZZIA1,2026-08-04,2026-08-04
a06Ro00000CO7ZaIAL,2026-08-04,2026-08-04
a06Ro00000CO7ZbIAL,2026-08-04,2026-08-04
a06Ro00000CO7ZcIAL,2026-08-04,2026-08-04
a06Ro00000CO7ZdIAL,2026-08-04,2026-08-04
a06Ro00000CO7ZeIAL,2026-08-04,2026-08-04
a06Ro00000CO7ZfIAL,2026-08-04,2026-08-04
a06Ro00000CO7ZgIAL,2026-08-04,2026-08-04
a06Ro00000CO7ZhIAL,2026-08-04,2026-08-04
a06Ro00000CO7ayIAD,2026-08-04,2026-08-04
a06Ro00000CO7b0IAD,2026-08-04,2026-08-04
a06Ro00000CO7b3IAD,2026-08-04,2026-08-04
a06Ro00000CO7b5IAD,2026-08-04,2026-08-04
a06Ro00000CO7b7IAD,2026-08-04,2026-08-04
a06Ro00000CO7b8IAD,2026-08-04,2026-08-04
a06Ro00000CO7b9IAD,2026-08-04,2026-08-04
a06Ro00000CO7bAIAT,2026-08-04,2026-08-04
a06Ro00000CO7bBIAT,2026-08-04,2026-08-04
a06Ro00000CO7bCIAT,2026-08-04,2026-08-04
a06Ro00000CO7bDIAT,2026-08-04,2026-08-04
a06Ro00000CO7bHIAT,2026-08-04,2026-08-04
a06Ro00000CO7bIIAT,2026-08-04,2026-08-04
a06Ro00000CO7bJIAT,2026-08-04,2026-08-04
a06Ro00000CO7bKIAT,2026-08-04,2026-08-04
a06Ro00000CO7bLIAT,2026-08-04,2026-08-04
a06Ro00000CO7bOIAT,2026-08-04,2026-08-04
a06Ro00000CO7ccIAD,2026-08-04,2026-08-04
a06Ro00000CO7cdIAD,2026-08-04,2026-08-04
a06Ro00000CO7ceIAD,2026-08-04,2026-08-04
a06Ro00000CO7cfIAD,2026-08-04,2026-08-04
a06Ro00000CO7cgIAD,2026-08-04,2026-08-04
a06Ro00000CO7clIAD,2026-08-04,2026-08-04
a06Ro00000CO7cnIAD,2026-08-04,2026-08-04
a06Ro00000CO7coIAD,2026-08-04,2026-08-04
a06Ro00000CO7cpIAD,2026-08-04,2026-08-04
a06Ro00000CO7cqIAD,2026-08-04,2026-08-04
a06Ro00000CO7crIAD,2026-08-04,2026-08-04
a06Ro00000CO7ctIAD,2026-08-04,2026-08-04
a06Ro00000CO7cuIAD,2026-08-04,2026-08-04
a06Ro00000CO7cvIAD,2026-08-04,2026-08-04
a06Ro00000CO7cwIAD,2026-08-04,2026-08-04
a06Ro00000CO7cxIAD,2026-08-04,2026-08-04
a06Ro00000CO7cyIAD,2026-08-04,2026-08-04
a06Ro00000CO7czIAD,2026-08-04,2026-08-04
a06Ro00000CO7d0IAD,2026-08-04,2026-08-04
a06Ro00000CNzEYIA1,2026-08-04,2026-08-04
a06Ro00000CNzEbIAL,2026-08-04,2026-08-04
a06Ro00000CNzEcIAL,2026-08-04,2026-08-04
a06Ro00000CNzEjIAL,2026-08-04,2026-08-04
a06Ro00000CNzEkIAL,2026-08-04,2026-08-04
a06Ro00000CNzEmIAL,2026-08-04,2026-08-04
a06Ro00000CNzEnIAL,2026-08-04,2026-08-04
a06Ro00000CNzEoIAL,2026-08-04,2026-08-04
a06Ro00000CNzEsIAL,2026-08-04,2026-08-04
a06Ro00000CNzEtIAL,2026-08-04,2026-08-04
a06Ro00000CNzEuIAL,2026-08-04,2026-08-04
a06Ro00000CNzEvIAL,2026-08-04,2026-08-04
a06Ro00000CNzEwIAL,2026-08-04,2026-08-04
a06Ro00000CNzExIAL,2026-08-04,2026-08-04
a06Ro00000CNzEyIAL,2026-08-04,2026-08-04
a06Ro00000CNzEzIAL,2026-08-04,2026-08-04
a06Ro00000CNzF0IAL,2026-08-04,2026-08-04
a06Ro00000CNzF1IAL,2026-08-04,2026-08-04
a06Ro00000CO4BTIA1,2026-08-04,2026-08-04
a06Ro00000CO4BVIA1,2026-08-04,2026-08-04
a06Ro00000CO4BWIA1,2026-08-04,2026-08-04
a06Ro00000CO4BXIA1,2026-08-04,2026-08-04
a06Ro00000CO4BYIA1,2026-08-04,2026-08-04
a06Ro00000CO4BZIA1,2026-08-04,2026-08-04
a06Ro00000CO4BaIAL,2026-08-04,2026-08-04
a06Ro00000CO4BbIAL,2026-08-04,2026-08-04
a06Ro00000CO4BcIAL,2026-08-04,2026-08-04
a06Ro00000CO7e9IAD,2026-08-04,2026-08-04
a06Ro00000CO7eAIAT,2026-08-04,2026-08-04
a06Ro00000CO7eBIAT,2026-08-04,2026-08-04
a06Ro00000CO7eCIAT,2026-08-04,2026-08-04
a06Ro00000CO7eDIAT,2026-08-04,2026-08-04
a06Ro00000CO7eGIAT,2026-08-04,2026-08-04
a06Ro00000CO7eHIAT,2026-08-04,2026-08-04
a06Ro00000CO7eJIAT,2026-08-04,2026-08-04
a06Ro00000CO7eKIAT,2026-08-04,2026-08-04
a06Ro00000CO7eLIAT,2026-08-04,2026-08-04
a06Ro00000CO7eMIAT,2026-08-04,2026-08-04
a06Ro00000CO7eNIAT,2026-08-04,2026-08-04
a06Ro00000CO7eQIAT,2026-08-04,2026-08-04
a06Ro00000CO6dwIAD,2026-08-04,2026-08-04
a06Ro00000CO6dxIAD,2026-08-04,2026-08-04
a06Ro00000CO6dyIAD,2026-08-04,2026-08-04
a06Ro00000CO6e4IAD,2026-08-04,2026-08-04
a06Ro00000CO6e6IAD,2026-08-04,2026-08-04
a06Ro00000CO6e7IAD,2026-08-04,2026-08-04
a06Ro00000CO6e8IAD,2026-08-04,2026-08-04
a06Ro00000CO6e9IAD,2026-08-04,2026-08-04
a06Ro00000CO6eCIAT,2026-08-04,2026-08-04
a06Ro00000CO7FJIA1,2026-08-04,2026-08-04
a06Ro00000CO7FKIA1,2026-08-04,2026-08-04
a06Ro00000CO7FLIA1,2026-08-04,2026-08-04
a06Ro00000CO7FMIA1,2026-08-04,2026-08-04
a06Ro00000CO7FNIA1,2026-08-04,2026-08-04
a06Ro00000CO7FOIA1,2026-08-04,2026-08-04
a06Ro00000CO7FRIA1,2026-08-04,2026-08-04
a06Ro00000CO7FSIA1,2026-08-04,2026-08-04
a06Ro00000CO7FTIA1,2026-08-04,2026-08-04
a06Ro00000CO7FUIA1,2026-08-04,2026-08-04
a06Ro00000CO7FVIA1,2026-08-04,2026-08-04
a06Ro00000CO7FWIA1,2026-08-04,2026-08-04
a06Ro00000CO7FXIA1,2026-08-04,2026-08-04
a06Ro00000CO7FYIA1,2026-08-04,2026-08-04
a06Ro00000CO7FaIAL,2026-08-04,2026-08-04
a06Ro00000CO7FbIAL,2026-08-04,2026-08-04
a06Ro00000CO7FcIAL,2026-08-04,2026-08-04
a06Ro00000CO7FdIAL,2026-08-04,2026-08-04
a06Ro00000CO7FeIAL,2026-08-04,2026-08-04
a06Ro00000CO7FfIAL,2026-08-04,2026-08-04
a06Ro00000CO7FgIAL,2026-08-04,2026-08-04
a06Ro00000CO7FhIAL,2026-08-04,2026-08-04
a06Ro00000CO7FiIAL,2026-08-04,2026-08-04
a06Ro00000CO5eRIAT,2026-08-04,2026-08-04
a06Ro00000CO5eSIAT,2026-08-04,2026-08-04
a06Ro00000CO5eTIAT,2026-08-04,2026-08-04
a06Ro00000CO5eUIAT,2026-08-04,2026-08-04
a06Ro00000CO5eVIAT,2026-08-04,2026-08-04
a06Ro00000CO5eWIAT,2026-08-04,2026-08-04
a06Ro00000CO5eXIAT,2026-08-04,2026-08-04
a06Ro00000CO5eYIAT,2026-08-04,2026-08-04
a06Ro00000CO5ebIAD,2026-08-04,2026-08-04
a06Ro00000CO5eeIAD,2026-08-04,2026-08-04
a06Ro00000CO5efIAD,2026-08-04,2026-08-04
a06Ro00000CO5egIAD,2026-08-04,2026-08-04
a06Ro00000CO5ehIAD,2026-08-04,2026-08-04
a06Ro00000CO5eiIAD,2026-08-04,2026-08-04
a06Ro00000CO5ejIAD,2026-08-04,2026-08-04
a06Ro00000CO5ekIAD,2026-08-04,2026-08-04
a06Ro00000CO5elIAD,2026-08-04,2026-08-04
a06Ro00000CO5emIAD,2026-08-04,2026-08-04
a06Ro00000CO5enIAD,2026-08-04,2026-08-04
a06Ro00000CO5eoIAD,2026-08-04,2026-08-04
a06Ro00000CO5epIAD,2026-08-04,2026-08-04
a06Ro00000CO5eqIAD,2026-08-04,2026-08-04
a06Ro00000CO5erIAD,2026-08-04,2026-08-04
a06Ro00000CO7gIIAT,2026-08-04,2026-08-04
a06Ro00000CO7gJIAT,2026-08-04,2026-08-04
a06Ro00000CO6SRIA1,2026-08-04,2026-08-04
a06Ro00000CNy0DIAT,2026-08-04,2026-08-04
a06Ro00000CNy0EIAT,2026-08-04,2026-08-04
a06Ro00000CO7pmIAD,2026-08-04,2026-08-04
a06Ro00000CO7t5IAD,2026-08-04,2026-08-04
a06Ro00000CO7uIIAT,2026-08-04,2026-08-04
a06Ro00000CO7uLIAT,2026-08-04,2026-08-04
a06Ro00000CO7uMIAT,2026-08-04,2026-08-04
a06Ro00000CO7uNIAT,2026-08-04,2026-08-04
a06Ro00000CO7uOIAT,2026-08-04,2026-08-04
a06Ro00000CO7uPIAT,2026-08-04,2026-08-04
a06Ro00000CO7uQIAT,2026-08-04,2026-08-04
a06Ro00000CO7uRIAT,2026-08-04,2026-08-04
a06Ro00000CO7uSIAT,2026-08-04,2026-08-04
a06Ro00000CO7uTIAT,2026-08-04,2026-08-04
a06Ro00000CO7uUIAT,2026-08-04,2026-08-04
a06Ro00000CO6qjIAD,2026-08-04,2026-08-04
a06Ro00000CO6qkIAD,2026-08-04,2026-08-04
a06Ro00000CO6qlIAD,2026-08-04,2026-08-04
a06Ro00000CO6qmIAD,2026-08-04,2026-08-04
a06Ro00000CO7QKIA1,2026-08-04,2026-08-04
a06Ro00000CO7QLIA1,2026-08-04,2026-08-04
a06Ro00000CO7QMIA1,2026-08-04,2026-08-04
a06Ro00000CO7xqIAD,2026-08-04,2026-08-04
a06Ro00000CO7xrIAD,2026-08-04,2026-08-04
a06Ro00000CO7xsIAD,2026-08-04,2026-08-04
a06Ro00000CO7xtIAD,2026-08-04,2026-08-04
a06Ro00000CO7xuIAD,2026-08-04,2026-08-04
a06Ro00000CO7gOIAT,2026-08-04,2026-08-04
a06Ro00000CO7gPIAT,2026-08-04,2026-08-04
a06Ro00000CO7gQIAT,2026-08-04,2026-08-04
a06Ro00000CO7gRIAT,2026-08-04,2026-08-04
a06Ro00000CO7gUIAT,2026-08-04,2026-08-04
a06Ro00000CO7gVIAT,2026-08-04,2026-08-04
a06Ro00000CO7gYIAT,2026-08-04,2026-08-04
a06Ro00000CO7gZIAT,2026-08-04,2026-08-04
a06Ro00000CO7gaIAD,2026-08-04,2026-08-04
a06Ro00000CO7gbIAD,2026-08-04,2026-08-04
a06Ro00000CO7gcIAD,2026-08-04,2026-08-04
a06Ro00000CO7gdIAD,2026-08-04,2026-08-04
a06Ro00000CO7geIAD,2026-08-04,2026-08-04
a06Ro00000CO7gfIAD,2026-08-04,2026-08-04
a06Ro00000CO7gjIAD,2026-08-04,2026-08-04
a06Ro00000CO7gkIAD,2026-08-04,2026-08-04
a06Ro00000CO7glIAD,2026-08-04,2026-08-04
a06Ro00000CO7gmIAD,2026-08-04,2026-08-04
a06Ro00000CO7gnIAD,2026-08-04,2026-08-04
a06Ro00000CO4y2IAD,2026-08-04,2026-08-04
a06Ro00000CO4y3IAD,2026-08-04,2026-08-04
a06Ro00000CO4y4IAD,2026-08-04,2026-08-04
a06Ro00000CO4y5IAD,2026-08-04,2026-08-04
a06Ro00000CO4y6IAD,2026-08-04,2026-08-04
a06Ro00000CO4y8IAD,2026-08-04,2026-08-04
a06Ro00000CO4y9IAD,2026-08-04,2026-08-04
a06Ro00000CO4yAIAT,2026-08-04,2026-08-04
a06Ro00000CO4yBIAT,2026-08-04,2026-08-04
a06Ro00000CO4yCIAT,2026-08-04,2026-08-04
a06Ro00000CO4yDIAT,2026-08-04,2026-08-04
a06Ro00000CO4yEIAT,2026-08-04,2026-08-04
a06Ro00000CO4yFIAT,2026-08-04,2026-08-04
a06Ro00000CO4yGIAT,2026-08-04,2026-08-04
a06Ro00000CO4yHIAT,2026-08-04,2026-08-04
a06Ro00000CO4yIIAT,2026-08-04,2026-08-04
a06Ro00000CO4yJIAT,2026-08-04,2026-08-04
a06Ro00000CO4yKIAT,2026-08-04,2026-08-04
a06Ro00000CO4yMIAT,2026-08-04,2026-08-04
a06Ro00000CO4yPIAT,2026-08-04,2026-08-04
a06Ro00000CO4yQIAT,2026-08-04,2026-08-04
a06Ro00000CO4yTIAT,2026-08-04,2026-08-04
a06Ro00000CO355IAD,2026-08-04,2026-08-04
a06Ro00000CO356IAD,2026-08-04,2026-08-04
a06Ro00000CO357IAD,2026-08-04,2026-08-04
a06Ro00000CO339IAD,2026-08-04,2026-08-04
a06Ro00000CO7jxIAD,2026-08-04,2026-08-04
a06Ro00000CO7k1IAD,2026-08-04,2026-08-04
a06Ro00000CO7k2IAD,2026-08-04,2026-08-04
a06Ro00000CO7kMIAT,2026-08-04,2026-08-04
a06Ro00000CO7zYIAT,2026-08-04,2026-08-04
a06Ro00000CO67gIAD,2026-08-04,2026-08-04
a06Ro00000CO67hIAD,2026-08-04,2026-08-04
a06Ro00000CO67iIAD,2026-08-04,2026-08-04
a06Ro00000CO67kIAD,2026-08-04,2026-08-04
a06Ro00000CO67lIAD,2026-08-04,2026-08-04
a06Ro00000CO67mIAD,2026-08-04,2026-08-04
a06Ro00000CO67nIAD,2026-08-04,2026-08-04
a06Ro00000CO67sIAD,2026-08-04,2026-08-04
a06Ro00000CO67tIAD,2026-08-04,2026-08-04
a06Ro00000CO67uIAD,2026-08-04,2026-08-04
a06Ro00000CO67vIAD,2026-08-04,2026-08-04
a06Ro00000CNxJuIAL,2026-08-04,2026-08-04
a06Ro00000CNxJvIAL,2026-08-04,2026-08-04
a06Ro00000CNxK7IAL,2026-08-04,2026-08-04
a06Ro00000CO2oZIAT,2026-08-04,2026-08-04
a06Ro00000CNzkOIAT,2026-08-04,2026-08-04
a06Ro00000CNzkQIAT,2026-08-04,2026-08-04
a06Ro00000CNzkRIAT,2026-08-04,2026-08-04
a06Ro00000CNzkSIAT,2026-08-04,2026-08-04
a06Ro00000CNzkTIAT,2026-08-04,2026-08-04
a06Ro00000CNzkUIAT,2026-08-04,2026-08-04
a06Ro00000CNzkVIAT,2026-08-04,2026-08-04
a06Ro00000CO6sPIAT,2026-08-04,2026-08-04
a06Ro00000CO6sQIAT,2026-08-04,2026-08-04
a06Ro00000CO6sdIAD,2026-08-04,2026-08-04
a06Ro00000CO6seIAD,2026-08-04,2026-08-04
a06Ro00000CO6sfIAD,2026-08-04,2026-08-04
a06Ro00000CO6sgIAD,2026-08-04,2026-08-04
a06Ro00000CO6shIAD,2026-08-04,2026-08-04
a06Ro00000CO5zQIAT,2026-08-04,2026-08-04
a06Ro00000CNwiyIAD,2026-08-04,2026-08-04
a06Ro00000CO899IAD,2026-08-04,2026-08-04
a06Ro00000CNs9pIAD,2026-08-04,2026-08-04
a06Ro00000CNs9qIAD,2026-08-04,2026-08-04
a06Ro00000CO65rIAD,2026-08-04,2026-08-04
a06Ro00000CO5s1IAD,2026-08-04,2026-08-04
a06Ro00000CO8AgIAL,2026-08-04,2026-08-04
a06Ro00000CO8AiIAL,2026-08-04,2026-08-04
a06Ro00000CO8C8IAL,2026-08-04,2026-08-04
a06Ro00000CO8CCIA1,2026-08-04,2026-08-04
a06Ro00000CO8CDIA1,2026-08-04,2026-08-04
a06Ro00000CO8CEIA1,2026-08-04,2026-08-04
a06Ro00000CO8CFIA1,2026-08-04,2026-08-04
a06Ro00000CO8CGIA1,2026-08-04,2026-08-04
a06Ro00000CO8CHIA1,2026-08-04,2026-08-04
a06Ro00000CO8CJIA1,2026-08-04,2026-08-04
a06Ro00000CO8CKIA1,2026-08-04,2026-08-04
a06Ro00000CO8CLIA1,2026-08-04,2026-08-04
a06Ro00000CO8CMIA1,2026-08-04,2026-08-04
a06Ro00000CO8CNIA1,2026-08-04,2026-08-04
a06Ro00000CO8CSIA1,2026-08-04,2026-08-04
a06Ro00000CO8CTIA1,2026-08-04,2026-08-04
a06Ro00000CO8CUIA1,2026-08-04,2026-08-04
a06Ro00000CO0dBIAT,2026-08-04,2026-08-04
a06Ro00000CO0dCIAT,2026-08-04,2026-08-04
a06Ro00000CO0dDIAT,2026-08-04,2026-08-04
a06Ro00000CO0dEIAT,2026-08-04,2026-08-04
a06Ro00000CO0dFIAT,2026-08-04,2026-08-04
a06Ro00000CO0dGIAT,2026-08-04,2026-08-04
a06Ro00000CO0dHIAT,2026-08-04,2026-08-04
a06Ro00000CO0dIIAT,2026-08-04,2026-08-04
a06Ro00000CO0dJIAT,2026-08-04,2026-08-04
a06Ro00000CO0dKIAT,2026-08-04,2026-08-04
a06Ro00000CO0dLIAT,2026-08-04,2026-08-04
a06Ro00000CO0dMIAT,2026-08-04,2026-08-04
a06Ro00000CO0dNIAT,2026-08-04,2026-08-04
a06Ro00000CO0dOIAT,2026-08-04,2026-08-04
a06Ro00000CO0dPIAT,2026-08-04,2026-08-04
a06Ro00000CO0dQIAT,2026-08-04,2026-08-04
a06Ro00000CO0dRIAT,2026-08-04,2026-08-04
a06Ro00000CO0dSIAT,2026-08-04,2026-08-04
a06Ro00000CO0dTIAT,2026-08-04,2026-08-04
a06Ro00000CO0dUIAT,2026-08-04,2026-08-04
a06Ro00000CO0dVIAT,2026-08-04,2026-08-04
a06Ro00000CO0dWIAT,2026-08-04,2026-08-04
a06Ro00000CO0dXIAT,2026-08-04,2026-08-04
a06Ro00000CO0dYIAT,2026-08-04,2026-08-04
a06Ro00000CO0dZIAT,2026-08-04,2026-08-04
a06Ro00000CO0daIAD,2026-08-04,2026-08-04
a06Ro00000CO5hgIAD,2026-08-04,2026-08-04
a06Ro00000CO5hhIAD,2026-08-04,2026-08-04
a06Ro00000CO5hiIAD,2026-08-04,2026-08-04
a06Ro00000CO5hjIAD,2026-08-04,2026-08-04
a06Ro00000CO5hvIAD,2026-08-04,2026-08-04
a06Ro00000CO3rCIAT,2026-08-04,2026-08-04
a06Ro00000CO7DSIA1,2026-08-04,2026-08-04
a06Ro00000CO7DTIA1,2026-08-04,2026-08-04
a06Ro00000CO7DUIA1,2026-08-04,2026-08-04
a06Ro00000CO7DVIA1,2026-08-04,2026-08-04
a06Ro00000CO8H1IAL,2026-08-04,2026-08-04
a06Ro00000CO8H2IAL,2026-08-04,2026-08-04
a06Ro00000CO8NkIAL,2026-08-04,2026-08-04
a06Ro00000CO8NlIAL,2026-08-04,2026-08-04
a06Ro00000CO5dEIAT,2026-08-04,2026-08-04
a06Ro00000CO5dGIAT,2026-08-04,2026-08-04
a06Ro00000CO5dHIAT,2026-08-04,2026-08-04
a06Ro00000CO5dIIAT,2026-08-04,2026-08-04
a06Ro00000CNsC6IAL,2026-08-04,2026-08-04
a06Ro00000CNsC7IAL,2026-08-04,2026-08-04
a06Ro00000CO7i4IAD,2026-08-04,2026-08-04
a06Ro00000CO7i5IAD,2026-08-04,2026-08-04
a06Ro00000CO8QsIAL,2026-08-04,2026-08-04
a06Ro00000CO8QtIAL,2026-08-04,2026-08-04
a06Ro00000CO8QuIAL,2026-08-04,2026-08-04
a06Ro00000CO8QvIAL,2026-08-04,2026-08-04
a06Ro00000CO8QwIAL,2026-08-04,2026-08-04
a06Ro00000CO8QxIAL,2026-08-04,2026-08-04
a06Ro00000CO8QyIAL,2026-08-04,2026-08-04
a06Ro00000CO8QzIAL,2026-08-04,2026-08-04
a06Ro00000CO8R0IAL,2026-08-04,2026-08-04
a06Ro00000CO7UxIAL,2026-08-04,2026-08-04
a06Ro00000CO7UyIAL,2026-08-04,2026-08-04
a06Ro00000CO7UzIAL,2026-08-04,2026-08-04
a06Ro00000CO7V0IAL,2026-08-04,2026-08-04
a06Ro00000CO7V1IAL,2026-08-04,2026-08-04
a06Ro00000CO7V2IAL,2026-08-04,2026-08-04
a06Ro00000CO7V3IAL,2026-08-04,2026-08-04
a06Ro00000CO7V4IAL,2026-08-04,2026-08-04
a06Ro00000CO7V5IAL,2026-08-04,2026-08-04
a06Ro00000CO7V6IAL,2026-08-04,2026-08-04
a06Ro00000CO7V7IAL,2026-08-04,2026-08-04
a06Ro00000CO7V8IAL,2026-08-04,2026-08-04
a06Ro00000CO7V9IAL,2026-08-04,2026-08-04
a06Ro00000CO7VAIA1,2026-08-04,2026-08-04
a06Ro00000CO7VBIA1,2026-08-04,2026-08-04
a06Ro00000CO7VCIA1,2026-08-04,2026-08-04
a06Ro00000CO7VDIA1,2026-08-04,2026-08-04
a06Ro00000CO7VEIA1,2026-08-04,2026-08-04
a06Ro00000CO7VFIA1,2026-08-04,2026-08-04
a06Ro00000CO7VGIA1,2026-08-04,2026-08-04
a06Ro00000CO7VHIA1,2026-08-04,2026-08-04
a06Ro00000CO7VIIA1,2026-08-04,2026-08-04
a06Ro00000CO7VJIA1,2026-08-04,2026-08-04
a06Ro00000CO7VKIA1,2026-08-04,2026-08-04
a06Ro00000CO7VLIA1,2026-08-04,2026-08-04
a06Ro00000CO7VMIA1,2026-08-04,2026-08-04
a06Ro00000CO7VNIA1,2026-08-04,2026-08-04
a06Ro00000CO7VOIA1,2026-08-04,2026-08-04
a06Ro00000CO7VPIA1,2026-08-04,2026-08-04
a06Ro00000CO7VQIA1,2026-08-04,2026-08-04
a06Ro00000CO4bxIAD,2026-08-04,2026-08-04
a06Ro00000CO4byIAD,2026-08-04,2026-08-04
a06Ro00000CO4bzIAD,2026-08-04,2026-08-04
a06Ro00000CO4c0IAD,2026-08-04,2026-08-04
a06Ro00000CO4c1IAD,2026-08-04,2026-08-04
a06Ro00000CO4c2IAD,2026-08-04,2026-08-04
a06Ro00000CO4c3IAD,2026-08-04,2026-08-04
a06Ro00000CO4c4IAD,2026-08-04,2026-08-04
a06Ro00000CO4c5IAD,2026-08-04,2026-08-04
a06Ro00000CO4c6IAD,2026-08-04,2026-08-04
a06Ro00000CNypcIAD,2026-08-04,2026-08-04
a06Ro00000CNypeIAD,2026-08-04,2026-08-04
a06Ro00000CNypfIAD,2026-08-04,2026-08-04
a06Ro00000CNypgIAD,2026-08-04,2026-08-04
a06Ro00000CNypiIAD,2026-08-04,2026-08-04
a06Ro00000CNypjIAD,2026-08-04,2026-08-04
a06Ro00000CNypnIAD,2026-08-04,2026-08-04
a06Ro00000CNypoIAD,2026-08-04,2026-08-04
a06Ro00000CNypqIAD,2026-08-04,2026-08-04
a06Ro00000CNyprIAD,2026-08-04,2026-08-04
a06Ro00000CO6MBIA1,2026-08-04,2026-08-04
a06Ro00000CO6MCIA1,2026-08-04,2026-08-04
a06Ro00000CO6MDIA1,2026-08-04,2026-08-04
a06Ro00000CNzLyIAL,2026-08-04,2026-08-04
a06Ro00000CNzLzIAL,2026-08-04,2026-08-04
a06Ro00000CO1A6IAL,2026-08-04,2026-08-04
a06Ro00000CO1A7IAL,2026-08-04,2026-08-04
a06Ro00000CO1A8IAL,2026-08-04,2026-08-04
a06Ro00000CO2n8IAD,2026-08-04,2026-08-04
a06Ro00000CO2n9IAD,2026-08-04,2026-08-04
a06Ro00000CO2nEIAT,2026-08-04,2026-08-04
a06Ro00000CO2nFIAT,2026-08-04,2026-08-04
a06Ro00000CO2nIIAT,2026-08-04,2026-08-04
a06Ro00000CO2nKIAT,2026-08-04,2026-08-04
a06Ro00000CO2nLIAT,2026-08-04,2026-08-04
a06Ro00000CO2nOIAT,2026-08-04,2026-08-04
a06Ro00000CO2nPIAT,2026-08-04,2026-08-04
a06Ro00000CO2nQIAT,2026-08-04,2026-08-04
a06Ro00000CO2nRIAT,2026-08-04,2026-08-04
a06Ro00000CO2nSIAT,2026-08-04,2026-08-04
a06Ro00000CO2nTIAT,2026-08-04,2026-08-04
a06Ro00000CO7BdIAL,2026-08-04,2026-08-04
a06Ro00000CO1LvIAL,2026-08-04,2026-08-04
a06Ro00000CO1LwIAL,2026-08-04,2026-08-04
a06Ro00000CO1LzIAL,2026-08-04,2026-08-04
a06Ro00000CO3p9IAD,2026-08-04,2026-08-04
a06Ro00000CO6rWIAT,2026-08-04,2026-08-04
a06Ro00000CO6UWIA1,2026-08-04,2026-08-04
a06Ro00000CO3SUIA1,2026-08-04,2026-08-04
a06Ro00000CO3SXIA1,2026-08-04,2026-08-04
a06Ro00000CNzREIA1,2026-08-04,2026-08-04
a06Ro00000CNzRFIA1,2026-08-04,2026-08-04
a06Ro00000CO8kBIAT,2026-08-04,2026-08-04
a06Ro00000CO8n9IAD,2026-08-04,2026-08-04
a06Ro00000CO8nAIAT,2026-08-04,2026-08-04
a06Ro00000CO8s7IAD,2026-08-04,2026-08-04
a06Ro00000CO8s8IAD,2026-08-04,2026-08-04
a06Ro00000CO8s9IAD,2026-08-04,2026-08-04
a06Ro00000CO4e3IAD,2026-08-04,2026-08-04
a06Ro00000CO4ePIAT,2026-08-04,2026-08-04
a06Ro00000CO4yeIAD,2026-08-04,2026-08-04
a06Ro00000CO8tsIAD,2026-08-04,2026-08-04
a06Ro00000CNRYZIA5,2026-08-04,2026-08-04
a06Ro00000CNRYaIAP,2026-08-04,2026-08-04
a06Ro00000CO7ebIAD,2026-08-04,2026-08-04
a06Ro00000CO7edIAD,2026-08-04,2026-08-04
a06Ro00000CO7eeIAD,2026-08-04,2026-08-04
a06Ro00000CO7efIAD,2026-08-04,2026-08-04
a06Ro00000CO6BMIA1,2026-08-04,2026-08-04
a06Ro00000CO6BPIA1,2026-08-04,2026-08-04
a06Ro00000CO8vOIAT,2026-08-04,2026-08-04
a06Ro00000CO8vPIAT,2026-08-04,2026-08-04
a06Ro00000CO3AGIA1,2026-08-04,2026-08-04
a06Ro00000CO3AHIA1,2026-08-04,2026-08-04
a06Ro00000CO3ASIA1,2026-08-04,2026-08-04
a06Ro00000CO0j9IAD,2026-08-04,2026-08-04
a06Ro00000CO8yaIAD,2026-08-04,2026-08-04
a06Ro00000CO8ybIAD,2026-08-04,2026-08-04
a06Ro00000CO90HIAT,2026-08-04,2026-08-04
a06Ro00000CO90RIAT,2026-08-04,2026-08-04
a06Ro00000CO93JIAT,2026-08-04,2026-08-04
a06Ro00000CO93LIAT,2026-08-04,2026-08-04
a06Ro00000CNXhFIAX,2026-08-04,2026-08-04
a06Ro00000CO5VTIA1,2026-08-04,2026-08-04
a06Ro00000CO6aaIAD,2026-08-04,2026-08-04
a06Ro00000CO6abIAD,2026-08-04,2026-08-04
a06Ro00000CO6ajIAD,2026-08-04,2026-08-04
a06Ro00000CO6akIAD,2026-08-04,2026-08-04
a06Ro00000CO6auIAD,2026-08-04,2026-08-04
a06Ro00000CO6avIAD,2026-08-04,2026-08-04
a06Ro00000CO9BdIAL,2026-08-04,2026-08-04
a06Ro00000CO9CzIAL,2026-08-04,2026-08-04
a06Ro00000CO9D8IAL,2026-08-04,2026-08-04
a06Ro00000CO9D9IAL,2026-08-04,2026-08-04
a06Ro00000CO9DHIA1,2026-08-04,2026-08-04
a06Ro00000CO9EtIAL,2026-08-04,2026-08-04
a06Ro00000CNsVZIA1,2026-08-04,2026-08-04
a06Ro00000CO53iIAD,2026-08-04,2026-08-04
a06Ro00000CO9HrIAL,2026-08-04,2026-08-04
a06Ro00000CO9HsIAL,2026-08-04,2026-08-04
a06Ro00000CNzY5IAL,2026-08-04,2026-08-04
a06Ro00000CO9JkIAL,2026-08-04,2026-08-04
a06Ro00000CO9JlIAL,2026-08-04,2026-08-04
a06Ro00000CO7ZwIAL,2026-08-04,2026-08-04
a06Ro00000CO7a0IAD,2026-08-04,2026-08-04
a06Ro00000CO3g3IAD,2026-08-04,2026-08-04
a06Ro00000CO3g8IAD,2026-08-04,2026-08-04
a06Ro00000CO38RIAT,2026-08-04,2026-08-04
a06Ro00000CO9TOIA1,2026-08-04,2026-08-04
a06Ro00000CO7rYIAT,2026-08-04,2026-08-04
a06Ro00000CO8FhIAL,2026-08-04,2026-08-04
a06Ro00000CO5zvIAD,2026-08-04,2026-08-04
a06Ro00000CO9QWIA1,2026-08-04,2026-08-04
a06Ro00000CO7RDIA1,2026-08-04,2026-08-04
a06Ro00000CO5pGIAT,2026-08-04,2026-08-04
a06Ro00000CO5pPIAT,2026-08-04,2026-08-04
a06Ro00000CO5pXIAT,2026-08-04,2026-08-04
a06Ro00000CO5pYIAT,2026-08-04,2026-08-04
a06Ro00000CO5pZIAT,2026-08-04,2026-08-04
a06Ro00000CNsTrIAL,2026-08-04,2026-08-04
a06Ro00000CO7sKIAT,2026-08-04,2026-08-04
a06Ro00000CO7sMIAT,2026-08-04,2026-08-04
a06Ro00000CO7DlIAL,2026-08-04,2026-08-04
a06Ro00000CO7DmIAL,2026-08-04,2026-08-04
a06Ro00000CO7DqIAL,2026-08-04,2026-08-04
a06Ro00000CO7DsIAL,2026-08-04,2026-08-04
a06Ro00000CNzVdIAL,2026-08-04,2026-08-04
a06Ro00000CO7YwIAL,2026-08-04,2026-08-04
a06Ro00000CO7Z2IAL,2026-08-04,2026-08-04
a06Ro00000CO7Z6IAL,2026-08-04,2026-08-04
a06Ro00000CO1dWIAT,2026-08-04,2026-08-04
a06Ro00000CO9hdIAD,2026-08-04,2026-08-04
a06Ro00000CNvykIAD,2026-08-04,2026-08-04
a06Ro00000CNzKXIA1,2026-08-04,2026-08-04
a06Ro00000CNzKYIA1,2026-08-04,2026-08-04
a06Ro00000CO9o5IAD,2026-08-04,2026-08-04
a06Ro00000CO9o6IAD,2026-08-04,2026-08-04
a06Ro00000CO9o7IAD,2026-08-04,2026-08-04
a06Ro00000CO9o8IAD,2026-08-04,2026-08-04
a06Ro00000CO9o9IAD,2026-08-04,2026-08-04
a06Ro00000CO9KNIA1,2026-08-04,2026-08-04
a06Ro00000CO9KOIA1,2026-08-04,2026-08-04
a06Ro00000CO9KPIA1,2026-08-04,2026-08-04
a06Ro00000CNwUuIAL,2026-08-04,2026-08-04
a06Ro00000CNwUvIAL,2026-08-04,2026-08-04
a06Ro00000CO84KIAT,2026-08-04,2026-08-04
a06Ro00000CO9wLIAT,2026-08-04,2026-08-04
a06Ro00000CO9xjIAD,2026-08-04,2026-08-04
a06Ro00000CO9xkIAD,2026-08-04,2026-08-04
a06Ro00000CO9zOIAT,2026-08-04,2026-08-04
a06Ro00000CO9zgIAD,2026-08-04,2026-08-04
a06Ro00000CO9ziIAD,2026-08-04,2026-08-04
a06Ro00000CO9zmIAD,2026-08-04,2026-08-04
a06Ro00000CO7Z9IAL,2026-08-04,2026-08-04
a06Ro00000COA1BIAX,2026-08-04,2026-08-04
a06Ro00000CO6PFIA1,2026-08-04,2026-08-04
a06Ro00000CO6PHIA1,2026-08-04,2026-08-04
a06Ro00000CO6PIIA1,2026-08-04,2026-08-04
a06Ro00000CO6PJIA1,2026-08-04,2026-08-04
a06Ro00000CO6PKIA1,2026-08-04,2026-08-04
a06Ro00000CO6PLIA1,2026-08-04,2026-08-04
a06Ro00000CO6PMIA1,2026-08-04,2026-08-04
a06Ro00000CO6PNIA1,2026-08-04,2026-08-04
a06Ro00000CO6POIA1,2026-08-04,2026-08-04
a06Ro00000CO6PUIA1,2026-08-04,2026-08-04
a06Ro00000CO6PVIA1,2026-08-04,2026-08-04
a06Ro00000CO6PWIA1,2026-08-04,2026-08-04
a06Ro00000CO5k2IAD,2026-08-04,2026-08-04
a06Ro00000CO5k3IAD,2026-08-04,2026-08-04
a06Ro00000CO5k4IAD,2026-08-04,2026-08-04
a06Ro00000CO5k5IAD,2026-08-04,2026-08-04
a06Ro00000CO5k6IAD,2026-08-04,2026-08-04
a06Ro00000CO5k7IAD,2026-08-04,2026-08-04
a06Ro00000CO5k8IAD,2026-08-04,2026-08-04
a06Ro00000CO5k9IAD,2026-08-04,2026-08-04
a06Ro00000CO5tMIAT,2026-08-04,2026-08-04
a06Ro00000CO5tNIAT,2026-08-04,2026-08-04
a06Ro00000CO5tOIAT,2026-08-04,2026-08-04
a06Ro00000CO0T0IAL,2026-08-04,2026-08-04
a06Ro00000CO0T2IAL,2026-08-04,2026-08-04
a06Ro00000CO0T3IAL,2026-08-04,2026-08-04
a06Ro00000CO0T4IAL,2026-08-04,2026-08-04
a06Ro00000CO0T5IAL,2026-08-04,2026-08-04
a06Ro00000CO0T6IAL,2026-08-04,2026-08-04
a06Ro00000CO0T7IAL,2026-08-04,2026-08-04
a06Ro00000CO0T8IAL,2026-08-04,2026-08-04
a06Ro00000CO0T9IAL,2026-08-04,2026-08-04
a06Ro00000CO0TAIA1,2026-08-04,2026-08-04
a06Ro00000CO3AcIAL,2026-08-04,2026-08-04
a06Ro00000CO3AeIAL,2026-08-04,2026-08-04
a06Ro00000CO3AgIAL,2026-08-04,2026-08-04
a06Ro00000CO3AhIAL,2026-08-04,2026-08-04
a06Ro00000CO3AiIAL,2026-08-04,2026-08-04
a06Ro00000COA7NIAX,2026-08-04,2026-08-04
a06Ro00000COA7OIAX,2026-08-04,2026-08-04
a06Ro00000COA7PIAX,2026-08-04,2026-08-04
a06Ro00000COA7QIAX,2026-08-04,2026-08-04
a06Ro00000COA7RIAX,2026-08-04,2026-08-04
a06Ro00000COA7SIAX,2026-08-04,2026-08-04
a06Ro00000COA7TIAX,2026-08-04,2026-08-04
a06Ro00000COA7UIAX,2026-08-04,2026-08-04
a06Ro00000COA7VIAX,2026-08-04,2026-08-04
a06Ro00000COA7WIAX,2026-08-04,2026-08-04
a06Ro00000COA7XIAX,2026-08-04,2026-08-04
a06Ro00000CO2NaIAL,2026-08-04,2026-08-04
a06Ro00000CO2NeIAL,2026-08-04,2026-08-04
a06Ro00000CNvIEIA1,2026-08-04,2026-08-04
a06Ro00000CO0qtIAD,2026-08-04,2026-08-04
a06Ro00000CO0qyIAD,2026-08-04,2026-08-04
a06Ro00000CO0qzIAD,2026-08-04,2026-08-04
a06Ro00000CO0r1IAD,2026-08-04,2026-08-04
a06Ro00000CO5EdIAL,2026-08-04,2026-08-04
a06Ro00000CO5EeIAL,2026-08-04,2026-08-04
a06Ro00000CO5EfIAL,2026-08-04,2026-08-04
a06Ro00000CO5EgIAL,2026-08-04,2026-08-04
a06Ro00000CO5EhIAL,2026-08-04,2026-08-04
a06Ro00000CO5EiIAL,2026-08-04,2026-08-04
a06Ro00000CO5EjIAL,2026-08-04,2026-08-04
a06Ro00000CO5EkIAL,2026-08-04,2026-08-04
a06Ro00000CO5ElIAL,2026-08-04,2026-08-04
a06Ro00000CO5EmIAL,2026-08-04,2026-08-04
a06Ro00000CO5EnIAL,2026-08-04,2026-08-04
a06Ro00000CO5EoIAL,2026-08-04,2026-08-04
a06Ro00000CO5EpIAL,2026-08-04,2026-08-04
a06Ro00000CO5EqIAL,2026-08-04,2026-08-04
a06Ro00000CO5ErIAL,2026-08-04,2026-08-04
a06Ro00000CO5EsIAL,2026-08-04,2026-08-04
a06Ro00000CO5EtIAL,2026-08-04,2026-08-04
a06Ro00000CO5EuIAL,2026-08-04,2026-08-04
a06Ro00000CO5EvIAL,2026-08-04,2026-08-04
a06Ro00000CO5EwIAL,2026-08-04,2026-08-04
a06Ro00000CO5ExIAL,2026-08-04,2026-08-04
a06Ro00000CO5EyIAL,2026-08-04,2026-08-04
a06Ro00000CO5EzIAL,2026-08-04,2026-08-04
a06Ro00000CO5F0IAL,2026-08-04,2026-08-04
a06Ro00000CO5F1IAL,2026-08-04,2026-08-04
a06Ro00000CO5F2IAL,2026-08-04,2026-08-04
a06Ro00000CO5F3IAL,2026-08-04,2026-08-04
a06Ro00000CO5F4IAL,2026-08-04,2026-08-04
a06Ro00000CO5F5IAL,2026-08-04,2026-08-04
a06Ro00000CO5F6IAL,2026-08-04,2026-08-04
a06Ro00000CO6eDIAT,2026-08-04,2026-08-04
a06Ro00000CO6eEIAT,2026-08-04,2026-08-04
a06Ro00000CO6eFIAT,2026-08-04,2026-08-04
a06Ro00000CO6eGIAT,2026-08-04,2026-08-04
a06Ro00000CO6eHIAT,2026-08-04,2026-08-04
a06Ro00000CO6eIIAT,2026-08-04,2026-08-04
a06Ro00000CO6eJIAT,2026-08-04,2026-08-04
a06Ro00000CO6eKIAT,2026-08-04,2026-08-04
a06Ro00000CO6eLIAT,2026-08-04,2026-08-04
a06Ro00000CO6eMIAT,2026-08-04,2026-08-04
a06Ro00000CO6eNIAT,2026-08-04,2026-08-04
a06Ro00000CO6eOIAT,2026-08-04,2026-08-04
a06Ro00000CO6ePIAT,2026-08-04,2026-08-04
a06Ro00000CO6eQIAT,2026-08-04,2026-08-04
a06Ro00000CO6eRIAT,2026-08-04,2026-08-04
a06Ro00000CO6eSIAT,2026-08-04,2026-08-04
a06Ro00000CO6eTIAT,2026-08-04,2026-08-04
a06Ro00000CO6eUIAT,2026-08-04,2026-08-04
a06Ro00000CO6eVIAT,2026-08-04,2026-08-04
a06Ro00000CO6eWIAT,2026-08-04,2026-08-04
a06Ro00000CO6eXIAT,2026-08-04,2026-08-04
a06Ro00000CO6eYIAT,2026-08-04,2026-08-04
a06Ro00000CO6eZIAT,2026-08-04,2026-08-04
a06Ro00000CO6eaIAD,2026-08-04,2026-08-04
a06Ro00000CO6ebIAD,2026-08-04,2026-08-04
a06Ro00000CO6ecIAD,2026-08-04,2026-08-04
a06Ro00000CO6edIAD,2026-08-04,2026-08-04
a06Ro00000CO6eeIAD,2026-08-04,2026-08-04
a06Ro00000CO6efIAD,2026-08-04,2026-08-04
a06Ro00000CO6lnIAD,2026-08-04,2026-08-04
a06Ro00000CNXhsIAH,2026-08-04,2026-08-04
a06Ro00000CNXhtIAH,2026-08-04,2026-08-04
a06Ro00000CNXhuIAH,2026-08-04,2026-08-04
a06Ro00000CNXhvIAH,2026-08-04,2026-08-04
a06Ro00000CNXhwIAH,2026-08-04,2026-08-04
a06Ro00000CNXhxIAH,2026-08-04,2026-08-04
a06Ro00000CNXhyIAH,2026-08-04,2026-08-04
a06Ro00000CNXhzIAH,2026-08-04,2026-08-04
a06Ro00000CNXi0IAH,2026-08-04,2026-08-04
a06Ro00000CNXi6IAH,2026-08-04,2026-08-04
a06Ro00000COA8CIAX,2026-08-04,2026-08-04
a06Ro00000COA8EIAX,2026-08-04,2026-08-04
a06Ro00000COA8FIAX,2026-08-04,2026-08-04
a06Ro00000COA8GIAX,2026-08-04,2026-08-04
a06Ro00000COA8HIAX,2026-08-04,2026-08-04
a06Ro00000COA8IIAX,2026-08-04,2026-08-04
a06Ro00000COA8KIAX,2026-08-04,2026-08-04
a06Ro00000COA8LIAX,2026-08-04,2026-08-04
a06Ro00000COA8NIAX,2026-08-04,2026-08-04
a06Ro00000COA8XIAX,2026-08-04,2026-08-04
a06Ro00000CO8MEIA1,2026-08-04,2026-08-04
a06Ro00000CO8MFIA1,2026-08-04,2026-08-04
a06Ro00000CO8MGIA1,2026-08-04,2026-08-04
a06Ro00000CO8MHIA1,2026-08-04,2026-08-04
a06Ro00000CO8MIIA1,2026-08-04,2026-08-04
a06Ro00000CO8MJIA1,2026-08-04,2026-08-04
a06Ro00000CO8MKIA1,2026-08-04,2026-08-04
a06Ro00000CO8MLIA1,2026-08-04,2026-08-04
a06Ro00000CO8MMIA1,2026-08-04,2026-08-04
a06Ro00000CO8MdIAL,2026-08-04,2026-08-04
a06Ro00000CNvCdIAL,2026-08-04,2026-08-04
a06Ro00000CNvCeIAL,2026-08-04,2026-08-04
a06Ro00000CNvCfIAL,2026-08-04,2026-08-04
a06Ro00000CNvCgIAL,2026-08-04,2026-08-04
a06Ro00000CNvChIAL,2026-08-04,2026-08-04
a06Ro00000CNvCyIAL,2026-08-04,2026-08-04
a06Ro00000CNvCzIAL,2026-08-04,2026-08-04
a06Ro00000CNvD0IAL,2026-08-04,2026-08-04
a06Ro00000CO4Y3IAL,2026-08-04,2026-08-04
a06Ro00000CO4Y4IAL,2026-08-04,2026-08-04
a06Ro00000CO4Y5IAL,2026-08-04,2026-08-04
a06Ro00000CO4Y6IAL,2026-08-04,2026-08-04
a06Ro00000CO4Y7IAL,2026-08-04,2026-08-04
a06Ro00000CO4Y8IAL,2026-08-04,2026-08-04
a06Ro00000CO4Y9IAL,2026-08-04,2026-08-04
a06Ro00000CO4YAIA1,2026-08-04,2026-08-04
a06Ro00000CO4YBIA1,2026-08-04,2026-08-04
a06Ro00000CO4YCIA1,2026-08-04,2026-08-04
a06Ro00000COALtIAP,2026-08-04,2026-08-04
a06Ro00000COALuIAP,2026-08-04,2026-08-04
a06Ro00000COALvIAP,2026-08-04,2026-08-04
a06Ro00000COALwIAP,2026-08-04,2026-08-04
a06Ro00000COALxIAP,2026-08-04,2026-08-04
a06Ro00000COALyIAP,2026-08-04,2026-08-04
a06Ro00000COALzIAP,2026-08-04,2026-08-04
a06Ro00000COAM0IAP,2026-08-04,2026-08-04
a06Ro00000COAM1IAP,2026-08-04,2026-08-04
a06Ro00000COAM2IAP,2026-08-04,2026-08-04
a06Ro00000COAM3IAP,2026-08-04,2026-08-04
a06Ro00000COAM4IAP,2026-08-04,2026-08-04
a06Ro00000COAM5IAP,2026-08-04,2026-08-04
a06Ro00000COAM6IAP,2026-08-04,2026-08-04
a06Ro00000COAM7IAP,2026-08-04,2026-08-04
a06Ro00000COAM8IAP,2026-08-04,2026-08-04
a06Ro00000COAM9IAP,2026-08-04,2026-08-04
a06Ro00000COAMAIA5,2026-08-04,2026-08-04
a06Ro00000COAMBIA5,2026-08-04,2026-08-04
a06Ro00000COAMCIA5,2026-08-04,2026-08-04
a06Ro00000CO7SDIA1,2026-08-04,2026-08-04
a06Ro00000CO7SEIA1,2026-08-04,2026-08-04
a06Ro00000CO7SFIA1,2026-08-04,2026-08-04
a06Ro00000CO7SGIA1,2026-08-04,2026-08-04
a06Ro00000CO7SHIA1,2026-08-04,2026-08-04
a06Ro00000CO7SIIA1,2026-08-04,2026-08-04
a06Ro00000CO7SJIA1,2026-08-04,2026-08-04
a06Ro00000CO7SKIA1,2026-08-04,2026-08-04
a06Ro00000CO7SLIA1,2026-08-04,2026-08-04
a06Ro00000CO7SMIA1,2026-08-04,2026-08-04
a06Ro00000CO7SNIA1,2026-08-04,2026-08-04
a06Ro00000CO7SOIA1,2026-08-04,2026-08-04
a06Ro00000CO7SPIA1,2026-08-04,2026-08-04
a06Ro00000CO7SQIA1,2026-08-04,2026-08-04
a06Ro00000CO7SRIA1,2026-08-04,2026-08-04
a06Ro00000CO7SSIA1,2026-08-04,2026-08-04
a06Ro00000CO7STIA1,2026-08-04,2026-08-04
a06Ro00000CO7SUIA1,2026-08-04,2026-08-04
a06Ro00000CO7SVIA1,2026-08-04,2026-08-04
a06Ro00000CO7SWIA1,2026-08-04,2026-08-04
a06Ro00000CO7SXIA1,2026-08-04,2026-08-04
a06Ro00000CO7SYIA1,2026-08-04,2026-08-04
a06Ro00000CO7SZIA1,2026-08-04,2026-08-04
a06Ro00000CO7SaIAL,2026-08-04,2026-08-04
a06Ro00000CO7SbIAL,2026-08-04,2026-08-04
a06Ro00000CO7ScIAL,2026-08-04,2026-08-04
a06Ro00000CO7SdIAL,2026-08-04,2026-08-04
a06Ro00000CO7SeIAL,2026-08-04,2026-08-04
a06Ro00000CO7SfIAL,2026-08-04,2026-08-04
a06Ro00000COANVIA5,2026-08-04,2026-08-04
a06Ro00000COANWIA5,2026-08-04,2026-08-04
a06Ro00000COANXIA5,2026-08-04,2026-08-04
a06Ro00000COANYIA5,2026-08-04,2026-08-04
a06Ro00000COANZIA5,2026-08-04,2026-08-04
a06Ro00000COANaIAP,2026-08-04,2026-08-04
a06Ro00000COANbIAP,2026-08-04,2026-08-04
a06Ro00000COANcIAP,2026-08-04,2026-08-04
a06Ro00000COANdIAP,2026-08-04,2026-08-04
a06Ro00000COANeIAP,2026-08-04,2026-08-04
a06Ro00000COANfIAP,2026-08-04,2026-08-04
a06Ro00000COANgIAP,2026-08-04,2026-08-04
a06Ro00000COANhIAP,2026-08-04,2026-08-04
a06Ro00000COANiIAP,2026-08-04,2026-08-04
a06Ro00000COANjIAP,2026-08-04,2026-08-04
a06Ro00000COANkIAP,2026-08-04,2026-08-04
a06Ro00000COANmIAP,2026-08-04,2026-08-04
a06Ro00000COANnIAP,2026-08-04,2026-08-04
a06Ro00000COANoIAP,2026-08-04,2026-08-04
a06Ro00000COANpIAP,2026-08-04,2026-08-04
a06Ro00000COANqIAP,2026-08-04,2026-08-04
a06Ro00000COANrIAP,2026-08-04,2026-08-04
a06Ro00000COANsIAP,2026-08-04,2026-08-04
a06Ro00000COANtIAP,2026-08-04,2026-08-04
a06Ro00000COANuIAP,2026-08-04,2026-08-04
a06Ro00000COANvIAP,2026-08-04,2026-08-04
a06Ro00000COANwIAP,2026-08-04,2026-08-04
a06Ro00000COANxIAP,2026-08-04,2026-08-04
a06Ro00000COANyIAP,2026-08-04,2026-08-04
a06Ro00000CO4SFIA1,2026-08-04,2026-08-04
a06Ro00000CO4SGIA1,2026-08-04,2026-08-04
a06Ro00000CO4SHIA1,2026-08-04,2026-08-04
a06Ro00000CO4SIIA1,2026-08-04,2026-08-04
a06Ro00000CO4SRIA1,2026-08-04,2026-08-04
a06Ro00000CO4SYIA1,2026-08-04,2026-08-04
a06Ro00000CO4SZIA1,2026-08-04,2026-08-04
a06Ro00000CO4SaIAL,2026-08-04,2026-08-04
a06Ro00000CO4SbIAL,2026-08-04,2026-08-04
a06Ro00000CO4ScIAL,2026-08-04,2026-08-04
a06Ro00000CO4SdIAL,2026-08-04,2026-08-04
a06Ro00000CO4SeIAL,2026-08-04,2026-08-04
a06Ro00000CO4SfIAL,2026-08-04,2026-08-04
a06Ro00000CO4SgIAL,2026-08-04,2026-08-04
a06Ro00000CO4ShIAL,2026-08-04,2026-08-04
a06Ro00000CO4SiIAL,2026-08-04,2026-08-04
a06Ro00000CO5p5IAD,2026-08-04,2026-08-04
a06Ro00000CO5p6IAD,2026-08-04,2026-08-04
a06Ro00000CO5p7IAD,2026-08-04,2026-08-04
a06Ro00000CO5p8IAD,2026-08-04,2026-08-04
a06Ro00000CO5p9IAD,2026-08-04,2026-08-04
a06Ro00000CO5pAIAT,2026-08-04,2026-08-04
a06Ro00000CO5pBIAT,2026-08-04,2026-08-04
a06Ro00000CO5pCIAT,2026-08-04,2026-08-04
a06Ro00000CO5pDIAT,2026-08-04,2026-08-04
a06Ro00000CO5pEIAT,2026-08-04,2026-08-04
a06Ro00000COAP7IAP,2026-08-04,2026-08-04
a06Ro00000COAP8IAP,2026-08-04,2026-08-04
a06Ro00000COAP9IAP,2026-08-04,2026-08-04
a06Ro00000COAPAIA5,2026-08-04,2026-08-04
a06Ro00000COAPBIA5,2026-08-04,2026-08-04
a06Ro00000COAPCIA5,2026-08-04,2026-08-04
a06Ro00000COAPDIA5,2026-08-04,2026-08-04
a06Ro00000COAPEIA5,2026-08-04,2026-08-04
a06Ro00000COAPFIA5,2026-08-04,2026-08-04
a06Ro00000COAPGIA5,2026-08-04,2026-08-04
a06Ro00000COAPHIA5,2026-08-04,2026-08-04
a06Ro00000COAPIIA5,2026-08-04,2026-08-04
a06Ro00000COAPJIA5,2026-08-04,2026-08-04
a06Ro00000COAPKIA5,2026-08-04,2026-08-04
a06Ro00000COAPLIA5,2026-08-04,2026-08-04
a06Ro00000COAPMIA5,2026-08-04,2026-08-04
a06Ro00000COAPNIA5,2026-08-04,2026-08-04
a06Ro00000COAPOIA5,2026-08-04,2026-08-04
a06Ro00000COAPPIA5,2026-08-04,2026-08-04
a06Ro00000COAPQIA5,2026-08-04,2026-08-04
a06Ro00000CO6XHIA1,2026-08-04,2026-08-04
a06Ro00000CO6XIIA1,2026-08-04,2026-08-04
a06Ro00000CO6XJIA1,2026-08-04,2026-08-04
a06Ro00000CO6XKIA1,2026-08-04,2026-08-04
a06Ro00000CO6XLIA1,2026-08-04,2026-08-04
a06Ro00000CO6XMIA1,2026-08-04,2026-08-04
a06Ro00000CO6XNIA1,2026-08-04,2026-08-04
a06Ro00000CO6XOIA1,2026-08-04,2026-08-04
a06Ro00000CO6XPIA1,2026-08-04,2026-08-04
a06Ro00000CO6XQIA1,2026-08-04,2026-08-04
a06Ro00000CO6XRIA1,2026-08-04,2026-08-04
a06Ro00000CO6XSIA1,2026-08-04,2026-08-04
a06Ro00000CO6XTIA1,2026-08-04,2026-08-04
a06Ro00000CO6XUIA1,2026-08-04,2026-08-04
a06Ro00000CO6XVIA1,2026-08-04,2026-08-04
a06Ro00000CO6XWIA1,2026-08-04,2026-08-04
a06Ro00000CO6XXIA1,2026-08-04,2026-08-04
a06Ro00000CO6XYIA1,2026-08-04,2026-08-04
a06Ro00000CO6XZIA1,2026-08-04,2026-08-04
a06Ro00000CO6XaIAL,2026-08-04,2026-08-04
a06Ro00000CO6XbIAL,2026-08-04,2026-08-04
a06Ro00000CO6XcIAL,2026-08-04,2026-08-04
a06Ro00000CO6XdIAL,2026-08-04,2026-08-04
a06Ro00000CO6XeIAL,2026-08-04,2026-08-04
a06Ro00000CO6XfIAL,2026-08-04,2026-08-04
a06Ro00000CO6XgIAL,2026-08-04,2026-08-04
a06Ro00000CO6XhIAL,2026-08-04,2026-08-04
a06Ro00000CO6XiIAL,2026-08-04,2026-08-04
a06Ro00000CO6XjIAL,2026-08-04,2026-08-04
a06Ro00000CO6XkIAL,2026-08-04,2026-08-04
a06Ro00000CO8h9IAD,2026-08-04,2026-08-04
a06Ro00000CO8hAIAT,2026-08-04,2026-08-04
a06Ro00000CO8hBIAT,2026-08-04,2026-08-04
a06Ro00000CO8hCIAT,2026-08-04,2026-08-04
a06Ro00000CO8hDIAT,2026-08-04,2026-08-04
a06Ro00000CO8hEIAT,2026-08-04,2026-08-04
a06Ro00000CO8hFIAT,2026-08-04,2026-08-04
a06Ro00000CO8hGIAT,2026-08-04,2026-08-04
a06Ro00000CO8hHIAT,2026-08-04,2026-08-04
a06Ro00000CO8hIIAT,2026-08-04,2026-08-04
a06Ro00000CO8hJIAT,2026-08-04,2026-08-04
a06Ro00000CO8hKIAT,2026-08-04,2026-08-04
a06Ro00000CO8hLIAT,2026-08-04,2026-08-04
a06Ro00000CO8hMIAT,2026-08-04,2026-08-04
a06Ro00000CO8hNIAT,2026-08-04,2026-08-04
a06Ro00000CO8hOIAT,2026-08-04,2026-08-04
a06Ro00000CO8hPIAT,2026-08-04,2026-08-04
a06Ro00000CO8hQIAT,2026-08-04,2026-08-04
a06Ro00000CO8hRIAT,2026-08-04,2026-08-04
a06Ro00000CO8hSIAT,2026-08-04,2026-08-04
a06Ro00000CO8hTIAT,2026-08-04,2026-08-04
a06Ro00000CO8hUIAT,2026-08-04,2026-08-04
a06Ro00000CO8hVIAT,2026-08-04,2026-08-04
a06Ro00000CO8hWIAT,2026-08-04,2026-08-04
a06Ro00000CO8hXIAT,2026-08-04,2026-08-04
a06Ro00000CO8hYIAT,2026-08-04,2026-08-04
a06Ro00000CO8hZIAT,2026-08-04,2026-08-04
a06Ro00000CO8haIAD,2026-08-04,2026-08-04
a06Ro00000COA9BIAX,2026-08-04,2026-08-04
a06Ro00000COA9HIAX,2026-08-04,2026-08-04
a06Ro00000COA9IIAX,2026-08-04,2026-08-04
a06Ro00000COA9JIAX,2026-08-04,2026-08-04
a06Ro00000COA9KIAX,2026-08-04,2026-08-04
a06Ro00000COA9LIAX,2026-08-04,2026-08-04
a06Ro00000COA9MIAX,2026-08-04,2026-08-04
a06Ro00000COA9NIAX,2026-08-04,2026-08-04
a06Ro00000COA9OIAX,2026-08-04,2026-08-04
a06Ro00000COA9PIAX,2026-08-04,2026-08-04
a06Ro00000COA9QIAX,2026-08-04,2026-08-04
a06Ro00000COA9RIAX,2026-08-04,2026-08-04
a06Ro00000COA9SIAX,2026-08-04,2026-08-04
a06Ro00000COA9TIAX,2026-08-04,2026-08-04
a06Ro00000CO6KrIAL,2026-08-04,2026-08-04
a06Ro00000CO6KsIAL,2026-08-04,2026-08-04
a06Ro00000CO6KtIAL,2026-08-04,2026-08-04
a06Ro00000CO6KuIAL,2026-08-04,2026-08-04
a06Ro00000CO6KvIAL,2026-08-04,2026-08-04
a06Ro00000CO6KwIAL,2026-08-04,2026-08-04
a06Ro00000CO6KxIAL,2026-08-04,2026-08-04
a06Ro00000CO6KyIAL,2026-08-04,2026-08-04
a06Ro00000CO6KzIAL,2026-08-04,2026-08-04
a06Ro00000CO6L0IAL,2026-08-04,2026-08-04
a06Ro00000CO6L2IAL,2026-08-04,2026-08-04
a06Ro00000CO6L3IAL,2026-08-04,2026-08-04
a06Ro00000CO6L4IAL,2026-08-04,2026-08-04
a06Ro00000CO6L5IAL,2026-08-04,2026-08-04
a06Ro00000CO6L6IAL,2026-08-04,2026-08-04
a06Ro00000CO6L7IAL,2026-08-04,2026-08-04
a06Ro00000CO6L8IAL,2026-08-04,2026-08-04
a06Ro00000CO6L9IAL,2026-08-04,2026-08-04
a06Ro00000CO2IAIA1,2026-08-04,2026-08-04
a06Ro00000CO2IFIA1,2026-08-04,2026-08-04
a06Ro00000CO2IKIA1,2026-08-04,2026-08-04
a06Ro00000CO2ILIA1,2026-08-04,2026-08-04
a06Ro00000CO2IMIA1,2026-08-04,2026-08-04
a06Ro00000CO2INIA1,2026-08-04,2026-08-04
a06Ro00000CNzGoIAL,2026-08-04,2026-08-04
a06Ro00000CNzGpIAL,2026-08-04,2026-08-04
a06Ro00000CNzGqIAL,2026-08-04,2026-08-04
a06Ro00000CNzGrIAL,2026-08-04,2026-08-04
a06Ro00000CO7y1IAD,2026-08-04,2026-08-04
a06Ro00000CO7yRIAT,2026-08-04,2026-08-04
a06Ro00000CO7ySIAT,2026-08-04,2026-08-04
a06Ro00000CO5wfIAD,2026-08-04,2026-08-04
a06Ro00000CO5wqIAD,2026-08-04,2026-08-04
a06Ro00000CO5wrIAD,2026-08-04,2026-08-04
a06Ro00000CO4NwIAL,2026-08-04,2026-08-04
a06Ro00000CO4NyIAL,2026-08-04,2026-08-04
a06Ro00000CO4NzIAL,2026-08-04,2026-08-04
a06Ro00000CO4O0IAL,2026-08-04,2026-08-04
a06Ro00000CO4O1IAL,2026-08-04,2026-08-04
a06Ro00000CO4O3IAL,2026-08-04,2026-08-04
a06Ro00000CO4O4IAL,2026-08-04,2026-08-04
a06Ro00000CO4O5IAL,2026-08-04,2026-08-04
a06Ro00000CO4O6IAL,2026-08-04,2026-08-04
a06Ro00000CO4O9IAL,2026-08-04,2026-08-04
a06Ro00000CO4OAIA1,2026-08-04,2026-08-04
a06Ro00000CO4OCIA1,2026-08-04,2026-08-04
a06Ro00000CO4OLIA1,2026-08-04,2026-08-04
a06Ro00000CO4OMIA1,2026-08-04,2026-08-04
a06Ro00000COA31IAH,2026-08-04,2026-08-04
a06Ro00000COA33IAH,2026-08-04,2026-08-04
a06Ro00000COA35IAH,2026-08-04,2026-08-04
a06Ro00000COA37IAH,2026-08-04,2026-08-04
a06Ro00000COA38IAH,2026-08-04,2026-08-04
a06Ro00000CO0McIAL,2026-08-04,2026-08-04
a06Ro00000CO0MjIAL,2026-08-04,2026-08-04
a06Ro00000CO0MkIAL,2026-08-04,2026-08-04
a06Ro00000CO0MlIAL,2026-08-04,2026-08-04
a06Ro00000CO0MmIAL,2026-08-04,2026-08-04
a06Ro00000CO0MnIAL,2026-08-04,2026-08-04
a06Ro00000CO0MoIAL,2026-08-04,2026-08-04
a06Ro00000CO0MpIAL,2026-08-04,2026-08-04
a06Ro00000CO0MqIAL,2026-08-04,2026-08-04
a06Ro00000CO0MsIAL,2026-08-04,2026-08-04
a06Ro00000CO0MvIAL,2026-08-04,2026-08-04
a06Ro00000CO0MwIAL,2026-08-04,2026-08-04
a06Ro00000CO0N0IAL,2026-08-04,2026-08-04
a06Ro00000CO0N1IAL,2026-08-04,2026-08-04
a06Ro00000CO62dIAD,2026-08-04,2026-08-04
a06Ro00000CO62eIAD,2026-08-04,2026-08-04
a06Ro00000CO62nIAD,2026-08-04,2026-08-04
a06Ro00000CO62oIAD,2026-08-04,2026-08-04
a06Ro00000CO62pIAD,2026-08-04,2026-08-04
a06Ro00000CO62qIAD,2026-08-04,2026-08-04
a06Ro00000CO62rIAD,2026-08-04,2026-08-04
a06Ro00000CO62sIAD,2026-08-04,2026-08-04
a06Ro00000CO62tIAD,2026-08-04,2026-08-04
a06Ro00000CO62uIAD,2026-08-04,2026-08-04
a06Ro00000CO62vIAD,2026-08-04,2026-08-04
a06Ro00000CO62wIAD,2026-08-04,2026-08-04
a06Ro00000CO62xIAD,2026-08-04,2026-08-04
a06Ro00000CO62yIAD,2026-08-04,2026-08-04
a06Ro00000CO62zIAD,2026-08-04,2026-08-04
a06Ro00000CO630IAD,2026-08-04,2026-08-04
a06Ro00000CO631IAD,2026-08-04,2026-08-04
a06Ro00000CO632IAD,2026-08-04,2026-08-04
a06Ro00000CO633IAD,2026-08-04,2026-08-04
a06Ro00000CO634IAD,2026-08-04,2026-08-04
a06Ro00000CO635IAD,2026-08-04,2026-08-04
a06Ro00000CO636IAD,2026-08-04,2026-08-04
a06Ro00000CO2oeIAD,2026-08-04,2026-08-04
a06Ro00000CO2ofIAD,2026-08-04,2026-08-04
a06Ro00000CO2ogIAD,2026-08-04,2026-08-04
a06Ro00000CO2ohIAD,2026-08-04,2026-08-04
a06Ro00000CO2oiIAD,2026-08-04,2026-08-04
a06Ro00000CO2ojIAD,2026-08-04,2026-08-04
a06Ro00000CO2okIAD,2026-08-04,2026-08-04
a06Ro00000CO2olIAD,2026-08-04,2026-08-04
a06Ro00000CO2omIAD,2026-08-04,2026-08-04
a06Ro00000CO2onIAD,2026-08-04,2026-08-04
a06Ro00000CO2ooIAD,2026-08-04,2026-08-04
a06Ro00000CO2opIAD,2026-08-04,2026-08-04
a06Ro00000CO2oqIAD,2026-08-04,2026-08-04
a06Ro00000CO2orIAD,2026-08-04,2026-08-04
a06Ro00000CO2osIAD,2026-08-04,2026-08-04
a06Ro00000CO2otIAD,2026-08-04,2026-08-04
a06Ro00000CO2ouIAD,2026-08-04,2026-08-04
a06Ro00000CO2ovIAD,2026-08-04,2026-08-04
a06Ro00000CO2owIAD,2026-08-04,2026-08-04
a06Ro00000CO2oxIAD,2026-08-04,2026-08-04
a06Ro00000CO2oyIAD,2026-08-04,2026-08-04
a06Ro00000CO2ozIAD,2026-08-04,2026-08-04
a06Ro00000CO2p0IAD,2026-08-04,2026-08-04
a06Ro00000CO2p1IAD,2026-08-04,2026-08-04
a06Ro00000CO2p2IAD,2026-08-04,2026-08-04
a06Ro00000CO2p3IAD,2026-08-04,2026-08-04
a06Ro00000CO2p4IAD,2026-08-04,2026-08-04
a06Ro00000CO2p5IAD,2026-08-04,2026-08-04
a06Ro00000CO2p6IAD,2026-08-04,2026-08-04
a06Ro00000CO2p7IAD,2026-08-04,2026-08-04
a06Ro00000CO3pYIAT,2026-08-04,2026-08-04
a06Ro00000CO3pZIAT,2026-08-04,2026-08-04
a06Ro00000CO3paIAD,2026-08-04,2026-08-04
a06Ro00000CO3pbIAD,2026-08-04,2026-08-04
a06Ro00000CO3pcIAD,2026-08-04,2026-08-04
a06Ro00000CO3pdIAD,2026-08-04,2026-08-04
a06Ro00000CO3peIAD,2026-08-04,2026-08-04
a06Ro00000CO3pfIAD,2026-08-04,2026-08-04
a06Ro00000CO3pgIAD,2026-08-04,2026-08-04
a06Ro00000CO3pjIAD,2026-08-04,2026-08-04
a06Ro00000CO3pkIAD,2026-08-04,2026-08-04
a06Ro00000CO3plIAD,2026-08-04,2026-08-04
a06Ro00000CO3pmIAD,2026-08-04,2026-08-04
a06Ro00000CO3pnIAD,2026-08-04,2026-08-04
a06Ro00000CO3poIAD,2026-08-04,2026-08-04
a06Ro00000CO3ppIAD,2026-08-04,2026-08-04
a06Ro00000CO3psIAD,2026-08-04,2026-08-04
a06Ro00000CO3ptIAD,2026-08-04,2026-08-04
a06Ro00000CO3puIAD,2026-08-04,2026-08-04
a06Ro00000CO3pvIAD,2026-08-04,2026-08-04
a06Ro00000CO3pwIAD,2026-08-04,2026-08-04
a06Ro00000CO3pxIAD,2026-08-04,2026-08-04
a06Ro00000CO3pyIAD,2026-08-04,2026-08-04
a06Ro00000CO3pzIAD,2026-08-04,2026-08-04
a06Ro00000CO3q0IAD,2026-08-04,2026-08-04
a06Ro00000CO3q1IAD,2026-08-04,2026-08-04
a06Ro00000CO4fAIAT,2026-08-04,2026-08-04
a06Ro00000CO4fBIAT,2026-08-04,2026-08-04
a06Ro00000CO4fEIAT,2026-08-04,2026-08-04
a06Ro00000CO4fFIAT,2026-08-04,2026-08-04
a06Ro00000CO4fGIAT,2026-08-04,2026-08-04
a06Ro00000CO4fHIAT,2026-08-04,2026-08-04
a06Ro00000CO4fIIAT,2026-08-04,2026-08-04
a06Ro00000CO4fKIAT,2026-08-04,2026-08-04
a06Ro00000CO4fLIAT,2026-08-04,2026-08-04
a06Ro00000CO4fMIAT,2026-08-04,2026-08-04
a06Ro00000CO4fNIAT,2026-08-04,2026-08-04
a06Ro00000CO4fPIAT,2026-08-04,2026-08-04
a06Ro00000CO4fQIAT,2026-08-04,2026-08-04
a06Ro00000CO4fRIAT,2026-08-04,2026-08-04
a06Ro00000CO4fSIAT,2026-08-04,2026-08-04
a06Ro00000CO4fTIAT,2026-08-04,2026-08-04
a06Ro00000CO4fUIAT,2026-08-04,2026-08-04
a06Ro00000CO4fVIAT,2026-08-04,2026-08-04
a06Ro00000CO4fWIAT,2026-08-04,2026-08-04
a06Ro00000CO4fXIAT,2026-08-04,2026-08-04
a06Ro00000CO4fYIAT,2026-08-04,2026-08-04
a06Ro00000CO4fZIAT,2026-08-04,2026-08-04
a06Ro00000CO4faIAD,2026-08-04,2026-08-04
a06Ro00000CO4fbIAD,2026-08-04,2026-08-04
a06Ro00000CO4fcIAD,2026-08-04,2026-08-04
a06Ro00000CO4fdIAD,2026-08-04,2026-08-04
a06Ro00000CO6vTIAT,2026-08-04,2026-08-04
a06Ro00000CO6vUIAT,2026-08-04,2026-08-04
a06Ro00000CO6vVIAT,2026-08-04,2026-08-04
a06Ro00000CO6vWIAT,2026-08-04,2026-08-04
a06Ro00000CO6vXIAT,2026-08-04,2026-08-04
a06Ro00000CO6vYIAT,2026-08-04,2026-08-04
a06Ro00000CO6vZIAT,2026-08-04,2026-08-04
a06Ro00000CO6vaIAD,2026-08-04,2026-08-04
a06Ro00000CO6vbIAD,2026-08-04,2026-08-04
a06Ro00000CO6vcIAD,2026-08-04,2026-08-04
a06Ro00000CO6vdIAD,2026-08-04,2026-08-04
a06Ro00000CO6veIAD,2026-08-04,2026-08-04
a06Ro00000CO6vfIAD,2026-08-04,2026-08-04
a06Ro00000CO6vgIAD,2026-08-04,2026-08-04
a06Ro00000CO6vhIAD,2026-08-04,2026-08-04
a06Ro00000CO6viIAD,2026-08-04,2026-08-04
a06Ro00000CO6vjIAD,2026-08-04,2026-08-04
a06Ro00000CO6vkIAD,2026-08-04,2026-08-04
a06Ro00000CO6vlIAD,2026-08-04,2026-08-04
a06Ro00000CO6vmIAD,2026-08-04,2026-08-04
a06Ro00000CO6vnIAD,2026-08-04,2026-08-04
a06Ro00000CO6voIAD,2026-08-04,2026-08-04
a06Ro00000CO6vpIAD,2026-08-04,2026-08-04
a06Ro00000CO6vqIAD,2026-08-04,2026-08-04
a06Ro00000CO6vrIAD,2026-08-04,2026-08-04
a06Ro00000CO6vsIAD,2026-08-04,2026-08-04
a06Ro00000CO6vtIAD,2026-08-04,2026-08-04
a06Ro00000CO6vuIAD,2026-08-04,2026-08-04
a06Ro00000CO6vvIAD,2026-08-04,2026-08-04
a06Ro00000CO6vwIAD,2026-08-04,2026-08-04
a06Ro00000CNy0HIAT,2026-08-04,2026-08-04
a06Ro00000CNy0IIAT,2026-08-04,2026-08-04
a06Ro00000CNy0JIAT,2026-08-04,2026-08-04
a06Ro00000CNy0KIAT,2026-08-04,2026-08-04
a06Ro00000CNy0LIAT,2026-08-04,2026-08-04
a06Ro00000CNy0MIAT,2026-08-04,2026-08-04
a06Ro00000CNy0NIAT,2026-08-04,2026-08-04
a06Ro00000CNy0OIAT,2026-08-04,2026-08-04
a06Ro00000CNy0PIAT,2026-08-04,2026-08-04
a06Ro00000CNy0QIAT,2026-08-04,2026-08-04
a06Ro00000CNy0RIAT,2026-08-04,2026-08-04
a06Ro00000CNy0SIAT,2026-08-04,2026-08-04
a06Ro00000CNy0TIAT,2026-08-04,2026-08-04
a06Ro00000CNy0UIAT,2026-08-04,2026-08-04
a06Ro00000CNy0VIAT,2026-08-04,2026-08-04
a06Ro00000CNy0WIAT,2026-08-04,2026-08-04
a06Ro00000CNy0XIAT,2026-08-04,2026-08-04
a06Ro00000CNy0YIAT,2026-08-04,2026-08-04
a06Ro00000CNy0ZIAT,2026-08-04,2026-08-04
a06Ro00000CNy0aIAD,2026-08-04,2026-08-04
a06Ro00000CNy0bIAD,2026-08-04,2026-08-04
a06Ro00000CNy0cIAD,2026-08-04,2026-08-04
a06Ro00000CNy0dIAD,2026-08-04,2026-08-04
a06Ro00000CNy0eIAD,2026-08-04,2026-08-04
a06Ro00000CNy0fIAD,2026-08-04,2026-08-04
a06Ro00000CNy0gIAD,2026-08-04,2026-08-04
a06Ro00000CNy0hIAD,2026-08-04,2026-08-04
a06Ro00000CNy0iIAD,2026-08-04,2026-08-04
a06Ro00000CNy0jIAD,2026-08-04,2026-08-04
a06Ro00000CNy0kIAD,2026-08-04,2026-08-04
a06Ro00000CO84lIAD,2026-08-04,2026-08-04
a06Ro00000CO84tIAD,2026-08-04,2026-08-04
a06Ro00000CO84uIAD,2026-08-04,2026-08-04
a06Ro00000CO84vIAD,2026-08-04,2026-08-04
a06Ro00000CO84wIAD,2026-08-04,2026-08-04
a06Ro00000CO84xIAD,2026-08-04,2026-08-04
a06Ro00000CO84yIAD,2026-08-04,2026-08-04
a06Ro00000CO84zIAD,2026-08-04,2026-08-04
a06Ro00000CO850IAD,2026-08-04,2026-08-04
a06Ro00000CO851IAD,2026-08-04,2026-08-04
a06Ro00000CO852IAD,2026-08-04,2026-08-04
a06Ro00000CO853IAD,2026-08-04,2026-08-04
a06Ro00000CO854IAD,2026-08-04,2026-08-04
a06Ro00000CO855IAD,2026-08-04,2026-08-04
a06Ro00000CO9uxIAD,2026-08-04,2026-08-04
a06Ro00000CO9uyIAD,2026-08-04,2026-08-04
a06Ro00000CO9uzIAD,2026-08-04,2026-08-04
a06Ro00000CO9v0IAD,2026-08-04,2026-08-04
a06Ro00000CO9v1IAD,2026-08-04,2026-08-04
a06Ro00000CO9v2IAD,2026-08-04,2026-08-04
a06Ro00000CO9v3IAD,2026-08-04,2026-08-04
a06Ro00000CO9v4IAD,2026-08-04,2026-08-04
a06Ro00000CO9v5IAD,2026-08-04,2026-08-04
a06Ro00000CO9v6IAD,2026-08-04,2026-08-04
a06Ro00000CO9v7IAD,2026-08-04,2026-08-04
a06Ro00000CO9v8IAD,2026-08-04,2026-08-04
a06Ro00000CO9v9IAD,2026-08-04,2026-08-04
a06Ro00000CO9vAIAT,2026-08-04,2026-08-04
a06Ro00000CO9vBIAT,2026-08-04,2026-08-04
a06Ro00000CO9vCIAT,2026-08-04,2026-08-04
a06Ro00000CO9vDIAT,2026-08-04,2026-08-04
a06Ro00000CO9vEIAT,2026-08-04,2026-08-04
a06Ro00000CO9vFIAT,2026-08-04,2026-08-04
a06Ro00000CO9vGIAT,2026-08-04,2026-08-04
a06Ro00000CO9vHIAT,2026-08-04,2026-08-04
a06Ro00000CO9vIIAT,2026-08-04,2026-08-04
a06Ro00000CO9vJIAT,2026-08-04,2026-08-04
a06Ro00000CO9vKIAT,2026-08-04,2026-08-04
a06Ro00000CO9vLIAT,2026-08-04,2026-08-04
a06Ro00000CO9vMIAT,2026-08-04,2026-08-04
a06Ro00000CO9vNIAT,2026-08-04,2026-08-04
a06Ro00000CO9vOIAT,2026-08-04,2026-08-04
a06Ro00000CO9vPIAT,2026-08-04,2026-08-04
a06Ro00000CO9vQIAT,2026-08-04,2026-08-04
a06Ro00000CO8SdIAL,2026-08-04,2026-08-04
a06Ro00000CO8SeIAL,2026-08-04,2026-08-04
a06Ro00000CO8SfIAL,2026-08-04,2026-08-04
a06Ro00000CO8SgIAL,2026-08-04,2026-08-04
a06Ro00000CO8ShIAL,2026-08-04,2026-08-04
a06Ro00000CO8SiIAL,2026-08-04,2026-08-04
a06Ro00000CO8SjIAL,2026-08-04,2026-08-04
a06Ro00000CO8SkIAL,2026-08-04,2026-08-04
a06Ro00000CO8SlIAL,2026-08-04,2026-08-04
a06Ro00000CO8SmIAL,2026-08-04,2026-08-04
a06Ro00000CO8SnIAL,2026-08-04,2026-08-04
a06Ro00000CO8SoIAL,2026-08-04,2026-08-04
a06Ro00000CO8SpIAL,2026-08-04,2026-08-04
a06Ro00000CO8SqIAL,2026-08-04,2026-08-04
a06Ro00000CO8SrIAL,2026-08-04,2026-08-04
a06Ro00000CO8SsIAL,2026-08-04,2026-08-04
a06Ro00000CO8StIAL,2026-08-04,2026-08-04
a06Ro00000CO8SuIAL,2026-08-04,2026-08-04
a06Ro00000CO8SvIAL,2026-08-04,2026-08-04
a06Ro00000CO8SwIAL,2026-08-04,2026-08-04
a06Ro00000CO8SxIAL,2026-08-04,2026-08-04
a06Ro00000CO8SyIAL,2026-08-04,2026-08-04
a06Ro00000CO8SzIAL,2026-08-04,2026-08-04
a06Ro00000CO8T0IAL,2026-08-04,2026-08-04
a06Ro00000CO8T1IAL,2026-08-04,2026-08-04
a06Ro00000CO8T2IAL,2026-08-04,2026-08-04
a06Ro00000CO8T3IAL,2026-08-04,2026-08-04
a06Ro00000CO8T4IAL,2026-08-04,2026-08-04
a06Ro00000CO8T5IAL,2026-08-04,2026-08-04
a06Ro00000CO8T6IAL,2026-08-04,2026-08-04
a06Ro00000CNdv7IAD,2026-08-04,2026-08-04
a06Ro00000CNdv8IAD,2026-08-04,2026-08-04
a06Ro00000CNdv9IAD,2026-08-04,2026-08-04
a06Ro00000CNdvAIAT,2026-08-04,2026-08-04
a06Ro00000CNdvBIAT,2026-08-04,2026-08-04
a06Ro00000CNdvCIAT,2026-08-04,2026-08-04
a06Ro00000CNdvDIAT,2026-08-04,2026-08-04
a06Ro00000CNdvOIAT,2026-08-04,2026-08-04
a06Ro00000CNdvPIAT,2026-08-04,2026-08-04
a06Ro00000CNdvQIAT,2026-08-04,2026-08-04
a06Ro00000CNdvRIAT,2026-08-04,2026-08-04
a06Ro00000CNdvSIAT,2026-08-04,2026-08-04
a06Ro00000CNdvTIAT,2026-08-04,2026-08-04
a06Ro00000CNdvUIAT,2026-08-04,2026-08-04
a06Ro00000CNdvVIAT,2026-08-04,2026-08-04
a06Ro00000CNdvWIAT,2026-08-04,2026-08-04
a06Ro00000CO4SpIAL,2026-08-04,2026-08-04
a06Ro00000CO4StIAL,2026-08-04,2026-08-04
a06Ro00000CO4SuIAL,2026-08-04,2026-08-04
a06Ro00000CO4SvIAL,2026-08-04,2026-08-04
a06Ro00000CO4SwIAL,2026-08-04,2026-08-04
a06Ro00000CO6E0IAL,2026-08-04,2026-08-04
a06Ro00000CO6E2IAL,2026-08-04,2026-08-04
a06Ro00000CO6E4IAL,2026-08-04,2026-08-04
a06Ro00000CO6E5IAL,2026-08-04,2026-08-04
a06Ro00000CO6E6IAL,2026-08-04,2026-08-04
a06Ro00000CO7OVIA1,2026-08-04,2026-08-04
a06Ro00000CO7OXIA1,2026-08-04,2026-08-04
a06Ro00000CO7OYIA1,2026-08-04,2026-08-04
a06Ro00000CO7OZIA1,2026-08-04,2026-08-04
a06Ro00000CO7OaIAL,2026-08-04,2026-08-04
a06Ro00000CO7ObIAL,2026-08-04,2026-08-04
a06Ro00000CO7OcIAL,2026-08-04,2026-08-04
a06Ro00000CO7OdIAL,2026-08-04,2026-08-04
a06Ro00000CO7OeIAL,2026-08-04,2026-08-04
a06Ro00000CO7OfIAL,2026-08-04,2026-08-04
a06Ro00000CO7OgIAL,2026-08-04,2026-08-04
a06Ro00000CO7OhIAL,2026-08-04,2026-08-04
a06Ro00000CO7OiIAL,2026-08-04,2026-08-04
a06Ro00000CO7OjIAL,2026-08-04,2026-08-04
a06Ro00000CO7OkIAL,2026-08-04,2026-08-04
a06Ro00000CO7OlIAL,2026-08-04,2026-08-04
a06Ro00000CO7OmIAL,2026-08-04,2026-08-04
a06Ro00000CO7OnIAL,2026-08-04,2026-08-04
a06Ro00000CO7OoIAL,2026-08-04,2026-08-04
a06Ro00000CO7OpIAL,2026-08-04,2026-08-04
a06Ro00000CO7OqIAL,2026-08-04,2026-08-04
a06Ro00000CO7OrIAL,2026-08-04,2026-08-04
a06Ro00000CO7OsIAL,2026-08-04,2026-08-04
a06Ro00000CO7OtIAL,2026-08-04,2026-08-04
a06Ro00000CO7OuIAL,2026-08-04,2026-08-04
a06Ro00000CO7OvIAL,2026-08-04,2026-08-04
a06Ro00000CO7OwIAL,2026-08-04,2026-08-04
a06Ro00000CO7OxIAL,2026-08-04,2026-08-04
a06Ro00000CO7OyIAL,2026-08-04,2026-08-04
a06Ro00000CNzM9IAL,2026-08-04,2026-08-04
a06Ro00000CNzMAIA1,2026-08-04,2026-08-04
a06Ro00000CNzMBIA1,2026-08-04,2026-08-04
a06Ro00000CNzMCIA1,2026-08-04,2026-08-04
a06Ro00000CNzMDIA1,2026-08-04,2026-08-04
a06Ro00000CNzMEIA1,2026-08-04,2026-08-04
a06Ro00000CNzMFIA1,2026-08-04,2026-08-04
a06Ro00000CNzMGIA1,2026-08-04,2026-08-04
a06Ro00000COATxIAP,2026-08-04,2026-08-04
a06Ro00000COATyIAP,2026-08-04,2026-08-04
a06Ro00000COATzIAP,2026-08-04,2026-08-04
a06Ro00000COAU0IAP,2026-08-04,2026-08-04
a06Ro00000COAU1IAP,2026-08-04,2026-08-04
a06Ro00000COAU2IAP,2026-08-04,2026-08-04
a06Ro00000COAUBIA5,2026-08-04,2026-08-04
a06Ro00000COAUCIA5,2026-08-04,2026-08-04
a06Ro00000COAUDIA5,2026-08-04,2026-08-04
a06Ro00000COAUEIA5,2026-08-04,2026-08-04
a06Ro00000COAUGIA5,2026-08-04,2026-08-04
a06Ro00000COAUJIA5,2026-08-04,2026-08-04
a06Ro00000COAUNIA5,2026-08-04,2026-08-04
a06Ro00000COAUOIA5,2026-08-04,2026-08-04
a06Ro00000CNyURIA1,2026-08-04,2026-08-04
a06Ro00000CNyUSIA1,2026-08-04,2026-08-04
a06Ro00000CNyUTIA1,2026-08-04,2026-08-04
a06Ro00000CNyUUIA1,2026-08-04,2026-08-04
a06Ro00000CNyUXIA1,2026-08-04,2026-08-04
a06Ro00000CNyUYIA1,2026-08-04,2026-08-04
a06Ro00000CO64UIAT,2026-08-04,2026-08-04
a06Ro00000CO64VIAT,2026-08-04,2026-08-04
a06Ro00000CO64WIAT,2026-08-04,2026-08-04
a06Ro00000CO64XIAT,2026-08-04,2026-08-04
a06Ro00000CO64YIAT,2026-08-04,2026-08-04
a06Ro00000CO6Q3IAL,2026-08-04,2026-08-04
a06Ro00000CO6Q4IAL,2026-08-04,2026-08-04
a06Ro00000CO6Q5IAL,2026-08-04,2026-08-04
a06Ro00000CO6Q6IAL,2026-08-04,2026-08-04
a06Ro00000COAVbIAP,2026-08-04,2026-08-04
a06Ro00000COAVcIAP,2026-08-04,2026-08-04
a06Ro00000COAVdIAP,2026-08-04,2026-08-04
a06Ro00000COAVeIAP,2026-08-04,2026-08-04
a06Ro00000COAVfIAP,2026-08-04,2026-08-04
a06Ro00000COAVgIAP,2026-08-04,2026-08-04
a06Ro00000COAVhIAP,2026-08-04,2026-08-04
a06Ro00000COAViIAP,2026-08-04,2026-08-04
a06Ro00000COAVjIAP,2026-08-04,2026-08-04
a06Ro00000COAVkIAP,2026-08-04,2026-08-04
a06Ro00000COAVyIAP,2026-08-04,2026-08-04
a06Ro00000COAVzIAP,2026-08-04,2026-08-04
a06Ro00000COAW1IAP,2026-08-04,2026-08-04
a06Ro00000COAW2IAP,2026-08-04,2026-08-04
a06Ro00000CO5tRIAT,2026-08-04,2026-08-04
a06Ro00000CO5tTIAT,2026-08-04,2026-08-04
a06Ro00000CO5tVIAT,2026-08-04,2026-08-04
a06Ro00000CO5tWIAT,2026-08-04,2026-08-04
a06Ro00000CO5tXIAT,2026-08-04,2026-08-04
a06Ro00000CO5tYIAT,2026-08-04,2026-08-04
a06Ro00000CO5taIAD,2026-08-04,2026-08-04
a06Ro00000CO5tbIAD,2026-08-04,2026-08-04
a06Ro00000CO5tcIAD,2026-08-04,2026-08-04
a06Ro00000CO5tiIAD,2026-08-04,2026-08-04
a06Ro00000CO5tjIAD,2026-08-04,2026-08-04
a06Ro00000CO5tkIAD,2026-08-04,2026-08-04
a06Ro00000CO5tlIAD,2026-08-04,2026-08-04
a06Ro00000CO5tmIAD,2026-08-04,2026-08-04
a06Ro00000CO5tnIAD,2026-08-04,2026-08-04
a06Ro00000CO5toIAD,2026-08-04,2026-08-04
a06Ro00000CO5tpIAD,2026-08-04,2026-08-04
a06Ro00000CO5tqIAD,2026-08-04,2026-08-04
a06Ro00000CO5trIAD,2026-08-04,2026-08-04
a06Ro00000CO5SXIA1,2026-08-04,2026-08-04
a06Ro00000CO5SZIA1,2026-08-04,2026-08-04
a06Ro00000CO5SbIAL,2026-08-04,2026-08-04
a06Ro00000COAXDIA5,2026-08-04,2026-08-04
a06Ro00000COAXEIA5,2026-08-04,2026-08-04
a06Ro00000COAXFIA5,2026-08-04,2026-08-04
a06Ro00000COAXGIA5,2026-08-04,2026-08-04
a06Ro00000COAXHIA5,2026-08-04,2026-08-04
a06Ro00000COAXIIA5,2026-08-04,2026-08-04
a06Ro00000COAXKIA5,2026-08-04,2026-08-04
a06Ro00000COAXLIA5,2026-08-04,2026-08-04
a06Ro00000COAXMIA5,2026-08-04,2026-08-04
a06Ro00000COAXOIA5,2026-08-04,2026-08-04
a06Ro00000COAXPIA5,2026-08-04,2026-08-04
a06Ro00000COAXRIA5,2026-08-04,2026-08-04
a06Ro00000COAXUIA5,2026-08-04,2026-08-04
a06Ro00000COAYnIAP,2026-08-04,2026-08-04
a06Ro00000COAYoIAP,2026-08-04,2026-08-04
a06Ro00000COAYpIAP,2026-08-04,2026-08-04
a06Ro00000COAYqIAP,2026-08-04,2026-08-04
a06Ro00000COAYrIAP,2026-08-04,2026-08-04
a06Ro00000COAYvIAP,2026-08-04,2026-08-04
a06Ro00000COAYwIAP,2026-08-04,2026-08-04
a06Ro00000COAYxIAP,2026-08-04,2026-08-04
a06Ro00000COAYyIAP,2026-08-04,2026-08-04
a06Ro00000COAYzIAP,2026-08-04,2026-08-04
a06Ro00000COAZ0IAP,2026-08-04,2026-08-04
a06Ro00000COAZ1IAP,2026-08-04,2026-08-04
a06Ro00000COAZ2IAP,2026-08-04,2026-08-04
a06Ro00000COAaRIAX,2026-08-04,2026-08-04
a06Ro00000COAaSIAX,2026-08-04,2026-08-04
a06Ro00000COAaTIAX,2026-08-04,2026-08-04
a06Ro00000COAaUIAX,2026-08-04,2026-08-04
a06Ro00000COAaVIAX,2026-08-04,2026-08-04
a06Ro00000COAaWIAX,2026-08-04,2026-08-04
a06Ro00000COAaXIAX,2026-08-04,2026-08-04
a06Ro00000COAaYIAX,2026-08-04,2026-08-04
a06Ro00000COAaZIAX,2026-08-04,2026-08-04
a06Ro00000COAabIAH,2026-08-04,2026-08-04
a06Ro00000COAacIAH,2026-08-04,2026-08-04
a06Ro00000COAadIAH,2026-08-04,2026-08-04
a06Ro00000COAaeIAH,2026-08-04,2026-08-04
a06Ro00000COAafIAH,2026-08-04,2026-08-04
a06Ro00000COAagIAH,2026-08-04,2026-08-04
a06Ro00000COAahIAH,2026-08-04,2026-08-04
a06Ro00000COAaiIAH,2026-08-04,2026-08-04
a06Ro00000COAajIAH,2026-08-04,2026-08-04
a06Ro00000COAakIAH,2026-08-04,2026-08-04
a06Ro00000COAalIAH,2026-08-04,2026-08-04
a06Ro00000COAamIAH,2026-08-04,2026-08-04
a06Ro00000COAanIAH,2026-08-04,2026-08-04
a06Ro00000COAaoIAH,2026-08-04,2026-08-04
a06Ro00000COAapIAH,2026-08-04,2026-08-04
a06Ro00000COAaqIAH,2026-08-04,2026-08-04
a06Ro00000COAarIAH,2026-08-04,2026-08-04
a06Ro00000COAasIAH,2026-08-04,2026-08-04
a06Ro00000CO7onIAD,2026-08-04,2026-08-04
a06Ro00000CO7oxIAD,2026-08-04,2026-08-04
a06Ro00000CO7p0IAD,2026-08-04,2026-08-04
a06Ro00000CO7p1IAD,2026-08-04,2026-08-04
a06Ro00000CO7p2IAD,2026-08-04,2026-08-04
a06Ro00000CO7p3IAD,2026-08-04,2026-08-04
a06Ro00000CO7p4IAD,2026-08-04,2026-08-04
a06Ro00000CO7p7IAD,2026-08-04,2026-08-04
a06Ro00000CO7pBIAT,2026-08-04,2026-08-04
a06Ro00000CO556IAD,2026-08-04,2026-08-04
a06Ro00000CO557IAD,2026-08-04,2026-08-04
a06Ro00000CO558IAD,2026-08-04,2026-08-04
a06Ro00000CO559IAD,2026-08-04,2026-08-04
a06Ro00000CO55AIAT,2026-08-04,2026-08-04
a06Ro00000CO55BIAT,2026-08-04,2026-08-04
a06Ro00000CO55CIAT,2026-08-04,2026-08-04
a06Ro00000COAcRIAX,2026-08-04,2026-08-04
a06Ro00000COACqIAP,2026-08-04,2026-08-04
a06Ro00000COACrIAP,2026-08-04,2026-08-04
a06Ro00000COACsIAP,2026-08-04,2026-08-04
a06Ro00000COAD8IAP,2026-08-04,2026-08-04
a06Ro00000CO5YWIA1,2026-08-04,2026-08-04
a06Ro00000CO5YXIA1,2026-08-04,2026-08-04
a06Ro00000CO5YYIA1,2026-08-04,2026-08-04
a06Ro00000CO5YZIA1,2026-08-04,2026-08-04
a06Ro00000CO5YaIAL,2026-08-04,2026-08-04
a06Ro00000CO5YbIAL,2026-08-04,2026-08-04
a06Ro00000CO5YcIAL,2026-08-04,2026-08-04
a06Ro00000CO5YdIAL,2026-08-04,2026-08-04
a06Ro00000CO5YeIAL,2026-08-04,2026-08-04
a06Ro00000CO5YfIAL,2026-08-04,2026-08-04
a06Ro00000CO5YgIAL,2026-08-04,2026-08-04
a06Ro00000CO5YhIAL,2026-08-04,2026-08-04
a06Ro00000CO5YiIAL,2026-08-04,2026-08-04
a06Ro00000CO5YjIAL,2026-08-04,2026-08-04
a06Ro00000CO5YkIAL,2026-08-04,2026-08-04
a06Ro00000CO5YlIAL,2026-08-04,2026-08-04
a06Ro00000CO5YmIAL,2026-08-04,2026-08-04
a06Ro00000CO5YnIAL,2026-08-04,2026-08-04
a06Ro00000CO5YoIAL,2026-08-04,2026-08-04
a06Ro00000CO5YqIAL,2026-08-04,2026-08-04
a06Ro00000CO5YrIAL,2026-08-04,2026-08-04
a06Ro00000CO5YsIAL,2026-08-04,2026-08-04
a06Ro00000CO5YtIAL,2026-08-04,2026-08-04
a06Ro00000CO6UhIAL,2026-08-04,2026-08-04
a06Ro00000CO6UmIAL,2026-08-04,2026-08-04
a06Ro00000CO6UnIAL,2026-08-04,2026-08-04
a06Ro00000CO6UoIAL,2026-08-04,2026-08-04
a06Ro00000CO6UpIAL,2026-08-04,2026-08-04
a06Ro00000CO6UqIAL,2026-08-04,2026-08-04
a06Ro00000CO6UsIAL,2026-08-04,2026-08-04
a06Ro00000CO6UtIAL,2026-08-04,2026-08-04
a06Ro00000CO6UuIAL,2026-08-04,2026-08-04
a06Ro00000CO6UvIAL,2026-08-04,2026-08-04
a06Ro00000CO6UwIAL,2026-08-04,2026-08-04
a06Ro00000CO6UxIAL,2026-08-04,2026-08-04
a06Ro00000CO6UyIAL,2026-08-04,2026-08-04
a06Ro00000CO6UzIAL,2026-08-04,2026-08-04
a06Ro00000CO6V0IAL,2026-08-04,2026-08-04
a06Ro00000CO8rJIAT,2026-08-04,2026-08-04
a06Ro00000CO8rKIAT,2026-08-04,2026-08-04
a06Ro00000CO8rLIAT,2026-08-04,2026-08-04
a06Ro00000CO8rMIAT,2026-08-04,2026-08-04
a06Ro00000CO8rNIAT,2026-08-04,2026-08-04
a06Ro00000CO8rOIAT,2026-08-04,2026-08-04
a06Ro00000CO8rPIAT,2026-08-04,2026-08-04
a06Ro00000CO8rQIAT,2026-08-04,2026-08-04
a06Ro00000CO8rRIAT,2026-08-04,2026-08-04
a06Ro00000CO8rSIAT,2026-08-04,2026-08-04
a06Ro00000CO8rTIAT,2026-08-04,2026-08-04
a06Ro00000CO8rUIAT,2026-08-04,2026-08-04
a06Ro00000CO8rVIAT,2026-08-04,2026-08-04
a06Ro00000CO8rWIAT,2026-08-04,2026-08-04
a06Ro00000CO8rXIAT,2026-08-04,2026-08-04
a06Ro00000CO8rYIAT,2026-08-04,2026-08-04
a06Ro00000CO8rZIAT,2026-08-04,2026-08-04
a06Ro00000CO8raIAD,2026-08-04,2026-08-04
a06Ro00000CO8rbIAD,2026-08-04,2026-08-04
a06Ro00000CO8rcIAD,2026-08-04,2026-08-04
a06Ro00000CO3DzIAL,2026-08-04,2026-08-04
a06Ro00000CO3E0IAL,2026-08-04,2026-08-04
a06Ro00000CO3E1IAL,2026-08-04,2026-08-04
a06Ro00000CO3E2IAL,2026-08-04,2026-08-04
a06Ro00000CO3E3IAL,2026-08-04,2026-08-04
a06Ro00000CO3E4IAL,2026-08-04,2026-08-04
a06Ro00000CO3E5IAL,2026-08-04,2026-08-04
a06Ro00000CO3E6IAL,2026-08-04,2026-08-04
a06Ro00000CO3E7IAL,2026-08-04,2026-08-04
a06Ro00000CO3E8IAL,2026-08-04,2026-08-04
a06Ro00000CO3E9IAL,2026-08-04,2026-08-04
a06Ro00000CO3EAIA1,2026-08-04,2026-08-04
a06Ro00000CO3EBIA1,2026-08-04,2026-08-04
a06Ro00000CO3ECIA1,2026-08-04,2026-08-04
a06Ro00000CO3EDIA1,2026-08-04,2026-08-04
a06Ro00000CO3EEIA1,2026-08-04,2026-08-04
a06Ro00000CO3EFIA1,2026-08-04,2026-08-04
a06Ro00000CO3EGIA1,2026-08-04,2026-08-04
a06Ro00000CO3EHIA1,2026-08-04,2026-08-04
a06Ro00000CO3EIIA1,2026-08-04,2026-08-04
a06Ro00000CO3EJIA1,2026-08-04,2026-08-04
a06Ro00000CO3EKIA1,2026-08-04,2026-08-04
a06Ro00000CO3ELIA1,2026-08-04,2026-08-04
a06Ro00000CO3EMIA1,2026-08-04,2026-08-04
a06Ro00000CO3ENIA1,2026-08-04,2026-08-04
a06Ro00000CO3EOIA1,2026-08-04,2026-08-04
a06Ro00000CO3EPIA1,2026-08-04,2026-08-04
a06Ro00000CO3EQIA1,2026-08-04,2026-08-04
a06Ro00000CO3ERIA1,2026-08-04,2026-08-04
a06Ro00000CO3ESIA1,2026-08-04,2026-08-04
a06Ro00000CO6x5IAD,2026-08-04,2026-08-04
a06Ro00000CO6x6IAD,2026-08-04,2026-08-04
a06Ro00000CO6x7IAD,2026-08-04,2026-08-04
a06Ro00000CO6x8IAD,2026-08-04,2026-08-04
a06Ro00000CO6x9IAD,2026-08-04,2026-08-04
a06Ro00000CO6xAIAT,2026-08-04,2026-08-04
a06Ro00000CO6xBIAT,2026-08-04,2026-08-04
a06Ro00000CO6xCIAT,2026-08-04,2026-08-04
a06Ro00000CO6xDIAT,2026-08-04,2026-08-04
a06Ro00000CO6xVIAT,2026-08-04,2026-08-04
a06Ro00000CO6xWIAT,2026-08-04,2026-08-04
a06Ro00000CO6xYIAT,2026-08-04,2026-08-04
a06Ro00000CNzOsIAL,2026-08-04,2026-08-04
a06Ro00000CNzOtIAL,2026-08-04,2026-08-04
a06Ro00000CNzOwIAL,2026-08-04,2026-08-04
a06Ro00000CNzPFIA1,2026-08-04,2026-08-04
a06Ro00000CNzPGIA1,2026-08-04,2026-08-04
a06Ro00000CNzPHIA1,2026-08-04,2026-08-04
a06Ro00000CNzPIIA1,2026-08-04,2026-08-04
a06Ro00000CO5FOIA1,2026-08-04,2026-08-04
a06Ro00000COAddIAH,2026-08-04,2026-08-04
a06Ro00000COAdpIAH,2026-08-04,2026-08-04
a06Ro00000COAdqIAH,2026-08-04,2026-08-04
a06Ro00000COAdrIAH,2026-08-04,2026-08-04
a06Ro00000COAdtIAH,2026-08-04,2026-08-04
a06Ro00000COAduIAH,2026-08-04,2026-08-04
a06Ro00000COAdvIAH,2026-08-04,2026-08-04
a06Ro00000COAdwIAH,2026-08-04,2026-08-04
a06Ro00000CNfV0IAL,2026-08-04,2026-08-04
a06Ro00000CNfV1IAL,2026-08-04,2026-08-04
a06Ro00000CNfV3IAL,2026-08-04,2026-08-04
a06Ro00000CNfV4IAL,2026-08-04,2026-08-04
a06Ro00000CNfV5IAL,2026-08-04,2026-08-04
a06Ro00000CNfV6IAL,2026-08-04,2026-08-04
a06Ro00000CNfV7IAL,2026-08-04,2026-08-04
a06Ro00000CNfVBIA1,2026-08-04,2026-08-04
a06Ro00000CNfVCIA1,2026-08-04,2026-08-04
a06Ro00000CNfVDIA1,2026-08-04,2026-08-04
a06Ro00000CNfVEIA1,2026-08-04,2026-08-04
a06Ro00000CNfVFIA1,2026-08-04,2026-08-04
a06Ro00000CNfVGIA1,2026-08-04,2026-08-04
a06Ro00000CNfVHIA1,2026-08-04,2026-08-04
a06Ro00000CNfVIIA1,2026-08-04,2026-08-04
a06Ro00000CNfVJIA1,2026-08-04,2026-08-04
a06Ro00000CNfVKIA1,2026-08-04,2026-08-04
a06Ro00000CNfVLIA1,2026-08-04,2026-08-04
a06Ro00000CNfVMIA1,2026-08-04,2026-08-04
a06Ro00000CNfVNIA1,2026-08-04,2026-08-04
a06Ro00000CNfVOIA1,2026-08-04,2026-08-04
a06Ro00000CNfVPIA1,2026-08-04,2026-08-04
a06Ro00000CNfVQIA1,2026-08-04,2026-08-04
a06Ro00000CNfVRIA1,2026-08-04,2026-08-04
a06Ro00000CNvzGIAT,2026-08-04,2026-08-04
a06Ro00000CNvzLIAT,2026-08-04,2026-08-04
a06Ro00000CNvzMIAT,2026-08-04,2026-08-04
a06Ro00000CNvzNIAT,2026-08-04,2026-08-04
a06Ro00000CNvzOIAT,2026-08-04,2026-08-04
a06Ro00000CNvzPIAT,2026-08-04,2026-08-04
a06Ro00000CNvzQIAT,2026-08-04,2026-08-04
a06Ro00000COAgvIAH,2026-08-04,2026-08-04
a06Ro00000CO87fIAD,2026-08-04,2026-08-04
a06Ro00000CO87gIAD,2026-08-04,2026-08-04
a06Ro00000CO87hIAD,2026-08-04,2026-08-04
a06Ro00000CO87iIAD,2026-08-04,2026-08-04
a06Ro00000CO87jIAD,2026-08-04,2026-08-04
a06Ro00000CO87kIAD,2026-08-04,2026-08-04
a06Ro00000CO87lIAD,2026-08-04,2026-08-04
a06Ro00000CO87mIAD,2026-08-04,2026-08-04
a06Ro00000CO87nIAD,2026-08-04,2026-08-04
a06Ro00000CO87oIAD,2026-08-04,2026-08-04
a06Ro00000CO87pIAD,2026-08-04,2026-08-04
a06Ro00000CO3q6IAD,2026-08-04,2026-08-04
a06Ro00000CO3q7IAD,2026-08-04,2026-08-04
a06Ro00000CO3q8IAD,2026-08-04,2026-08-04
a06Ro00000COAp8IAH,2026-08-04,2026-08-04
a06Ro00000COAp9IAH,2026-08-04,2026-08-04
a06Ro00000COApAIAX,2026-08-04,2026-08-04
a06Ro00000COApBIAX,2026-08-04,2026-08-04
a06Ro00000COApCIAX,2026-08-04,2026-08-04
a06Ro00000COApDIAX,2026-08-04,2026-08-04
a06Ro00000COApEIAX,2026-08-04,2026-08-04
a06Ro00000COApFIAX,2026-08-04,2026-08-04
a06Ro00000COApGIAX,2026-08-04,2026-08-04
a06Ro00000COApHIAX,2026-08-04,2026-08-04
a06Ro00000CO8CmIAL,2026-08-04,2026-08-04
a06Ro00000CO8CpIAL,2026-08-04,2026-08-04
a06Ro00000CO8CrIAL,2026-08-04,2026-08-04
a06Ro00000CO8CsIAL,2026-08-04,2026-08-04
a06Ro00000CO8CtIAL,2026-08-04,2026-08-04
a06Ro00000CO8CuIAL,2026-08-04,2026-08-04
a06Ro00000CO8CvIAL,2026-08-04,2026-08-04
a06Ro00000CO8CwIAL,2026-08-04,2026-08-04
a06Ro00000CO8CxIAL,2026-08-04,2026-08-04
a06Ro00000CO8CyIAL,2026-08-04,2026-08-04
a06Ro00000CNfVUIA1,2026-08-04,2026-08-04
a06Ro00000CNfVVIA1,2026-08-04,2026-08-04
a06Ro00000CO1K4IAL,2026-08-04,2026-08-04
a06Ro00000CO3onIAD,2026-08-04,2026-08-04
a06Ro00000CO3oqIAD,2026-08-04,2026-08-04
a06Ro00000CO3orIAD,2026-08-04,2026-08-04
a06Ro00000CO3osIAD,2026-08-04,2026-08-04
a06Ro00000CO3otIAD,2026-08-04,2026-08-04
a06Ro00000CO3ouIAD,2026-08-04,2026-08-04
a06Ro00000CO7ThIAL,2026-08-04,2026-08-04
a06Ro00000COAB7IAP,2026-08-04,2026-08-04
a06Ro00000CO44wIAD,2026-08-04,2026-08-04
a06Ro00000CO9WzIAL,2026-08-04,2026-08-04
a06Ro00000CO9X0IAL,2026-08-04,2026-08-04
a06Ro00000CO9X1IAL,2026-08-04,2026-08-04
a06Ro00000CO9X2IAL,2026-08-04,2026-08-04
a06Ro00000CO9X3IAL,2026-08-04,2026-08-04
a06Ro00000CO9X4IAL,2026-08-04,2026-08-04
a06Ro00000CO9X5IAL,2026-08-04,2026-08-04
a06Ro00000CO9X6IAL,2026-08-04,2026-08-04
a06Ro00000CO9X7IAL,2026-08-04,2026-08-04
a06Ro00000CO9X8IAL,2026-08-04,2026-08-04
a06Ro00000CO9X9IAL,2026-08-04,2026-08-04
a06Ro00000CO9XAIA1,2026-08-04,2026-08-04
a06Ro00000CO9XBIA1,2026-08-04,2026-08-04
a06Ro00000CO9XCIA1,2026-08-04,2026-08-04
a06Ro00000CO9XDIA1,2026-08-04,2026-08-04
a06Ro00000CNyooIAD,2026-08-04,2026-08-04
a06Ro00000COB6tIAH,2026-08-04,2026-08-04
a06Ro00000COB6uIAH,2026-08-04,2026-08-04
a06Ro00000COB6wIAH,2026-08-04,2026-08-04
a06Ro00000COB6xIAH,2026-08-04,2026-08-04
a06Ro00000COB6yIAH,2026-08-04,2026-08-04
a06Ro00000COB6zIAH,2026-08-04,2026-08-04
a06Ro00000COB70IAH,2026-08-04,2026-08-04
a06Ro00000COB71IAH,2026-08-04,2026-08-04
a06Ro00000COB72IAH,2026-08-04,2026-08-04
a06Ro00000COB73IAH,2026-08-04,2026-08-04
a06Ro00000CO4GxIAL,2026-08-04,2026-08-04
a06Ro00000CO4GyIAL,2026-08-04,2026-08-04
a06Ro00000CO4HDIA1,2026-08-04,2026-08-04
a06Ro00000CO4HEIA1,2026-08-04,2026-08-04
a06Ro00000CO4HFIA1,2026-08-04,2026-08-04
a06Ro00000CO4HGIA1,2026-08-04,2026-08-04
a06Ro00000CO4HHIA1,2026-08-04,2026-08-04
a06Ro00000CO4HIIA1,2026-08-04,2026-08-04
a06Ro00000CO4HJIA1,2026-08-04,2026-08-04
a06Ro00000CO4HKIA1,2026-08-04,2026-08-04
a06Ro00000CNzsXIAT,2026-08-04,2026-08-04
a06Ro00000CNzsYIAT,2026-08-04,2026-08-04
a06Ro00000CNzsZIAT,2026-08-04,2026-08-04
a06Ro00000CNzsjIAD,2026-08-04,2026-08-04
a06Ro00000CNzskIAD,2026-08-04,2026-08-04
a06Ro00000CO32CIAT,2026-08-04,2026-08-04
a06Ro00000CO32DIAT,2026-08-04,2026-08-04
a06Ro00000CO32EIAT,2026-08-04,2026-08-04
a06Ro00000CO290IAD,2026-08-04,2026-08-04
a06Ro00000COBA7IAP,2026-08-04,2026-08-04
a06Ro00000CO5IKIA1,2026-08-04,2026-08-04
a06Ro00000CO5CDIA1,2026-08-04,2026-08-04
a06Ro00000CO5CEIA1,2026-08-04,2026-08-04
a06Ro00000CO5CFIA1,2026-08-04,2026-08-04
a06Ro00000CNzZJIA1,2026-08-04,2026-08-04
a06Ro00000CO7pQIAT,2026-08-04,2026-08-04
a06Ro00000COBcvIAH,2026-08-04,2026-08-04
a06Ro00000COBdEIAX,2026-08-04,2026-08-04
a06Ro00000CO6VmIAL,2026-08-04,2026-08-04
a06Ro00000CO6VuIAL,2026-08-04,2026-08-04
a06Ro00000CO6VvIAL,2026-08-04,2026-08-04
a06Ro00000CO6VwIAL,2026-08-04,2026-08-04
a06Ro00000CO9c6IAD,2026-08-04,2026-08-04
a06Ro00000CO8RKIA1,2026-08-04,2026-08-04
a06Ro00000CO4lCIAT,2026-08-04,2026-08-04
a06Ro00000CO4lDIAT,2026-08-04,2026-08-04
a06Ro00000CO4lEIAT,2026-08-04,2026-08-04
a06Ro00000CO4lFIAT,2026-08-04,2026-08-04
a06Ro00000CO4lGIAT,2026-08-04,2026-08-04
a06Ro00000CO4lHIAT,2026-08-04,2026-08-04
a06Ro00000CO4lIIAT,2026-08-04,2026-08-04
a06Ro00000CO4lPIAT,2026-08-04,2026-08-04
a06Ro00000CO4lQIAT,2026-08-04,2026-08-04
a06Ro00000CO4lRIAT,2026-08-04,2026-08-04
a06Ro00000CO4lSIAT,2026-08-04,2026-08-04
a06Ro00000CO4lTIAT,2026-08-04,2026-08-04
a06Ro00000CO4lUIAT,2026-08-04,2026-08-04
a06Ro00000CO4lVIAT,2026-08-04,2026-08-04
a06Ro00000CO4lWIAT,2026-08-04,2026-08-04
a06Ro00000CO4lXIAT,2026-08-04,2026-08-04
a06Ro00000CO4lYIAT,2026-08-04,2026-08-04
a06Ro00000CO4lZIAT,2026-08-04,2026-08-04
a06Ro00000CO4laIAD,2026-08-04,2026-08-04
a06Ro00000CO4lbIAD,2026-08-04,2026-08-04
a06Ro00000COBkzIAH,2026-08-04,2026-08-04
a06Ro00000COBlQIAX,2026-08-04,2026-08-04
a06Ro00000COARFIA5,2026-08-04,2026-08-04
a06Ro00000COARGIA5,2026-08-04,2026-08-04
a06Ro00000COARIIA5,2026-08-04,2026-08-04
a06Ro00000COARJIA5,2026-08-04,2026-08-04
a06Ro00000COARKIA5,2026-08-04,2026-08-04
a06Ro00000COARLIA5,2026-08-04,2026-08-04
a06Ro00000COARMIA5,2026-08-04,2026-08-04
a06Ro00000COARNIA5,2026-08-04,2026-08-04
a06Ro00000COAROIA5,2026-08-04,2026-08-04
a06Ro00000COARPIA5,2026-08-04,2026-08-04
a06Ro00000COARQIA5,2026-08-04,2026-08-04
a06Ro00000COBt4IAH,2026-08-04,2026-08-04
a06Ro00000COBt5IAH,2026-08-04,2026-08-04
a06Ro00000COBt6IAH,2026-08-04,2026-08-04
a06Ro00000COBt7IAH,2026-08-04,2026-08-04
a06Ro00000COBtCIAX,2026-08-04,2026-08-04
a06Ro00000COBtHIAX,2026-08-04,2026-08-04
a06Ro00000COBtIIAX,2026-08-04,2026-08-04
a06Ro00000COBtJIAX,2026-08-04,2026-08-04
a06Ro00000COBtKIAX,2026-08-04,2026-08-04
a06Ro00000COBtLIAX,2026-08-04,2026-08-04
a06Ro00000COBtMIAX,2026-08-04,2026-08-04
a06Ro00000COBtOIAX,2026-08-04,2026-08-04
a06Ro00000COBtPIAX,2026-08-04,2026-08-04
a06Ro00000COBtQIAX,2026-08-04,2026-08-04
a06Ro00000COBtRIAX,2026-08-04,2026-08-04
a06Ro00000COBtSIAX,2026-08-04,2026-08-04
a06Ro00000COBtTIAX,2026-08-04,2026-08-04
a06Ro00000COBtUIAX,2026-08-04,2026-08-04
a06Ro00000COBtVIAX,2026-08-04,2026-08-04
a06Ro00000COBtWIAX,2026-08-04,2026-08-04
a06Ro00000COAuGIAX,2026-08-04,2026-08-04
a06Ro00000COAuHIAX,2026-08-04,2026-08-04
a06Ro00000COAuIIAX,2026-08-04,2026-08-04
a06Ro00000COAuJIAX,2026-08-04,2026-08-04
a06Ro00000COAuKIAX,2026-08-04,2026-08-04
a06Ro00000COAuLIAX,2026-08-04,2026-08-04
a06Ro00000COAuMIAX,2026-08-04,2026-08-04
a06Ro00000COAuNIAX,2026-08-04,2026-08-04
a06Ro00000COAuOIAX,2026-08-04,2026-08-04
a06Ro00000COAuPIAX,2026-08-04,2026-08-04
a06Ro00000COAuQIAX,2026-08-04,2026-08-04
a06Ro00000COAuRIAX,2026-08-04,2026-08-04
a06Ro00000COAuTIAX,2026-08-04,2026-08-04
a06Ro00000COAuUIAX,2026-08-04,2026-08-04
a06Ro00000COAuVIAX,2026-08-04,2026-08-04
a06Ro00000COAuWIAX,2026-08-04,2026-08-04
a06Ro00000COAuXIAX,2026-08-04,2026-08-04
a06Ro00000COAuYIAX,2026-08-04,2026-08-04
a06Ro00000COAuZIAX,2026-08-04,2026-08-04
a06Ro00000COAuaIAH,2026-08-04,2026-08-04
a06Ro00000COAubIAH,2026-08-04,2026-08-04
a06Ro00000COAucIAH,2026-08-04,2026-08-04
a06Ro00000COAudIAH,2026-08-04,2026-08-04
a06Ro00000COAueIAH,2026-08-04,2026-08-04
a06Ro00000COAufIAH,2026-08-04,2026-08-04
a06Ro00000COAugIAH,2026-08-04,2026-08-04
a06Ro00000COAuhIAH,2026-08-04,2026-08-04
a06Ro00000COAuiIAH,2026-08-04,2026-08-04
a06Ro00000COAujIAH,2026-08-04,2026-08-04
a06Ro00000CO5xAIAT,2026-08-04,2026-08-04
a06Ro00000CO5xBIAT,2026-08-04,2026-08-04
a06Ro00000CO5xDIAT,2026-08-04,2026-08-04
a06Ro00000CO5xEIAT,2026-08-04,2026-08-04
a06Ro00000CNzHNIA1,2026-08-04,2026-08-04
a06Ro00000CO7wUIAT,2026-08-04,2026-08-04
a06Ro00000CO7wVIAT,2026-08-04,2026-08-04
a06Ro00000COBweIAH,2026-08-04,2026-08-04
a06Ro00000COBwfIAH,2026-08-04,2026-08-04
a06Ro00000COBwgIAH,2026-08-04,2026-08-04
a06Ro00000COBwhIAH,2026-08-04,2026-08-04
a06Ro00000COAzPIAX,2026-08-04,2026-08-04
a06Ro00000COAzQIAX,2026-08-04,2026-08-04
a06Ro00000COAzRIAX,2026-08-04,2026-08-04
a06Ro00000COAzSIAX,2026-08-04,2026-08-04
a06Ro00000COAzTIAX,2026-08-04,2026-08-04
a06Ro00000COB8uIAH,2026-08-04,2026-08-04
a06Ro00000CO2kSIAT,2026-08-04,2026-08-04
a06Ro00000CO2kTIAT,2026-08-04,2026-08-04
a06Ro00000CO2kUIAT,2026-08-04,2026-08-04
a06Ro00000CO2kVIAT,2026-08-04,2026-08-04
a06Ro00000CO2kaIAD,2026-08-04,2026-08-04
a06Ro00000CO2kbIAD,2026-08-04,2026-08-04
a06Ro00000CO0wSIAT,2026-08-04,2026-08-04
a06Ro00000CO0wTIAT,2026-08-04,2026-08-04
a06Ro00000CO0wUIAT,2026-08-04,2026-08-04
a06Ro00000CO0wVIAT,2026-08-04,2026-08-04
a06Ro00000CO0wWIAT,2026-08-04,2026-08-04
a06Ro00000COC17IAH,2026-08-04,2026-08-04
a06Ro00000COC18IAH,2026-08-04,2026-08-04
a06Ro00000COC19IAH,2026-08-04,2026-08-04
a06Ro00000COC1ZIAX,2026-08-04,2026-08-04
a06Ro00000COC1aIAH,2026-08-04,2026-08-04
a06Ro00000COC2jIAH,2026-08-04,2026-08-04
a06Ro00000COC2kIAH,2026-08-04,2026-08-04
a06Ro00000COC2lIAH,2026-08-04,2026-08-04
a06Ro00000COC2mIAH,2026-08-04,2026-08-04
a06Ro00000COC2nIAH,2026-08-04,2026-08-04
a06Ro00000COC2oIAH,2026-08-04,2026-08-04
a06Ro00000COC2pIAH,2026-08-04,2026-08-04
a06Ro00000COC2qIAH,2026-08-04,2026-08-04
a06Ro00000COC2uIAH,2026-08-04,2026-08-04
a06Ro00000COC2vIAH,2026-08-04,2026-08-04
a06Ro00000COC2wIAH,2026-08-04,2026-08-04
a06Ro00000COC2xIAH,2026-08-04,2026-08-04
a06Ro00000COC33IAH,2026-08-04,2026-08-04
a06Ro00000COC34IAH,2026-08-04,2026-08-04
a06Ro00000COC35IAH,2026-08-04,2026-08-04
a06Ro00000COC36IAH,2026-08-04,2026-08-04
a06Ro00000COC38IAH,2026-08-04,2026-08-04
a06Ro00000COC39IAH,2026-08-04,2026-08-04
a06Ro00000COC3AIAX,2026-08-04,2026-08-04
a06Ro00000COC3BIAX,2026-08-04,2026-08-04
a06Ro00000COC3CIAX,2026-08-04,2026-08-04
a06Ro00000COC4LIAX,2026-08-04,2026-08-04
a06Ro00000COC4MIAX,2026-08-04,2026-08-04
a06Ro00000COC4NIAX,2026-08-04,2026-08-04
a06Ro00000COC4OIAX,2026-08-04,2026-08-04
a06Ro00000COC4PIAX,2026-08-04,2026-08-04
a06Ro00000COC4QIAX,2026-08-04,2026-08-04
a06Ro00000CO5QLIA1,2026-08-04,2026-08-04
a06Ro00000CO5QMIA1,2026-08-04,2026-08-04
a06Ro00000CO5QNIA1,2026-08-04,2026-08-04
a06Ro00000CO5QOIA1,2026-08-04,2026-08-04
a06Ro00000CO515IAD,2026-08-04,2026-08-04
a06Ro00000CO517IAD,2026-08-04,2026-08-04
a06Ro00000CO518IAD,2026-08-04,2026-08-04
a06Ro00000CO519IAD,2026-08-04,2026-08-04
a06Ro00000CO51AIAT,2026-08-04,2026-08-04
a06Ro00000CO51BIAT,2026-08-04,2026-08-04
a06Ro00000CO51CIAT,2026-08-04,2026-08-04
a06Ro00000CO51DIAT,2026-08-04,2026-08-04
a06Ro00000CO51EIAT,2026-08-04,2026-08-04
a06Ro00000COC5xIAH,2026-08-04,2026-08-04
a06Ro00000COC5yIAH,2026-08-04,2026-08-04
a06Ro00000COC3MIAX,2026-08-04,2026-08-04
a06Ro00000COC3NIAX,2026-08-04,2026-08-04
a06Ro00000COC3OIAX,2026-08-04,2026-08-04
a06Ro00000COC3PIAX,2026-08-04,2026-08-04
a06Ro00000COC3QIAX,2026-08-04,2026-08-04
a06Ro00000COC3RIAX,2026-08-04,2026-08-04
a06Ro00000COC3SIAX,2026-08-04,2026-08-04
a06Ro00000COC3TIAX,2026-08-04,2026-08-04
a06Ro00000COC3UIAX,2026-08-04,2026-08-04
a06Ro00000COC3VIAX,2026-08-04,2026-08-04
a06Ro00000COC3WIAX,2026-08-04,2026-08-04
a06Ro00000CO9S8IAL,2026-08-04,2026-08-04
a06Ro00000CO9S9IAL,2026-08-04,2026-08-04
a06Ro00000CO9SAIA1,2026-08-04,2026-08-04
a06Ro00000CO9SBIA1,2026-08-04,2026-08-04
a06Ro00000CO9SCIA1,2026-08-04,2026-08-04
a06Ro00000CO9SDIA1,2026-08-04,2026-08-04
a06Ro00000CO9SEIA1,2026-08-04,2026-08-04
a06Ro00000CO9SFIA1,2026-08-04,2026-08-04
a06Ro00000CO9SGIA1,2026-08-04,2026-08-04
a06Ro00000CO9SHIA1,2026-08-04,2026-08-04
a06Ro00000CO9SIIA1,2026-08-04,2026-08-04
a06Ro00000CO9SJIA1,2026-08-04,2026-08-04
a06Ro00000CO9SKIA1,2026-08-04,2026-08-04
a06Ro00000CO9SLIA1,2026-08-04,2026-08-04
a06Ro00000CO9SNIA1,2026-08-04,2026-08-04
a06Ro00000CO9SPIA1,2026-08-04,2026-08-04
a06Ro00000CO9SQIA1,2026-08-04,2026-08-04
a06Ro00000COC9HIAX,2026-08-04,2026-08-04
a06Ro00000COC9MIAX,2026-08-04,2026-08-04
a06Ro00000COC9NIAX,2026-08-04,2026-08-04
a06Ro00000COC9OIAX,2026-08-04,2026-08-04
a06Ro00000COC9PIAX,2026-08-04,2026-08-04
a06Ro00000COC9QIAX,2026-08-04,2026-08-04
a06Ro00000COC9RIAX,2026-08-04,2026-08-04
a06Ro00000COC9SIAX,2026-08-04,2026-08-04
a06Ro00000COC9TIAX,2026-08-04,2026-08-04
a06Ro00000COC9UIAX,2026-08-04,2026-08-04
a06Ro00000COC9VIAX,2026-08-04,2026-08-04
a06Ro00000COC9WIAX,2026-08-04,2026-08-04
a06Ro00000COC9XIAX,2026-08-04,2026-08-04
a06Ro00000COC9YIAX,2026-08-04,2026-08-04
a06Ro00000COC9ZIAX,2026-08-04,2026-08-04
a06Ro00000COC9aIAH,2026-08-04,2026-08-04
a06Ro00000COC9bIAH,2026-08-04,2026-08-04
a06Ro00000COC9cIAH,2026-08-04,2026-08-04
a06Ro00000COC9dIAH,2026-08-04,2026-08-04
a06Ro00000COC9eIAH,2026-08-04,2026-08-04
a06Ro00000COB74IAH,2026-08-04,2026-08-04
a06Ro00000CO5dSIAT,2026-08-04,2026-08-04
a06Ro00000CO5dUIAT,2026-08-04,2026-08-04
a06Ro00000CO5dVIAT,2026-08-04,2026-08-04
a06Ro00000CO5dWIAT,2026-08-04,2026-08-04
a06Ro00000CO5dXIAT,2026-08-04,2026-08-04
a06Ro00000CO5dYIAT,2026-08-04,2026-08-04
a06Ro00000CO5dZIAT,2026-08-04,2026-08-04
a06Ro00000CO5daIAD,2026-08-04,2026-08-04
a06Ro00000CO5dbIAD,2026-08-04,2026-08-04
a06Ro00000CO5dcIAD,2026-08-04,2026-08-04
a06Ro00000CO5ddIAD,2026-08-04,2026-08-04
a06Ro00000CO5deIAD,2026-08-04,2026-08-04
a06Ro00000CO5dfIAD,2026-08-04,2026-08-04
a06Ro00000CO5dgIAD,2026-08-04,2026-08-04
a06Ro00000CO5dhIAD,2026-08-04,2026-08-04
a06Ro00000CO5diIAD,2026-08-04,2026-08-04
a06Ro00000COC4wIAH,2026-08-04,2026-08-04
a06Ro00000COC4xIAH,2026-08-04,2026-08-04
a06Ro00000COC4yIAH,2026-08-04,2026-08-04
a06Ro00000COC4zIAH,2026-08-04,2026-08-04
a06Ro00000COC52IAH,2026-08-04,2026-08-04
a06Ro00000COC53IAH,2026-08-04,2026-08-04
a06Ro00000COC54IAH,2026-08-04,2026-08-04
a06Ro00000COC55IAH,2026-08-04,2026-08-04
a06Ro00000COC56IAH,2026-08-04,2026-08-04
a06Ro00000COC57IAH,2026-08-04,2026-08-04
a06Ro00000COC58IAH,2026-08-04,2026-08-04
a06Ro00000COC59IAH,2026-08-04,2026-08-04
a06Ro00000COC5BIAX,2026-08-04,2026-08-04
a06Ro00000COC5CIAX,2026-08-04,2026-08-04
a06Ro00000COC5DIAX,2026-08-04,2026-08-04
a06Ro00000COC5EIAX,2026-08-04,2026-08-04
a06Ro00000COC5FIAX,2026-08-04,2026-08-04
a06Ro00000COC5GIAX,2026-08-04,2026-08-04
a06Ro00000COC5HIAX,2026-08-04,2026-08-04
a06Ro00000COC5IIAX,2026-08-04,2026-08-04
a06Ro00000CO8OHIA1,2026-08-04,2026-08-04
a06Ro00000CO8OIIA1,2026-08-04,2026-08-04
a06Ro00000CO8OJIA1,2026-08-04,2026-08-04
a06Ro00000CO7NLIA1,2026-08-04,2026-08-04
a06Ro00000CO7NMIA1,2026-08-04,2026-08-04
a06Ro00000CO7NNIA1,2026-08-04,2026-08-04
a06Ro00000CO40rIAD,2026-08-04,2026-08-04
a06Ro00000CO40tIAD,2026-08-04,2026-08-04
a06Ro00000CO40uIAD,2026-08-04,2026-08-04
a06Ro00000CO40vIAD,2026-08-04,2026-08-04
a06Ro00000CO40wIAD,2026-08-04,2026-08-04
a06Ro00000CO40xIAD,2026-08-04,2026-08-04
a06Ro00000CO40yIAD,2026-08-04,2026-08-04
a06Ro00000COArBIAX,2026-08-04,2026-08-04
a06Ro00000COArCIAX,2026-08-04,2026-08-04
a06Ro00000COArDIAX,2026-08-04,2026-08-04
a06Ro00000COCNrIAP,2026-08-04,2026-08-04
a06Ro00000COCNsIAP,2026-08-04,2026-08-04
a06Ro00000COCNtIAP,2026-08-04,2026-08-04
a06Ro00000COCNuIAP,2026-08-04,2026-08-04
a06Ro00000CNySsIAL,2026-08-04,2026-08-04
a06Ro00000CNyStIAL,2026-08-04,2026-08-04
a06Ro00000CNySuIAL,2026-08-04,2026-08-04
a06Ro00000CNySvIAL,2026-08-04,2026-08-04
a06Ro00000CNySwIAL,2026-08-04,2026-08-04
a06Ro00000CNySxIAL,2026-08-04,2026-08-04
a06Ro00000CNySyIAL,2026-08-04,2026-08-04
a06Ro00000CNySzIAL,2026-08-04,2026-08-04
a06Ro00000CNyT0IAL,2026-08-04,2026-08-04
a06Ro00000CNyT1IAL,2026-08-04,2026-08-04
a06Ro00000CNyT2IAL,2026-08-04,2026-08-04
a06Ro00000CNyT3IAL,2026-08-04,2026-08-04
a06Ro00000CO6WTIA1,2026-08-04,2026-08-04
a06Ro00000CO6WUIA1,2026-08-04,2026-08-04
a06Ro00000CO6WVIA1,2026-08-04,2026-08-04
a06Ro00000CO6WWIA1,2026-08-04,2026-08-04
a06Ro00000CO6WXIA1,2026-08-04,2026-08-04
a06Ro00000CO6WYIA1,2026-08-04,2026-08-04
a06Ro00000CO6WZIA1,2026-08-04,2026-08-04
a06Ro00000CO9UdIAL,2026-08-04,2026-08-04
a06Ro00000CO9UeIAL,2026-08-04,2026-08-04
a06Ro00000COCPJIA5,2026-08-04,2026-08-04
a06Ro00000COCPKIA5,2026-08-04,2026-08-04
a06Ro00000COCPLIA5,2026-08-04,2026-08-04
a06Ro00000COCPMIA5,2026-08-04,2026-08-04
a06Ro00000COCPNIA5,2026-08-04,2026-08-04
a06Ro00000COCPOIA5,2026-08-04,2026-08-04
a06Ro00000COCPPIA5,2026-08-04,2026-08-04
a06Ro00000COCPRIA5,2026-08-04,2026-08-04
a06Ro00000COCPSIA5,2026-08-04,2026-08-04
a06Ro00000COCPTIA5,2026-08-04,2026-08-04
a06Ro00000COCPUIA5,2026-08-04,2026-08-04
a06Ro00000COCPVIA5,2026-08-04,2026-08-04
a06Ro00000COCPWIA5,2026-08-04,2026-08-04
a06Ro00000COCPXIA5,2026-08-04,2026-08-04
a06Ro00000COCPYIA5,2026-08-04,2026-08-04
a06Ro00000COCPZIA5,2026-08-04,2026-08-04
a06Ro00000COCPaIAP,2026-08-04,2026-08-04
a06Ro00000COCPbIAP,2026-08-04,2026-08-04
a06Ro00000COCPcIAP,2026-08-04,2026-08-04
a06Ro00000CO9oVIAT,2026-08-04,2026-08-04
a06Ro00000CO9oWIAT,2026-08-04,2026-08-04
a06Ro00000CO9oXIAT,2026-08-04,2026-08-04
a06Ro00000CO9oYIAT,2026-08-04,2026-08-04
a06Ro00000CO9oZIAT,2026-08-04,2026-08-04
a06Ro00000CO9oaIAD,2026-08-04,2026-08-04
a06Ro00000CO9obIAD,2026-08-04,2026-08-04
a06Ro00000CO9odIAD,2026-08-04,2026-08-04
a06Ro00000CO9okIAD,2026-08-04,2026-08-04
a06Ro00000CO4eWIAT,2026-08-04,2026-08-04
a06Ro00000CO4eXIAT,2026-08-04,2026-08-04
a06Ro00000CO4eYIAT,2026-08-04,2026-08-04
a06Ro00000CO4eeIAD,2026-08-04,2026-08-04
a06Ro00000COCQvIAP,2026-08-04,2026-08-04
a06Ro00000COCQwIAP,2026-08-04,2026-08-04
a06Ro00000COCQxIAP,2026-08-04,2026-08-04
a06Ro00000COCQzIAP,2026-08-04,2026-08-04
a06Ro00000COCR0IAP,2026-08-04,2026-08-04
a06Ro00000COCR1IAP,2026-08-04,2026-08-04
a06Ro00000COCR2IAP,2026-08-04,2026-08-04
a06Ro00000COCR3IAP,2026-08-04,2026-08-04
a06Ro00000COCR4IAP,2026-08-04,2026-08-04
a06Ro00000COCR5IAP,2026-08-04,2026-08-04
a06Ro00000COCR6IAP,2026-08-04,2026-08-04
a06Ro00000COCR7IAP,2026-08-04,2026-08-04
a06Ro00000COCR8IAP,2026-08-04,2026-08-04
a06Ro00000COCRBIA5,2026-08-04,2026-08-04
a06Ro00000COCRCIA5,2026-08-04,2026-08-04
a06Ro00000CO7aKIAT,2026-08-04,2026-08-04
a06Ro00000CO7aLIAT,2026-08-04,2026-08-04
a06Ro00000CO7aMIAT,2026-08-04,2026-08-04
a06Ro00000CO7aOIAT,2026-08-04,2026-08-04
a06Ro00000CO7aPIAT,2026-08-04,2026-08-04
a06Ro00000CO7aQIAT,2026-08-04,2026-08-04
a06Ro00000CO7aRIAT,2026-08-04,2026-08-04
a06Ro00000CO7aTIAT,2026-08-04,2026-08-04
a06Ro00000CO7aUIAT,2026-08-04,2026-08-04
a06Ro00000CO7aVIAT,2026-08-04,2026-08-04
a06Ro00000CO7aWIAT,2026-08-04,2026-08-04
a06Ro00000CO7aXIAT,2026-08-04,2026-08-04
a06Ro00000CO7aYIAT,2026-08-04,2026-08-04
a06Ro00000CO7aZIAT,2026-08-04,2026-08-04
a06Ro00000CO7aaIAD,2026-08-04,2026-08-04
a06Ro00000CO7abIAD,2026-08-04,2026-08-04
a06Ro00000CO7agIAD,2026-08-04,2026-08-04
a06Ro00000CO7ahIAD,2026-08-04,2026-08-04
a06Ro00000CO7aiIAD,2026-08-04,2026-08-04
a06Ro00000CO7ajIAD,2026-08-04,2026-08-04
a06Ro00000CO7akIAD,2026-08-04,2026-08-04
a06Ro00000CO2PyIAL,2026-08-04,2026-08-04
a06Ro00000CO2PzIAL,2026-08-04,2026-08-04
a06Ro00000CO2Q1IAL,2026-08-04,2026-08-04
a06Ro00000CO2Q2IAL,2026-08-04,2026-08-04
a06Ro00000CO2Q3IAL,2026-08-04,2026-08-04
a06Ro00000CO2Q4IAL,2026-08-04,2026-08-04
a06Ro00000CO2Q5IAL,2026-08-04,2026-08-04
a06Ro00000CO2Q6IAL,2026-08-04,2026-08-04
a06Ro00000CO2Q7IAL,2026-08-04,2026-08-04
a06Ro00000CO2Q8IAL,2026-08-04,2026-08-04
a06Ro00000CO2Q9IAL,2026-08-04,2026-08-04
a06Ro00000CO2QBIA1,2026-08-04,2026-08-04
a06Ro00000CO2QCIA1,2026-08-04,2026-08-04
a06Ro00000CO2QDIA1,2026-08-04,2026-08-04
a06Ro00000CO2QEIA1,2026-08-04,2026-08-04
a06Ro00000CO2QFIA1,2026-08-04,2026-08-04
a06Ro00000CO2QGIA1,2026-08-04,2026-08-04
a06Ro00000CO2QHIA1,2026-08-04,2026-08-04
a06Ro00000CO2QIIA1,2026-08-04,2026-08-04
a06Ro00000CNtXwIAL,2026-08-04,2026-08-04
a06Ro00000COCSXIA5,2026-08-04,2026-08-04
a06Ro00000COCSYIA5,2026-08-04,2026-08-04
a06Ro00000COCSZIA5,2026-08-04,2026-08-04
a06Ro00000COCSaIAP,2026-08-04,2026-08-04
a06Ro00000COCSbIAP,2026-08-04,2026-08-04
a06Ro00000COCScIAP,2026-08-04,2026-08-04
a06Ro00000COCSdIAP,2026-08-04,2026-08-04
a06Ro00000COCSeIAP,2026-08-04,2026-08-04
a06Ro00000COCSfIAP,2026-08-04,2026-08-04
a06Ro00000COCSgIAP,2026-08-04,2026-08-04
a06Ro00000COCShIAP,2026-08-04,2026-08-04
a06Ro00000COCSiIAP,2026-08-04,2026-08-04
a06Ro00000COCSjIAP,2026-08-04,2026-08-04
a06Ro00000COCSkIAP,2026-08-04,2026-08-04
a06Ro00000COCSlIAP,2026-08-04,2026-08-04
a06Ro00000CNRZ9IAP,2026-08-04,2026-08-04
a06Ro00000CNRZBIA5,2026-08-04,2026-08-04
a06Ro00000CNRZCIA5,2026-08-04,2026-08-04
a06Ro00000CNRZDIA5,2026-08-04,2026-08-04
a06Ro00000CNRZGIA5,2026-08-04,2026-08-04
a06Ro00000CNRZHIA5,2026-08-04,2026-08-04
a06Ro00000CNRZIIA5,2026-08-04,2026-08-04
a06Ro00000CNRZJIA5,2026-08-04,2026-08-04
a06Ro00000CNRZKIA5,2026-08-04,2026-08-04
a06Ro00000CNRZLIA5,2026-08-04,2026-08-04
a06Ro00000CNRZMIA5,2026-08-04,2026-08-04
a06Ro00000CNRZOIA5,2026-08-04,2026-08-04
a06Ro00000CNRZPIA5,2026-08-04,2026-08-04
a06Ro00000CNRZRIA5,2026-08-04,2026-08-04
a06Ro00000CNRZSIA5,2026-08-04,2026-08-04
a06Ro00000COCU9IAP,2026-08-04,2026-08-04
a06Ro00000COCUAIA5,2026-08-04,2026-08-04
a06Ro00000COCUBIA5,2026-08-04,2026-08-04
a06Ro00000COCUCIA5,2026-08-04,2026-08-04
a06Ro00000COCUDIA5,2026-08-04,2026-08-04
a06Ro00000COCUEIA5,2026-08-04,2026-08-04
a06Ro00000COCUFIA5,2026-08-04,2026-08-04
a06Ro00000COCUGIA5,2026-08-04,2026-08-04
a06Ro00000COCUHIA5,2026-08-04,2026-08-04
a06Ro00000COCUIIA5,2026-08-04,2026-08-04
a06Ro00000COCUJIA5,2026-08-04,2026-08-04
a06Ro00000COCUKIA5,2026-08-04,2026-08-04
a06Ro00000COCULIA5,2026-08-04,2026-08-04
a06Ro00000COCUMIA5,2026-08-04,2026-08-04
a06Ro00000COCUNIA5,2026-08-04,2026-08-04
a06Ro00000COCUOIA5,2026-08-04,2026-08-04
a06Ro00000COCUPIA5,2026-08-04,2026-08-04
a06Ro00000COCUQIA5,2026-08-04,2026-08-04
a06Ro00000COCURIA5,2026-08-04,2026-08-04
a06Ro00000COCUSIA5,2026-08-04,2026-08-04
a06Ro00000COCUTIA5,2026-08-04,2026-08-04
a06Ro00000COCUUIA5,2026-08-04,2026-08-04
a06Ro00000COCUVIA5,2026-08-04,2026-08-04
a06Ro00000COCUWIA5,2026-08-04,2026-08-04
a06Ro00000COCUXIA5,2026-08-04,2026-08-04
a06Ro00000COCUYIA5,2026-08-04,2026-08-04
a06Ro00000COCUZIA5,2026-08-04,2026-08-04
a06Ro00000COCUaIAP,2026-08-04,2026-08-04
a06Ro00000COCUbIAP,2026-08-04,2026-08-04
a06Ro00000COCUcIAP,2026-08-04,2026-08-04
a06Ro00000CO6hvIAD,2026-08-04,2026-08-04
a06Ro00000CO6hwIAD,2026-08-04,2026-08-04
a06Ro00000CO6hxIAD,2026-08-04,2026-08-04
a06Ro00000CO6hyIAD,2026-08-04,2026-08-04
a06Ro00000CO6hzIAD,2026-08-04,2026-08-04
a06Ro00000CO6i0IAD,2026-08-04,2026-08-04
a06Ro00000CO6i1IAD,2026-08-04,2026-08-04
a06Ro00000CO6i2IAD,2026-08-04,2026-08-04
a06Ro00000CO6i3IAD,2026-08-04,2026-08-04
a06Ro00000CO6i4IAD,2026-08-04,2026-08-04
a06Ro00000COCVlIAP,2026-08-04,2026-08-04
a06Ro00000COCVmIAP,2026-08-04,2026-08-04
a06Ro00000COCVnIAP,2026-08-04,2026-08-04
a06Ro00000COCVoIAP,2026-08-04,2026-08-04
a06Ro00000COCVpIAP,2026-08-04,2026-08-04
a06Ro00000COCVqIAP,2026-08-04,2026-08-04
a06Ro00000COCVrIAP,2026-08-04,2026-08-04
a06Ro00000COCVsIAP,2026-08-04,2026-08-04
a06Ro00000COCVtIAP,2026-08-04,2026-08-04
a06Ro00000COCVuIAP,2026-08-04,2026-08-04
a06Ro00000COCVvIAP,2026-08-04,2026-08-04
a06Ro00000COCVwIAP,2026-08-04,2026-08-04
a06Ro00000COCVxIAP,2026-08-04,2026-08-04
a06Ro00000COCVyIAP,2026-08-04,2026-08-04
a06Ro00000COCVzIAP,2026-08-04,2026-08-04
a06Ro00000COCW0IAP,2026-08-04,2026-08-04
a06Ro00000COCW1IAP,2026-08-04,2026-08-04
a06Ro00000COCW2IAP,2026-08-04,2026-08-04
a06Ro00000COCW3IAP,2026-08-04,2026-08-04
a06Ro00000COCW4IAP,2026-08-04,2026-08-04
a06Ro00000COCXNIA5,2026-08-04,2026-08-04
a06Ro00000COCXOIA5,2026-08-04,2026-08-04
a06Ro00000COCXPIA5,2026-08-04,2026-08-04
a06Ro00000COCXQIA5,2026-08-04,2026-08-04
a06Ro00000COCXRIA5,2026-08-04,2026-08-04
a06Ro00000COCXTIA5,2026-08-04,2026-08-04
a06Ro00000COCXUIA5,2026-08-04,2026-08-04
a06Ro00000COCXVIA5,2026-08-04,2026-08-04
a06Ro00000COCXWIA5,2026-08-04,2026-08-04
a06Ro00000COCXXIA5,2026-08-04,2026-08-04
a06Ro00000COCXYIA5,2026-08-04,2026-08-04
a06Ro00000COCXZIA5,2026-08-04,2026-08-04
a06Ro00000COCXmIAP,2026-08-04,2026-08-04
a06Ro00000COCXnIAP,2026-08-04,2026-08-04
a06Ro00000COCXoIAP,2026-08-04,2026-08-04
a06Ro00000COCXpIAP,2026-08-04,2026-08-04
a06Ro00000COCXqIAP,2026-08-04,2026-08-04
a06Ro00000COCYzIAP,2026-08-04,2026-08-04
a06Ro00000COCZ0IAP,2026-08-04,2026-08-04
a06Ro00000COCZ1IAP,2026-08-04,2026-08-04
a06Ro00000COCZ2IAP,2026-08-04,2026-08-04
a06Ro00000COCZ7IAP,2026-08-04,2026-08-04
a06Ro00000COCZ8IAP,2026-08-04,2026-08-04
a06Ro00000COCZ9IAP,2026-08-04,2026-08-04
a06Ro00000COCZAIA5,2026-08-04,2026-08-04
a06Ro00000COCZBIA5,2026-08-04,2026-08-04
a06Ro00000CO5IoIAL,2026-08-04,2026-08-04
a06Ro00000CO5IpIAL,2026-08-04,2026-08-04
a06Ro00000CNzzoIAD,2026-08-04,2026-08-04
a06Ro00000CNzzpIAD,2026-08-04,2026-08-04
a06Ro00000CNzzqIAD,2026-08-04,2026-08-04
a06Ro00000CNzzrIAD,2026-08-04,2026-08-04
a06Ro00000CNzzwIAD,2026-08-04,2026-08-04
a06Ro00000COCabIAH,2026-08-04,2026-08-04
a06Ro00000COCadIAH,2026-08-04,2026-08-04
a06Ro00000COCaeIAH,2026-08-04,2026-08-04
a06Ro00000COCafIAH,2026-08-04,2026-08-04
a06Ro00000COCagIAH,2026-08-04,2026-08-04
a06Ro00000COCahIAH,2026-08-04,2026-08-04
a06Ro00000COCaiIAH,2026-08-04,2026-08-04
a06Ro00000COCakIAH,2026-08-04,2026-08-04
a06Ro00000COCalIAH,2026-08-04,2026-08-04
a06Ro00000COCanIAH,2026-08-04,2026-08-04
a06Ro00000COCaoIAH,2026-08-04,2026-08-04
a06Ro00000COCapIAH,2026-08-04,2026-08-04
a06Ro00000COCarIAH,2026-08-04,2026-08-04
a06Ro00000CNdvpIAD,2026-08-04,2026-08-04
a06Ro00000CNdvqIAD,2026-08-04,2026-08-04
a06Ro00000CNdvwIAD,2026-08-04,2026-08-04
a06Ro00000CNdvzIAD,2026-08-04,2026-08-04
a06Ro00000CNdw1IAD,2026-08-04,2026-08-04
a06Ro00000CNdw2IAD,2026-08-04,2026-08-04
a06Ro00000CNdw3IAD,2026-08-04,2026-08-04
a06Ro00000CO6xsIAD,2026-08-04,2026-08-04
a06Ro00000CO6xtIAD,2026-08-04,2026-08-04
a06Ro00000CO6xuIAD,2026-08-04,2026-08-04
a06Ro00000CO6xvIAD,2026-08-04,2026-08-04
a06Ro00000CO6xwIAD,2026-08-04,2026-08-04
a06Ro00000CO6xxIAD,2026-08-04,2026-08-04
a06Ro00000CO6xyIAD,2026-08-04,2026-08-04
a06Ro00000CO6xzIAD,2026-08-04,2026-08-04
a06Ro00000CO6y0IAD,2026-08-04,2026-08-04
a06Ro00000CO6y1IAD,2026-08-04,2026-08-04
a06Ro00000COCh3IAH,2026-08-04,2026-08-04
a06Ro00000COCh7IAH,2026-08-04,2026-08-04
a06Ro00000COCh9IAH,2026-08-04,2026-08-04
a06Ro00000COChAIAX,2026-08-04,2026-08-04
a06Ro00000COChBIAX,2026-08-04,2026-08-04
a06Ro00000COChCIAX,2026-08-04,2026-08-04
a06Ro00000COChEIAX,2026-08-04,2026-08-04
a06Ro00000CO7pxIAD,2026-08-04,2026-08-04
a06Ro00000CO7pyIAD,2026-08-04,2026-08-04
a06Ro00000CO7pzIAD,2026-08-04,2026-08-04
a06Ro00000CO7vVIAT,2026-08-04,2026-08-04
a06Ro00000CO7vXIAT,2026-08-04,2026-08-04
a06Ro00000CO5sPIAT,2026-08-04,2026-08-04
a06Ro00000CO5sQIAT,2026-08-04,2026-08-04
a06Ro00000CO5sRIAT,2026-08-04,2026-08-04
a06Ro00000CO5sSIAT,2026-08-04,2026-08-04
a06Ro00000COCifIAH,2026-08-04,2026-08-04
a06Ro00000COCihIAH,2026-08-04,2026-08-04
a06Ro00000COCiiIAH,2026-08-04,2026-08-04
a06Ro00000COCijIAH,2026-08-04,2026-08-04
a06Ro00000COCikIAH,2026-08-04,2026-08-04
a06Ro00000COCilIAH,2026-08-04,2026-08-04
a06Ro00000COCimIAH,2026-08-04,2026-08-04
a06Ro00000COCinIAH,2026-08-04,2026-08-04
a06Ro00000COCioIAH,2026-08-04,2026-08-04
a06Ro00000COCipIAH,2026-08-04,2026-08-04
a06Ro00000COCiqIAH,2026-08-04,2026-08-04
a06Ro00000COCirIAH,2026-08-04,2026-08-04
a06Ro00000COCisIAH,2026-08-04,2026-08-04
a06Ro00000COCitIAH,2026-08-04,2026-08-04
a06Ro00000COCiuIAH,2026-08-04,2026-08-04
a06Ro00000COCivIAH,2026-08-04,2026-08-04
a06Ro00000COCiwIAH,2026-08-04,2026-08-04
a06Ro00000COCixIAH,2026-08-04,2026-08-04
a06Ro00000COCiyIAH,2026-08-04,2026-08-04
a06Ro00000COAatIAH,2026-08-04,2026-08-04
a06Ro00000COAauIAH,2026-08-04,2026-08-04
a06Ro00000COAavIAH,2026-08-04,2026-08-04
a06Ro00000COAawIAH,2026-08-04,2026-08-04
a06Ro00000COAaxIAH,2026-08-04,2026-08-04
a06Ro00000COAayIAH,2026-08-04,2026-08-04
a06Ro00000COAazIAH,2026-08-04,2026-08-04
a06Ro00000COAb0IAH,2026-08-04,2026-08-04
a06Ro00000COAb1IAH,2026-08-04,2026-08-04
a06Ro00000COAb2IAH,2026-08-04,2026-08-04
a06Ro00000COAb3IAH,2026-08-04,2026-08-04
a06Ro00000COAb4IAH,2026-08-04,2026-08-04
a06Ro00000COAb5IAH,2026-08-04,2026-08-04
a06Ro00000COAb7IAH,2026-08-04,2026-08-04
a06Ro00000COAb8IAH,2026-08-04,2026-08-04
a06Ro00000COAb9IAH,2026-08-04,2026-08-04
a06Ro00000COAbAIAX,2026-08-04,2026-08-04
a06Ro00000COAbBIAX,2026-08-04,2026-08-04
a06Ro00000COAkkIAH,2026-08-04,2026-08-04
a06Ro00000COAknIAH,2026-08-04,2026-08-04
a06Ro00000COAkoIAH,2026-08-04,2026-08-04
a06Ro00000COAkpIAH,2026-08-04,2026-08-04
a06Ro00000COAkqIAH,2026-08-04,2026-08-04
a06Ro00000COAkrIAH,2026-08-04,2026-08-04
a06Ro00000COAksIAH,2026-08-04,2026-08-04
a06Ro00000CO3grIAD,2026-08-04,2026-08-04
a06Ro00000CO3gsIAD,2026-08-04,2026-08-04
a06Ro00000CO3gtIAD,2026-08-04,2026-08-04
a06Ro00000CO3guIAD,2026-08-04,2026-08-04
a06Ro00000CO3gvIAD,2026-08-04,2026-08-04
a06Ro00000CO3gwIAD,2026-08-04,2026-08-04
a06Ro00000CO3gxIAD,2026-08-04,2026-08-04
a06Ro00000CO3gyIAD,2026-08-04,2026-08-04
a06Ro00000COCnVIAX,2026-08-04,2026-08-04
a06Ro00000COCnWIAX,2026-08-04,2026-08-04
a06Ro00000COCnXIAX,2026-08-04,2026-08-04
a06Ro00000COCnYIAX,2026-08-04,2026-08-04
a06Ro00000COCnZIAX,2026-08-04,2026-08-04
a06Ro00000COCnaIAH,2026-08-04,2026-08-04
a06Ro00000COCnbIAH,2026-08-04,2026-08-04
a06Ro00000COCncIAH,2026-08-04,2026-08-04
a06Ro00000COCndIAH,2026-08-04,2026-08-04
a06Ro00000COCpJIAX,2026-08-04,2026-08-04
a06Ro00000COAWtIAP,2026-08-04,2026-08-04
a06Ro00000COAWuIAP,2026-08-04,2026-08-04
a06Ro00000COAWvIAP,2026-08-04,2026-08-04
a06Ro00000CO7NnIAL,2026-08-04,2026-08-04
a06Ro00000CO7NoIAL,2026-08-04,2026-08-04
a06Ro00000CO7NrIAL,2026-08-04,2026-08-04
a06Ro00000COCUdIAP,2026-08-04,2026-08-04
a06Ro00000COCUvIAP,2026-08-04,2026-08-04
a06Ro00000CNzQ9IAL,2026-08-04,2026-08-04
a06Ro00000CNzQAIA1,2026-08-04,2026-08-04
a06Ro00000CNzQBIA1,2026-08-04,2026-08-04
a06Ro00000CNzQCIA1,2026-08-04,2026-08-04
a06Ro00000CNzQDIA1,2026-08-04,2026-08-04
a06Ro00000CNzQEIA1,2026-08-04,2026-08-04
a06Ro00000CNzQFIA1,2026-08-04,2026-08-04
a06Ro00000CNzQGIA1,2026-08-04,2026-08-04
a06Ro00000CNzQHIA1,2026-08-04,2026-08-04
a06Ro00000COAJ9IAP,2026-08-04,2026-08-04
a06Ro00000COAJAIA5,2026-08-04,2026-08-04
a06Ro00000COAJBIA5,2026-08-04,2026-08-04
a06Ro00000COAJCIA5,2026-08-04,2026-08-04
a06Ro00000COAJDIA5,2026-08-04,2026-08-04
a06Ro00000CO17rIAD,2026-08-04,2026-08-04
a06Ro00000CO17sIAD,2026-08-04,2026-08-04
a06Ro00000CO17tIAD,2026-08-04,2026-08-04
a06Ro00000CO17uIAD,2026-08-04,2026-08-04
a06Ro00000CO17vIAD,2026-08-04,2026-08-04
a06Ro00000CO17wIAD,2026-08-04,2026-08-04
a06Ro00000CO17yIAD,2026-08-04,2026-08-04
a06Ro00000CO17zIAD,2026-08-04,2026-08-04
a06Ro00000CO180IAD,2026-08-04,2026-08-04
a06Ro00000CO181IAD,2026-08-04,2026-08-04
a06Ro00000CODAEIA5,2026-08-04,2026-08-04
a06Ro00000CODAGIA5,2026-08-04,2026-08-04
a06Ro00000CODAHIA5,2026-08-04,2026-08-04
a06Ro00000CODAIIA5,2026-08-04,2026-08-04
a06Ro00000CODAJIA5,2026-08-04,2026-08-04
a06Ro00000CODAMIA5,2026-08-04,2026-08-04
a06Ro00000CODANIA5,2026-08-04,2026-08-04
a06Ro00000CODAOIA5,2026-08-04,2026-08-04
a06Ro00000CNzFIIA1,2026-08-04,2026-08-04
a06Ro00000CNzFJIA1,2026-08-04,2026-08-04
a06Ro00000CNzFLIA1,2026-08-04,2026-08-04
a06Ro00000CNzFNIA1,2026-08-04,2026-08-04
a06Ro00000CNzFQIA1,2026-08-04,2026-08-04
a06Ro00000CNzFeIAL,2026-08-04,2026-08-04
a06Ro00000CNzFfIAL,2026-08-04,2026-08-04
a06Ro00000COAktIAH,2026-08-04,2026-08-04
a06Ro00000COAkuIAH,2026-08-04,2026-08-04
a06Ro00000COAkvIAH,2026-08-04,2026-08-04
a06Ro00000COAkwIAH,2026-08-04,2026-08-04
a06Ro00000COAkxIAH,2026-08-04,2026-08-04
a06Ro00000COAl8IAH,2026-08-04,2026-08-04
a06Ro00000COAl9IAH,2026-08-04,2026-08-04
a06Ro00000COAlAIAX,2026-08-04,2026-08-04
a06Ro00000COAlBIAX,2026-08-04,2026-08-04
a06Ro00000COAlCIAX,2026-08-04,2026-08-04
a06Ro00000COAlDIAX,2026-08-04,2026-08-04
a06Ro00000COAlEIAX,2026-08-04,2026-08-04
a06Ro00000CNyCrIAL,2026-08-04,2026-08-04
a06Ro00000CNyCsIAL,2026-08-04,2026-08-04
a06Ro00000CNyCtIAL,2026-08-04,2026-08-04
a06Ro00000CNyCuIAL,2026-08-04,2026-08-04
a06Ro00000COAi6IAH,2026-08-04,2026-08-04
a06Ro00000CO5qXIAT,2026-08-04,2026-08-04
a06Ro00000CO5qYIAT,2026-08-04,2026-08-04
a06Ro00000CO5qZIAT,2026-08-04,2026-08-04
a06Ro00000CO5qdIAD,2026-08-04,2026-08-04
a06Ro00000CO5qeIAD,2026-08-04,2026-08-04
a06Ro00000CO5qfIAD,2026-08-04,2026-08-04
a06Ro00000CO5qgIAD,2026-08-04,2026-08-04
a06Ro00000CO5qhIAD,2026-08-04,2026-08-04
a06Ro00000COB5XIAX,2026-08-04,2026-08-04
a06Ro00000COB5YIAX,2026-08-04,2026-08-04
a06Ro00000COB5ZIAX,2026-08-04,2026-08-04
a06Ro00000COB5aIAH,2026-08-04,2026-08-04
a06Ro00000COB5bIAH,2026-08-04,2026-08-04
a06Ro00000COB5cIAH,2026-08-04,2026-08-04
a06Ro00000COB5dIAH,2026-08-04,2026-08-04
a06Ro00000COB5eIAH,2026-08-04,2026-08-04
a06Ro00000COB5fIAH,2026-08-04,2026-08-04
a06Ro00000COB5gIAH,2026-08-04,2026-08-04
a06Ro00000COB5hIAH,2026-08-04,2026-08-04
a06Ro00000COB5iIAH,2026-08-04,2026-08-04
a06Ro00000COB5jIAH,2026-08-04,2026-08-04
a06Ro00000COB5kIAH,2026-08-04,2026-08-04
a06Ro00000COB5lIAH,2026-08-04,2026-08-04
a06Ro00000COB5mIAH,2026-08-04,2026-08-04
a06Ro00000COB5nIAH,2026-08-04,2026-08-04
a06Ro00000COB5oIAH,2026-08-04,2026-08-04
a06Ro00000COB5pIAH,2026-08-04,2026-08-04
a06Ro00000COB5qIAH,2026-08-04,2026-08-04
a06Ro00000COB5tIAH,2026-08-04,2026-08-04
a06Ro00000COB5uIAH,2026-08-04,2026-08-04
a06Ro00000COB5vIAH,2026-08-04,2026-08-04
a06Ro00000COB5wIAH,2026-08-04,2026-08-04
a06Ro00000COB5xIAH,2026-08-04,2026-08-04
a06Ro00000COB5yIAH,2026-08-04,2026-08-04
a06Ro00000COB5zIAH,2026-08-04,2026-08-04
a06Ro00000COB60IAH,2026-08-04,2026-08-04
a06Ro00000COCz7IAH,2026-08-04,2026-08-04
a06Ro00000COCz8IAH,2026-08-04,2026-08-04
a06Ro00000COCz9IAH,2026-08-04,2026-08-04
a06Ro00000COCzAIAX,2026-08-04,2026-08-04
a06Ro00000COCzBIAX,2026-08-04,2026-08-04
a06Ro00000COCzCIAX,2026-08-04,2026-08-04
a06Ro00000COCzDIAX,2026-08-04,2026-08-04
a06Ro00000COCzEIAX,2026-08-04,2026-08-04
a06Ro00000COCzFIAX,2026-08-04,2026-08-04
a06Ro00000COCzGIAX,2026-08-04,2026-08-04
a06Ro00000COCzLIAX,2026-08-04,2026-08-04
a06Ro00000COCzOIAX,2026-08-04,2026-08-04
a06Ro00000COCzPIAX,2026-08-04,2026-08-04
a06Ro00000COCzQIAX,2026-08-04,2026-08-04
a06Ro00000COCzRIAX,2026-08-04,2026-08-04
a06Ro00000COCzSIAX,2026-08-04,2026-08-04
a06Ro00000COCzUIAX,2026-08-04,2026-08-04
a06Ro00000COCzXIAX,2026-08-04,2026-08-04
a06Ro00000COCzYIAX,2026-08-04,2026-08-04
a06Ro00000COCzZIAX,2026-08-04,2026-08-04
a06Ro00000COCzaIAH,2026-08-04,2026-08-04
a06Ro00000COAlNIAX,2026-08-04,2026-08-04
a06Ro00000CODF0IAP,2026-08-04,2026-08-04
a06Ro00000CODF1IAP,2026-08-04,2026-08-04
a06Ro00000CODF2IAP,2026-08-04,2026-08-04
a06Ro00000CODF3IAP,2026-08-04,2026-08-04
a06Ro00000CODF4IAP,2026-08-04,2026-08-04
a06Ro00000CO0G7IAL,2026-08-04,2026-08-04
a06Ro00000CO0G8IAL,2026-08-04,2026-08-04
a06Ro00000CO0G9IAL,2026-08-04,2026-08-04
a06Ro00000CO0GAIA1,2026-08-04,2026-08-04
a06Ro00000CO0GBIA1,2026-08-04,2026-08-04
a06Ro00000CO0GCIA1,2026-08-04,2026-08-04
a06Ro00000CO0GDIA1,2026-08-04,2026-08-04
a06Ro00000CO0GFIA1,2026-08-04,2026-08-04
a06Ro00000CO9mnIAD,2026-08-04,2026-08-04
a06Ro00000CO9moIAD,2026-08-04,2026-08-04
a06Ro00000CO9mpIAD,2026-08-04,2026-08-04
a06Ro00000CO9mqIAD,2026-08-04,2026-08-04
a06Ro00000CO9mrIAD,2026-08-04,2026-08-04
a06Ro00000CO9mtIAD,2026-08-04,2026-08-04
a06Ro00000CO9muIAD,2026-08-04,2026-08-04
a06Ro00000CO9mvIAD,2026-08-04,2026-08-04
a06Ro00000CO9mxIAD,2026-08-04,2026-08-04
a06Ro00000CO9mzIAD,2026-08-04,2026-08-04
a06Ro00000CO9n0IAD,2026-08-04,2026-08-04
a06Ro00000CO9n1IAD,2026-08-04,2026-08-04
a06Ro00000CO9n2IAD,2026-08-04,2026-08-04
a06Ro00000CO9n7IAD,2026-08-04,2026-08-04
a06Ro00000CO9n8IAD,2026-08-04,2026-08-04
a06Ro00000CO9n9IAD,2026-08-04,2026-08-04
a06Ro00000CO9nAIAT,2026-08-04,2026-08-04
a06Ro00000CO9nBIAT,2026-08-04,2026-08-04
a06Ro00000CO9nCIAT,2026-08-04,2026-08-04
a06Ro00000CO9nDIAT,2026-08-04,2026-08-04
a06Ro00000CO9nEIAT,2026-08-04,2026-08-04
a06Ro00000CO76lIAD,2026-08-04,2026-08-04
a06Ro00000CO76mIAD,2026-08-04,2026-08-04
a06Ro00000CO76nIAD,2026-08-04,2026-08-04
a06Ro00000CO76oIAD,2026-08-04,2026-08-04
a06Ro00000CO76pIAD,2026-08-04,2026-08-04
a06Ro00000CO76qIAD,2026-08-04,2026-08-04
a06Ro00000CO76rIAD,2026-08-04,2026-08-04
a06Ro00000CO76sIAD,2026-08-04,2026-08-04
a06Ro00000CO76tIAD,2026-08-04,2026-08-04
a06Ro00000CO76uIAD,2026-08-04,2026-08-04
a06Ro00000CO76vIAD,2026-08-04,2026-08-04
a06Ro00000CO76wIAD,2026-08-04,2026-08-04
a06Ro00000CO76xIAD,2026-08-04,2026-08-04
a06Ro00000CO76yIAD,2026-08-04,2026-08-04
a06Ro00000CO76zIAD,2026-08-04,2026-08-04
a06Ro00000CO770IAD,2026-08-04,2026-08-04
a06Ro00000CO771IAD,2026-08-04,2026-08-04
a06Ro00000CO772IAD,2026-08-04,2026-08-04
a06Ro00000CO775IAD,2026-08-04,2026-08-04
a06Ro00000CO776IAD,2026-08-04,2026-08-04
a06Ro00000CO777IAD,2026-08-04,2026-08-04
a06Ro00000CO778IAD,2026-08-04,2026-08-04
a06Ro00000CO779IAD,2026-08-04,2026-08-04
a06Ro00000CO77AIAT,2026-08-04,2026-08-04
a06Ro00000CO77BIAT,2026-08-04,2026-08-04
a06Ro00000CO77CIAT,2026-08-04,2026-08-04
a06Ro00000CO77DIAT,2026-08-04,2026-08-04
a06Ro00000CO77EIAT,2026-08-04,2026-08-04
a06Ro00000CO3qWIAT,2026-08-04,2026-08-04
a06Ro00000CO3qYIAT,2026-08-04,2026-08-04
a06Ro00000CO3qZIAT,2026-08-04,2026-08-04
a06Ro00000CO3qaIAD,2026-08-04,2026-08-04
a06Ro00000CODLQIA5,2026-08-04,2026-08-04
a06Ro00000CODLRIA5,2026-08-04,2026-08-04
a06Ro00000CODLWIA5,2026-08-04,2026-08-04
a06Ro00000CODLXIA5,2026-08-04,2026-08-04
a06Ro00000CO4LsIAL,2026-08-04,2026-08-04
a06Ro00000CO4LtIAL,2026-08-04,2026-08-04
a06Ro00000CO4LuIAL,2026-08-04,2026-08-04
a06Ro00000CO4LvIAL,2026-08-04,2026-08-04
a06Ro00000CO4LwIAL,2026-08-04,2026-08-04
a06Ro00000CO4LxIAL,2026-08-04,2026-08-04
a06Ro00000CO4LyIAL,2026-08-04,2026-08-04
a06Ro00000CO4LzIAL,2026-08-04,2026-08-04
a06Ro00000CO4M0IAL,2026-08-04,2026-08-04
a06Ro00000CO4M1IAL,2026-08-04,2026-08-04
a06Ro00000CO4M2IAL,2026-08-04,2026-08-04
a06Ro00000CO4M3IAL,2026-08-04,2026-08-04
a06Ro00000CO4M4IAL,2026-08-04,2026-08-04
a06Ro00000CO4M5IAL,2026-08-04,2026-08-04
a06Ro00000CO4M6IAL,2026-08-04,2026-08-04
a06Ro00000CO4M7IAL,2026-08-04,2026-08-04
a06Ro00000CO4M8IAL,2026-08-04,2026-08-04
a06Ro00000CO4M9IAL,2026-08-04,2026-08-04
a06Ro00000CO4MAIA1,2026-08-04,2026-08-04
a06Ro00000CO4MBIA1,2026-08-04,2026-08-04
a06Ro00000CODN1IAP,2026-08-04,2026-08-04
a06Ro00000CODN2IAP,2026-08-04,2026-08-04
a06Ro00000CODN3IAP,2026-08-04,2026-08-04
a06Ro00000CODN4IAP,2026-08-04,2026-08-04
a06Ro00000CODN5IAP,2026-08-04,2026-08-04
a06Ro00000CODN6IAP,2026-08-04,2026-08-04
a06Ro00000CODN7IAP,2026-08-04,2026-08-04
a06Ro00000CODN8IAP,2026-08-04,2026-08-04
a06Ro00000CODN9IAP,2026-08-04,2026-08-04
a06Ro00000CODNAIA5,2026-08-04,2026-08-04
a06Ro00000CO55cIAD,2026-08-04,2026-08-04
a06Ro00000CO55dIAD,2026-08-04,2026-08-04
a06Ro00000CO55eIAD,2026-08-04,2026-08-04
a06Ro00000CO55fIAD,2026-08-04,2026-08-04
a06Ro00000CO55gIAD,2026-08-04,2026-08-04
a06Ro00000CO55hIAD,2026-08-04,2026-08-04
a06Ro00000CO55iIAD,2026-08-04,2026-08-04
a06Ro00000COASNIA5,2026-08-04,2026-08-04
a06Ro00000COASOIA5,2026-08-04,2026-08-04
a06Ro00000COASPIA5,2026-08-04,2026-08-04
a06Ro00000COASQIA5,2026-08-04,2026-08-04
a06Ro00000COASRIA5,2026-08-04,2026-08-04
a06Ro00000COASSIA5,2026-08-04,2026-08-04
a06Ro00000COASTIA5,2026-08-04,2026-08-04
a06Ro00000COASUIA5,2026-08-04,2026-08-04
a06Ro00000COASVIA5,2026-08-04,2026-08-04
a06Ro00000COASWIA5,2026-08-04,2026-08-04
a06Ro00000COASXIA5,2026-08-04,2026-08-04
a06Ro00000COASYIA5,2026-08-04,2026-08-04
a06Ro00000COASZIA5,2026-08-04,2026-08-04
a06Ro00000COASaIAP,2026-08-04,2026-08-04
a06Ro00000COAShIAP,2026-08-04,2026-08-04
a06Ro00000COASiIAP,2026-08-04,2026-08-04
a06Ro00000COASjIAP,2026-08-04,2026-08-04
a06Ro00000COASkIAP,2026-08-04,2026-08-04
a06Ro00000CO64oIAD,2026-08-04,2026-08-04
a06Ro00000CO64pIAD,2026-08-04,2026-08-04
a06Ro00000CO64qIAD,2026-08-04,2026-08-04
a06Ro00000CO64rIAD,2026-08-04,2026-08-04
a06Ro00000CO64sIAD,2026-08-04,2026-08-04
a06Ro00000CO64tIAD,2026-08-04,2026-08-04
a06Ro00000CO64uIAD,2026-08-04,2026-08-04
a06Ro00000CO64vIAD,2026-08-04,2026-08-04
a06Ro00000CO64wIAD,2026-08-04,2026-08-04
a06Ro00000CO652IAD,2026-08-04,2026-08-04
a06Ro00000CO653IAD,2026-08-04,2026-08-04
a06Ro00000CO654IAD,2026-08-04,2026-08-04
a06Ro00000CO655IAD,2026-08-04,2026-08-04
a06Ro00000CO656IAD,2026-08-04,2026-08-04
a06Ro00000CO657IAD,2026-08-04,2026-08-04
a06Ro00000CO658IAD,2026-08-04,2026-08-04
a06Ro00000CO659IAD,2026-08-04,2026-08-04
a06Ro00000CO65AIAT,2026-08-04,2026-08-04
a06Ro00000CO7d3IAD,2026-08-04,2026-08-04
a06Ro00000CO7d4IAD,2026-08-04,2026-08-04
a06Ro00000CO7d5IAD,2026-08-04,2026-08-04
a06Ro00000CO7d6IAD,2026-08-04,2026-08-04
a06Ro00000CO7d7IAD,2026-08-04,2026-08-04
a06Ro00000CO7d8IAD,2026-08-04,2026-08-04
a06Ro00000CO7dMIAT,2026-08-04,2026-08-04
a06Ro00000COBPkIAP,2026-08-04,2026-08-04
a06Ro00000COBPmIAP,2026-08-04,2026-08-04
a06Ro00000COBPsIAP,2026-08-04,2026-08-04
a06Ro00000COBPtIAP,2026-08-04,2026-08-04
a06Ro00000COBPuIAP,2026-08-04,2026-08-04
a06Ro00000COBPvIAP,2026-08-04,2026-08-04
a06Ro00000CODQEIA5,2026-08-04,2026-08-04
a06Ro00000CODQFIA5,2026-08-04,2026-08-04
a06Ro00000CODQGIA5,2026-08-04,2026-08-04
a06Ro00000CODQHIA5,2026-08-04,2026-08-04
a06Ro00000CODQIIA5,2026-08-04,2026-08-04
a06Ro00000CODQJIA5,2026-08-04,2026-08-04
a06Ro00000CODQKIA5,2026-08-04,2026-08-04
a06Ro00000CO0GkIAL,2026-08-04,2026-08-04
a06Ro00000CO0GnIAL,2026-08-04,2026-08-04
a06Ro00000COD9JIAX,2026-08-04,2026-08-04
a06Ro00000CODS2IAP,2026-08-04,2026-08-04
a06Ro00000CODS3IAP,2026-08-04,2026-08-04
a06Ro00000CODVKIA5,2026-08-04,2026-08-04
a06Ro00000CO41ZIAT,2026-08-04,2026-08-04
a06Ro00000CNTVuIAP,2026-08-04,2026-08-04
a06Ro00000CNTVvIAP,2026-08-04,2026-08-04
a06Ro00000CO8ZZIA1,2026-08-04,2026-08-04
a06Ro00000CODYUIA5,2026-08-04,2026-08-04
a06Ro00000CODYVIA5,2026-08-04,2026-08-04
a06Ro00000CODYWIA5,2026-08-04,2026-08-04
a06Ro00000CODYXIA5,2026-08-04,2026-08-04
a06Ro00000COBCLIA5,2026-08-04,2026-08-04
a06Ro00000COBCMIA5,2026-08-04,2026-08-04
a06Ro00000COCDLIA5,2026-08-04,2026-08-04
a06Ro00000COCDMIA5,2026-08-04,2026-08-04
a06Ro00000CO5cBIAT,2026-08-04,2026-08-04
a06Ro00000CO5cCIAT,2026-08-04,2026-08-04
a06Ro00000CfMpOIAV,2026-08-04,2026-08-04
a06Ro00000CfMpSIAV,2026-08-04,2026-08-04
a06Ro00000CfMpTIAV,2026-08-04,2026-08-04
a06Ro00000CfMpUIAV,2026-08-04,2026-08-04
a06Ro00000CfMpVIAV,2026-08-04,2026-08-04
a06Ro00000CfMpWIAV,2026-08-04,2026-08-04
a06Ro00000CfMpXIAV,2026-08-04,2026-08-04
a06Ro00000CfMpYIAV,2026-08-04,2026-08-04
a06Ro00000CfMpZIAV,2026-08-04,2026-08-04
a06Ro00000CfMpaIAF,2026-08-04,2026-08-04
a06Ro00000CfMpbIAF,2026-08-04,2026-08-04
a06Ro00000CfMpcIAF,2026-08-04,2026-08-04
a06Ro00000CfMppIAF,2026-08-04,2026-08-04
a06Ro00000Cr4EhIAJ,2026-08-04,2026-08-04
a06Ro00000CrUkDIAV,2026-08-04,2026-08-04
a06Ro00000CrV1yIAF,2026-08-04,2026-08-04
a06Ro00000CrSiQIAV,2026-08-04,2026-08-04
a06Ro00000CrYXhIAN,2026-08-04,2026-08-04
a06Ro00000CrTZfIAN,2026-08-04,2026-08-04
a06Ro00000Cr7zHIAR,2026-08-04,2026-08-04
a06Ro00000CrLygIAF,2026-08-04,2026-08-04
a06Ro00000CrWhCIAV,2026-08-04,2026-08-04
a06Ro00000CrRhYIAV,2026-08-04,2026-08-04
a06Ro00000CraZeIAJ,2026-08-04,2026-08-04
a06Ro00000CrAGvIAN,2026-08-04,2026-08-04
a06Ro00000CrdM5IAJ,2026-08-04,2026-08-04
a06Ro00000CrdtxIAB,2026-08-04,2026-08-04
a06Ro00000Cr9W9IAJ,2026-08-04,2026-08-04
a06Ro00000CrXNAIA3,2026-08-04,2026-08-04
a06Ro00000CrjL3IAJ,2026-08-04,2026-08-04
a06Ro00000CrJfAIAV,2026-08-04,2026-08-04
a06Ro00000CrSP5IAN,2026-08-04,2026-08-04
a06Ro00000CszpCIAR,2026-08-04,2026-08-04
a06Ro00000Cwyl7IAB,2026-08-04,2026-08-04
a06Ro00000CwylSIAR,2026-08-04,2026-08-04
a06Ro00000CwylTIAR,2026-08-04,2026-08-04
a06Ro00000DOHd0IAH,2026-08-04,2026-08-04
a06Ro00000DOHdGIAX,2026-08-04,2026-08-04
a06Ro00000DOHdHIAX,2026-08-04,2026-08-04
a06Ro00000DOHdIIAX,2026-08-04,2026-08-04
a06Ro00000DOHdJIAX,2026-08-04,2026-08-04
a06Ro00000DOHdLIAX,2026-08-04,2026-08-04
a06Ro00000DOHduIAH,2026-08-04,2026-08-04
a06Ro00000DPD0zIAH,2026-08-04,2026-08-04
a06Ro00000DXBEvIAP,2026-08-04,2026-08-04
a06Ro00000DXMzyIAH,2026-08-04,2026-08-04
a06Ro00000DXN82IAH,2026-08-04,2026-08-04
a06Ro00000DXbR7IAL,2026-08-04,2026-08-04
a06Ro00000DXc8fIAD,2026-08-04,2026-08-04
a06Ro00000DXcmzIAD,2026-08-04,2026-08-04
a06Ro00000DYUNaIAP,2026-08-04,2026-08-04
a06Ro00000DYjODIA1,2026-08-04,2026-08-04
a06Ro00000DYjo1IAD,2026-08-04,2026-08-04
a06Ro00000DYkDpIAL,2026-08-04,2026-08-04
a06Ro00000DYmM5IAL,2026-08-04,2026-08-04
a06Ro00000DYktnIAD,2026-08-04,2026-08-04
a06Ro00000DYt5pIAD,2026-08-04,2026-08-04
a06Ro00000DZC21IAH,2026-08-04,2026-08-04
a06Ro00000DZES2IAP,2026-08-04,2026-08-04
a06Ro00000DZIIjIAP,2026-08-04,2026-08-04
a06Ro00000DnZMwIAN,2026-08-04,2026-08-04
a06Ro00000DpggrIAB,2026-08-04,2026-08-04
a06Ro00000DpsuwIAB,2026-08-04,2026-08-04
a06Ro00000Dqg8XIAR,2026-08-04,2026-08-04
a06Ro00000Drl6YIAR,2026-08-04,2026-08-04
a06Ro00000Drl6ZIAR,2026-08-04,2026-08-04
a06Ro00000Drl6hIAB,2026-08-04,2026-08-04
a06Ro00000Drl6iIAB,2026-08-04,2026-08-04
a06Ro00000Drl6mIAB,2026-08-04,2026-08-04
a06Ro00000Drl6nIAB,2026-08-04,2026-08-04
a06Ro00000Drl6qIAB,2026-08-04,2026-08-04
a06Ro00000Drl6uIAB,2026-08-04,2026-08-04
a06Ro00000Drl6wIAB,2026-08-04,2026-08-04
a06Ro00000DxInrIAF,2026-08-04,2026-08-04
a06Ro00000DxVWbIAN,2026-08-04,2026-08-04
a06Ro00000E3BM6IAN,2026-08-04,2026-08-04
a06Ro00000E4j1kIAB,2026-08-04,2026-08-04
a06Ro00000E56khIAB,2026-08-04,2026-08-04
a06Ro00000E5DB4IAN,2026-08-04,2026-08-04
a06Ro00000E5VfpIAF,2026-08-04,2026-08-04
a06Ro00000E7fJJIAZ,2026-08-04,2026-08-04
a06Ro00000EIrygIAD,2026-08-04,2026-08-04
a06Ro00000EIwyOIAT,2026-08-04,2026-08-04
a06Ro00000EJB4YIAX,2026-08-04,2026-08-04
a06Ro00000EJEs1IAH,2026-08-04,2026-08-04
a06Ro00000EJAN0IAP,2026-08-04,2026-08-04
a06Ro00000EJ99DIAT,2026-08-04,2026-08-04
a06Ro00000EJPqfIAH,2026-08-04,2026-08-04
a06Ro00000EJOGIIA5,2026-08-04,2026-08-04
a06Ro00000EJP4JIAX,2026-08-04,2026-08-04
a06Ro00000EJTz7IAH,2026-08-04,2026-08-04
a06Ro00000EJ6L2IAL,2026-08-04,2026-08-04
a06Ro00000EJVknIAH,2026-08-04,2026-08-04
a06Ro00000EJX53IAH,2026-08-04,2026-08-04
a06Ro00000EJX8HIAX,2026-08-04,2026-08-04
a06Ro00000EJZdEIAX,2026-08-04,2026-08-04
a06Ro00000EJPp5IAH,2026-08-04,2026-08-04
a06Ro00000EJfU1IAL,2026-08-04,2026-08-04
a06Ro00000EJgDBIA1,2026-08-04,2026-08-04
a06Ro00000EJkzyIAD,2026-08-04,2026-08-04
a06Ro00000EKx77IAD,2026-08-04,2026-08-04
a06Ro00000EL7ZWIA1,2026-08-04,2026-08-04
a06Ro00000EMjHlIAL,2026-08-04,2026-08-04
a06Ro00000EORAHIA5,2026-08-04,2026-08-04
a06Ro00000EPKTJIA5,2026-08-04,2026-08-04
a06Ro00000EPJqcIAH,2026-08-04,2026-08-04
a06Ro00000EPJqdIAH,2026-08-04,2026-08-04
a06Ro00000ERd3qIAD,2026-08-04,2026-08-04
a06Ro00000ETZaDIAX,2026-08-04,2026-08-04
a06Ro00000ETacjIAD,2026-08-04,2026-08-04
a06Ro00000ETaZWIA1,2026-08-04,2026-08-04
a06Ro00000ETK1iIAH,2026-08-04,2026-08-04
a06Ro00000ETdNhIAL,2026-08-04,2026-08-04
a06Ro00000ETi2PIAT,2026-08-04,2026-08-04
a06Ro00000ETjo5IAD,2026-08-04,2026-08-04
a06Ro00000EThb2IAD,2026-08-04,2026-08-04
a06Ro00000ETmArIAL,2026-08-04,2026-08-04
a06Ro00000ETnzlIAD,2026-08-04,2026-08-04
a06Ro00000ETfNvIAL,2026-08-04,2026-08-04
a06Ro00000ETz86IAD,2026-08-04,2026-08-04
a06Ro00000EU0aRIAT,2026-08-04,2026-08-04
a06Ro00000EU9aTIAT,2026-08-04,2026-08-04
a06Ro00000EU8xmIAD,2026-08-04,2026-08-04
a06Ro00000EU64kIAD,2026-08-04,2026-08-04
a06Ro00000EUBysIAH,2026-08-04,2026-08-04
a06Ro00000EU6fvIAD,2026-08-04,2026-08-04
a06Ro00000EU5NCIA1,2026-08-04,2026-08-04
a06Ro00000EUDW5IAP,2026-08-04,2026-08-04
a06Ro00000EUboTIAT,2026-08-04,2026-08-04
a06Ro00000EUjAvIAL,2026-08-04,2026-08-04
a06Ro00000EidteIAB,2026-08-04,2026-08-04
a06Ro00000EjPrpIAF,2026-08-04,2026-08-04
a06Ro00000EnqgXIAR,2026-08-04,2026-08-04
a06Ro00000EpR1JIAV,2026-08-04,2026-08-04
a06Ro00000Eqk3VIAR,2026-08-04,2026-08-04
a06Ro00000Ethr1IAB,2026-08-04,2026-08-04
a06Ro00000F3y0cIAB,2026-08-04,2026-08-04
a06Ro00000F483BIAR,2026-08-04,2026-08-04
a06Ro00000F5bESIAZ,2026-08-04,2026-08-04
a06Ro00000F5mmaIAB,2026-08-04,2026-08-04
a06Ro00000F6sI3IAJ,2026-08-04,2026-08-04
a06Ro00000F8LZhIAN,2026-08-04,2026-08-04
a06Ro00000F8WlFIAV,2026-08-04,2026-08-04
a06Ro00000F8SheIAF,2026-08-04,2026-08-04
a06Ro00000F98PCIAZ,2026-08-04,2026-08-04
a06Ro00000FBlpNIAT,2026-08-04,2026-08-04
a06Ro00000FCApOIAX,2026-08-04,2026-08-04
a06Ro00000FCAzCIAX,2026-08-04,2026-08-04
a06Ro00000FCSGJIA5,2026-08-04,2026-08-04
a06Ro00000FEgErIAL,2026-08-04,2026-08-04
a06Ro00000FF1ODIA1,2026-08-04,2026-08-04
a06Ro00000FFBFRIA5,2026-08-04,2026-08-04
a06Ro00000FEzKlIAL,2026-08-04,2026-08-04
a06Ro00000FGnM1IAL,2026-08-04,2026-08-04
a06Ro00000FKITCIA5,2026-08-04,2026-08-04
a06Ro00000FKOS9IAP,2026-08-04,2026-08-04
a06Ro00000FKPeLIAX,2026-08-04,2026-08-04
a06Ro00000FKPzJIAX,2026-08-04,2026-08-04
a06Ro00000FKQaPIAX,2026-08-04,2026-08-04
a06Ro00000FKLsVIAX,2026-08-04,2026-08-04
a06Ro00000FKO2MIAX,2026-08-04,2026-08-04
a06Ro00000FLujJIAT,2026-08-04,2026-08-04
a06Ro00000FLxioIAD,2026-08-04,2026-08-04
a06Ro00000FMZ05IAH,2026-08-04,2026-08-04
a06Ro00000FMqvNIAT,2026-08-04,2026-08-04
a06Ro00000FOY0BIAX,2026-08-04,2026-08-04
a06Ro00000FOY0CIAX,2026-08-04,2026-08-04
a06Ro00000FOY1VIAX,2026-08-04,2026-08-04
a06Ro00000FOY1WIAX,2026-08-04,2026-08-04
a06Ro00000FOY1XIAX,2026-08-04,2026-08-04
a06Ro00000FOY1YIAX,2026-08-04,2026-08-04
a06Ro00000FOY1ZIAX,2026-08-04,2026-08-04
a06Ro00000FOY1aIAH,2026-08-04,2026-08-04
a06Ro00000FOY1bIAH,2026-08-04,2026-08-04
a06Ro00000FOY1cIAH,2026-08-04,2026-08-04
a06Ro00000FOY1dIAH,2026-08-04,2026-08-04
a06Ro00000FOY1eIAH,2026-08-04,2026-08-04
a06Ro00000FPigLIAT,2026-08-04,2026-08-04
a06Ro00000FPyTOIA1,2026-08-04,2026-08-04
a06Ro00000FUeNZIA1,2026-08-04,2026-08-04
a06Ro00000FZga2IAD,2026-08-04,2026-08-04
a06Ro00000FZORrIAP,2026-08-04,2026-08-04
a06Ro00000FZOWhIAP,2026-08-04,2026-08-04
a06Ro00000Fbq5UIAR,2026-08-04,2026-08-04
a06Ro00000Fc9zJIAR,2026-08-04,2026-08-04
a06Ro00000FcrU5IAJ,2026-08-04,2026-08-04
a06Ro00000Fpa0nIAB,2026-08-04,2026-08-04
a06Ro00000FpR0lIAF,2026-08-04,2026-08-04
a06Ro00000G0xlGIAR,2026-08-04,2026-08-04
a06Ro00000GA7WrIAL,2026-08-04,2026-08-04
a06Ro00000GF94zIAD,2026-08-04,2026-08-04
a06Ro00000GGNAjIAP,2026-08-04,2026-08-04
a06Ro00000GKiWjIAL,2026-08-04,2026-08-04
a06Ro00000GPLfxIAH,2026-08-04,2026-08-04
a06Ro00000GloHtIAJ,2026-08-04,2026-08-04
a06Ro00000H3K6rIAF,2026-08-04,2026-08-04
a06Ro00000HUJpuIAH,2026-08-04,2026-08-04
a06Ro00000HW7pOIAT,2026-08-04,2026-08-04
a06Ro00000HWajLIAT,2026-08-04,2026-08-04
a06Ro00000HWth9IAD,2026-08-04,2026-08-04
a06Ro00000HX5deIAD,2026-08-04,2026-08-04
a06Ro00000HX6BJIA1,2026-08-04,2026-08-04
a06Ro00000Ha8L7IAJ,2026-08-04,2026-08-04
a06Ro00000HaGHOIA3,2026-08-04,2026-08-04
a06Ro00000Hd3CPIAZ,2026-08-04,2026-08-04
a06Ro00000HdEhGIAV,2026-08-04,2026-08-04
a06Ro00000HdNxRIAV,2026-08-04,2026-08-04
a06Ro00000HdRD5IAN,2026-08-04,2026-08-04
a06Ro00000HdOWxIAN,2026-08-04,2026-08-04
a06Ro00000HdjWXIAZ,2026-08-04,2026-08-04
a06Ro00000Hdg42IAB,2026-08-04,2026-08-04
a06Ro00000HdxHlIAJ,2026-08-04,2026-08-04
a06Ro00000HdyaPIAR,2026-08-04,2026-08-04
a06Ro00000HdqJeIAJ,2026-08-04,2026-08-04
a06Ro00000HdySMIAZ,2026-08-04,2026-08-04
a06Ro00000HlXd3IAF,2026-08-04,2026-08-04
a06Ro00000HpA68IAF,2026-08-04,2026-08-04
a06Ro00000I02NdIAJ,2026-08-04,2026-08-04
a06Ro00000IAFgBIAX,2026-08-04,2026-08-04
a06Ro00000IAfltIAD,2026-08-04,2026-08-04
a06Ro00000IAiQQIA1,2026-08-04,2026-08-04
a06Ro00000IAsKvIAL,2026-08-04,2026-08-04
a06Ro00000IAvvVIAT,2026-08-04,2026-08-04
a06Ro00000IAt0sIAD,2026-08-04,2026-08-04
a06Ro00000IDPRGIA5,2026-08-04,2026-08-04
a06Ro00000IGXwvIAH,2026-08-04,2026-08-04
a06Ro00000IGgk5IAD,2026-08-04,2026-08-04
a06Ro00000IGpCHIA1,2026-08-04,2026-08-04
a06Ro00000IKZYjIAP,2026-08-04,2026-08-04
a06Ro00000IKRL4IAP,2026-08-04,2026-08-04
a06Ro00000IOnurIAD,2026-08-04,2026-08-04
a06Ro00000IbQduIAF,2026-08-04,2026-08-04
a06Ro00000IfdvtIAB,2026-08-04,2026-08-04
a06Ro00000IiuCDIAZ,2026-08-04,2026-08-04
a06Ro00000IioegIAB,2026-08-04,2026-08-04
a06Ro00000IiqTaIAJ,2026-08-04,2026-08-04
a06Ro00000IlfDRIAZ,2026-08-04,2026-08-04
a06Ro00000Imn7LIAR,2026-08-04,2026-08-04
a06Ro00000ImwvQIAR,2026-08-04,2026-08-04
a06Ro00000IqQ8vIAF,2026-08-04,2026-08-04
a06Ro00000IqS13IAF,2026-08-04,2026-08-04
a06Ro00000Iuni1IAB,2026-08-04,2026-08-04
a06Ro00000Iul1uIAB,2026-08-04,2026-08-04
a06Ro00000IvDhJIAV,2026-08-04,2026-08-04
a06Ro00000Iv5OrIAJ,2026-08-04,2026-08-04
a06Ro00000IzYthIAF,2026-08-04,2026-08-04
a06Ro00000J3TfFIAV,2026-08-04,2026-08-04
a06Ro00000J3Gq8IAF,2026-08-04,2026-08-04
a06Ro00000J3RIXIA3,2026-08-04,2026-08-04
a06Ro00000J3V2kIAF,2026-08-04,2026-08-04
a06Ro00000J3ZsjIAF,2026-08-04,2026-08-04
a06Ro00000J3ZRKIA3,2026-08-04,2026-08-04
a06Ro00000J3KdaIAF,2026-08-04,2026-08-04
a06Ro00000J3aNNIAZ,2026-08-04,2026-08-04
a06Ro00000J3PYRIA3,2026-08-04,2026-08-04
a06Ro00000J63WXIAZ,2026-08-04,2026-08-04
a06Ro00000JA4KLIA1,2026-08-04,2026-08-04
a06Ro00000JA22QIAT,2026-08-04,2026-08-04
a06Ro00000JAEwPIAX,2026-08-04,2026-08-04
a06Ro00000JANbYIAX,2026-08-04,2026-08-04
a06Ro00000JAYGnIAP,2026-08-04,2026-08-04
a06Ro00000JAdhtIAD,2026-08-04,2026-08-04
a06Ro00000JAYyMIAX,2026-08-04,2026-08-04
a06Ro00000JAdjVIAT,2026-08-04,2026-08-04
a06Ro00000JAdl7IAD,2026-08-04,2026-08-04
a06Ro00000JApCoIAL,2026-08-04,2026-08-04
a06Ro00000JAqOzIAL,2026-08-04,2026-08-04
a06Ro00000JBxLEIA1,2026-08-04,2026-08-04
a06Ro00000JC8RtIAL,2026-08-04,2026-08-04
a06Ro00000JBwH5IAL,2026-08-04,2026-08-04
a06Ro00000JEmORIA1,2026-08-04,2026-08-04
a06Ro00000JJ0UTIA1,2026-08-04,2026-08-04
a06Ro00000JRBNpIAP,2026-08-04,2026-08-04
a06Ro00000JRClJIAX,2026-08-04,2026-08-04
a06Ro00000JR8wFIAT,2026-08-04,2026-08-04
a06Ro00000JRCRyIAP,2026-08-04,2026-08-04
a06Ro00000JR8udIAD,2026-08-04,2026-08-04
a06Ro00000JRDe9IAH,2026-08-04,2026-08-04
a06Ro00000JREAPIA5,2026-08-04,2026-08-04
a06Ro00000JREK5IAP,2026-08-04,2026-08-04
a06Ro00000JRBCZIA5,2026-08-04,2026-08-04
a06Ro00000JaLiwIAF,2026-08-04,2026-08-04
a06Ro00000Js089IAB,2026-08-04,2026-08-04
a06Ro00000K46zRIAR,2026-08-04,2026-08-04
a06Ro00000K4FTBIA3,2026-08-04,2026-08-04
a06Ro00000K4ABnIAN,2026-08-04,2026-08-04
a06Ro00000K4HmjIAF,2026-08-04,2026-08-04
a06Ro00000K6rhFIAR,2026-08-04,2026-08-04
a06Ro00000K7hZNIAZ,2026-08-04,2026-08-04
a06Ro00000K7hj3IAB,2026-08-04,2026-08-04
a06Ro00000K7hxZIAR,2026-08-04,2026-08-04
a06Ro00000K7iSDIAZ,2026-08-04,2026-08-04
a06Ro00000K7ionIAB,2026-08-04,2026-08-04
a06Ro00000K7j05IAB,2026-08-04,2026-08-04
a06Ro00000K7jjFIAR,2026-08-04,2026-08-04
a06Ro00000K7k2bIAB,2026-08-04,2026-08-04
a06Ro00000K7kNZIAZ,2026-08-04,2026-08-04
a06Ro00000K7kaTIAR,2026-08-04,2026-08-04
a06Ro00000K7lOTIAZ,2026-08-04,2026-08-04
a06Ro00000K7bNaIAJ,2026-08-04,2026-08-04
a06Ro00000K7dUDIAZ,2026-08-04,2026-08-04
a06Ro00000K7lJeIAJ,2026-08-04,2026-08-04
a06Ro00000K7gAIIAZ,2026-08-04,2026-08-04
a06Ro00000K7mNlIAJ,2026-08-04,2026-08-04
a06Ro00000K7mXRIAZ,2026-08-04,2026-08-04
a06Ro00000KBR7pIAH,2026-08-04,2026-08-04
a06Ro00000KBOzaIAH,2026-08-04,2026-08-04
a06Ro00000KBoSbIAL,2026-08-04,2026-08-04
a06Ro00000KBpRtIAL,2026-08-04,2026-08-04
a06Ro00000KBrYXIA1,2026-08-04,2026-08-04
a06Ro00000KBp8bIAD,2026-08-04,2026-08-04
a06Ro00000KBftzIAD,2026-08-04,2026-08-04
a06Ro00000KBspZIAT,2026-08-04,2026-08-04
a06Ro00000KBgrfIAD,2026-08-04,2026-08-04
a06Ro00000KBjHeIAL,2026-08-04,2026-08-04
a06Ro00000KBvttIAD,2026-08-04,2026-08-04
a06Ro00000KKQpGIAX,2026-08-04,2026-08-04
a06Ro00000KRrb1IAD,2026-08-04,2026-08-04
a06Ro00000KfAWFIA3,2026-08-04,2026-08-04
a06Ro00000KfGV8IAN,2026-08-04,2026-08-04
a06Ro00000KfKFNIA3,2026-08-04,2026-08-04
a06Ro00000KfH9SIAV,2026-08-04,2026-08-04
a06Ro00000KfK8xIAF,2026-08-04,2026-08-04
a06Ro00000KsYXTIA3,2026-08-04,2026-08-04
a06Ro00000KvYW5IAN,2026-08-04,2026-08-04
a06Ro00000KvSTuIAN,2026-08-04,2026-08-04
a06Ro00000KvLVfIAN,2026-08-04,2026-08-04
a06Ro00000KvZS9IAN,2026-08-04,2026-08-04
a06Ro00000KvZn7IAF,2026-08-04,2026-08-04
a06Ro00000KvWfcIAF,2026-08-04,2026-08-04
a06Ro00000KvaZVIAZ,2026-08-04,2026-08-04
a06Ro00000KvMd1IAF,2026-08-04,2026-08-04
a06Ro00000KvXwgIAF,2026-08-04,2026-08-04
a06Ro00000KvTQ0IAN,2026-08-04,2026-08-04
a06Ro00000LGjrWIAT,2026-08-04,2026-08-04
a06Ro00000LGmKjIAL,2026-08-04,2026-08-04
a06Ro00000LGmRBIA1,2026-08-04,2026-08-04
a06Ro00000LGpSHIA1,2026-08-04,2026-08-04
a06Ro00000LGpaLIAT,2026-08-04,2026-08-04
a06Ro00000LGpfBIAT,2026-08-04,2026-08-04
a06Ro00000LGnqIIAT,2026-08-04,2026-08-04
a06Ro00000LGniEIAT,2026-08-04,2026-08-04
a06Ro00000LGq09IAD,2026-08-04,2026-08-04
a06Ro00000LGqEfIAL,2026-08-04,2026-08-04
a06Ro00000LGpSIIA1,2026-08-04,2026-08-04
a06Ro00000LGq51IAD,2026-08-04,2026-08-04
a06Ro00000LGo6QIAT,2026-08-04,2026-08-04
a06Ro00000LGk4mIAD,2026-08-04,2026-08-04
a06Ro00000LImGuIAL,2026-08-04,2026-08-04
a06Ro00000LJqurIAD,2026-08-04,2026-08-04
a06Ro00000LJqusIAD,2026-08-04,2026-08-04
a06Ro00000LLpbKIAT,2026-08-04,2026-08-04
a06Ro00000LLpbLIAT,2026-08-04,2026-08-04
a06Ro00000Lalh3IAB,2026-08-04,2026-08-04
a06Ro00000Lnzz7IAB,2026-08-04,2026-08-04
a06Ro00000LniyIIAR,2026-08-04,2026-08-04
a06Ro00000LuIe5IAF,2026-08-04,2026-08-04
a06Ro00000LuIe6IAF,2026-08-04,2026-08-04
a06Ro00000LuU2XIAV,2026-08-04,2026-08-04
a06Ro00000M6gMTIAZ,2026-08-04,2026-08-04
a06Ro00000MNfHAIA1,2026-08-04,2026-08-04
a06Ro00000MNqkPIAT,2026-08-04,2026-08-04
a06Ro00000MNbgZIAT,2026-08-04,2026-08-04
a06Ro00000MNiOhIAL,2026-08-04,2026-08-04
a06Ro00000MNhkMIAT,2026-08-04,2026-08-04
a06Ro00000MNtVNIA1,2026-08-04,2026-08-04
a06Ro00000MNgWbIAL,2026-08-04,2026-08-04
a06Ro00000MNVOEIA5,2026-08-04,2026-08-04
a06Ro00000MNupdIAD,2026-08-04,2026-08-04
a06Ro00000MNlUeIAL,2026-08-04,2026-08-04
a06Ro00000MNvovIAD,2026-08-04,2026-08-04
a06Ro00000MNo2hIAD,2026-08-04,2026-08-04
a06Ro00000MNnLCIA1,2026-08-04,2026-08-04
a06Ro00000MNx2jIAD,2026-08-04,2026-08-04
a06Ro00000MNbTkIAL,2026-08-04,2026-08-04
a06Ro00000MNxabIAD,2026-08-04,2026-08-04
a06Ro00000MNxdpIAD,2026-08-04,2026-08-04
a06Ro00000MNyejIAD,2026-08-04,2026-08-04
a06Ro00000MNmaOIAT,2026-08-04,2026-08-04
a06Ro00000MNybWIAT,2026-08-04,2026-08-04
a06Ro00000MNzm5IAD,2026-08-04,2026-08-04
a06Ro00000MNb8hIAD,2026-08-04,2026-08-04
a06Ro00000MNtn8IAD,2026-08-04,2026-08-04
a06Ro00000MNsW8IAL,2026-08-04,2026-08-04
a06Ro00000MNhipIAD,2026-08-04,2026-08-04
a06Ro00000MO3swIAD,2026-08-04,2026-08-04
a06Ro00000MO3UkIAL,2026-08-04,2026-08-04
a06Ro00000MO1HeIAL,2026-08-04,2026-08-04
a06Ro00000MOA6QIAX,2026-08-04,2026-08-04
a06Ro00000MO1ZRIA1,2026-08-04,2026-08-04
a06Ro00000MO5ErIAL,2026-08-04,2026-08-04
a06Ro00000MOE1yIAH,2026-08-04,2026-08-04
a06Ro00000MODSXIA5,2026-08-04,2026-08-04
a06Ro00000MQryTIAT,2026-08-04,2026-08-04
a06Ro00000MdSHYIA3,2026-08-04,2026-08-04
a06Ro00000MdSHZIA3,2026-08-04,2026-08-04
a06Ro00000MdSHaIAN,2026-08-04,2026-08-04
a06Ro00000MdSHbIAN,2026-08-04,2026-08-04
a06Ro00000Mjm3qIAB,2026-08-04,2026-08-04
a06Ro00000Mo6rxIAB,2026-08-04,2026-08-04
a06Ro00000Mt50oIAB,2026-08-04,2026-08-04
a06Ro00000MtDpcIAF,2026-08-04,2026-08-04
a06Ro00000MtMODIA3,2026-08-04,2026-08-04
a06Ro00000MuUegIAF,2026-08-04,2026-08-04
a06Ro00000MuY0kIAF,2026-08-04,2026-08-04
a06Ro00000MvZUEIA3,2026-08-04,2026-08-04
a06Ro00000MvenFIAR,2026-08-04,2026-08-04
a06Ro00000Mvsn0IAB,2026-08-04,2026-08-04
a06Ro00000Mw281IAB,2026-08-04,2026-08-04
a06Ro00000Mw3bxIAB,2026-08-04,2026-08-04
a06Ro00000Mw5ttIAB,2026-08-04,2026-08-04
a06Ro00000MyAsfIAF,2026-08-04,2026-08-04
a06Ro00000MyoOiIAJ,2026-08-04,2026-08-04
a06Ro00000MyoOjIAJ,2026-08-04,2026-08-04
a06Ro00000MyvgLIAR,2026-08-04,2026-08-04
a06Ro00000N7vltIAB,2026-08-04,2026-08-04
a06Ro00000N7vvZIAR,2026-08-04,2026-08-04
a06Ro00000NCqyTIAT,2026-08-04,2026-08-04
a06Ro00000ND3xKIAT,2026-08-04,2026-08-04
a06Ro00000ND2YKIA1,2026-08-04,2026-08-04
a06Ro00000NDAHIIA5,2026-08-04,2026-08-04
a06Ro00000NDRoMIAX,2026-08-04,2026-08-04
a06Ro00000NDSPtIAP,2026-08-04,2026-08-04
a06Ro00000NDOdbIAH,2026-08-04,2026-08-04
a06Ro00000NDUsgIAH,2026-08-04,2026-08-04
a06Ro00000NDQkEIAX,2026-08-04,2026-08-04
a06Ro00000NDFthIAH,2026-08-04,2026-08-04
a06Ro00000NDL6FIAX,2026-08-04,2026-08-04
a06Ro00000NDL4fIAH,2026-08-04,2026-08-04
a06Ro00000NDHvXIAX,2026-08-04,2026-08-04
a06Ro00000NDZPKIA5,2026-08-04,2026-08-04
a06Ro00000NDUJDIA5,2026-08-04,2026-08-04
a06Ro00000NDbZBIA1,2026-08-04,2026-08-04
a06Ro00000NDFtiIAH,2026-08-04,2026-08-04
a06Ro00000NDFKDIA5,2026-08-04,2026-08-04
a06Ro00000NDeYfIAL,2026-08-04,2026-08-04
a06Ro00000NDiIvIAL,2026-08-04,2026-08-04
a06Ro00000NEfcLIAT,2026-08-04,2026-08-04
a06Ro00000NEjb7IAD,2026-08-04,2026-08-04
a06Ro00000NEqO6IAL,2026-08-04,2026-08-04
a06Ro00000NJRDmIAP,2026-08-04,2026-08-04
a06Ro00000NJRDnIAP,2026-08-04,2026-08-04
a06Ro00000NJRDoIAP,2026-08-04,2026-08-04
a06Ro00000NJlqnIAD,2026-08-04,2026-08-04
a06Ro00000NJeSmIAL,2026-08-04,2026-08-04
a06Ro00000NKjrpIAD,2026-08-04,2026-08-04
a06Ro00000NLFWfIAP,2026-08-04,2026-08-04
a06Ro00000NLGXZIA5,2026-08-04,2026-08-04
a06Ro00000NLIsjIAH,2026-08-04,2026-08-04
a06Ro00000NLNu1IAH,2026-08-04,2026-08-04
a06Ro00000NLORtIAP,2026-08-04,2026-08-04
a06Ro00000NLPEHIA5,2026-08-04,2026-08-04
a06Ro00000NLPkXIAX,2026-08-04,2026-08-04
a06Ro00000NQjAlIAL,2026-08-04,2026-08-04
a06Ro00000NQvAIIA1,2026-08-04,2026-08-04
a06Ro00000NRcf3IAD,2026-08-04,2026-08-04
a06Ro00000NRcf4IAD,2026-08-04,2026-08-04
a06Ro00000NUvq3IAD,2026-08-04,2026-08-04
a06Ro00000NV5XeIAL,2026-08-04,2026-08-04
a06Ro00000NV3KYIA1,2026-08-04,2026-08-04
a06Ro00000NV54cIAD,2026-08-04,2026-08-04
a06Ro00000NV7eHIAT,2026-08-04,2026-08-04
a06Ro00000NccS3IAJ,2026-08-04,2026-08-04
a06Ro00000Nf7wOIAR,2026-08-04,2026-08-04
a06Ro00000Nf7wPIAR,2026-08-04,2026-08-04
a06Ro00000NfmkzIAB,2026-08-04,2026-08-04
a06Ro00000NfmrRIAR,2026-08-04,2026-08-04
a06Ro00000Nfn4LIAR,2026-08-04,2026-08-04
a06Ro00000NfnFdIAJ,2026-08-04,2026-08-04
a06Ro00000NfJEVIA3,2026-08-04,2026-08-04
a06Ro00000NfgEAIAZ,2026-08-04,2026-08-04
a06Ro00000NfnnVIAR,2026-08-04,2026-08-04
a06Ro00000NfntxIAB,2026-08-04,2026-08-04
a06Ro00000NfgEBIAZ,2026-08-04,2026-08-04
a06Ro00000NfoI9IAJ,2026-08-04,2026-08-04
a06Ro00000Nfmt4IAB,2026-08-04,2026-08-04
a06Ro00000NfoQDIAZ,2026-08-04,2026-08-04
a06Ro00000No21NIAR,2026-08-04,2026-08-04
a06Ro00000NtuHHIAZ,2026-08-04,2026-08-04
a06Ro00000Nxm09IAB,2026-08-04,2026-08-04
a06Ro00000NxmGHIAZ,2026-08-04,2026-08-04
a06Ro00000O7CBVIA3,2026-08-04,2026-08-04
a06Ro00000O9hJGIAZ,2026-08-04,2026-08-04
a06Ro00000OCN09IAH,2026-08-04,2026-08-04
a06Ro00000OCarVIAT,2026-08-04,2026-08-04
a06Ro00000OCQ7OIAX,2026-08-04,2026-08-04
a06Ro00000ODhR7IAL,2026-08-04,2026-08-04
a06Ro00000ODijlIAD,2026-08-04,2026-08-04
a06Ro00000ODfnWIAT,2026-08-04,2026-08-04
a06Ro00000OGGUPIA5,2026-08-04,2026-08-04
a06Ro00000OJ2gDIAT,2026-08-04,2026-08-04
a06Ro00000OIwEEIA1,2026-08-04,2026-08-04
a06Ro00000OJ3E6IAL,2026-08-04,2026-08-04
a06Ro00000OIzdWIAT,2026-08-04,2026-08-04
a06Ro00000OJ7BFIA1,2026-08-04,2026-08-04
a06Ro00000OJ5NyIAL,2026-08-04,2026-08-04
a06Ro00000OJBMvIAP,2026-08-04,2026-08-04
a06Ro00000OJCNpIAP,2026-08-04,2026-08-04
a06Ro00000OJDRxIAP,2026-08-04,2026-08-04
a06Ro00000OJEkbIAH,2026-08-04,2026-08-04
a06Ro00000OJZ13IAH,2026-08-04,2026-08-04
a06Ro00000OJT26IAH,2026-08-04,2026-08-04
a06Ro00000OJOSFIA5,2026-08-04,2026-08-04
a06Ro00000OJL2xIAH,2026-08-04,2026-08-04
a06Ro00000OJb9JIAT,2026-08-04,2026-08-04
a06Ro00000OJbdxIAD,2026-08-04,2026-08-04
a06Ro00000OJaDGIA1,2026-08-04,2026-08-04
a06Ro00000OI3ZWIA1,2026-08-04,2026-08-04
a06Ro00000OJcrlIAD,2026-08-04,2026-08-04
a06Ro00000OJdUTIA1,2026-08-04,2026-08-04
a06Ro00000OJdcXIAT,2026-08-04,2026-08-04
a06Ro00000OI8uAIAT,2026-08-04,2026-08-04
a06Ro00000OJbanIAD,2026-08-04,2026-08-04
a06Ro00000OJf6TIAT,2026-08-04,2026-08-04
a06Ro00000OJeX0IAL,2026-08-04,2026-08-04
a06Ro00000OJfWHIA1,2026-08-04,2026-08-04
a06Ro00000OT5JSIA1,2026-08-04,2026-08-04
a06Ro00000OSu4hIAD,2026-08-04,2026-08-04
a06Ro00000OT2TgIAL,2026-08-04,2026-08-04
a06Ro00000OVVHqIAP,2026-08-04,2026-08-04
a06Ro00000OY8i8IAD,2026-08-04,2026-08-04
a06Ro00000OYQFBIA5,2026-08-04,2026-08-04
a06Ro00000OYT3OIAX,2026-08-04,2026-08-04
a06Ro00000Of1ARIAZ,2026-08-04,2026-08-04
a06Ro00000OekUYIAZ,2026-08-04,2026-08-04
a06Ro00000Of94jIAB,2026-08-04,2026-08-04
a06Ro00000Of9j3IAB,2026-08-04,2026-08-04
a06Ro00000OezdGIAR,2026-08-04,2026-08-04
a06Ro00000OeuP4IAJ,2026-08-04,2026-08-04
a06Ro00000Oeja7IAB,2026-08-04,2026-08-04
a06Ro00000OfBo5IAF,2026-08-04,2026-08-04
a06Ro00000Ogs1NIAR,2026-08-04,2026-08-04
a06Ro00000Ogs2zIAB,2026-08-04,2026-08-04
a06Ro00000OgsnlIAB,2026-08-04,2026-08-04
a06Ro00000Ogt0fIAB,2026-08-04,2026-08-04
a06Ro00000OgtVJIAZ,2026-08-04,2026-08-04
a06Ro00000Ogta9IAB,2026-08-04,2026-08-04
a06Ro00000OmvxRIAR,2026-08-04,2026-08-04
a06Ro00000OndIXIAZ,2026-08-04,2026-08-04
a06Ro00000OndQbIAJ,2026-08-04,2026-08-04
a06Ro00000On9xFIAR,2026-08-04,2026-08-04
a06Ro00000OndjxIAB,2026-08-04,2026-08-04
a06Ro00000One4vIAB,2026-08-04,2026-08-04
a06Ro00000OneWLIAZ,2026-08-04,2026-08-04
a06Ro00000OnemTIAR,2026-08-04,2026-08-04
a06Ro00000OllX8IAJ,2026-08-04,2026-08-04
a06Ro00000OyQrRIAV,2026-08-04,2026-08-04
a06Ro00000OyVBCIA3,2026-08-04,2026-08-04
a06Ro00000P25I9IAJ,2026-08-04,2026-08-04
a06Ro00000PBGhNIAX,2026-08-04,2026-08-04
a06Ro00000PH3r7IAD,2026-08-04,2026-08-04
a06Ro00000PHPV3IAP,2026-08-04,2026-08-04
a06Ro00000PHO4MIAX,2026-08-04,2026-08-04
a06Ro00000PHRILIA5,2026-08-04,2026-08-04
a06Ro00000PHJuIIAX,2026-08-04,2026-08-04
a06Ro00000PHRIMIA5,2026-08-04,2026-08-04
a06Ro00000PH5ucIAD,2026-08-04,2026-08-04
a06Ro00000PHTFJIA5,2026-08-04,2026-08-04
a06Ro00000PNQHyIAP,2026-08-04,2026-08-04
a06Ro00000PNSEvIAP,2026-08-04,2026-08-04
a06Ro00000PNGSLIA5,2026-08-04,2026-08-04
a06Ro00000PTwWsIAL,2026-08-04,2026-08-04
a06Ro00000PUAJhIAP,2026-08-04,2026-08-04
a06Ro00000Ph7xVIAR,2026-08-04,2026-08-04
a06Ro00000PhKMrIAN,2026-08-04,2026-08-04
a06Ro00000Ph3KRIAZ,2026-08-04,2026-08-04
a06Ro00000PhMTVIA3,2026-08-04,2026-08-04
a06Ro00000PhNfhIAF,2026-08-04,2026-08-04
a06Ro00000PhDhyIAF,2026-08-04,2026-08-04
a06Ro00000PhOiDIAV,2026-08-04,2026-08-04
a06Ro00000PgwMBIAZ,2026-08-04,2026-08-04
a06Ro00000PhJx4IAF,2026-08-04,2026-08-04
a06Ro00000PhQdZIAV,2026-08-04,2026-08-04
a06Ro00000PhQaPIAV,2026-08-04,2026-08-04
a06Ro00000PhDTSIA3,2026-08-04,2026-08-04
a06Ro00000PhVqAIAV,2026-08-04,2026-08-04
a06Ro00000PhXQXIA3,2026-08-04,2026-08-04
a06Ro00000PhY6TIAV,2026-08-04,2026-08-04
a06Ro00000PhYmPIAV,2026-08-04,2026-08-04
a06Ro00000PhZc1IAF,2026-08-04,2026-08-04
a06Ro00000PhI6YIAV,2026-08-04,2026-08-04
a06Ro00000PhajNIAR,2026-08-04,2026-08-04
a06Ro00000PocuvIAB,2026-08-04,2026-08-04
a06Ro00000PoeFBIAZ,2026-08-04,2026-08-04
a06Ro00000PofETIAZ,2026-08-04,2026-08-04
a06Ro00000PoggnIAB,2026-08-04,2026-08-04
a06Ro00000Poh4zIAB,2026-08-04,2026-08-04
a06Ro00000PohcrIAB,2026-08-04,2026-08-04
a06Ro00000QG4tWIAT,2026-08-04,2026-08-04
a06Ro00000QG6qTIAT,2026-08-04,2026-08-04
a06Ro00000QFzp0IAD,2026-08-04,2026-08-04
a06Ro00000QG8AjIAL,2026-08-04,2026-08-04
a06Ro00000QG8c9IAD,2026-08-04,2026-08-04
a06Ro00000QG9y1IAD,2026-08-04,2026-08-04
a06Ro00000QG5eJIAT,2026-08-04,2026-08-04
a06Ro00000QGANpIAP,2026-08-04,2026-08-04
a06Ro00000QGAfZIAX,2026-08-04,2026-08-04
a06Ro00000QG9V0IAL,2026-08-04,2026-08-04
a06Ro00000QJdDBIA1,2026-08-04,2026-08-04
a06Ro00000QL9qvIAD,2026-08-04,2026-08-04
a06Ro00000QbbjBIAR,2026-08-04,2026-08-04
a06Ro00000QmY22IAF,2026-08-04,2026-08-04
a06Ro00000Qme2bIAB,2026-08-04,2026-08-04
a06Ro00000Qme2cIAB,2026-08-04,2026-08-04
a06Ro00000Qme2dIAB,2026-08-04,2026-08-04
a06Ro00000Qme2eIAB,2026-08-04,2026-08-04
a06Ro00000Qme2fIAB,2026-08-04,2026-08-04
a06Ro00000Qme2gIAB,2026-08-04,2026-08-04
a06Ro00000Qme2hIAB,2026-08-04,2026-08-04
a06Ro00000QnHOvIAN,2026-08-04,2026-08-04
a06Ro00000QnHOwIAN,2026-08-04,2026-08-04
a06Ro00000QnHOxIAN,2026-08-04,2026-08-04
a06Ro00000QnHOyIAN,2026-08-04,2026-08-04
a06Ro00000QnHOzIAN,2026-08-04,2026-08-04
a06Ro00000QnHP0IAN,2026-08-04,2026-08-04
a06Ro00000QnHP1IAN,2026-08-04,2026-08-04
a06Ro00000QnHP2IAN,2026-08-04,2026-08-04
a06Ro00000QnHP3IAN,2026-08-04,2026-08-04
a06Ro00000QnHP4IAN,2026-08-04,2026-08-04
a06Ro00000QnHP5IAN,2026-08-04,2026-08-04
a06Ro00000QnHP6IAN,2026-08-04,2026-08-04
a06Ro00000QnHP7IAN,2026-08-04,2026-08-04
a06Ro00000QnHP8IAN,2026-08-04,2026-08-04
a06Ro00000QnHP9IAN,2026-08-04,2026-08-04
a06Ro00000QnHPAIA3,2026-08-04,2026-08-04
a06Ro00000QnHPBIA3,2026-08-04,2026-08-04
a06Ro00000QnHPCIA3,2026-08-04,2026-08-04
a06Ro00000QnHPDIA3,2026-08-04,2026-08-04
a06Ro00000QnHPEIA3,2026-08-04,2026-08-04
a06Ro00000QnHPFIA3,2026-08-04,2026-08-04
a06Ro00000QnHPGIA3,2026-08-04,2026-08-04
a06Ro00000QnHPHIA3,2026-08-04,2026-08-04
a06Ro00000QnHPIIA3,2026-08-04,2026-08-04
a06Ro00000QnHPJIA3,2026-08-04,2026-08-04
a06Ro00000QnHPKIA3,2026-08-04,2026-08-04
a06Ro00000QnHPLIA3,2026-08-04,2026-08-04
a06Ro00000QnHPMIA3,2026-08-04,2026-08-04
a06Ro00000QnHPNIA3,2026-08-04,2026-08-04
a06Ro00000QnHPOIA3,2026-08-04,2026-08-04
a06Ro00000QnHPPIA3,2026-08-04,2026-08-04
a06Ro00000Qo6ODIAZ,2026-08-04,2026-08-04
a06Ro00000Qo6OEIAZ,2026-08-04,2026-08-04
a06Ro00000Qo6OFIAZ,2026-08-04,2026-08-04
a06Ro00000QoFRVIA3,2026-08-04,2026-08-04
a06Ro00000QqFnBIAV,2026-08-04,2026-08-04
a06Ro00000QqGzNIAV,2026-08-04,2026-08-04
a06Ro00000QqU6HIAV,2026-08-04,2026-08-04
a06Ro00000Qqhl5IAB,2026-08-04,2026-08-04
a06Ro00000Qrl3YIAR,2026-08-04,2026-08-04
a06Ro00000QrcbGIAR,2026-08-04,2026-08-04
a06Ro00000Qrsg1IAB,2026-08-04,2026-08-04
a06Ro00000Qrsg2IAB,2026-08-04,2026-08-04
a06Ro00000Qrsg3IAB,2026-08-04,2026-08-04
a06Ro00000Qrsg4IAB,2026-08-04,2026-08-04
a06Ro00000Qtv8PIAR,2026-08-04,2026-08-04
a06Ro00000Qu0xeIAB,2026-08-04,2026-08-04
a06Ro00000Qy9fmIAB,2026-08-04,2026-08-04
a06Ro00000QyDwHIAV,2026-08-04,2026-08-04
a06Ro00000QyEIrIAN,2026-08-04,2026-08-04
a06Ro00000QyESXIA3,2026-08-04,2026-08-04
a06Ro00000QyEdpIAF,2026-08-04,2026-08-04
a06Ro00000QxxumIAB,2026-08-04,2026-08-04
a06Ro00000Qy6TRIAZ,2026-08-04,2026-08-04
a06Ro00000QyEynIAF,2026-08-04,2026-08-04
a06Ro00000QyF6rIAF,2026-08-04,2026-08-04
a06Ro00000QyDHyIAN,2026-08-04,2026-08-04
a06Ro00000Qy3vLIAR,2026-08-04,2026-08-04
a06Ro00000QyFObIAN,2026-08-04,2026-08-04
a06Ro00000QyaUfIAJ,2026-08-04,2026-08-04
a06Ro00000Qyab7IAB,2026-08-04,2026-08-04
a06Ro00000QyQFEIA3,2026-08-04,2026-08-04
a06Ro00000QyasrIAB,2026-08-04,2026-08-04
a06Ro00000QyG1PIAV,2026-08-04,2026-08-04
a06Ro00000Qyb8zIAB,2026-08-04,2026-08-04
a06Ro00000RAw8CIAT,2026-08-04,2026-08-04
a06Ro00000RBCMTIA5,2026-08-04,2026-08-04
a06Ro00000RBNPxIAP,2026-08-04,2026-08-04
a06Ro00000RRwbRIAT,2026-08-04,2026-08-04
a06Ro00000RRwbSIAT,2026-08-04,2026-08-04
a06Ro00000RRwbTIAT,2026-08-04,2026-08-04
a06Ro00000RRwbUIAT,2026-08-04,2026-08-04
a06Ro00000Ra6TxIAJ,2026-08-04,2026-08-04
a06Ro00000RaSSrIAN,2026-08-04,2026-08-04
a06Ro00000RcE8rIAF,2026-08-04,2026-08-04
a06Ro00000RcEOzIAN,2026-08-04,2026-08-04
a06Ro00000RcK2zIAF,2026-08-04,2026-08-04
a06Ro00000RcVEYIA3,2026-08-04,2026-08-04
a06Ro00000Re2rZIAR,2026-08-04,2026-08-04
a06Ro00000Re3VtIAJ,2026-08-04,2026-08-04
a06Ro00000RgRfNIAV,2026-08-04,2026-08-04
a06Ro00000RgTyvIAF,2026-08-04,2026-08-04
a06Ro00000RgUF3IAN,2026-08-04,2026-08-04
a06Ro00000RfuBaIAJ,2026-08-04,2026-08-04
a06Ro00000RgVB7IAN,2026-08-04,2026-08-04
a06Ro00000RgVW5IAN,2026-08-04,2026-08-04
a06Ro00000RgMZIIA3,2026-08-04,2026-08-04
a06Ro00000RgUlLIAV,2026-08-04,2026-08-04
a06Ro00000RgIDwIAN,2026-08-04,2026-08-04
a06Ro00000RgSJjIAN,2026-08-04,2026-08-04
a06Ro00000RgdAJIAZ,2026-08-04,2026-08-04
a06Ro00000RgnMXIAZ,2026-08-04,2026-08-04
a06Ro00000RgiWYIAZ,2026-08-04,2026-08-04
a06Ro00000RgjkNIAR,2026-08-04,2026-08-04
a06Ro00000RgktNIAR,2026-08-04,2026-08-04
a06Ro00000RgXrJIAV,2026-08-04,2026-08-04
a06Ro00000RgoKEIAZ,2026-08-04,2026-08-04
a06Ro00000RgktOIAR,2026-08-04,2026-08-04
a06Ro00000Rhrr7IAB,2026-08-04,2026-08-04
a06Ro00000RhsGvIAJ,2026-08-04,2026-08-04
a06Ro00000RhsaHIAR,2026-08-04,2026-08-04
a06Ro00000RhrRKIAZ,2026-08-04,2026-08-04
a06Ro00000RhtHpIAJ,2026-08-04,2026-08-04
a06Ro00000RhmzWIAR,2026-08-04,2026-08-04
a06Ro00000RhuFVIAZ,2026-08-04,2026-08-04
a06Ro00000RhugvIAB,2026-08-04,2026-08-04
a06Ro00000Rhv1tIAB,2026-08-04,2026-08-04
a06Ro00000RhvwLIAR,2026-08-04,2026-08-04
a06Ro00000RhwfVIAR,2026-08-04,2026-08-04
a06Ro00000Ri7ZJIAZ,2026-08-04,2026-08-04
a06Ro00000Ri1osIAB,2026-08-04,2026-08-04
a06Ro00000Ri1s6IAB,2026-08-04,2026-08-04
a06Ro00000Ri59KIAR,2026-08-04,2026-08-04
a06Ro00000Ri9cjIAB,2026-08-04,2026-08-04
a06Ro00000Ri1daIAB,2026-08-04,2026-08-04
a06Ro00000Ri8TmIAJ,2026-08-04,2026-08-04
a06Ro00000RiA5lIAF,2026-08-04,2026-08-04
a06Ro00000RiANVIA3,2026-08-04,2026-08-04
a06Ro00000RiAYnIAN,2026-08-04,2026-08-04
a06Ro00000RiAk5IAF,2026-08-04,2026-08-04
a06Ro00000RiAybIAF,2026-08-04,2026-08-04
a06Ro00000RiBTFIA3,2026-08-04,2026-08-04
a06Ro00000RiBg9IAF,2026-08-04,2026-08-04
a06Ro00000RiBufIAF,2026-08-04,2026-08-04
a06Ro00000RiC7ZIAV,2026-08-04,2026-08-04
a06Ro00000RiCPJIA3,2026-08-04,2026-08-04
a06Ro00000RiCifIAF,2026-08-04,2026-08-04
a06Ro00000RiCsLIAV,2026-08-04,2026-08-04
a06Ro00000RiD3dIAF,2026-08-04,2026-08-04
a06Ro00000RiCluIAF,2026-08-04,2026-08-04
a06Ro00000RiDWfIAN,2026-08-04,2026-08-04
a06Ro00000RiDq1IAF,2026-08-04,2026-08-04
a06Ro00000RiEEDIA3,2026-08-04,2026-08-04
a06Ro00000RiEZBIA3,2026-08-04,2026-08-04
a06Ro00000RiEsXIAV,2026-08-04,2026-08-04
a06Ro00000RiFAHIA3,2026-08-04,2026-08-04
a06Ro00000RiFTdIAN,2026-08-04,2026-08-04
a06Ro00000RiFgXIAV,2026-08-04,2026-08-04
a06Ro00000RiFztIAF,2026-08-04,2026-08-04
a06Ro00000RkCGLIA3,2026-08-04,2026-08-04
a06Ro00000RkChlIAF,2026-08-04,2026-08-04
a06Ro00000RkDkHIAV,2026-08-04,2026-08-04
a06Ro00000RkEObIAN,2026-08-04,2026-08-04
a06Ro00000RkB90IAF,2026-08-04,2026-08-04
a06Ro00000RkFvnIAF,2026-08-04,2026-08-04
a06Ro00000Rk5mlIAB,2026-08-04,2026-08-04
a06Ro00000RkSZeIAN,2026-08-04,2026-08-04
a06Ro00000RkQzGIAV,2026-08-04,2026-08-04
a06Ro00000RkVajIAF,2026-08-04,2026-08-04
a06Ro00000RkWDRIA3,2026-08-04,2026-08-04
a06Ro00000RkWTZIA3,2026-08-04,2026-08-04
a06Ro00000RkCmfIAF,2026-08-04,2026-08-04
a06Ro00000RkX6HIAV,2026-08-04,2026-08-04
a06Ro00000RkXPdIAN,2026-08-04,2026-08-04
a06Ro00000RkG8hIAF,2026-08-04,2026-08-04
a06Ro00000RkYiHIAV,2026-08-04,2026-08-04
a06Ro00000RkZ3FIAV,2026-08-04,2026-08-04
a06Ro00000RkZUfIAN,2026-08-04,2026-08-04
a06Ro00000RkZmPIAV,2026-08-04,2026-08-04
a06Ro00000RkYdSIAV,2026-08-04,2026-08-04
a06Ro00000RkawzIAB,2026-08-04,2026-08-04
a06Ro00000RkbQ1IAJ,2026-08-04,2026-08-04
a06Ro00000RkbufIAB,2026-08-04,2026-08-04
a06Ro00000RkcFdIAJ,2026-08-04,2026-08-04
a06Ro00000RkZpeIAF,2026-08-04,2026-08-04
a06Ro00000RkcifIAB,2026-08-04,2026-08-04
a06Ro00000Rkd5FIAR,2026-08-04,2026-08-04
a06Ro00000RkdJlIAJ,2026-08-04,2026-08-04
a06Ro00000RkdZtIAJ,2026-08-04,2026-08-04
a06Ro00000RktunIAB,2026-08-04,2026-08-04
a06Ro00000RkwUTIAZ,2026-08-04,2026-08-04
a06Ro00000RkwvtIAB,2026-08-04,2026-08-04
a06Ro00000RkxS9IAJ,2026-08-04,2026-08-04
a06Ro00000Rky85IAB,2026-08-04,2026-08-04
a06Ro00000RkvgVIAR,2026-08-04,2026-08-04
a06Ro00000RkzH3IAJ,2026-08-04,2026-08-04
a06Ro00000RkzaPIAR,2026-08-04,2026-08-04
a06Ro00000Rkzs9IAB,2026-08-04,2026-08-04
a06Ro00000RkizOIAR,2026-08-04,2026-08-04
a06Ro00000RkvmwIAB,2026-08-04,2026-08-04
a06Ro00000Rl3VxIAJ,2026-08-04,2026-08-04
a06Ro00000Rl3qvIAB,2026-08-04,2026-08-04
a06Ro00000Rklh9IAB,2026-08-04,2026-08-04
a06Ro00000RkufbIAB,2026-08-04,2026-08-04
a06Ro00000Rl4VFIAZ,2026-08-04,2026-08-04
a06Ro00000Rl51VIAR,2026-08-04,2026-08-04
a06Ro00000Rl5JFIAZ,2026-08-04,2026-08-04
a06Ro00000Rl5RJIAZ,2026-08-04,2026-08-04
a06Ro00000Rl0gDIAR,2026-08-04,2026-08-04
a06Ro00000Rl6gjIAB,2026-08-04,2026-08-04
a06Ro00000RrGtVIAV,2026-08-04,2026-08-04
a06Ro00000RuWX7IAN,2026-08-04,2026-08-04
a06Ro00000Ruh9BIAR,2026-08-04,2026-08-04
a06Ro00000RuhE1IAJ,2026-08-04,2026-08-04
a06Ro00000S3gDtIAJ,2026-08-04,2026-08-04
a06Ro00000S3mftIAB,2026-08-04,2026-08-04
a06Ro00000S3zreIAB,2026-08-04,2026-08-04
a06Ro00000S3wkBIAR,2026-08-04,2026-08-04
a06Ro00000S48zlIAB,2026-08-04,2026-08-04
a06Ro00000S499RIAR,2026-08-04,2026-08-04
a06Ro00000S9j5pIAB,2026-08-04,2026-08-04
a06Ro00000S9jFVIAZ,2026-08-04,2026-08-04
a06Ro00000S9jPBIAZ,2026-08-04,2026-08-04
a06Ro00000S9jYrIAJ,2026-08-04,2026-08-04
a06Ro00000SHpqnIAD,2026-08-04,2026-08-04
a06Ro00000SO3PhIAL,2026-08-04,2026-08-04
a06Ro00000SOITVIA5,2026-08-04,2026-08-04
a06Ro00000SOo1xIAD,2026-08-04,2026-08-04
a06Ro00000SOo8PIAT,2026-08-04,2026-08-04
a06Ro00000SUR97IAH,2026-08-04,2026-08-04
a06Ro00000SYA1iIAH,2026-08-04,2026-08-04
a06Ro00000SYAWIIA5,2026-08-04,2026-08-04
a06Ro00000SYRbxIAH,2026-08-04,2026-08-04
a06Ro00000SYRorIAH,2026-08-04,2026-08-04
a06Ro00000SYhtfIAD,2026-08-04,2026-08-04
a06Ro00000SYuMEIA1,2026-08-04,2026-08-04
a06Ro00000Sa4rNIAR,2026-08-04,2026-08-04
a06Ro00000Sa52fIAB,2026-08-04,2026-08-04
a06Ro00000Sa55tIAB,2026-08-04,2026-08-04
a06Ro00000Sa5DxIAJ,2026-08-04,2026-08-04
a06Ro00000Sa5PFIAZ,2026-08-04,2026-08-04
a06Ro00000Sda0HIAR,2026-08-04,2026-08-04
a06Ro00000Se7STIAZ,2026-08-04,2026-08-04
a06Ro00000SgYzeIAF,2026-08-04,2026-08-04
a06Ro00000SgOAgIAN,2026-08-04,2026-08-04
a06Ro00000SgpQzIAJ,2026-08-04,2026-08-04
a06Ro00000SgpxFIAR,2026-08-04,2026-08-04
a06Ro00000Sgs77IAB,2026-08-04,2026-08-04
a06Ro00000SgUZSIA3,2026-08-04,2026-08-04
a06Ro00000SgsNFIAZ,2026-08-04,2026-08-04
a06Ro00000SgsblIAB,2026-08-04,2026-08-04
a06Ro00000Sgt3BIAR,2026-08-04,2026-08-04
a06Ro00000SgrZGIAZ,2026-08-04,2026-08-04
a06Ro00000Ss2fpIAB,2026-08-04,2026-08-04
a06Ro00000Ss3dVIAR,2026-08-04,2026-08-04
a06Ro00000Ss8LRIAZ,2026-08-04,2026-08-04
a06Ro00000T0dLiIAJ,2026-08-04,2026-08-04
a06Ro00000T2VtRIAV,2026-08-04,2026-08-04
a06Ro00000T2WEPIA3,2026-08-04,2026-08-04
a06Ro00000T2X5dIAF,2026-08-04,2026-08-04
a06Ro00000T2XX3IAN,2026-08-04,2026-08-04
a06Ro00000T2XLmIAN,2026-08-04,2026-08-04
a06Ro00000T46r4IAB,2026-08-04,2026-08-04
a06Ro00000T41hhIAB,2026-08-04,2026-08-04
a06Ro00000T3xUJIAZ,2026-08-04,2026-08-04
a06Ro00000T4CoIIAV,2026-08-04,2026-08-04
a06Ro00000T3dYuIAJ,2026-08-04,2026-08-04
a06Ro00000T4MfZIAV,2026-08-04,2026-08-04
a06Ro00000T46UOIAZ,2026-08-04,2026-08-04
a06Ro00000T4NN7IAN,2026-08-04,2026-08-04
a06Ro00000T4owqIAB,2026-08-04,2026-08-04
a06Ro00000T5oxxIAB,2026-08-04,2026-08-04
a06Ro00000T5kZQIAZ,2026-08-04,2026-08-04
a06Ro00000TAfcIIAT,2026-08-04,2026-08-04
a06Ro00000TEPp3IAH,2026-08-04,2026-08-04
a06Ro00000TEQd3IAH,2026-08-04,2026-08-04
a06Ro00000TEOL8IAP,2026-08-04,2026-08-04
a06Ro00000TES29IAH,2026-08-04,2026-08-04
a06Ro00000TESVBIA5,2026-08-04,2026-08-04
a06Ro00000TENbyIAH,2026-08-04,2026-08-04
a06Ro00000TETRFIA5,2026-08-04,2026-08-04
a06Ro00000TEOD4IAP,2026-08-04,2026-08-04
a06Ro00000TH3tfIAD,2026-08-04,2026-08-04
a06Ro00000THCX7IAP,2026-08-04,2026-08-04
a06Ro00000THCldIAH,2026-08-04,2026-08-04
a06Ro00000THDZdIAP,2026-08-04,2026-08-04
a06Ro00000TGrcRIAT,2026-08-04,2026-08-04
a06Ro00000THTkrIAH,2026-08-04,2026-08-04
a06Ro00000TLWIjIAP,2026-08-04,2026-08-04
a06Ro00000TLWKLIA5,2026-08-04,2026-08-04
a06Ro00000TMdGaIAL,2026-08-04,2026-08-04
a06Ro00000TMvwbIAD,2026-08-04,2026-08-04
a06Ro00000TN2ZtIAL,2026-08-04,2026-08-04
a06Ro00000TMpWEIA1,2026-08-04,2026-08-04
a06Ro00000TNAsPIAX,2026-08-04,2026-08-04
a06Ro00000TNHDxIAP,2026-08-04,2026-08-04
a06Ro00000TNII5IAP,2026-08-04,2026-08-04
a06Ro00000TNJ2rIAH,2026-08-04,2026-08-04
a06Ro00000TNOgrIAH,2026-08-04,2026-08-04
a06Ro00000TNVSDIA5,2026-08-04,2026-08-04
a06Ro00000TNXllIAH,2026-08-04,2026-08-04
a06Ro00000TNOXCIA5,2026-08-04,2026-08-04
a06Ro00000TNdcfIAD,2026-08-04,2026-08-04
a06Ro00000TNGWRIA5,2026-08-04,2026-08-04
a06Ro00000TNiXVIA1,2026-08-04,2026-08-04
a06Ro00000TNjoXIAT,2026-08-04,2026-08-04
a06Ro00000TNMvEIAX,2026-08-04,2026-08-04
a06Ro00000TNd3DIAT,2026-08-04,2026-08-04
a06Ro00000TNmclIAD,2026-08-04,2026-08-04
a06Ro00000TNqA5IAL,2026-08-04,2026-08-04
a06Ro00000TNineIAD,2026-08-04,2026-08-04
a06Ro00000TO4ZiIAL,2026-08-04,2026-08-04
a06Ro00000TT0yPIAT,2026-08-04,2026-08-04
a06Ro00000TT8BEIA1,2026-08-04,2026-08-04
a06Ro00000TTH6PIAX,2026-08-04,2026-08-04
a06Ro00000TTIP3IAP,2026-08-04,2026-08-04
a06Ro00000TTK4IIAX,2026-08-04,2026-08-04
a06Ro00000TTNlJIAX,2026-08-04,2026-08-04
a06Ro00000TTPiHIAX,2026-08-04,2026-08-04
a06Ro00000TTPjtIAH,2026-08-04,2026-08-04
a06Ro00000TTT9BIAX,2026-08-04,2026-08-04
a06Ro00000TTTxBIAX,2026-08-04,2026-08-04
a06Ro00000TTc2nIAD,2026-08-04,2026-08-04
a06Ro00000TTdlGIAT,2026-08-04,2026-08-04
a06Ro00000TTo0jIAD,2026-08-04,2026-08-04
a06Ro00000TTiGIIA1,2026-08-04,2026-08-04
a06Ro00000TUEUgIAP,2026-08-04,2026-08-04
a06Ro00000TUWo9IAH,2026-08-04,2026-08-04
a06Ro00000TUNzOIAX,2026-08-04,2026-08-04
a06Ro00000TUnk9IAD,2026-08-04,2026-08-04
a06Ro00000TUzi5IAD,2026-08-04,2026-08-04
a06Ro00000TWbrnIAD,2026-08-04,2026-08-04
a06Ro00000Tg7ScIAJ,2026-08-04,2026-08-04
a06Ro00000TgSQbIAN,2026-08-04,2026-08-04
a06Ro00000ThKijIAF,2026-08-04,2026-08-04
a06Ro00000TjVerIAF,2026-08-04,2026-08-04
a06Ro00000TjjMrIAJ,2026-08-04,2026-08-04
a06Ro00000TjjmfIAB,2026-08-04,2026-08-04
a06Ro00000TjjujIAB,2026-08-04,2026-08-04
a06Ro00000Tju29IAB,2026-08-04,2026-08-04
a06Ro00000Tjua1IAB,2026-08-04,2026-08-04
a06Ro00000TjvRFIAZ,2026-08-04,2026-08-04
a06Ro00000TjwDdIAJ,2026-08-04,2026-08-04
a06Ro00000TjwS9IAJ,2026-08-04,2026-08-04
a06Ro00000TjrYwIAJ,2026-08-04,2026-08-04
a06Ro00000TjwtaIAB,2026-08-04,2026-08-04
a06Ro00000TjyLtIAJ,2026-08-04,2026-08-04
a06Ro00000TjyaPIAR,2026-08-04,2026-08-04
a06Ro00000Tjn3uIAB,2026-08-04,2026-08-04
a06Ro00000TrAdFIAV,2026-08-04,2026-08-04
a06Ro00000TwmMvIAJ,2026-08-04,2026-08-04
a06Ro00000TwmhtIAB,2026-08-04,2026-08-04
a06Ro00000TwzATIAZ,2026-08-04,2026-08-04
a06Ro00000TzBHBIA3,2026-08-04,2026-08-04
a06Ro00000TzBNdIAN,2026-08-04,2026-08-04
a06Ro00000U0dMfIAJ,2026-08-04,2026-08-04
a06Ro00000U1BJVIA3,2026-08-04,2026-08-04
a06Ro00000U3T7RIAV,2026-08-04,2026-08-04
a06Ro00000U5WysIAF,2026-08-04,2026-08-04
a06Ro00000U83U5IAJ,2026-08-04,2026-08-04
a06Ro00000U8jRiIAJ,2026-08-04,2026-08-04
a06Ro00000U91EvIAJ,2026-08-04,2026-08-04
a06Ro00000UHcxGIAT,2026-08-04,2026-08-04
a06Ro00000UHrZhIAL,2026-08-04,2026-08-04
a06Ro00000UHsXNIA1,2026-08-04,2026-08-04
a06Ro00000UHqP8IAL,2026-08-04,2026-08-04
a06Ro00000UHw9ZIAT,2026-08-04,2026-08-04
a06Ro00000UHkMwIAL,2026-08-04,2026-08-04
a06Ro00000UKb73IAD,2026-08-04,2026-08-04
a06Ro00000UL0yDIAT,2026-08-04,2026-08-04
a06Ro00000ULDaUIAX,2026-08-04,2026-08-04
a06Ro00000ULH4bIAH,2026-08-04,2026-08-04
a06Ro00000UL7JnIAL,2026-08-04,2026-08-04
a06Ro00000ULG8YIAX,2026-08-04,2026-08-04
a06Ro00000UKuw7IAD,2026-08-04,2026-08-04
a06Ro00000ULHkXIAX,2026-08-04,2026-08-04
a06Ro00000ULI3tIAH,2026-08-04,2026-08-04
a06Ro00000ULFagIAH,2026-08-04,2026-08-04
a06Ro00000ULJKvIAP,2026-08-04,2026-08-04
a06Ro00000ULU8HIAX,2026-08-04,2026-08-04
a06Ro00000ULBGwIAP,2026-08-04,2026-08-04
a06Ro00000ULUZhIAP,2026-08-04,2026-08-04
a06Ro00000ULUwHIAX,2026-08-04,2026-08-04
a06Ro00000ULVE1IAP,2026-08-04,2026-08-04
a06Ro00000ULKfGIAX,2026-08-04,2026-08-04
a06Ro00000USURmIAP,2026-08-04,2026-08-04
a06Ro00000USkkzIAD,2026-08-04,2026-08-04
a06Ro00000UT12fIAD,2026-08-04,2026-08-04
a06Ro00000UT0xqIAD,2026-08-04,2026-08-04
a06Ro00000UT2YDIA1,2026-08-04,2026-08-04
a06Ro00000UYzkXIAT,2026-08-04,2026-08-04
a06Ro00000UYzxRIAT,2026-08-04,2026-08-04
a06Ro00000UZ1HhIAL,2026-08-04,2026-08-04
a06Ro00000UbMptIAF,2026-08-04,2026-08-04
a06Ro00000UbbP7IAJ,2026-08-04,2026-08-04
a06Ro00000UbydRIAR,2026-08-04,2026-08-04
a06Ro00000Ubz02IAB,2026-08-04,2026-08-04
a06Ro00000Ubow4IAB,2026-08-04,2026-08-04
a06Ro00000Uc2CPIAZ,2026-08-04,2026-08-04
a06Ro00000Uc2sLIAR,2026-08-04,2026-08-04
a06Ro00000Uc3jZIAR,2026-08-04,2026-08-04
a06Ro00000UdF5zIAF,2026-08-04,2026-08-04
a06Ro00000Ue68fIAB,2026-08-04,2026-08-04
a06Ro00000Udlp2IAB,2026-08-04,2026-08-04
a06Ro00000UeGXtIAN,2026-08-04,2026-08-04
a06Ro00000UecJqIAJ,2026-08-04,2026-08-04
a06Ro00000UefSzIAJ,2026-08-04,2026-08-04
a06Ro00000Uf5GzIAJ,2026-08-04,2026-08-04
a06Ro00000UpnobIAB,2026-08-04,2026-08-04
a06Ro00000Upq9nIAB,2026-08-04,2026-08-04
a06Ro00000UpcrcIAB,2026-08-04,2026-08-04
a06Ro00000UpyYkIAJ,2026-08-04,2026-08-04
a06Ro00000Ur2TqIAJ,2026-08-04,2026-08-04
a06Ro00000UrEy5IAF,2026-08-04,2026-08-04
a06Ro00000UrWtKIAV,2026-08-04,2026-08-04
a06Ro00000UrGWqIAN,2026-08-04,2026-08-04
a06Ro00000UsGL5IAN,2026-08-04,2026-08-04
a06Ro00000Us7hdIAB,2026-08-04,2026-08-04
a06Ro00000UuJmgIAF,2026-08-04,2026-08-04
a06Ro00000UyBLtIAN,2026-08-04,2026-08-04
a06Ro00000UxvqhIAB,2026-08-04,2026-08-04
a06Ro00000UyBCEIA3,2026-08-04,2026-08-04
a06Ro00000UyCJZIA3,2026-08-04,2026-08-04
a06Ro00000UxtQcIAJ,2026-08-04,2026-08-04
a06Ro00000UyChpIAF,2026-08-04,2026-08-04
a06Ro00000UyDxBIAV,2026-08-04,2026-08-04
a06Ro00000UyEI9IAN,2026-08-04,2026-08-04
a06Ro00000UyETRIA3,2026-08-04,2026-08-04
a06Ro00000Uy7RyIAJ,2026-08-04,2026-08-04
a06Ro00000UyAJOIA3,2026-08-04,2026-08-04
a06Ro00000UyCgBIAV,2026-08-04,2026-08-04
a06Ro00000UyGlNIAV,2026-08-04,2026-08-04
a06Ro00000UyHG1IAN,2026-08-04,2026-08-04
a06Ro00000UyHfpIAF,2026-08-04,2026-08-04
a06Ro00000UyHvxIAF,2026-08-04,2026-08-04
a06Ro00000UyEQEIA3,2026-08-04,2026-08-04
a06Ro00000UyIjxIAF,2026-08-04,2026-08-04
a06Ro00000UyJ89IAF,2026-08-04,2026-08-04
a06Ro00000UyHmIIAV,2026-08-04,2026-08-04
a06Ro00000UyJcnIAF,2026-08-04,2026-08-04
a06Ro00000UyJxlIAF,2026-08-04,2026-08-04
a06Ro00000Uy22WIAR,2026-08-04,2026-08-04
a06Ro00000Uy47ZIAR,2026-08-04,2026-08-04
a06Ro00000V06EtIAJ,2026-08-04,2026-08-04
a06Ro00000V0xfmIAB,2026-08-04,2026-08-04
a06Ro00000V0q82IAB,2026-08-04,2026-08-04
a06Ro00000V0if9IAB,2026-08-04,2026-08-04
a06Ro00000V0y2LIAR,2026-08-04,2026-08-04
a06Ro00000V1IApIAN,2026-08-04,2026-08-04
a06Ro00000V1aCXIAZ,2026-08-04,2026-08-04
a06Ro00000V1fKDIAZ,2026-08-04,2026-08-04
a06Ro00000V1b6yIAB,2026-08-04,2026-08-04
a06Ro00000V1mggIAB,2026-08-04,2026-08-04
a06Ro00000V1ZgEIAV,2026-08-04,2026-08-04
a06Ro00000V1zfVIAR,2026-08-04,2026-08-04
a06Ro00000V21XdIAJ,2026-08-04,2026-08-04
a06Ro00000V290XIAR,2026-08-04,2026-08-04
a06Ro00000V1hKUIAZ,2026-08-04,2026-08-04
a06Ro00000V29WnIAJ,2026-08-04,2026-08-04
a06Ro00000V1zNnIAJ,2026-08-04,2026-08-04
a06Ro00000V24nHIAR,2026-08-04,2026-08-04
a06Ro00000V1vnFIAR,2026-08-04,2026-08-04
a06Ro00000V2A7tIAF,2026-08-04,2026-08-04
a06Ro00000V1tYaIAJ,2026-08-04,2026-08-04
a06Ro00000V2Dc1IAF,2026-08-04,2026-08-04
a06Ro00000V3vW9IAJ,2026-08-04,2026-08-04
a06Ro00000V3j6pIAB,2026-08-04,2026-08-04
a06Ro00000V3lv0IAB,2026-08-04,2026-08-04
a06Ro00000V43YYIAZ,2026-08-04,2026-08-04
a06Ro00000V3rcEIAR,2026-08-04,2026-08-04
a06Ro00000V3tuBIAR,2026-08-04,2026-08-04
a06Ro00000V4Cs3IAF,2026-08-04,2026-08-04
a06Ro00000V4C7FIAV,2026-08-04,2026-08-04
a06Ro00000V4TmLIAV,2026-08-04,2026-08-04
a06Ro00000V4FrSIAV,2026-08-04,2026-08-04
a06Ro00000V4oZ3IAJ,2026-08-04,2026-08-04
a06Ro00000V4mYtIAJ,2026-08-04,2026-08-04
a06Ro00000V54qjIAB,2026-08-04,2026-08-04
a06Ro00000V553dIAB,2026-08-04,2026-08-04
a06Ro00000V9Q34IAF,2026-08-04,2026-08-04
a06Ro00000V8kWuIAJ,2026-08-04,2026-08-04
a06Ro00000VA6GnIAL,2026-08-04,2026-08-04
a06Ro00000VAIZhIAP,2026-08-04,2026-08-04
a06Ro00000VAIZiIAP,2026-08-04,2026-08-04
a06Ro00000VA8IdIAL,2026-08-04,2026-08-04
a06Ro00000VD93dIAD,2026-08-04,2026-08-04
a06Ro00000VD9A5IAL,2026-08-04,2026-08-04
a06Ro00000VTLjxIAH,2026-08-04,2026-08-04
a06Ro00000VTZtNIAX,2026-08-04,2026-08-04
a06Ro00000VTZwbIAH,2026-08-04,2026-08-04
a06Ro00000VTaJCIA1,2026-08-04,2026-08-04
a06Ro00000VTdfFIAT,2026-08-04,2026-08-04
a06Ro00000VTUIcIAP,2026-08-04,2026-08-04
a06Ro00000VTTPmIAP,2026-08-04,2026-08-04
a06Ro00000VTcGAIA1,2026-08-04,2026-08-04
a06Ro00000VU7WrIAL,2026-08-04,2026-08-04
a06Ro00000VTs82IAD,2026-08-04,2026-08-04
a06Ro00000VU7i9IAD,2026-08-04,2026-08-04
a06Ro00000VU1UgIAL,2026-08-04,2026-08-04
a06Ro00000VTpDPIA1,2026-08-04,2026-08-04
a06Ro00000VTpDQIA1,2026-08-04,2026-08-04
a06Ro00000VU7tRIAT,2026-08-04,2026-08-04
a06Ro00000VU7v3IAD,2026-08-04,2026-08-04
a06Ro00000VU7wfIAD,2026-08-04,2026-08-04
a06Ro00000VU7ztIAD,2026-08-04,2026-08-04
a06Ro00000VU837IAD,2026-08-04,2026-08-04
a06Ro00000VbxDmIAJ,2026-08-04,2026-08-04
a06Ro00000VpenyIAB,2026-08-04,2026-08-04
a06Ro00000VpgRZIAZ,2026-08-04,2026-08-04
a06Ro00000Vpce7IAB,2026-08-04,2026-08-04
a06Ro00000VpFT1IAN,2026-08-04,2026-08-04
a06Ro00000VpgWPIAZ,2026-08-04,2026-08-04
a06Ro00000VpgbFIAR,2026-08-04,2026-08-04
a06Ro00000VpghhIAB,2026-08-04,2026-08-04
a06Ro00000VpgmXIAR,2026-08-04,2026-08-04
a06Ro00000VpLv2IAF,2026-08-04,2026-08-04
a06Ro00000VpTSmIAN,2026-08-04,2026-08-04
a06Ro00000VpgszIAB,2026-08-04,2026-08-04
a06Ro00000VpgxpIAB,2026-08-04,2026-08-04
a06Ro00000Vph13IAB,2026-08-04,2026-08-04
a06Ro00000Vph7VIAR,2026-08-04,2026-08-04
a06Ro00000VpEiGIAV,2026-08-04,2026-08-04
a06Ro00000VpaduIAB,2026-08-04,2026-08-04
a06Ro00000VxH2zIAF,2026-08-04,2026-08-04
a06Ro00000W5G6YIAV,2026-08-04,2026-08-04
a06Ro00000W50jLIAR,2026-08-04,2026-08-04
a06Ro00000W8EMmIAN,2026-08-04,2026-08-04
a06Ro00000WEN8nIAH,2026-08-04,2026-08-04
a06Ro00000WE4qwIAD,2026-08-04,2026-08-04
a06Ro00000WENFFIA5,2026-08-04,2026-08-04
a06Ro00000WMKSHIA5,2026-08-04,2026-08-04
a06Ro00000WMu5zIAD,2026-08-04,2026-08-04
a06Ro00000WN3HJIA1,2026-08-04,2026-08-04
a06Ro00000WN2LGIA1,2026-08-04,2026-08-04
a06Ro00000WN3nZIAT,2026-08-04,2026-08-04
a06Ro00000WN3Z4IAL,2026-08-04,2026-08-04
a06Ro00000WN3vdIAD,2026-08-04,2026-08-04
a06Ro00000WN425IAD,2026-08-04,2026-08-04
a06Ro00000WN4GcIAL,2026-08-04,2026-08-04
a06Ro00000WN2GQIA1,2026-08-04,2026-08-04
a06Ro00000WWPqTIAX,2026-08-04,2026-08-04
a06Ro00000WXC81IAH,2026-08-04,2026-08-04
a06Ro00000WZ6WLIA1,2026-08-04,2026-08-04
a06Ro00000WZ8JfIAL,2026-08-04,2026-08-04
a06Ro00000WZeHuIAL,2026-08-04,2026-08-04
a06Ro00000WbwCIIAZ,2026-08-04,2026-08-04
a06Ro00000Wc0W1IAJ,2026-08-04,2026-08-04
a06Ro00000WkFw9IAF,2026-08-04,2026-08-04
a06Ro00000WlXnhIAF,2026-08-04,2026-08-04
a06Ro00000WoV7pIAF,2026-08-04,2026-08-04
a06Ro00000WoW77IAF,2026-08-04,2026-08-04
a06Ro00000WoFmFIAV,2026-08-04,2026-08-04
a06Ro00000WobMvIAJ,2026-08-04,2026-08-04
a06Ro00000WqhG9IAJ,2026-08-04,2026-08-04
a06Ro00000WqhJOIAZ,2026-08-04,2026-08-04
a06Ro00000WrUC2IAN,2026-08-04,2026-08-04
a06Ro00000WrT7uIAF,2026-08-04,2026-08-04
a06Ro00000WrLZBIA3,2026-08-04,2026-08-04
a06Ro00000WrZtFIAV,2026-08-04,2026-08-04
a06Ro00000WrKxUIAV,2026-08-04,2026-08-04
a06Ro00000WrbJyIAJ,2026-08-04,2026-08-04
a06Ro00000WrVuVIAV,2026-08-04,2026-08-04
a06Ro00000WrcXlIAJ,2026-08-04,2026-08-04
a06Ro00000WuNvaIAF,2026-08-04,2026-08-04
a06Ro00000WuA8lIAF,2026-08-04,2026-08-04
a06Ro00000WuStdIAF,2026-08-04,2026-08-04
a06Ro00000WuN1CIAV,2026-08-04,2026-08-04
a06Ro00000Wuo9RIAR,2026-08-04,2026-08-04
a06Ro00000Wx74fIAB,2026-08-04,2026-08-04
a06Ro00000Wx74gIAB,2026-08-04,2026-08-04
a06Ro00000WxQ8vIAF,2026-08-04,2026-08-04
a06Ro00000WxlV7IAJ,2026-08-04,2026-08-04
a06Ro00000X2s4XIAR,2026-08-04,2026-08-04
a06Ro00000X2sCbIAJ,2026-08-04,2026-08-04
a06Ro00000X2xk9IAB,2026-08-04,2026-08-04
a06Ro00000X2V7yIAF,2026-08-04,2026-08-04
a06Ro00000X706jIAB,2026-08-04,2026-08-04
a06Ro00000X6zfKIAR,2026-08-04,2026-08-04
a06Ro00000X6yheIAB,2026-08-04,2026-08-04
a06Ro00000XCKCsIAP,2026-08-04,2026-08-04
a06Ro00000XEuk6IAD,2026-08-04,2026-08-04
a06Ro00000XFvFtIAL,2026-08-04,2026-08-04
a06Ro00000XKZyGIAX,2026-08-04,2026-08-04
a06Ro00000XKbd7IAD,2026-08-04,2026-08-04
a06Ro00000XKbd8IAD,2026-08-04,2026-08-04
a06Ro00000XKWn8IAH,2026-08-04,2026-08-04
a06Ro00000XKUjiIAH,2026-08-04,2026-08-04
a06Ro00000XKbq1IAD,2026-08-04,2026-08-04
a06Ro00000XKbJmIAL,2026-08-04,2026-08-04
a06Ro00000XKbwTIAT,2026-08-04,2026-08-04
a06Ro00000XLVLxIAP,2026-08-04,2026-08-04
a06Ro00000XLd8EIAT,2026-08-04,2026-08-04
a06Ro00000XLmprIAD,2026-08-04,2026-08-04
a06Ro00000XM2eUIAT,2026-08-04,2026-08-04
a06Ro00000XM9PpIAL,2026-08-04,2026-08-04
a06Ro00000XM9RRIA1,2026-08-04,2026-08-04
a06Ro00000XM9PqIAL,2026-08-04,2026-08-04
a06Ro00000XM9XtIAL,2026-08-04,2026-08-04
a06Ro00000XM9ZVIA1,2026-08-04,2026-08-04
a06Ro00000XOXe9IAH,2026-08-04,2026-08-04
a06Ro00000XOYC1IAP,2026-08-04,2026-08-04
a06Ro00000XuT17IAF,2026-08-04,2026-08-04
a06Ro00000YDTAHIA5,2026-08-04,2026-08-04
a06Ro00000YDTOnIAP,2026-08-04,2026-08-04
a06Ro00000YMwGHIA1,2026-08-04,2026-08-04
a06Ro00000YMwPxIAL,2026-08-04,2026-08-04
a06Ro00000YNVXOIA5,2026-08-04,2026-08-04
a06Ro00000YRPLNIA5,2026-08-04,2026-08-04
a06Ro00000YS4BZIA1,2026-08-04,2026-08-04
a06Ro00000YY8h8IAD,2026-08-04,2026-08-04
a06Ro00000YZSXJIA5,2026-08-04,2026-08-04
a06Ro00000Z4hGkIAJ,2026-08-04,2026-08-04
a06Ro00000Z7Kc9IAF,2026-08-04,2026-08-04
a06Ro00000Z75bWIAR,2026-08-04,2026-08-04
a06Ro00000Z7fS5IAJ,2026-08-04,2026-08-04
a06Ro00000Z7hyXIAR,2026-08-04,2026-08-04
a06Ro00000Z7oYcIAJ,2026-08-04,2026-08-04
a06Ro00000Z7vLZIAZ,2026-08-04,2026-08-04
a06Ro00000Z82DNIAZ,2026-08-04,2026-08-04
a06Ro00000Z8aAJIAZ,2026-08-04,2026-08-04
a06Ro00000Z8nozIAB,2026-08-04,2026-08-04
a06Ro00000Z8VXVIA3,2026-08-04,2026-08-04
a06Ro00000Z91WzIAJ,2026-08-04,2026-08-04
a06Ro00000ZCqt8IAD,2026-08-04,2026-08-04
a06Ro00000ZCy13IAD,2026-08-04,2026-08-04
a06Ro00000ZGq8DIAT,2026-08-04,2026-08-04
a06Ro00000ZGh5UIAT,2026-08-04,2026-08-04
a06Ro00000ZGh5VIAT,2026-08-04,2026-08-04
a06Ro00000ZO2AzIAL,2026-08-04,2026-08-04
a06Ro00000ZOsCnIAL,2026-08-04,2026-08-04
a06Ro00000ZQjmxIAD,2026-08-04,2026-08-04
a06Ro00000ZR5qfIAD,2026-08-04,2026-08-04
a06Ro00000ZRXYRIA5,2026-08-04,2026-08-04
a06Ro00000ZS7VRIA1,2026-08-04,2026-08-04
a06Ro00000ZS1BWIA1,2026-08-04,2026-08-04
a06Ro00000ZSr3dIAD,2026-08-04,2026-08-04
a06Ro00000ZTEkzIAH,2026-08-04,2026-08-04
a06Ro00000ZXstYIAT,2026-08-04,2026-08-04
a06Ro00000ZbnyTIAR,2026-08-04,2026-08-04
a06Ro00000ZbapyIAB,2026-08-04,2026-08-04
a06Ro00000Zbn42IAB,2026-08-04,2026-08-04
a06Ro00000Zbo89IAB,2026-08-04,2026-08-04
a06Ro00000ZbQx5IAF,2026-08-04,2026-08-04
a06Ro00000ZbEnrIAF,2026-08-04,2026-08-04
a06Ro00000ZbIEnIAN,2026-08-04,2026-08-04
a06Ro00000ZboT7IAJ,2026-08-04,2026-08-04
a06Ro00000Zbip8IAB,2026-08-04,2026-08-04
a06Ro00000ZbohdIAB,2026-08-04,2026-08-04
a06Ro00000ZbmccIAB,2026-08-04,2026-08-04
a06Ro00000ZbosvIAB,2026-08-04,2026-08-04
a06Ro00000ZbjJpIAJ,2026-08-04,2026-08-04
a06Ro00000ZbLENIA3,2026-08-04,2026-08-04
a06Ro00000Zbp5pIAB,2026-08-04,2026-08-04
a06Ro00000Zh98jIAB,2026-08-04,2026-08-04
a06Ro00000Zh0zxIAB,2026-08-04,2026-08-04
a06Ro00000ZgeUqIAJ,2026-08-04,2026-08-04
a06Ro00000ZgiOjIAJ,2026-08-04,2026-08-04
a06Ro00000ZhAJJIA3,2026-08-04,2026-08-04
a06Ro00000Zgkf0IAB,2026-08-04,2026-08-04
a06Ro00000ZhAkjIAF,2026-08-04,2026-08-04
a06Ro00000ZgsB9IAJ,2026-08-04,2026-08-04
a06Ro00000ZgmDmIAJ,2026-08-04,2026-08-04
a06Ro00000Zh2aIIAR,2026-08-04,2026-08-04
a06Ro00000ZhBVVIA3,2026-08-04,2026-08-04
a06Ro00000ZhBfBIAV,2026-08-04,2026-08-04
a06Ro00000Zgx4NIAR,2026-08-04,2026-08-04
a06Ro00000Zh9QVIAZ,2026-08-04,2026-08-04
a06Ro00000ZhC8DIAV,2026-08-04,2026-08-04
a06Ro00000ZhCPxIAN,2026-08-04,2026-08-04
a06Ro00000ZgzZQIAZ,2026-08-04,2026-08-04
a06Ro00000ZgxPNIAZ,2026-08-04,2026-08-04
a06Ro00000Zgjz5IAB,2026-08-04,2026-08-04
a06Ro00000Zh3mUIAR,2026-08-04,2026-08-04
a06Ro00000Zgt2MIAR,2026-08-04,2026-08-04
a06Ro00000ZhDDzIAN,2026-08-04,2026-08-04
a06Ro00000Zh22SIAR,2026-08-04,2026-08-04
a06Ro00000Zh6CUIAZ,2026-08-04,2026-08-04
a06Ro00000ZgqcNIAR,2026-08-04,2026-08-04
a06Ro00000ZhEoLIAV,2026-08-04,2026-08-04
a06Ro00000ZhB5iIAF,2026-08-04,2026-08-04
a06Ro00000Zh4ygIAB,2026-08-04,2026-08-04
a06Ro00000Zh6qpIAB,2026-08-04,2026-08-04
a06Ro00000ZhKgrIAF,2026-08-04,2026-08-04
a06Ro00000ZnVg3IAF,2026-08-04,2026-08-04
a06Ro00000ZnVg4IAF,2026-08-04,2026-08-04
a06Ro00000ZnyyAIAR,2026-08-04,2026-08-04
a06Ro00000ZoCReIAN,2026-08-04,2026-08-04
a06Ro00000ZoenhIAB,2026-08-04,2026-08-04
a06Ro00000ZogkfIAB,2026-08-04,2026-08-04
a06Ro00000ZotLJIAZ,2026-08-04,2026-08-04
a06Ro00000ZotLLIAZ,2026-08-04,2026-08-04
a06Ro00000ZowpTIAR,2026-08-04,2026-08-04
a06Ro00000ZpGPxIAN,2026-08-04,2026-08-04
a06Ro00000ZpIOXIA3,2026-08-04,2026-08-04
a06Ro00000ZptHeIAJ,2026-08-04,2026-08-04
a06Ro00000ZyApyIAF,2026-08-04,2026-08-04
a06Ro00000a35ZWIAY,2026-08-04,2026-08-04
a06Ro00000a38dpIAA,2026-08-04,2026-08-04
a06Ro00000a3CnwIAE,2026-08-04,2026-08-04
a06Ro00000a3djGIAQ,2026-08-04,2026-08-04
a06Ro00000a6IgfIAE,2026-08-04,2026-08-04
a06Ro00000a69zyIAA,2026-08-04,2026-08-04
a06Ro00000a6afCIAQ,2026-08-04,2026-08-04
a06Ro00000a7eX5IAI,2026-08-04,2026-08-04
a06Ro00000aEBQHIA4,2026-08-04,2026-08-04
a06Ro00000aEo3RIAS,2026-08-04,2026-08-04
a06Ro00000aF2cfIAC,2026-08-04,2026-08-04
a06Ro00000aEyFjIAK,2026-08-04,2026-08-04
a06Ro00000aEjrmIAC,2026-08-04,2026-08-04
a06Ro00000aF52fIAC,2026-08-04,2026-08-04
a06Ro00000aF5sHIAS,2026-08-04,2026-08-04
a06Ro00000aEg16IAC,2026-08-04,2026-08-04
a06Ro00000aF48EIAS,2026-08-04,2026-08-04
a06Ro00000aFGHVIA4,2026-08-04,2026-08-04
a06Ro00000aIYUjIAO,2026-08-04,2026-08-04
a06Ro00000aIRJbIAO,2026-08-04,2026-08-04
a06Ro00000aIeK1IAK,2026-08-04,2026-08-04
a06Ro00000aIezxIAC,2026-08-04,2026-08-04
a06Ro00000aM8YVIA0,2026-08-04,2026-08-04
a06Ro00000aPz1xIAC,2026-08-04,2026-08-04
a06Ro00000aQX8VIAW,2026-08-04,2026-08-04
a06Ro00000aROPhIAO,2026-08-04,2026-08-04
a06Ro00000aReavIAC,2026-08-04,2026-08-04
a06Ro00000aTkltIAC,2026-08-04,2026-08-04
a06Ro00000aTksLIAS,2026-08-04,2026-08-04
a06Ro00000aTWiwIAG,2026-08-04,2026-08-04
a06Ro00000aTREcIAO,2026-08-04,2026-08-04
a06Ro00000aTl0PIAS,2026-08-04,2026-08-04
a06Ro00000aTl5FIAS,2026-08-04,2026-08-04
a06Ro00000aTl6rIAC,2026-08-04,2026-08-04
a06Ro00000aTlA5IAK,2026-08-04,2026-08-04
a06Ro00000aTlBhIAK,2026-08-04,2026-08-04
a06Ro00000aTlDJIA0,2026-08-04,2026-08-04
a06Ro00000aVMqmIAG,2026-08-04,2026-08-04
a06Ro00000abu4vIAA,2026-08-04,2026-08-04
a06Ro00000abuHqIAI,2026-08-04,2026-08-04
a06Ro00000accsMIAQ,2026-08-04,2026-08-04
a06Ro00000adBRtIAM,2026-08-04,2026-08-04
a06Ro00000adBbZIAU,2026-08-04,2026-08-04
a06Ro00000adB0UIAU,2026-08-04,2026-08-04
a06Ro00000adBwXIAU,2026-08-04,2026-08-04
a06Ro00000ad6ldIAA,2026-08-04,2026-08-04
a06Ro00000adLEMIA2,2026-08-04,2026-08-04
a06Ro00000ad4IOIAY,2026-08-04,2026-08-04
a06Ro00000adU7yIAE,2026-08-04,2026-08-04
a06Ro00000adLz9IAE,2026-08-04,2026-08-04
a06Ro00000adX4DIAU,2026-08-04,2026-08-04
a06Ro00000afUTdIAM,2026-08-04,2026-08-04
a06Ro00000afyEqIAI,2026-08-04,2026-08-04
a06Ro00000agZJBIA2,2026-08-04,2026-08-04
a06Ro00000agrj9IAA,2026-08-04,2026-08-04
a06Ro00000agrjAIAQ,2026-08-04,2026-08-04
a06Ro00000akB3lIAE,2026-08-04,2026-08-04
a06Ro00000alxj3IAA,2026-08-04,2026-08-04
a06Ro00000apMeTIAU,2026-08-04,2026-08-04
a06Ro00000apU2XIAU,2026-08-04,2026-08-04
a06Ro00000apRUUIA2,2026-08-04,2026-08-04
a06Ro00000apumcIAA,2026-08-04,2026-08-04
a06Ro00000arhGeIAI,2026-08-04,2026-08-04
a06Ro00000asrozIAA,2026-08-04,2026-08-04
a06Ro00000aswBxIAI,2026-08-04,2026-08-04
a06Ro00000at0nTIAQ,2026-08-04,2026-08-04
a06Ro00000at7NVIAY,2026-08-04,2026-08-04
a06Ro00000aszrOIAQ,2026-08-04,2026-08-04
a06Ro00000at5tcIAA,2026-08-04,2026-08-04
a06Ro00000atAGYIA2,2026-08-04,2026-08-04
a06Ro00000atmAZIAY,2026-08-04,2026-08-04
a06Ro00000azqY2IAI,2026-08-04,2026-08-04
a06Ro00000b0imvIAA,2026-08-04,2026-08-04
a06Ro00000b0izqIAA,2026-08-04,2026-08-04
a06Ro00000b0bYbIAI,2026-08-04,2026-08-04
a06Ro00000b0L2NIAU,2026-08-04,2026-08-04
a06Ro00000b1GILIA2,2026-08-04,2026-08-04
a06Ro00000b1dLNIAY,2026-08-04,2026-08-04
a06Ro00000b48o5IAA,2026-08-04,2026-08-04
a06Ro00000b3yaHIAQ,2026-08-04,2026-08-04
a06Ro00000b3gdLIAQ,2026-08-04,2026-08-04
a06Ro00000b4bQHIAY,2026-08-04,2026-08-04
a06Ro00000b4zNlIAI,2026-08-04,2026-08-04
a06Ro00000b5RNFIA2,2026-08-04,2026-08-04
a06Ro00000b8AUjIAM,2026-08-04,2026-08-04
a06Ro00000b8HuPIAU,2026-08-04,2026-08-04
a06Ro00000b8QXuIAM,2026-08-04,2026-08-04
a06Ro00000b8YFLIA2,2026-08-04,2026-08-04
a06Ro00000b8nPdIAI,2026-08-04,2026-08-04
a06Ro00000b926vIAA,2026-08-04,2026-08-04
a06Ro00000b9ItFIAU,2026-08-04,2026-08-04
a06Ro00000b9sALIAY,2026-08-04,2026-08-04
a06Ro00000bAMYDIA4,2026-08-04,2026-08-04
a06Ro00000bACXGIA4,2026-08-04,2026-08-04
a06Ro00000bAFyBIAW,2026-08-04,2026-08-04
a06Ro00000bAHS6IAO,2026-08-04,2026-08-04
a06Ro00000b9vt1IAA,2026-08-04,2026-08-04
a06Ro00000bAivJIAS,2026-08-04,2026-08-04
a06Ro00000bAb5qIAC,2026-08-04,2026-08-04
a06Ro00000bAj1lIAC,2026-08-04,2026-08-04
a06Ro00000bAhuQIAS,2026-08-04,2026-08-04
a06Ro00000bAfNyIAK,2026-08-04,2026-08-04
a06Ro00000bAU5zIAG,2026-08-04,2026-08-04
a06Ro00000bCUt5IAG,2026-08-04,2026-08-04
a06Ro00000bCkkwIAC,2026-08-04,2026-08-04
a06Ro00000bDgvOIAS,2026-08-04,2026-08-04
a06Ro00000bI5iHIAS,2026-08-04,2026-08-04
a06Ro00000bIurFIAS,2026-08-04,2026-08-04
a06Ro00000bJFcNIAW,2026-08-04,2026-08-04
a06Ro00000bK8grIAC,2026-08-04,2026-08-04
a06Ro00000bK8k5IAC,2026-08-04,2026-08-04
a06Ro00000bK8nJIAS,2026-08-04,2026-08-04
a06Ro00000bJoQQIA0,2026-08-04,2026-08-04
a06Ro00000bJtl4IAC,2026-08-04,2026-08-04
a06Ro00000bK25CIAS,2026-08-04,2026-08-04
a06Ro00000bK8tlIAC,2026-08-04,2026-08-04
a06Ro00000bK8wzIAC,2026-08-04,2026-08-04
a06Ro00000bQ7i5IAC,2026-08-04,2026-08-04
a06Ro00000bVDQHIA4,2026-08-04,2026-08-04
a06Ro00000bVDgPIAW,2026-08-04,2026-08-04
a06Ro00000bVDmrIAG,2026-08-04,2026-08-04
a06Ro00000bUfTTIA0,2026-08-04,2026-08-04
a06Ro00000bV4A6IAK,2026-08-04,2026-08-04
a06Ro00000bVECfIAO,2026-08-04,2026-08-04
a06Ro00000bUtJlIAK,2026-08-04,2026-08-04
a06Ro00000bVDRxIAO,2026-08-04,2026-08-04
a06Ro00000bV2pqIAC,2026-08-04,2026-08-04
a06Ro00000bVEcTIAW,2026-08-04,2026-08-04
a06Ro00000bUsvKIAS,2026-08-04,2026-08-04
a06Ro00000bVFdNIAW,2026-08-04,2026-08-04
a06Ro00000bVB8MIAW,2026-08-04,2026-08-04
a06Ro00000bUp35IAC,2026-08-04,2026-08-04
a06Ro00000bVFrtIAG,2026-08-04,2026-08-04
a06Ro00000bVFyLIAW,2026-08-04,2026-08-04
a06Ro00000bV6DWIA0,2026-08-04,2026-08-04
a06Ro00000bVECgIAO,2026-08-04,2026-08-04
a06Ro00000bV37bIAC,2026-08-04,2026-08-04
a06Ro00000bWCiIIAW,2026-08-04,2026-08-04
a06Ro00000bfux0IAA,2026-08-04,2026-08-04
a06Ro00000bg52nIAA,2026-08-04,2026-08-04
a06Ro00000bfi7qIAA,2026-08-04,2026-08-04
a06Ro00000bffV0IAI,2026-08-04,2026-08-04
a06Ro00000bg5dtIAA,2026-08-04,2026-08-04
a06Ro00000bg3diIAA,2026-08-04,2026-08-04
a06Ro00000bg6TVIAY,2026-08-04,2026-08-04
a06Ro00000biNDJIA2,2026-08-04,2026-08-04
a06Ro00000biyo2IAA,2026-08-04,2026-08-04
a06Ro00000bj68nIAA,2026-08-04,2026-08-04
a06Ro00000bj2mkIAA,2026-08-04,2026-08-04
a06Ro00000bj3VuIAI,2026-08-04,2026-08-04
a06Ro00000bpIyXIAU,2026-08-04,2026-08-04
a06Ro00000bpbZjIAI,2026-08-04,2026-08-04
a06Ro00000bq5JFIAY,2026-08-04,2026-08-04
a06Ro00000bpmV8IAI,2026-08-04,2026-08-04
a06Ro00000bphwtIAA,2026-08-04,2026-08-04
a06Ro00000bqH4HIAU,2026-08-04,2026-08-04
a06Ro00000bqSu9IAE,2026-08-04,2026-08-04
a06Ro00000bqVwrIAE,2026-08-04,2026-08-04
a06Ro00000bqM0lIAE,2026-08-04,2026-08-04
a06Ro00000brC5lIAE,2026-08-04,2026-08-04
a06Ro00000br3TuIAI,2026-08-04,2026-08-04
a06Ro00000brDLCIA2,2026-08-04,2026-08-04
a06Ro00000brdkHIAQ,2026-08-04,2026-08-04
a06Ro00000brOIEIA2,2026-08-04,2026-08-04
a06Ro00000brfB0IAI,2026-08-04,2026-08-04
a06Ro00000brl6jIAA,2026-08-04,2026-08-04
a06Ro00000brmE5IAI,2026-08-04,2026-08-04
a06Ro00000btPTWIA2,2026-08-04,2026-08-04
a06Ro00000btiskIAA,2026-08-04,2026-08-04
a06Ro00000buuWrIAI,2026-08-04,2026-08-04
a06Ro00000bwO7tIAE,2026-08-04,2026-08-04
a06Ro00000cT9ZtIAK,2026-08-04,2026-08-04
a06Ro00000cSz5uIAC,2026-08-04,2026-08-04
a06Ro00000cT36JIAS,2026-08-04,2026-08-04
a06Ro00000ceTVFIA2,2026-08-04,2026-08-04
a06Ro00000ceRgMIAU,2026-08-04,2026-08-04
a06Ro00000ceGY2IAM,2026-08-04,2026-08-04
a06Ro00000ceUPhIAM,2026-08-04,2026-08-04
a06Ro00000cpX8vIAE,2026-08-04,2026-08-04
a06Ro00000cpXFNIA2,2026-08-04,2026-08-04
a06Ro00000cpXGzIAM,2026-08-04,2026-08-04
a06Ro00000cpTLSIA2,2026-08-04,2026-08-04
a06Ro00000cpF7CIAU,2026-08-04,2026-08-04
a06Ro00000cpSkNIAU,2026-08-04,2026-08-04
a06Ro00000dEjq2IAC,2026-08-04,2026-08-04
a06Ro00000dEgowIAC,2026-08-04,2026-08-04
a06Ro00000dEU9SIAW,2026-08-04,2026-08-04
a06Ro00000dEvEUIA0,2026-08-04,2026-08-04
a06Ro00000dFB1VIAW,2026-08-04,2026-08-04
a06Ro00000dF3LiIAK,2026-08-04,2026-08-04
a06Ro00000dFADWIA4,2026-08-04,2026-08-04
a06Ro00000dFBvxIAG,2026-08-04,2026-08-04
a06Ro00000dFCATIA4,2026-08-04,2026-08-04
a06Ro00000dHAJ5IAO,2026-08-04,2026-08-04
a06Ro00000dPq09IAC,2026-08-04,2026-08-04
a06Ro00000dQKfnIAG,2026-08-04,2026-08-04
a06Ro00000dQoU9IAK,2026-08-04,2026-08-04
a06Ro00000dQuEbIAK,2026-08-04,2026-08-04
a06Ro00000dQRcRIAW,2026-08-04,2026-08-04
a06Ro00000dQxyvIAC,2026-08-04,2026-08-04
a06Ro00000dQurLIAS,2026-08-04,2026-08-04
a06Ro00000dRNJpIAO,2026-08-04,2026-08-04
a06Ro00000dR6qtIAC,2026-08-04,2026-08-04
a06Ro00000dRP2IIAW,2026-08-04,2026-08-04
a06Ro00000dRaKHIA0,2026-08-04,2026-08-04
a06Ro00000dUesoIAC,2026-08-04,2026-08-04
a06Ro00000dUu37IAC,2026-08-04,2026-08-04
a06Ro00000dV2ALIA0,2026-08-04,2026-08-04
a06Ro00000dVDs9IAG,2026-08-04,2026-08-04
a06Ro00000dWFALIA4,2026-08-04,2026-08-04
a06Ro00000dYbxyIAC,2026-08-04,2026-08-04
a06Ro00000da9O5IAI,2026-08-04,2026-08-04
a06Ro00000dcfuvIAA,2026-08-04,2026-08-04
a06Ro00000dd1ozIAA,2026-08-04,2026-08-04
a06Ro00000ddPRYIA2,2026-08-04,2026-08-04
a06Ro00000de35ZIAQ,2026-08-04,2026-08-04
a06Ro00000de7NhIAI,2026-08-04,2026-08-04
a06Ro00000dfslxIAA,2026-08-04,2026-08-04
a06Ro00000dgHPNIA2,2026-08-04,2026-08-04
a06Ro00000doASLIA2,2026-08-04,2026-08-04
a06Ro00000dnxwZIAQ,2026-08-04,2026-08-04
a06Ro00000doFJyIAM,2026-08-04,2026-08-04
a06Ro00000dpFPxIAM,2026-08-04,2026-08-04
a06Ro00000drwk9IAA,2026-08-04,2026-08-04
a06Ro00000dsFV4IAM,2026-08-04,2026-08-04
a06Ro00000dsH8gIAE,2026-08-04,2026-08-04
a06Ro00000dstYwIAI,2026-08-04,2026-08-04
a06Ro00000dxEwYIAU,2026-08-04,2026-08-04
a06Ro00000e5otBIAQ,2026-08-04,2026-08-04
a06Ro00000eFhYgIAK,2026-08-04,2026-08-04
a06Ro00000eJo25IAC,2026-08-04,2026-08-04
a06Ro00000eNcaDIAS,2026-08-04,2026-08-04
a06Ro00000eOObdIAG,2026-08-04,2026-08-04
a06Ro00000eP0dhIAC,2026-08-04,2026-08-04
a06Ro00000eRcBpIAK,2026-08-04,2026-08-04
a06Ro00000eahKLIAY,2026-08-04,2026-08-04
a06Ro00000ec8ITIAY,2026-08-04,2026-08-04
a06Ro00000ebjYcIAI,2026-08-04,2026-08-04
a06Ro00000ebfl9IAA,2026-08-04,2026-08-04
a06Ro00000ej8wrIAA,2026-08-04,2026-08-04
a06Ro00000ekJWrIAM,2026-08-04,2026-08-04
a06Ro00000eknMtIAI,2026-08-04,2026-08-04
a06Ro00000ekgDLIAY,2026-08-04,2026-08-04
a06Ro00000elA6YIAU,2026-08-04,2026-08-04
a06Ro00000elGTiIAM,2026-08-04,2026-08-04
a06Ro00000ekwDGIAY,2026-08-04,2026-08-04
a06Ro00000el5IAIAY,2026-08-04,2026-08-04
a06Ro00000endZ4IAI,2026-08-04,2026-08-04
a06Ro00000enpbpIAA,2026-08-04,2026-08-04
a06Ro00000enpdRIAQ,2026-08-04,2026-08-04
a06Ro00000enplVIAQ,2026-08-04,2026-08-04
a06Ro00000enonqIAA,2026-08-04,2026-08-04
a06Ro00000enpwnIAA,2026-08-04,2026-08-04
a06Ro00000enTBYIA2,2026-08-04,2026-08-04
a06Ro00000enq9hIAA,2026-08-04,2026-08-04
a06Ro00000enqHlIAI,2026-08-04,2026-08-04
a06Ro00000enqT3IAI,2026-08-04,2026-08-04
a06Ro00000eowctIAA,2026-08-04,2026-08-04
a06Ro00000ep1FyIAI,2026-08-04,2026-08-04
a06Ro00000evDWAIA2,2026-08-04,2026-08-04
a06Ro00000f3o8mIAA,2026-08-04,2026-08-04
a06Ro00000f3y9hIAA,2026-08-04,2026-08-04
a06Ro00000f3p1bIAA,2026-08-04,2026-08-04
a06Ro00000f3yG9IAI,2026-08-04,2026-08-04
a06Ro00000f3yJNIAY,2026-08-04,2026-08-04
a06Ro00000f3vBqIAI,2026-08-04,2026-08-04
a06Ro00000f4UzBIAU,2026-08-04,2026-08-04
a06Ro00000f8Pw6IAE,2026-08-04,2026-08-04
a06Ro00000fIvbTIAS,2026-08-04,2026-08-04
a06Ro00000fJFIHIA4,2026-08-04,2026-08-04
a06Ro00000fK7c1IAC,2026-08-04,2026-08-04
a06Ro00000fJcJjIAK,2026-08-04,2026-08-04
a06Ro00000fIz3rIAC,2026-08-04,2026-08-04
a06Ro00000fK7ovIAC,2026-08-04,2026-08-04
a06Ro00000fK7vNIAS,2026-08-04,2026-08-04
a06Ro00000fK7wzIAC,2026-08-04,2026-08-04
a06Ro00000fJQf9IAG,2026-08-04,2026-08-04
a06Ro00000fJvscIAC,2026-08-04,2026-08-04
a06Ro00000fK2Z8IAK,2026-08-04,2026-08-04
a06Ro00000fK89tIAC,2026-08-04,2026-08-04
a06Ro00000fKDfpIAG,2026-08-04,2026-08-04
a06Ro00000fKDxZIAW,2026-08-04,2026-08-04
a06Ro00000fKE2PIAW,2026-08-04,2026-08-04
a06Ro00000fK8TGIA0,2026-08-04,2026-08-04
a06Ro00000fKEC5IAO,2026-08-04,2026-08-04
a06Ro00000fKEGvIAO,2026-08-04,2026-08-04
a06Ro00000fK3LWIA0,2026-08-04,2026-08-04
a06Ro00000fJmHTIA0,2026-08-04,2026-08-04
a06Ro00000fKEaHIAW,2026-08-04,2026-08-04
a06Ro00000fKEqPIAW,2026-08-04,2026-08-04
a06Ro00000fKRkPIAW,2026-08-04,2026-08-04
a06Ro00000fKOxqIAG,2026-08-04,2026-08-04
a06Ro00000fKRqrIAG,2026-08-04,2026-08-04
a06Ro00000fKRu5IAG,2026-08-04,2026-08-04
a06Ro00000fKRyvIAG,2026-08-04,2026-08-04
a06Ro00000fKS29IAG,2026-08-04,2026-08-04
a06Ro00000fKCBuIAO,2026-08-04,2026-08-04
a06Ro00000fKS5NIAW,2026-08-04,2026-08-04
a06Ro00000fJp0pIAC,2026-08-04,2026-08-04
a06Ro00000fKS5OIAW,2026-08-04,2026-08-04
a06Ro00000fKSGfIAO,2026-08-04,2026-08-04
a06Ro00000fKSIHIA4,2026-08-04,2026-08-04
a06Ro00000fKSJtIAO,2026-08-04,2026-08-04
a06Ro00000fKHEoIAO,2026-08-04,2026-08-04
a06Ro00000fKSQLIA4,2026-08-04,2026-08-04
a06Ro00000fT8CIIA0,2026-08-04,2026-08-04
a06Ro00000fTPOPIA4,2026-08-04,2026-08-04
a06Ro00000fTPZhIAO,2026-08-04,2026-08-04
a06Ro00000fTPwHIAW,2026-08-04,2026-08-04
a06Ro00000fT1kIIAS,2026-08-04,2026-08-04
a06Ro00000fTR5FIAW,2026-08-04,2026-08-04
a06Ro00000fT7mVIAS,2026-08-04,2026-08-04
a06Ro00000fXuNCIA0,2026-08-04,2026-08-04
a06Ro00000fXuNDIA0,2026-08-04,2026-08-04
a06Ro00000fXuNEIA0,2026-08-04,2026-08-04
a06Ro00000fXuNFIA0,2026-08-04,2026-08-04
a06Ro00000fYpA9IAK,2026-08-04,2026-08-04
a06Ro00000fd5g9IAA,2026-08-04,2026-08-04
a06Ro00000fiImPIAU,2026-08-04,2026-08-04
a06Ro00000fjEP0IAM,2026-08-04,2026-08-04
a06Ro00000fjLqHIAU,2026-08-04,2026-08-04
a06Ro00000fjLyLIAU,2026-08-04,2026-08-04
a06Ro00000fjZbVIAU,2026-08-04,2026-08-04
a06Ro00000fk9zyIAA,2026-08-04,2026-08-04
a06Ro00000fwheUIAQ,2026-08-04,2026-08-04
a06Ro00000g7zzRIAQ,2026-08-04,2026-08-04
a06Ro00000g8FksIAE,2026-08-04,2026-08-04
a06Ro00000g8FktIAE,2026-08-04,2026-08-04
a06Ro00000g7quYIAQ,2026-08-04,2026-08-04
a06Ro00000g7quZIAQ,2026-08-04,2026-08-04
a06Ro00000g7quaIAA,2026-08-04,2026-08-04
a06Ro00000g7qubIAA,2026-08-04,2026-08-04
a06Ro00000g7qucIAA,2026-08-04,2026-08-04
a06Ro00000g7qudIAA,2026-08-04,2026-08-04
a06Ro00000g7queIAA,2026-08-04,2026-08-04
a06Ro00000g7qufIAA,2026-08-04,2026-08-04
a06Ro00000g7qugIAA,2026-08-04,2026-08-04
a06Ro00000g7quhIAA,2026-08-04,2026-08-04
a06Ro00000gBjrFIAS,2026-08-04,2026-08-04
a06Ro00000gM7AjIAK,2026-08-04,2026-08-04
a06Ro00000gPx6LIAS,2026-08-04,2026-08-04
a06Ro00000gcK8nIAE,2026-08-04,2026-08-04
a06Ro00000gcKf3IAE,2026-08-04,2026-08-04
a06Ro00000ggDBxIAM,2026-08-04,2026-08-04
a06Ro00000ggDByIAM,2026-08-04,2026-08-04
a06Ro00000gtvFBIAY,2026-08-04,2026-08-04
a06Ro00000guYusIAE,2026-08-04,2026-08-04
a06Ro00000gv0xZIAQ,2026-08-04,2026-08-04
a06Ro00000hHjftIAC,2026-08-04,2026-08-04
a06Ro00000hHdaVIAS,2026-08-04,2026-08-04
a06Ro00000hHjsnIAC,2026-08-04,2026-08-04
a06Ro00000hHjxdIAC,2026-08-04,2026-08-04
a06Ro00000hHk2TIAS,2026-08-04,2026-08-04
a06Ro00000hHi0iIAC,2026-08-04,2026-08-04
a06Ro00000hHmHBIA0,2026-08-04,2026-08-04
a06Ro00000hHJTiIAO,2026-08-04,2026-08-04
a06Ro00000hHnZpIAK,2026-08-04,2026-08-04
a06Ro00000hI8hVIAS,2026-08-04,2026-08-04
a06Ro00000hI9bxIAC,2026-08-04,2026-08-04
a06Ro00000hIBU5IAO,2026-08-04,2026-08-04
a06Ro00000hJHE5IAO,2026-08-04,2026-08-04
a06Ro00000hJ8tzIAC,2026-08-04,2026-08-04
a06Ro00000hJHSbIAO,2026-08-04,2026-08-04
a06Ro00000hJHXRIA4,2026-08-04,2026-08-04
a06Ro00000hJHZ3IAO,2026-08-04,2026-08-04
a06Ro00000hJHcHIAW,2026-08-04,2026-08-04
a06Ro00000hJ6c2IAC,2026-08-04,2026-08-04
a06Ro00000hJHlxIAG,2026-08-04,2026-08-04
a06Ro00000hJHUEIA4,2026-08-04,2026-08-04
a06Ro00000hJHyrIAG,2026-08-04,2026-08-04
a06Ro00000hJHHKIA4,2026-08-04,2026-08-04
a06Ro00000hJI8XIAW,2026-08-04,2026-08-04
a06Ro00000hJIDNIA4,2026-08-04,2026-08-04
a06Ro00000hJIGbIAO,2026-08-04,2026-08-04
a06Ro00000hJIJpIAO,2026-08-04,2026-08-04
a06Ro00000hJ1xKIAS,2026-08-04,2026-08-04
a06Ro00000hIwhXIAS,2026-08-04,2026-08-04
a06Ro00000hIyY2IAK,2026-08-04,2026-08-04
a06Ro00000hIpJVIA0,2026-08-04,2026-08-04
a06Ro00000hJHfWIAW,2026-08-04,2026-08-04
a06Ro00000hMKvNIAW,2026-08-04,2026-08-04
a06Ro00000hML9tIAG,2026-08-04,2026-08-04
a06Ro00000hMLOPIA4,2026-08-04,2026-08-04
a06Ro00000hMLZhIAO,2026-08-04,2026-08-04
a06Ro00000hMLzVIAW,2026-08-04,2026-08-04
a06Ro00000hMFkQIAW,2026-08-04,2026-08-04
a06Ro00000hMMM5IAO,2026-08-04,2026-08-04
a06Ro00000hMEd5IAG,2026-08-04,2026-08-04
a06Ro00000hMNoPIAW,2026-08-04,2026-08-04
a06Ro00000hML0EIAW,2026-08-04,2026-08-04
a06Ro00000hMOanIAG,2026-08-04,2026-08-04
a06Ro00000hMOe1IAG,2026-08-04,2026-08-04
a06Ro00000hMOkTIAW,2026-08-04,2026-08-04
a06Ro00000hMPJxIAO,2026-08-04,2026-08-04
a06Ro00000hMMAoIAO,2026-08-04,2026-08-04
a06Ro00000hMILiIAO,2026-08-04,2026-08-04
a06Ro00000hMOJ4IAO,2026-08-04,2026-08-04
a06Ro00000hLjO0IAK,2026-08-04,2026-08-04
a06Ro00000hMRNNIA4,2026-08-04,2026-08-04
a06Ro00000hMRvFIAW,2026-08-04,2026-08-04
a06Ro00000hM6UFIA0,2026-08-04,2026-08-04
a06Ro00000hMSg1IAG,2026-08-04,2026-08-04
a06Ro00000hMRKCIA4,2026-08-04,2026-08-04
a06Ro00000hMT7RIAW,2026-08-04,2026-08-04
a06Ro00000hMTH7IAO,2026-08-04,2026-08-04
a06Ro00000hM9bnIAC,2026-08-04,2026-08-04
a06Ro00000hMTgvIAG,2026-08-04,2026-08-04
a06Ro00000hMUBZIA4,2026-08-04,2026-08-04
a06Ro00000hMGmwIAG,2026-08-04,2026-08-04
a06Ro00000hMTgwIAG,2026-08-04,2026-08-04
a06Ro00000hMHO2IAO,2026-08-04,2026-08-04
a06Ro00000hLz2wIAC,2026-08-04,2026-08-04
a06Ro00000hMVNlIAO,2026-08-04,2026-08-04
a06Ro00000hMVcHIAW,2026-08-04,2026-08-04
a06Ro00000hMVnZIAW,2026-08-04,2026-08-04
a06Ro00000hMP0cIAG,2026-08-04,2026-08-04
a06Ro00000hMWWjIAO,2026-08-04,2026-08-04
a06Ro00000hMSuYIAW,2026-08-04,2026-08-04
a06Ro00000hMgKnIAK,2026-08-04,2026-08-04
a06Ro00000hMaFPIA0,2026-08-04,2026-08-04
a06Ro00000hMYAMIA4,2026-08-04,2026-08-04
a06Ro00000hMgsfIAC,2026-08-04,2026-08-04
a06Ro00000hMdTOIA0,2026-08-04,2026-08-04
a06Ro00000hMh7BIAS,2026-08-04,2026-08-04
a06Ro00000hMMUAIA4,2026-08-04,2026-08-04
a06Ro00000hMhVNIA0,2026-08-04,2026-08-04
a06Ro00000hMhbpIAC,2026-08-04,2026-08-04
a06Ro00000hR4MvIAK,2026-08-04,2026-08-04
a06Ro00000hRObmIAG,2026-08-04,2026-08-04
a06Ro00000hRT8PIAW,2026-08-04,2026-08-04
a06Ro00000hRTGTIA4,2026-08-04,2026-08-04
a06Ro00000hRTI5IAO,2026-08-04,2026-08-04
a06Ro00000hRTLJIA4,2026-08-04,2026-08-04
a06Ro00000hRTMvIAO,2026-08-04,2026-08-04
a06Ro00000hRSNeIAO,2026-08-04,2026-08-04
a06Ro00000hRTRlIAO,2026-08-04,2026-08-04
a06Ro00000hRTUzIAO,2026-08-04,2026-08-04
a06Ro00000hRTYDIA4,2026-08-04,2026-08-04
a06Ro00000hRUxJIAW,2026-08-04,2026-08-04
a06Ro00000hRTBeIAO,2026-08-04,2026-08-04
a06Ro00000hRMF0IAO,2026-08-04,2026-08-04
a06Ro00000hRV6zIAG,2026-08-04,2026-08-04
a06Ro00000hROFCIA4,2026-08-04,2026-08-04
a06Ro00000hRIswIAG,2026-08-04,2026-08-04
a06Ro00000hQreIIAS,2026-08-04,2026-08-04
a06Ro00000hRVGfIAO,2026-08-04,2026-08-04
a06Ro00000hRFQQIA4,2026-08-04,2026-08-04
a06Ro00000hRVQLIA4,2026-08-04,2026-08-04
a06Ro00000hYDEzIAO,2026-08-04,2026-08-04
a06Ro00000hYF2IIAW,2026-08-04,2026-08-04
a06Ro00000hY8dXIAS,2026-08-04,2026-08-04
a06Ro00000hYHC9IAO,2026-08-04,2026-08-04
a06Ro00000hY6qEIAS,2026-08-04,2026-08-04
a06Ro00000hY4OcIAK,2026-08-04,2026-08-04
a06Ro00000hY34MIAS,2026-08-04,2026-08-04
a06Ro00000hY2TGIA0,2026-08-04,2026-08-04
a06Ro00000hYHX7IAO,2026-08-04,2026-08-04
a06Ro00000hY6biIAC,2026-08-04,2026-08-04
a06Ro00000hkdtdIAA,2026-08-04,2026-08-04
a06Ro00000hkrWnIAI,2026-08-04,2026-08-04
a06Ro00000hlxNGIAY,2026-08-04,2026-08-04
a06Ro00000hp9dBIAQ,2026-08-04,2026-08-04
a06Ro00000hso8jIAA,2026-08-04,2026-08-04
a06Ro00000hsowjIAA,2026-08-04,2026-08-04
a06Ro00000hu3tiIAA,2026-08-04,2026-08-04
a06Ro00000i3bcnIAA,2026-08-04,2026-08-04
a06Ro00000iDrRlIAK,2026-08-04,2026-08-04
a06Ro00000iDrd3IAC,2026-08-04,2026-08-04
a06Ro00000iDrefIAC,2026-08-04,2026-08-04
a06Ro00000iDrgHIAS,2026-08-04,2026-08-04
a06Ro00000iDQZeIAO,2026-08-04,2026-08-04
a06Ro00000iDrl7IAC,2026-08-04,2026-08-04
a06Ro00000iDmtWIAS,2026-08-04,2026-08-04
a06Ro00000iDdNCIA0,2026-08-04,2026-08-04
a06Ro00000iDm3vIAC,2026-08-04,2026-08-04
a06Ro00000iDrrZIAS,2026-08-04,2026-08-04
