"CaseNumber","Subject","Priority","Owner","Classification","RelatedObject","WorkbookTheme","DevWorkBucket","DevReadiness","ProposedDryRunAction","TargetApiNames","TargetFieldCount","CandidateActiveFlows","CandidateValidationRules","CandidateTriggers","CandidateApexClasses","CandidateUiBundles","RequiredTestData","ProductionWriteRequiredEventually"
"00009390","Pricing Review & Review Notes Fields","Medium","Richard Gerler","Salesforce Improvement","Product","Validation Rules/Access","Access / validation","Buildable in Dev after exact persona and acceptance criteria are confirmed","Compare profile, permission sets, object/field/Apex access and validation bypasses; implement least privilege; test as target persona.","Product2; Product_Analytics__c","610","Account_Engagement_Sandbox_Production_Bulk_Asset_Copy_Flow; Add_Product_Record_Type_Name_to_Asset_Record; Asset_Creation_After_Save_Update_Product_Analytics; Asset_Update_After_Save_Set_Product_Analytics_on_Product_Name_Change; Change_Contract_Line_Item_Product_UK; Delete_Select_Products_from_Opportunity_Screen_Flow; IR_Product_Before_Delete_Total_IR_Product_Cost_Roll_Up; IR_Product_on_create_Total_IR_Product_Cost_Roll_Up","Array_carriage_replacement; Array_drive_switch_or_board_replacement; Array_drive_system_replacement; Array_replacement; Bending_rubber_glue_beads_replacement; Cable_advanced_whitening; Cable_jacket_refurb; Cable_jacket_splice","P_ProductAnalyticsTrigger; UpdateProductFields","AddIRProductServices; AddIRProductServicesTest; addproduct; AddProductPortal; AddProductPortalTestClass","addItemReceiptProductSearchLwc; addItemReceiptProductSelectionsLwc; addProductLwc; addProductMainLwc; addProductSearchLwc","Product2, Product_Analytics__c records with required parents, record types, owners, products and statuses","Yes - production assignment/deployment after approval"
"00009472","Request for more access","Medium","Lauren Fitzgerald","Other","User","Validation Rules/Access","Access / validation","Buildable in Dev after exact persona and acceptance criteria are confirmed","Compare profile, permission sets, object/field/Apex access and validation bypasses; implement least privilege; test as target persona.","User","0","PMT_Create_Resource_Availability_on_User_activation1","","","AssignPermissionSet; AssignPermissionSetTest; UserHasAccess; UserHasAccessTest; UserUtilities","","User records with required parents, record types, owners, products and statuses","Yes - production assignment/deployment after approval"
"00009522","Adjust Permissions","Medium","Kris Nelson","Other","Permission(s)/Permission Set","Validation Rules/Access","Access / validation","Buildable in Dev after exact persona and acceptance criteria are confirmed","Compare profile, permission sets, object/field/Apex access and validation bypasses; implement least privilege; test as target persona.","User","0","PMT_Create_Resource_Availability_on_User_activation1","","","AssignPermissionSet; AssignPermissionSetTest; UserHasAccess; UserHasAccessTest; UserUtilities","","User records with required parents, record types, owners, products and statuses","Yes - production assignment/deployment after approval"
"00009542","Confirmation lines","Medium","Kaley Ehrig","Other","Permission(s)/Permission Set","Validation Rules/Access","Access / validation","Buildable in Dev after exact persona and acceptance criteria are confirmed","Compare profile, permission sets, object/field/Apex access and validation bypasses; implement least privilege; test as target persona.","User","0","PMT_Create_Resource_Availability_on_User_activation1","","","AssignPermissionSet; AssignPermissionSetTest; UserHasAccess; UserHasAccessTest; UserUtilities","","User records with required parents, record types, owners, products and statuses","Yes - production assignment/deployment after approval"
"00009597","Stop people being able to close win an inventory purchase opp without an item receipt","Medium","James Bevan-Jones","Salesforce Improvement","Opportunity","New/Edit Workflows, Validation Rules/Access","Access / validation","Buildable in Dev after exact persona and acceptance criteria are confirmed","Compare profile, permission sets, object/field/Apex access and validation bypasses; implement least privilege; test as target persona.","Opportunity; OpportunityLineItem","736","Auto_Create_Return_Opportunity_for_Exchange_Purchasing_Ops; AvaTax_Opportunity_Automatic_Tax_Calculation_Flow; AvaTax_Opportunity_Existing_Update_Entity_Use_Code_IOR_Transport; AvaTax_Opportunity_New_Update_Entity_Code_IOR_Transport; AvaTax_Opportunity_Update_AvaTax_Message_and_Status; Big_Iron_Purchasing_Opportunity_Updates_Alerts; Cloned_Opportunity_Update_FSR_Attached_and_FSR_Not_Required_to_False; Convert_PRR_to_Purchasing_Opportunity_Screen_Flow","Account_MUST_Match_Bill_To_Account; Account_on_Credit_Hold; Accounting_Contact_Email_Required; Actual_Removal_Date_Not_Future; Bill_and_Ship_Address_Req_for_Closed_Won; Billing_and_Shipping_State_Length; BIPO_Stage_Closed_Lost; Business_Line_Must_Be_Filled_Out","P_OppLineItemTrigger; P_OpportunityTrigger; ProcessTemplateFolder","BeforeUpdateOpportunityTest; OpportunityAlertController; OpportunityAlertControllerTest; OpportunityLineItemServices; OpportunityLineItemServicesTest","OpportunityAlert","Opportunity, OpportunityLineItem records with required parents, record types, owners, products and statuses","Yes - production assignment/deployment after approval"
"00009634","Product repair required fields.","Medium","Kyle Kast","Salesforce Improvement","Product Repair","Validation Rules/Access","Access / validation","Buildable in Dev after exact persona and acceptance criteria are confirmed","Compare profile, permission sets, object/field/Apex access and validation bypasses; implement least privilege; test as target persona.","Product_Repair__c","95","Absorb_External_Repair_Screen_Flow; Auto_Create_Post_Repair_Eval_on_Opp; Auto_Create_Refurb_System_Repair_from_Refurb_Test; Case_Online_Repair_Evaluation_Tool; Create_External_Repair_Testing_Opp_from_PO; Create_Repair_Opportunity_from_Service_Contract_Flow; FSL_US_Update_Work_Order_to_Repair_In_Progress; On_New_WOLI_Update_Type_if_Probe_Repair_Opp","Cannot_make_mold_on_nongeneric_asset; Cannot_use_non_purchasing_approved_part; Identify_equipment_number_used_for_mold; Must_explain_cap_failure; Must_explain_failure; Must_explain_lens_failure; Must_explain_SR_failure; Must_fill_out_notes_for_no_longer_needed","HarvestParts; P_ProductRepairTrigger; P_ProductRepairTrigger2; updateProductRepairTrigger","CreateApprovedRepairsHandler; CreateApprovedRepairsTestClass; CreateRepairRMAFromCase; CreateRepairRMAFromCaseTest; EmailPostRepairEvalPDF","","Product_Repair__c records with required parents, record types, owners, products and statuses","Yes - production assignment/deployment after approval"
"00010008","Locking Down Cost Field","Medium","Aaron Poston","Salesforce Improvement","Asset2","Validation Rules/Access","Access / validation","Buildable in Dev after exact persona and acceptance criteria are confirmed","Compare profile, permission sets, object/field/Apex access and validation bypasses; implement least privilege; test as target persona.","ProductItem__c","419","Account_Engagement_Bulk_Asset_Copy_Flow; Account_Engagement_Sandbox_Production_Bulk_Asset_Copy_Flow; Add_Product_Record_Type_Name_to_Asset_Record; Asset_Automations; Asset_Check_in_Type; Asset_Creation_After_Save_Update_Product_Analytics; Asset_Update_After_Save_Set_Product_Analytics_on_Product_Name_Change; Auto_Close_SWO_HWO_Scrap_Asset","Approved_Purchase_no_cost_edits; Cannot_Change_Asset_Owner; Cannot_change_cost_once_marked_sold; Cannot_move_without_verifying_numbers; Check_In_Type; Designated_For_Rental_Rule; GE_DISTRIBUTION_PRODUCTS; Generic_Assets_CANNOT_Have_Cost","dlrs_ProductItemTrigger; P_ProductItemTrigger","AddAssetServices; AddAssetServicesTest; dlrs_ProductItemTest; LoanerAssetTriggerHandler; LoanerAssetTriggerHandlerTest","addAssetMainLwc; addAssetSearchLwc; addAssetSelectionsLwc; addAsset; addAssetComponent","ProductItem__c records with required parents, record types, owners, products and statuses","Yes - production assignment/deployment after approval"
"00010071","Reserved status on asset","Medium","Ken Anderson","Other","Asset2","Validation Rules/Access","Access / validation","Buildable in Dev after exact persona and acceptance criteria are confirmed","Compare profile, permission sets, object/field/Apex access and validation bypasses; implement least privilege; test as target persona.","ProductItem__c","419","Account_Engagement_Bulk_Asset_Copy_Flow; Account_Engagement_Sandbox_Production_Bulk_Asset_Copy_Flow; Add_Product_Record_Type_Name_to_Asset_Record; Asset_Automations; Asset_Check_in_Type; Asset_Creation_After_Save_Update_Product_Analytics; Asset_Update_After_Save_Set_Product_Analytics_on_Product_Name_Change; Auto_Close_SWO_HWO_Scrap_Asset","Approved_Purchase_no_cost_edits; Cannot_Change_Asset_Owner; Cannot_change_cost_once_marked_sold; Cannot_move_without_verifying_numbers; Check_In_Type; Designated_For_Rental_Rule; GE_DISTRIBUTION_PRODUCTS; Generic_Assets_CANNOT_Have_Cost","dlrs_ProductItemTrigger; P_ProductItemTrigger","AddAssetServices; AddAssetServicesTest; dlrs_ProductItemTest; LoanerAssetTriggerHandler; LoanerAssetTriggerHandlerTest","addAssetMainLwc; addAssetSearchLwc; addAssetSelectionsLwc; addAsset; addAssetComponent","ProductItem__c records with required parents, record types, owners, products and statuses","Yes - production assignment/deployment after approval"
"00010082","assets","Medium","Sean Bagley","Other","Account","Validation Rules/Access","Access / validation","Buildable in Dev after exact persona and acceptance criteria are confirmed","Compare profile, permission sets, object/field/Apex access and validation bypasses; implement least privilege; test as target persona.","Account","252","Account_Created_by_EU_UK; Account_Engagement_Bulk_Asset_Copy_Flow; Account_Engagement_Sandbox_Production_Bulk_Asset_Copy_Flow; AccountFieldUpdateFlow; AvaTax_Account_Update_AvaTax_Exemption_Message_Flow; Contact_Asynchronous_on_create_Update_Account_Number_of_Contacts; Contact_Asynchronous_on_delete_Update_Account_Number_of_Contacts; Contact_Asynchronous_on_update_Update_Account_Number_of_Contacts","Account_Name_Character_Limit; Account_named_unknown; Billing_and_Shipping_State_Length; Cant_Do_Business_in_Country_List; Cant_Edit_Trisonics_Accounts; Must_include_RGBP_Category; Shipping_Account_Preference_Control; Validate_AvaTax_Exemption_Customer_ID","AccountTrigger; LogAccountChange; P_AccountTrigger","P_AccountTriggerHandler; P_AccountTriggerHandlerTest; UpdateAccountBatch; UpdateAccountBatchTestClass","","Account records with required parents, record types, owners, products and statuses","Yes - production assignment/deployment after approval"
"00010296","Remove access for Tim Cheese","Medium","Jon Kean","Other","Product Test","Validation Rules/Access","Access / validation","Buildable in Dev after exact persona and acceptance criteria are confirmed","Compare profile, permission sets, object/field/Apex access and validation bypasses; implement least privilege; test as target persona.","ProductTest__c; Product_Test_Line_Item__c","344","Auto_Create_Refurb_System_Repair_from_Refurb_Test; Coil_RMA_Update_Last_Test_Completed_Date_Flow; Create_External_Repair_Testing_Opp_from_PO; FSL_Ultrasound_Electrical_Safety_Tests_Checklist; If_FSR_Not_Required_FSR_Datestamp_Blank_at_Closed_Won_Set_FSR_Datestamp_to_Today; Radiology_Basic_Product_Test_Screen_Flow_UK; Refurb_Test_Asset_Selection_Screen_Flow; Refurb_Test_Update_After_Save_Change_Owner_to_Engineer_on_Acceptance","Cable_length_must_not_be_blank; D_system_test; Last_4_SN_must_not_be_blank; Leakage_current_cannot_equal_zero; Must_be_equal_to_product1; Must_be_equal_to_product10; Must_be_equal_to_product11; Must_be_equal_to_product12","P_ProductTestTrigger","AddAssetServicesTest; AddIRProductServicesTest; AddProductPortalTestClass; AddProductServicesTest; AddProductTestClass","overrideProductTest; Test","ProductTest__c, Product_Test_Line_Item__c records with required parents, record types, owners, products and statuses","Yes - production assignment/deployment after approval"
"00010415","Entity","Medium","Terry Mascia","Administrative (Reports & Dashboards)","Opportunity","Validation Rules/Access","Access / validation","Buildable in Dev after exact persona and acceptance criteria are confirmed","Compare profile, permission sets, object/field/Apex access and validation bypasses; implement least privilege; test as target persona.","Opportunity; OpportunityLineItem","736","Auto_Create_Return_Opportunity_for_Exchange_Purchasing_Ops; AvaTax_Opportunity_Automatic_Tax_Calculation_Flow; AvaTax_Opportunity_Existing_Update_Entity_Use_Code_IOR_Transport; AvaTax_Opportunity_New_Update_Entity_Code_IOR_Transport; AvaTax_Opportunity_Update_AvaTax_Message_and_Status; Big_Iron_Purchasing_Opportunity_Updates_Alerts; Cloned_Opportunity_Update_FSR_Attached_and_FSR_Not_Required_to_False; Convert_PRR_to_Purchasing_Opportunity_Screen_Flow","Account_MUST_Match_Bill_To_Account; Account_on_Credit_Hold; Accounting_Contact_Email_Required; Actual_Removal_Date_Not_Future; Bill_and_Ship_Address_Req_for_Closed_Won; Billing_and_Shipping_State_Length; BIPO_Stage_Closed_Lost; Business_Line_Must_Be_Filled_Out","P_OppLineItemTrigger; P_OpportunityTrigger; ProcessTemplateFolder","BeforeUpdateOpportunityTest; OpportunityAlertController; OpportunityAlertControllerTest; OpportunityLineItemServices; OpportunityLineItemServicesTest","OpportunityAlert","Opportunity, OpportunityLineItem records with required parents, record types, owners, products and statuses","Yes - production assignment/deployment after approval"
"00009455","Notification - Financial Information","Medium","Ben Rice","Other","OTHER","Email Alerts","Clarification / cross-object","Blocked until target object and acceptance criteria are confirmed","Confirm exact object, record type, affected persona, example record, expected result, and success criteria before building.","","0","","","","","","Exact production example must be converted to sanitized test data","Only controlled metadata deployment after approval"
"00009584","Pricing request fulfilment emails","Medium","Katy Base","Other","OTHER","Email Alerts","Clarification / cross-object","Blocked until target object and acceptance criteria are confirmed","Confirm exact object, record type, affected persona, example record, expected result, and success criteria before building.","","0","","","","","","Exact production example must be converted to sanitized test data","Only controlled metadata deployment after approval"
"00009763","Request for customer refund","Medium","Krystie Green","Other","OTHER","New/Edit Workflows, New/Edit Fields","Clarification / cross-object","Blocked until target object and acceptance criteria are confirmed","Confirm exact object, record type, affected persona, example record, expected result, and success criteria before building.","","0","","","","","","Exact production example must be converted to sanitized test data","Only controlled metadata deployment after approval"
"00010086","Notify the Opp owner when items are checked in?","Medium","Keith Fairburn","Salesforce Idea","OTHER","New/Edit Workflows","Clarification / cross-object","Blocked until target object and acceptance criteria are confirmed","Confirm exact object, record type, affected persona, example record, expected result, and success criteria before building.","","0","","","","","","Exact production example must be converted to sanitized test data","Only controlled metadata deployment after approval"
"00010381","customer number to show on search screen","Medium","Krystie Green","Other","OTHER","Search Layout","Clarification / cross-object","Blocked until target object and acceptance criteria are confirmed","Confirm exact object, record type, affected persona, example record, expected result, and success criteria before building.","","0","","","","","","Exact production example must be converted to sanitized test data","Only controlled metadata deployment after approval"
"00010489","Emails with Subject: New Service Contract Ready for Approval","Medium","Krystie Green","Other","OTHER","New/Edit Workflows","Clarification / cross-object","Blocked until target object and acceptance criteria are confirmed","Confirm exact object, record type, affected persona, example record, expected result, and success criteria before building.","","0","","","","","","Exact production example must be converted to sanitized test data","Only controlled metadata deployment after approval"
"00009343","Add status to SA","Medium","Harriet Langley","Salesforce Improvement","Field Service Lightning","Data","Data correction / migration","Rehearse in Dev; final production data action requires separate approval","Create an idempotent query/update script, synthetic records, dry-run diff, rollback file, and production read-back plan.","ServiceAppointment; WorkOrder; WorkOrderLineItem","1220","Add_Coverage_Level_to_Service_Appointment_On_Creation; Assigned_Resource_Trigger_Dispatch_Tech_Call; Assigned_Resource_Trigger_Send_New_Resource_Dispatch_Email; Auto_Create_RMAs_from_Service_Appointments_for_UK; Auto_Create_RMAs_from_Work_Orders_for_UK; Contract_Line_Item_Cancel_Work_Orders_on_Decommissioning; Contract_Line_Item_Edit_Multiple_Work_Orders_Screen_Flow; Create_and_Dispatch_Service_Appointment_from_FSL_App","Asset_must_be_purchasing_approved; Cant_submit_to_shipping_without_location; Cant_Update_US_FSL_Completed_WO; Dont_allow_scheduled_or_dispatched; isDueDateExist; isDurationExist; isEarliestStartTimeExist; Related_Service_with_time_dependency","CalculateTravelTimeOnServiceChange; P_ServiceWorkOrderTrigger; P_WorkOrderLineItemTrigger; TR001_Service_AfterDelete; TR001_Service_AfterInsert; TR001_Service_AfterUpdate; TR001_Service_BeforeDelete; TR001_Service_BeforeInsert","ContentDocumentLinkToWorkOrderSync; ContentDocumentLinkToWorkOrderSync_Test; dlrs_Harvest_Work_OrderTest; EmailWorkOrderPDF; FslTechnicianOnlineController","fslEditModal; fslHello; fslQuickQuoteGlobalAction; fslWorkOrderCard; searchServiceAppointments","Work Order, Service Appointment, Service Resource, Assigned Resource, operating hours, mobile/dispatcher persona","Yes - data change after approval"
"00009797","Update Cycle Count Dates","Medium","Blake Nielsen","Other","Asset2","Data","Data correction / migration","Rehearse in Dev; final production data action requires separate approval","Create an idempotent query/update script, synthetic records, dry-run diff, rollback file, and production read-back plan.","ProductItem__c","419","Account_Engagement_Bulk_Asset_Copy_Flow; Account_Engagement_Sandbox_Production_Bulk_Asset_Copy_Flow; Add_Product_Record_Type_Name_to_Asset_Record; Asset_Automations; Asset_Check_in_Type; Asset_Creation_After_Save_Update_Product_Analytics; Asset_Update_After_Save_Set_Product_Analytics_on_Product_Name_Change; Auto_Close_SWO_HWO_Scrap_Asset","Approved_Purchase_no_cost_edits; Cannot_Change_Asset_Owner; Cannot_change_cost_once_marked_sold; Cannot_move_without_verifying_numbers; Check_In_Type; Designated_For_Rental_Rule; GE_DISTRIBUTION_PRODUCTS; Generic_Assets_CANNOT_Have_Cost","dlrs_ProductItemTrigger; P_ProductItemTrigger","AddAssetServices; AddAssetServicesTest; dlrs_ProductItemTest; LoanerAssetTriggerHandler; LoanerAssetTriggerHandlerTest","addAssetMainLwc; addAssetSearchLwc; addAssetSelectionsLwc; addAsset; addAssetComponent","ProductItem__c records with required parents, record types, owners, products and statuses","Yes - data change after approval"
"00010166","Wrong amount","Medium","Gina Olson","Other","Product","Data","Data correction / migration","Rehearse in Dev; final production data action requires separate approval","Create an idempotent query/update script, synthetic records, dry-run diff, rollback file, and production read-back plan.","Product2; Product_Analytics__c","610","Account_Engagement_Sandbox_Production_Bulk_Asset_Copy_Flow; Add_Product_Record_Type_Name_to_Asset_Record; Asset_Creation_After_Save_Update_Product_Analytics; Asset_Update_After_Save_Set_Product_Analytics_on_Product_Name_Change; Change_Contract_Line_Item_Product_UK; Delete_Select_Products_from_Opportunity_Screen_Flow; IR_Product_Before_Delete_Total_IR_Product_Cost_Roll_Up; IR_Product_on_create_Total_IR_Product_Cost_Roll_Up","Array_carriage_replacement; Array_drive_switch_or_board_replacement; Array_drive_system_replacement; Array_replacement; Bending_rubber_glue_beads_replacement; Cable_advanced_whitening; Cable_jacket_refurb; Cable_jacket_splice","P_ProductAnalyticsTrigger; UpdateProductFields","AddIRProductServices; AddIRProductServicesTest; addproduct; AddProductPortal; AddProductPortalTestClass","addItemReceiptProductSearchLwc; addItemReceiptProductSelectionsLwc; addProductLwc; addProductMainLwc; addProductSearchLwc","Product2, Product_Analytics__c records with required parents, record types, owners, products and statuses","Yes - data change after approval"
"00010216","Product Analytics page for parts are all in GBP instead of USD.","Medium","Richard Gerler","Salesforce Error","Product","Data","Data correction / migration","Rehearse in Dev; final production data action requires separate approval","Create an idempotent query/update script, synthetic records, dry-run diff, rollback file, and production read-back plan.","Product2; Product_Analytics__c","610","Account_Engagement_Sandbox_Production_Bulk_Asset_Copy_Flow; Add_Product_Record_Type_Name_to_Asset_Record; Asset_Creation_After_Save_Update_Product_Analytics; Asset_Update_After_Save_Set_Product_Analytics_on_Product_Name_Change; Change_Contract_Line_Item_Product_UK; Delete_Select_Products_from_Opportunity_Screen_Flow; IR_Product_Before_Delete_Total_IR_Product_Cost_Roll_Up; IR_Product_on_create_Total_IR_Product_Cost_Roll_Up","Array_carriage_replacement; Array_drive_switch_or_board_replacement; Array_drive_system_replacement; Array_replacement; Bending_rubber_glue_beads_replacement; Cable_advanced_whitening; Cable_jacket_refurb; Cable_jacket_splice","P_ProductAnalyticsTrigger; UpdateProductFields","AddIRProductServices; AddIRProductServicesTest; addproduct; AddProductPortal; AddProductPortalTestClass","addItemReceiptProductSearchLwc; addItemReceiptProductSelectionsLwc; addProductLwc; addProductMainLwc; addProductSearchLwc","Product2, Product_Analytics__c records with required parents, record types, owners, products and statuses","Yes - data change after approval"
"00010341","Combine duplicate accounts","Medium","Julie Nickerson","Other","Account","Data","Data correction / migration","Rehearse in Dev; final production data action requires separate approval","Create an idempotent query/update script, synthetic records, dry-run diff, rollback file, and production read-back plan.","Account","252","Account_Created_by_EU_UK; Account_Engagement_Bulk_Asset_Copy_Flow; Account_Engagement_Sandbox_Production_Bulk_Asset_Copy_Flow; AccountFieldUpdateFlow; AvaTax_Account_Update_AvaTax_Exemption_Message_Flow; Contact_Asynchronous_on_create_Update_Account_Number_of_Contacts; Contact_Asynchronous_on_delete_Update_Account_Number_of_Contacts; Contact_Asynchronous_on_update_Update_Account_Number_of_Contacts","Account_Name_Character_Limit; Account_named_unknown; Billing_and_Shipping_State_Length; Cant_Do_Business_in_Country_List; Cant_Edit_Trisonics_Accounts; Must_include_RGBP_Category; Shipping_Account_Preference_Control; Validate_AvaTax_Exemption_Customer_ID","AccountTrigger; LogAccountChange; P_AccountTrigger","P_AccountTriggerHandler; P_AccountTriggerHandlerTest; UpdateAccountBatch; UpdateAccountBatchTestClass","","Account records with required parents, record types, owners, products and statuses","Yes - data change after approval"
"00010377","Add No Budget to Reasons for Unqualified UK","Medium","Brian Gill","Administrative (Reports & Dashboards)","Lead","Data","Data correction / migration","Rehearse in Dev; final production data action requires separate approval","Create an idempotent query/update script, synthetic records, dry-run diff, rollback file, and production read-back plan.","Lead","194","Create_NEW_Lead_from_Existing_Contact; FSL_Mobile_Create_Lead_Autolaunched; FSL_Mobile_Create_Lead_US; Lead_Assignment_Flow_New_Simpler_Logic; Lead_Check_for_existing; Lead_Check_for_existing_Account_Account_Name; Lead_Check_for_existing_contact_Email; Lead_Check_for_existing_contact_Phone","Convert_Unknown; Lead_Source_and_Detail_Change; Modality_Field_Must_Be_Filled_Out; Product_Type_Needed; Unqualified_Reason_Required","LeadTrigger; LeadTrigger; LogLeadChange","LeadConversionController; LeadConversionController_NoAssert_Test","leadSmartConvert","Lead records with required parents, record types, owners, products and statuses","Yes - data change after approval"
"00010414","new bin","Medium","Tyler Turley","Other","OTHER","Data","Data correction / migration","Rehearse in Dev; final production data action requires separate approval","Create an idempotent query/update script, synthetic records, dry-run diff, rollback file, and production read-back plan.","","0","","","","","","Exact production example must be converted to sanitized test data","Yes - data change after approval"
"00010517","Update Account Bill / Ship address","Medium","Matt Ehlke","Other","Account","Data","Data correction / migration","Rehearse in Dev; final production data action requires separate approval","Create an idempotent query/update script, synthetic records, dry-run diff, rollback file, and production read-back plan.","Account","252","Account_Created_by_EU_UK; Account_Engagement_Bulk_Asset_Copy_Flow; Account_Engagement_Sandbox_Production_Bulk_Asset_Copy_Flow; AccountFieldUpdateFlow; AvaTax_Account_Update_AvaTax_Exemption_Message_Flow; Contact_Asynchronous_on_create_Update_Account_Number_of_Contacts; Contact_Asynchronous_on_delete_Update_Account_Number_of_Contacts; Contact_Asynchronous_on_update_Update_Account_Number_of_Contacts","Account_Name_Character_Limit; Account_named_unknown; Billing_and_Shipping_State_Length; Cant_Do_Business_in_Country_List; Cant_Edit_Trisonics_Accounts; Must_include_RGBP_Category; Shipping_Account_Preference_Control; Validate_AvaTax_Exemption_Customer_ID","AccountTrigger; LogAccountChange; P_AccountTrigger","P_AccountTriggerHandler; P_AccountTriggerHandlerTest; UpdateAccountBatch; UpdateAccountBatchTestClass","","Account records with required parents, record types, owners, products and statuses","Yes - data change after approval"
"00008361","FSL - No calendar appointment generated in coordinator mailbox for some time after dispatch (long delay)","High","Tom Meredith","Other","Field Service Lightning","New/Edit Workflows, Dashboards/Reports/Notifications, New/Edit Fields","Defect investigation","Reproducible in Dev after sanitized records and exact steps are created","Create a minimal reproduction, trace active Flow/Apex/LWC/validation paths, add regression tests, and compare before/after behavior.","ServiceAppointment; WorkOrder; WorkOrderLineItem","1220","Add_Coverage_Level_to_Service_Appointment_On_Creation; Assigned_Resource_Trigger_Dispatch_Tech_Call; Assigned_Resource_Trigger_Send_New_Resource_Dispatch_Email; Auto_Create_RMAs_from_Service_Appointments_for_UK; Auto_Create_RMAs_from_Work_Orders_for_UK; Contract_Line_Item_Cancel_Work_Orders_on_Decommissioning; Contract_Line_Item_Edit_Multiple_Work_Orders_Screen_Flow; Create_and_Dispatch_Service_Appointment_from_FSL_App","Asset_must_be_purchasing_approved; Cant_submit_to_shipping_without_location; Cant_Update_US_FSL_Completed_WO; Dont_allow_scheduled_or_dispatched; isDueDateExist; isDurationExist; isEarliestStartTimeExist; Related_Service_with_time_dependency","CalculateTravelTimeOnServiceChange; P_ServiceWorkOrderTrigger; P_WorkOrderLineItemTrigger; TR001_Service_AfterDelete; TR001_Service_AfterInsert; TR001_Service_AfterUpdate; TR001_Service_BeforeDelete; TR001_Service_BeforeInsert","ContentDocumentLinkToWorkOrderSync; ContentDocumentLinkToWorkOrderSync_Test; dlrs_Harvest_Work_OrderTest; EmailWorkOrderPDF; FslTechnicianOnlineController","fslEditModal; fslHello; fslQuickQuoteGlobalAction; fslWorkOrderCard; searchServiceAppointments","Work Order, Service Appointment, Service Resource, Assigned Resource, operating hours, mobile/dispatcher persona","Only controlled metadata deployment after approval"
"00009704","00061816 reopened when RMA completed in stores","High","Tom Meredith","Salesforce Error","Work Order","BUG","Defect investigation","Reproducible in Dev after sanitized records and exact steps are created","Create a minimal reproduction, trace active Flow/Apex/LWC/validation paths, add regression tests, and compare before/after behavior.","WorkOrder; Work_Order__c","688","Auto_Create_RMAs_from_Work_Orders_for_UK; Contract_Line_Item_Cancel_Work_Orders_on_Decommissioning; Contract_Line_Item_Edit_Multiple_Work_Orders_Screen_Flow; Create_and_Dispatch_Service_Appointment_from_FSL_App; Create_Contract_Line_Items_Entitlements_and_Work_Orders_V4; Create_Field_Service_Work_Order_in_Salesforce; Create_FSL_Work_Order_on_SF_Objects; Create_Pricing_Request_from_Work_Order_Opportunity","Cant_submit_to_shipping_without_location; Cant_Update_US_FSL_Completed_WO; Must_give_reason_for_cancelling; Shipping_Account_Preference_Control; UK_Closed_Work_Order_Must_Have_End_Date","P_ServiceWorkOrderTrigger; TR022_WorkOrder_AfterInsert; TR022_WorkOrder_AfterUpdate; TR022_WorkOrder_BeforeInsert; TR022_WorkOrder_BeforeUpdate; UKBusinessHours; WorkOrderTrigger; WorkOrderUpdate","ContentDocumentLinkToWorkOrderSync; ContentDocumentLinkToWorkOrderSync_Test; dlrs_Harvest_Work_OrderTest; EmailWorkOrderPDF; FslTechnicianOnlineController","fslEditModal; fslHello; fslQuickQuoteGlobalAction; fslWorkOrderCard; workOrderProductHost","WorkOrder, Work_Order__c records with required parents, record types, owners, products and statuses","Only controlled metadata deployment after approval"
"00008310","FSL - calendar appointment not appearing","Medium","Tom Meredith","Other","Field Service Lightning","New/Edit Workflows, Dashboards/Reports/Notifications, New/Edit Fields","Defect investigation","Reproducible in Dev after sanitized records and exact steps are created","Create a minimal reproduction, trace active Flow/Apex/LWC/validation paths, add regression tests, and compare before/after behavior.","ServiceAppointment; WorkOrder; WorkOrderLineItem","1220","Add_Coverage_Level_to_Service_Appointment_On_Creation; Assigned_Resource_Trigger_Dispatch_Tech_Call; Assigned_Resource_Trigger_Send_New_Resource_Dispatch_Email; Auto_Create_RMAs_from_Service_Appointments_for_UK; Auto_Create_RMAs_from_Work_Orders_for_UK; Contract_Line_Item_Cancel_Work_Orders_on_Decommissioning; Contract_Line_Item_Edit_Multiple_Work_Orders_Screen_Flow; Create_and_Dispatch_Service_Appointment_from_FSL_App","Asset_must_be_purchasing_approved; Cant_submit_to_shipping_without_location; Cant_Update_US_FSL_Completed_WO; Dont_allow_scheduled_or_dispatched; isDueDateExist; isDurationExist; isEarliestStartTimeExist; Related_Service_with_time_dependency","CalculateTravelTimeOnServiceChange; P_ServiceWorkOrderTrigger; P_WorkOrderLineItemTrigger; TR001_Service_AfterDelete; TR001_Service_AfterInsert; TR001_Service_AfterUpdate; TR001_Service_BeforeDelete; TR001_Service_BeforeInsert","ContentDocumentLinkToWorkOrderSync; ContentDocumentLinkToWorkOrderSync_Test; dlrs_Harvest_Work_OrderTest; EmailWorkOrderPDF; FslTechnicianOnlineController","fslEditModal; fslHello; fslQuickQuoteGlobalAction; fslWorkOrderCard; searchServiceAppointments","Work Order, Service Appointment, Service Resource, Assigned Resource, operating hours, mobile/dispatcher persona","Only controlled metadata deployment after approval"
"00009327","creating new equipment","Medium","Jackielyn Fampo","Other","Equipment","New/Edit Workflows, New/Edit Fields","Defect investigation","Reproducible in Dev after sanitized records and exact steps are created","Create a minimal reproduction, trace active Flow/Apex/LWC/validation paths, add regression tests, and compare before/after behavior.","Equipment__c","75","Charge_for_Removal_Update_Flow_for_Big_Iron_Equipment; Create_Project_on_Equipment_Storage_Opportunity_Creation; Screen_Flow_Select_Products_to_Invoice_on_Equipment_Storage_Opps","","","","","Equipment__c records with required parents, record types, owners, products and statuses","Only controlled metadata deployment after approval"
"00009479","2159-3504 - Not Updating Usage","Medium","Blake Nielsen","Other","Product","BUG","Defect investigation","Reproducible in Dev after sanitized records and exact steps are created","Create a minimal reproduction, trace active Flow/Apex/LWC/validation paths, add regression tests, and compare before/after behavior.","Product2; Product_Analytics__c","610","Account_Engagement_Sandbox_Production_Bulk_Asset_Copy_Flow; Add_Product_Record_Type_Name_to_Asset_Record; Asset_Creation_After_Save_Update_Product_Analytics; Asset_Update_After_Save_Set_Product_Analytics_on_Product_Name_Change; Change_Contract_Line_Item_Product_UK; Delete_Select_Products_from_Opportunity_Screen_Flow; IR_Product_Before_Delete_Total_IR_Product_Cost_Roll_Up; IR_Product_on_create_Total_IR_Product_Cost_Roll_Up","Array_carriage_replacement; Array_drive_switch_or_board_replacement; Array_drive_system_replacement; Array_replacement; Bending_rubber_glue_beads_replacement; Cable_advanced_whitening; Cable_jacket_refurb; Cable_jacket_splice","P_ProductAnalyticsTrigger; UpdateProductFields","AddIRProductServices; AddIRProductServicesTest; addproduct; AddProductPortal; AddProductPortalTestClass","addItemReceiptProductSearchLwc; addItemReceiptProductSelectionsLwc; addProductLwc; addProductMainLwc; addProductSearchLwc","Product2, Product_Analytics__c records with required parents, record types, owners, products and statuses","Only controlled metadata deployment after approval"
"00009489","Sold items appearing in inventory","Medium","Josh Sutton","Administrative (Reports & Dashboards)","Asset2","BUG","Defect investigation","Reproducible in Dev after sanitized records and exact steps are created","Create a minimal reproduction, trace active Flow/Apex/LWC/validation paths, add regression tests, and compare before/after behavior.","ProductItem__c","419","Account_Engagement_Bulk_Asset_Copy_Flow; Account_Engagement_Sandbox_Production_Bulk_Asset_Copy_Flow; Add_Product_Record_Type_Name_to_Asset_Record; Asset_Automations; Asset_Check_in_Type; Asset_Creation_After_Save_Update_Product_Analytics; Asset_Update_After_Save_Set_Product_Analytics_on_Product_Name_Change; Auto_Close_SWO_HWO_Scrap_Asset","Approved_Purchase_no_cost_edits; Cannot_Change_Asset_Owner; Cannot_change_cost_once_marked_sold; Cannot_move_without_verifying_numbers; Check_In_Type; Designated_For_Rental_Rule; GE_DISTRIBUTION_PRODUCTS; Generic_Assets_CANNOT_Have_Cost","dlrs_ProductItemTrigger; P_ProductItemTrigger","AddAssetServices; AddAssetServicesTest; dlrs_ProductItemTest; LoanerAssetTriggerHandler; LoanerAssetTriggerHandlerTest","addAssetMainLwc; addAssetSearchLwc; addAssetSelectionsLwc; addAsset; addAssetComponent","ProductItem__c records with required parents, record types, owners, products and statuses","Only controlled metadata deployment after approval"
"00009516","Improvements needed for endoscopy evals and tests","Medium","Natalie Boger","Salesforce Improvement","Evaluation","New/Edit Workflows, New/Edit Fields","Defect investigation","Reproducible in Dev after sanitized records and exact steps are created","Create a minimal reproduction, trace active Flow/Apex/LWC/validation paths, add regression tests, and compare before/after behavior.","Evaluation_Natalie__c","133","Auto_Create_Post_Repair_Eval_on_Opp; Case_Online_Repair_Evaluation_Tool; Mark_Asmer_Evaluation_Update_Email_Flow; Send_Post_Repair_Evaluation_Email; US_FSL_RMA_Date_Repair_Evaluation_Sent","Cannot_change_price_in_eval_once_sent","EvalUpdateFields","cAuthURIForEval; EmailPostRepairEvalPDF; EvaluationNat; EvaluationNatTestClass; EvalUpdateFieldsHandler","","Evaluation_Natalie__c records with required parents, record types, owners, products and statuses","Only controlled metadata deployment after approval"
"00009534","Material Transfer Un-reserves Asset","Medium","Dustin Newton","Salesforce Improvement","Asset2","BUG","Defect investigation","Reproducible in Dev after sanitized records and exact steps are created","Create a minimal reproduction, trace active Flow/Apex/LWC/validation paths, add regression tests, and compare before/after behavior.","ProductItem__c","419","Account_Engagement_Bulk_Asset_Copy_Flow; Account_Engagement_Sandbox_Production_Bulk_Asset_Copy_Flow; Add_Product_Record_Type_Name_to_Asset_Record; Asset_Automations; Asset_Check_in_Type; Asset_Creation_After_Save_Update_Product_Analytics; Asset_Update_After_Save_Set_Product_Analytics_on_Product_Name_Change; Auto_Close_SWO_HWO_Scrap_Asset","Approved_Purchase_no_cost_edits; Cannot_Change_Asset_Owner; Cannot_change_cost_once_marked_sold; Cannot_move_without_verifying_numbers; Check_In_Type; Designated_For_Rental_Rule; GE_DISTRIBUTION_PRODUCTS; Generic_Assets_CANNOT_Have_Cost","dlrs_ProductItemTrigger; P_ProductItemTrigger","AddAssetServices; AddAssetServicesTest; dlrs_ProductItemTest; LoanerAssetTriggerHandler; LoanerAssetTriggerHandlerTest","addAssetMainLwc; addAssetSearchLwc; addAssetSelectionsLwc; addAsset; addAssetComponent","ProductItem__c records with required parents, record types, owners, products and statuses","Only controlled metadata deployment after approval"
"00009589","SA removed from Gant when SRI completed","Medium","Trudy Gregory","Administrative (Reports & Dashboards)","Work Order","BUG","Defect investigation","Reproducible in Dev after sanitized records and exact steps are created","Create a minimal reproduction, trace active Flow/Apex/LWC/validation paths, add regression tests, and compare before/after behavior.","WorkOrder; Work_Order__c","688","Auto_Create_RMAs_from_Work_Orders_for_UK; Contract_Line_Item_Cancel_Work_Orders_on_Decommissioning; Contract_Line_Item_Edit_Multiple_Work_Orders_Screen_Flow; Create_and_Dispatch_Service_Appointment_from_FSL_App; Create_Contract_Line_Items_Entitlements_and_Work_Orders_V4; Create_Field_Service_Work_Order_in_Salesforce; Create_FSL_Work_Order_on_SF_Objects; Create_Pricing_Request_from_Work_Order_Opportunity","Cant_submit_to_shipping_without_location; Cant_Update_US_FSL_Completed_WO; Must_give_reason_for_cancelling; Shipping_Account_Preference_Control; UK_Closed_Work_Order_Must_Have_End_Date","P_ServiceWorkOrderTrigger; TR022_WorkOrder_AfterInsert; TR022_WorkOrder_AfterUpdate; TR022_WorkOrder_BeforeInsert; TR022_WorkOrder_BeforeUpdate; UKBusinessHours; WorkOrderTrigger; WorkOrderUpdate","ContentDocumentLinkToWorkOrderSync; ContentDocumentLinkToWorkOrderSync_Test; dlrs_Harvest_Work_OrderTest; EmailWorkOrderPDF; FslTechnicianOnlineController","fslEditModal; fslHello; fslQuickQuoteGlobalAction; fslWorkOrderCard; workOrderProductHost","WorkOrder, Work_Order__c records with required parents, record types, owners, products and statuses","Only controlled metadata deployment after approval"
"00009601","Invoice I-128167","Medium","Carmen Montalvo","Salesforce Error","Invoice","BUG","Defect investigation","Reproducible in Dev after sanitized records and exact steps are created","Create a minimal reproduction, trace active Flow/Apex/LWC/validation paths, add regression tests, and compare before/after behavior.","Invoice__c","218","Create_Credit_Memo_From_Invoice; Disaster_Recovery_Project_Raise_Invoice_from_Charges; Invoice_Automations; Invoice_Create_Invoice_Line_Items; Invoice_Line_Item_On_Update_Sum_Invoice_Total_Sales_Price; Invoice_Object; Invoice_Re_sync_if_Errored; Invoice_Rollups","Billing_and_Shipping_State_Length; Entity_Location_Error; Intacct_Submission_Date_Error; Invoice_Must_Have_Products_to_Sync; Invoice_Not_Open_For_Sync; Rental_Start_and_End_Dates_Cant_Be_Blank","dlrs_InvoiceTrigger; P_InvoiceTrigger","dlrs_InvoiceTest; InvoiceLineItems; InvoiceOppProducts; InvoicePdfGenerator; P_InvoiceTriggerHandler","InvoicePDFDisplayUK; InvoicePDFDisplayUKProForma; InvoicePDFDisplayUKRental; ServiceContractInvoiceDisplay","Invoice__c records with required parents, record types, owners, products and statuses","Only controlled metadata deployment after approval"
"00009684","Re: The shipping tab is not showing on opp","Medium","Immanuel DeCastro","Other","Opportunity","BUG","Defect investigation","Reproducible in Dev after sanitized records and exact steps are created","Create a minimal reproduction, trace active Flow/Apex/LWC/validation paths, add regression tests, and compare before/after behavior.","Opportunity; OpportunityLineItem","736","Auto_Create_Return_Opportunity_for_Exchange_Purchasing_Ops; AvaTax_Opportunity_Automatic_Tax_Calculation_Flow; AvaTax_Opportunity_Existing_Update_Entity_Use_Code_IOR_Transport; AvaTax_Opportunity_New_Update_Entity_Code_IOR_Transport; AvaTax_Opportunity_Update_AvaTax_Message_and_Status; Big_Iron_Purchasing_Opportunity_Updates_Alerts; Cloned_Opportunity_Update_FSR_Attached_and_FSR_Not_Required_to_False; Convert_PRR_to_Purchasing_Opportunity_Screen_Flow","Account_MUST_Match_Bill_To_Account; Account_on_Credit_Hold; Accounting_Contact_Email_Required; Actual_Removal_Date_Not_Future; Bill_and_Ship_Address_Req_for_Closed_Won; Billing_and_Shipping_State_Length; BIPO_Stage_Closed_Lost; Business_Line_Must_Be_Filled_Out","P_OppLineItemTrigger; P_OpportunityTrigger; ProcessTemplateFolder","BeforeUpdateOpportunityTest; OpportunityAlertController; OpportunityAlertControllerTest; OpportunityLineItemServices; OpportunityLineItemServicesTest","OpportunityAlert","Opportunity, OpportunityLineItem records with required parents, record types, owners, products and statuses","Only controlled metadata deployment after approval"
"00009765","Lead Conversion","Medium","Josh Sutton","Other","Lead","BUG","Defect investigation","Reproducible in Dev after sanitized records and exact steps are created","Create a minimal reproduction, trace active Flow/Apex/LWC/validation paths, add regression tests, and compare before/after behavior.","Lead","194","Create_NEW_Lead_from_Existing_Contact; FSL_Mobile_Create_Lead_Autolaunched; FSL_Mobile_Create_Lead_US; Lead_Assignment_Flow_New_Simpler_Logic; Lead_Check_for_existing; Lead_Check_for_existing_Account_Account_Name; Lead_Check_for_existing_contact_Email; Lead_Check_for_existing_contact_Phone","Convert_Unknown; Lead_Source_and_Detail_Change; Modality_Field_Must_Be_Filled_Out; Product_Type_Needed; Unqualified_Reason_Required","LeadTrigger; LeadTrigger; LogLeadChange","LeadConversionController; LeadConversionController_NoAssert_Test","leadSmartConvert","Lead records with required parents, record types, owners, products and statuses","Only controlled metadata deployment after approval"
"00009807","Return from PO","Medium","Yasmina Rodriguez","Salesforce Error","Purchasing Return","BUG","Defect investigation","Reproducible in Dev after sanitized records and exact steps are created","Create a minimal reproduction, trace active Flow/Apex/LWC/validation paths, add regression tests, and compare before/after behavior.","WorkOrder; RMA__c","902","Auto_Create_RMAs_from_Work_Orders_for_UK; Contract_Line_Item_Cancel_Work_Orders_on_Decommissioning; Contract_Line_Item_Edit_Multiple_Work_Orders_Screen_Flow; Create_and_Dispatch_Service_Appointment_from_FSL_App; Create_Contract_Line_Items_Entitlements_and_Work_Orders_V4; Create_Field_Service_Work_Order_in_Salesforce; Create_FSL_Work_Order_on_SF_Objects; Create_Pricing_Request_from_Work_Order_Opportunity","Approving_repairs_that_cannot_be_done; Asset_Must_Be_a_Customer_Repair_on_RMA; Asset_No_to_be_returned_is_not_blank; Cannot_Change_Original_Time_Warranty; Cannot_Change_RMA_Type_After_Received; Cannot_change_status_once_approved; Cant_submit_to_shipping_without_location; Cant_Update_US_FSL_Completed_WO","CreateApprovedRepairs; P_RMATrigger; P_ServiceWorkOrderTrigger; TR022_WorkOrder_AfterInsert; TR022_WorkOrder_AfterUpdate; TR022_WorkOrder_BeforeInsert; TR022_WorkOrder_BeforeUpdate; UKBusinessHours","ContentDocumentLinkToWorkOrderSync; ContentDocumentLinkToWorkOrderSync_Test; dlrs_Harvest_Work_OrderTest; EmailWorkOrderPDF; FslTechnicianOnlineController","fslEditModal; fslHello; fslQuickQuoteGlobalAction; fslWorkOrderCard; workOrderProductHost","WorkOrder, RMA__c records with required parents, record types, owners, products and statuses","Only controlled metadata deployment after approval"
"00009998","System behavior where updating an RMA","Medium","Blake Nielsen","Other","RMA","BUG","Defect investigation","Reproducible in Dev after sanitized records and exact steps are created","Create a minimal reproduction, trace active Flow/Apex/LWC/validation paths, add regression tests, and compare before/after behavior.","RMA__c","288","","Approving_repairs_that_cannot_be_done; Asset_Must_Be_a_Customer_Repair_on_RMA; Asset_No_to_be_returned_is_not_blank; Cannot_Change_Original_Time_Warranty; Cannot_Change_RMA_Type_After_Received; Cannot_change_status_once_approved; Fill_out_complaint; Fill_out_customer_expectation","CreateApprovedRepairs; P_RMATrigger","","","RMA__c records with required parents, record types, owners, products and statuses","Only controlled metadata deployment after approval"
"00010115","Missing Exchange Needed Flag","Medium","Kyla Frey","Salesforce Improvement","Product","New/Edit Workflows, New/Edit Fields","Defect investigation","Reproducible in Dev after sanitized records and exact steps are created","Create a minimal reproduction, trace active Flow/Apex/LWC/validation paths, add regression tests, and compare before/after behavior.","Product2; Product_Analytics__c","610","Account_Engagement_Sandbox_Production_Bulk_Asset_Copy_Flow; Add_Product_Record_Type_Name_to_Asset_Record; Asset_Creation_After_Save_Update_Product_Analytics; Asset_Update_After_Save_Set_Product_Analytics_on_Product_Name_Change; Change_Contract_Line_Item_Product_UK; Delete_Select_Products_from_Opportunity_Screen_Flow; IR_Product_Before_Delete_Total_IR_Product_Cost_Roll_Up; IR_Product_on_create_Total_IR_Product_Cost_Roll_Up","Array_carriage_replacement; Array_drive_switch_or_board_replacement; Array_drive_system_replacement; Array_replacement; Bending_rubber_glue_beads_replacement; Cable_advanced_whitening; Cable_jacket_refurb; Cable_jacket_splice","P_ProductAnalyticsTrigger; UpdateProductFields","AddIRProductServices; AddIRProductServicesTest; addproduct; AddProductPortal; AddProductPortalTestClass","addItemReceiptProductSearchLwc; addItemReceiptProductSelectionsLwc; addProductLwc; addProductMainLwc; addProductSearchLwc","Product2, Product_Analytics__c records with required parents, record types, owners, products and statuses","Only controlled metadata deployment after approval"
"00010132","Loaner probe product name to pull into report","Medium","Matt Mooney","Administrative (Reports & Dashboards)","Loaner/Loaner Asset","New/Edit Fields","Defect investigation","Reproducible in Dev after sanitized records and exact steps are created","Create a minimal reproduction, trace active Flow/Apex/LWC/validation paths, add regression tests, and compare before/after behavior.","Loaner__c; Loaner_Asset__c","85","Finalize_Loaner_Turned_Exchange_for_FSL; Loaner_Asset_Asynchronous_on_create_Loaner_Asset_Roll_Up; Loaner_Asset_Asynchronous_on_create_Loaner_Location_Roll_Up; Loaner_Asset_Asynchronous_on_create_Loaner_Serial_Roll_Up; Loaner_Asset_Asynchronous_on_update_Loaner_Location_Roll_Up; Loaner_Asset_Before_Delete_Loaner_Asset_Roll_Up; Loaner_Asset_Before_Delete_Loaner_Location_Roll_Up; Loaner_Asset_Before_Delete_Loaner_Serial_Roll_Up","Cannot_change_shipping_info_once_shipped; Cannot_submit_to_shipping_without_asset; Cant_submit_to_shipping_without_location; Shipping_Account_Preference_Control","LoanerAssetTrigger; LoanerTrigger","LoanerAssetTriggerHandler; LoanerAssetTriggerHandlerTest; LoanerLineItemServices; LoanerLineItemServicesTest; LoanerTriggerHandler","","Loaner__c, Loaner_Asset__c records with required parents, record types, owners, products and statuses","Only controlled metadata deployment after approval"
"00010152","Seems to be a lot of ex MI stock that hasn't been PA'd","Medium","Nicky Kean","Salesforce Improvement","Asset2","BUG","Defect investigation","Reproducible in Dev after sanitized records and exact steps are created","Create a minimal reproduction, trace active Flow/Apex/LWC/validation paths, add regression tests, and compare before/after behavior.","ProductItem__c","419","Account_Engagement_Bulk_Asset_Copy_Flow; Account_Engagement_Sandbox_Production_Bulk_Asset_Copy_Flow; Add_Product_Record_Type_Name_to_Asset_Record; Asset_Automations; Asset_Check_in_Type; Asset_Creation_After_Save_Update_Product_Analytics; Asset_Update_After_Save_Set_Product_Analytics_on_Product_Name_Change; Auto_Close_SWO_HWO_Scrap_Asset","Approved_Purchase_no_cost_edits; Cannot_Change_Asset_Owner; Cannot_change_cost_once_marked_sold; Cannot_move_without_verifying_numbers; Check_In_Type; Designated_For_Rental_Rule; GE_DISTRIBUTION_PRODUCTS; Generic_Assets_CANNOT_Have_Cost","dlrs_ProductItemTrigger; P_ProductItemTrigger","AddAssetServices; AddAssetServicesTest; dlrs_ProductItemTest; LoanerAssetTriggerHandler; LoanerAssetTriggerHandlerTest","addAssetMainLwc; addAssetSearchLwc; addAssetSelectionsLwc; addAsset; addAssetComponent","ProductItem__c records with required parents, record types, owners, products and statuses","Only controlled metadata deployment after approval"
"00010158","Need help with saving a RMA in Salesforce.  Receiving an error.","Medium","Lisa Litviak","Salesforce Error","RMA","BUG","Defect investigation","Reproducible in Dev after sanitized records and exact steps are created","Create a minimal reproduction, trace active Flow/Apex/LWC/validation paths, add regression tests, and compare before/after behavior.","RMA__c","288","","Approving_repairs_that_cannot_be_done; Asset_Must_Be_a_Customer_Repair_on_RMA; Asset_No_to_be_returned_is_not_blank; Cannot_Change_Original_Time_Warranty; Cannot_Change_RMA_Type_After_Received; Cannot_change_status_once_approved; Fill_out_complaint; Fill_out_customer_expectation","CreateApprovedRepairs; P_RMATrigger","","","RMA__c records with required parents, record types, owners, products and statuses","Only controlled metadata deployment after approval"
"00010292","Assets being added to OPP","Medium","Gretchen Scarborough","Salesforce Error","Asset2","New/Edit Workflows","Defect investigation","Reproducible in Dev after sanitized records and exact steps are created","Create a minimal reproduction, trace active Flow/Apex/LWC/validation paths, add regression tests, and compare before/after behavior.","ProductItem__c","419","Account_Engagement_Bulk_Asset_Copy_Flow; Account_Engagement_Sandbox_Production_Bulk_Asset_Copy_Flow; Add_Product_Record_Type_Name_to_Asset_Record; Asset_Automations; Asset_Check_in_Type; Asset_Creation_After_Save_Update_Product_Analytics; Asset_Update_After_Save_Set_Product_Analytics_on_Product_Name_Change; Auto_Close_SWO_HWO_Scrap_Asset","Approved_Purchase_no_cost_edits; Cannot_Change_Asset_Owner; Cannot_change_cost_once_marked_sold; Cannot_move_without_verifying_numbers; Check_In_Type; Designated_For_Rental_Rule; GE_DISTRIBUTION_PRODUCTS; Generic_Assets_CANNOT_Have_Cost","dlrs_ProductItemTrigger; P_ProductItemTrigger","AddAssetServices; AddAssetServicesTest; dlrs_ProductItemTest; LoanerAssetTriggerHandler; LoanerAssetTriggerHandlerTest","addAssetMainLwc; addAssetSearchLwc; addAssetSelectionsLwc; addAsset; addAssetComponent","ProductItem__c records with required parents, record types, owners, products and statuses","Only controlled metadata deployment after approval"
"00010380","Received Checkbox Workflow","Medium","Blake Nielsen","Other","Asset2","BUG","Defect investigation","Reproducible in Dev after sanitized records and exact steps are created","Create a minimal reproduction, trace active Flow/Apex/LWC/validation paths, add regression tests, and compare before/after behavior.","ProductItem__c","419","Account_Engagement_Bulk_Asset_Copy_Flow; Account_Engagement_Sandbox_Production_Bulk_Asset_Copy_Flow; Add_Product_Record_Type_Name_to_Asset_Record; Asset_Automations; Asset_Check_in_Type; Asset_Creation_After_Save_Update_Product_Analytics; Asset_Update_After_Save_Set_Product_Analytics_on_Product_Name_Change; Auto_Close_SWO_HWO_Scrap_Asset","Approved_Purchase_no_cost_edits; Cannot_Change_Asset_Owner; Cannot_change_cost_once_marked_sold; Cannot_move_without_verifying_numbers; Check_In_Type; Designated_For_Rental_Rule; GE_DISTRIBUTION_PRODUCTS; Generic_Assets_CANNOT_Have_Cost","dlrs_ProductItemTrigger; P_ProductItemTrigger","AddAssetServices; AddAssetServicesTest; dlrs_ProductItemTest; LoanerAssetTriggerHandler; LoanerAssetTriggerHandlerTest","addAssetMainLwc; addAssetSearchLwc; addAssetSelectionsLwc; addAsset; addAssetComponent","ProductItem__c records with required parents, record types, owners, products and statuses","Only controlled metadata deployment after approval"
"00010649","Make Customer Persona required field for contacts","Medium","Brian Gill","Salesforce Improvement","Contact","New/Edit Workflows","Defect investigation","Reproducible in Dev after sanitized records and exact steps are created","Create a minimal reproduction, trace active Flow/Apex/LWC/validation paths, add regression tests, and compare before/after behavior.","Contact","128","Contact_Asynchronous_on_create_Update_Account_Number_of_Contacts; Contact_Asynchronous_on_delete_Update_Account_Number_of_Contacts; Contact_Asynchronous_on_update_Update_Account_Number_of_Contacts; Contact_Master; Create_NEW_Lead_from_Existing_Contact; e2a_Create_an_opportunity_when_e2a_email_attaches_to_existing_contact; Lead_Check_for_existing_contact_Email; Lead_Check_for_existing_contact_Phone","Cant_create_contacts_on_Trisonics","ContactTrigger; LogContactChange","","","Contact records with required parents, record types, owners, products and statuses","Only controlled metadata deployment after approval"
"00010650","""call in"" as Customer Persona","Medium","Brian Gill","Administrative (Reports & Dashboards)","Contact","New/Edit Workflows","Defect investigation","Reproducible in Dev after sanitized records and exact steps are created","Create a minimal reproduction, trace active Flow/Apex/LWC/validation paths, add regression tests, and compare before/after behavior.","Contact","128","Contact_Asynchronous_on_create_Update_Account_Number_of_Contacts; Contact_Asynchronous_on_delete_Update_Account_Number_of_Contacts; Contact_Asynchronous_on_update_Update_Account_Number_of_Contacts; Contact_Master; Create_NEW_Lead_from_Existing_Contact; e2a_Create_an_opportunity_when_e2a_email_attaches_to_existing_contact; Lead_Check_for_existing_contact_Email; Lead_Check_for_existing_contact_Phone","Cant_create_contacts_on_Trisonics","ContactTrigger; LogContactChange","","","Contact records with required parents, record types, owners, products and statuses","Only controlled metadata deployment after approval"
"00009302","Request from Mike Wilson","Medium","Lisa Litviak","Other","Permission(s)/Permission Set","Data","Integration / managed package","Partial in Dev - sandbox endpoint or vendor support required","Reproduce with sandbox-safe credentials; trace Flow/Apex/package boundary; test vendor callback; prohibit production endpoint calls.","User","0","PMT_Create_Resource_Availability_on_User_activation1","","","AssignPermissionSet; AssignPermissionSetTest; UserHasAccess; UserHasAccessTest; UserUtilities","","User records with required parents, record types, owners, products and statuses","Yes - data change after approval"
"00009580","Ability to see shipment price once ships","Medium","Justin Wilson","Salesforce Improvement","OTHER","New/Edit Workflows, New/Edit Fields","Integration / managed package","Partial in Dev - sandbox endpoint or vendor support required","Reproduce with sandbox-safe credentials; trace Flow/Apex/package boundary; test vendor callback; prohibit production endpoint calls.","","0","","","","","","Exact production example must be converted to sanitized test data","Only controlled metadata deployment after approval"
"00009614","AvaTax error for lines over 181","Medium","Krystie Green","Salesforce Improvement","AvaTax","New/Edit Workflows","Integration / managed package","Partial in Dev - sandbox endpoint or vendor support required","Reproduce with sandbox-safe credentials; trace Flow/Apex/package boundary; test vendor callback; prohibit production endpoint calls.","Opportunity","572","Auto_Create_Return_Opportunity_for_Exchange_Purchasing_Ops; AvaTax_Opportunity_Automatic_Tax_Calculation_Flow; AvaTax_Opportunity_Existing_Update_Entity_Use_Code_IOR_Transport; AvaTax_Opportunity_New_Update_Entity_Code_IOR_Transport; AvaTax_Opportunity_Update_AvaTax_Message_and_Status; Big_Iron_Purchasing_Opportunity_Updates_Alerts; Cloned_Opportunity_Update_FSR_Attached_and_FSR_Not_Required_to_False; Convert_PRR_to_Purchasing_Opportunity_Screen_Flow","Account_MUST_Match_Bill_To_Account; Account_on_Credit_Hold; Accounting_Contact_Email_Required; Actual_Removal_Date_Not_Future; Bill_and_Ship_Address_Req_for_Closed_Won; Billing_and_Shipping_State_Length; BIPO_Stage_Closed_Lost; Business_Line_Must_Be_Filled_Out","P_OpportunityTrigger; ProcessTemplateFolder","BeforeUpdateOpportunityTest; OpportunityAlertController; OpportunityAlertControllerTest; OpportunityLineItemServices; OpportunityLineItemServicesTest","OpportunityAlert","Opportunity records with required parents, record types, owners, products and statuses","Only controlled metadata deployment after approval"
"00009663","Intacct Sync","Medium","Louise Harrison","Salesforce Error","Intacct","Data","Integration / managed package","Partial in Dev - sandbox endpoint or vendor support required","Reproduce with sandbox-safe credentials; trace Flow/Apex/package boundary; test vendor callback; prohibit production endpoint calls.","Opportunity; Item_Receipt__c; Invoice__c","830","Auto_Create_Return_Opportunity_for_Exchange_Purchasing_Ops; AvaTax_Opportunity_Automatic_Tax_Calculation_Flow; AvaTax_Opportunity_Existing_Update_Entity_Use_Code_IOR_Transport; AvaTax_Opportunity_New_Update_Entity_Code_IOR_Transport; AvaTax_Opportunity_Update_AvaTax_Message_and_Status; Big_Iron_Purchasing_Opportunity_Updates_Alerts; Cloned_Opportunity_Update_FSR_Attached_and_FSR_Not_Required_to_False; Convert_PRR_to_Purchasing_Opportunity_Screen_Flow","Account_MUST_Match_Bill_To_Account; Account_on_Credit_Hold; Accounting_Contact_Email_Required; Actual_Removal_Date_Not_Future; Bill_and_Ship_Address_Req_for_Closed_Won; Billing_and_Shipping_State_Length; Billing_and_Shipping_State_Length; BIPO_Stage_Closed_Lost","dlrs_InvoiceTrigger; ItemReceiptTrigger; P_InvoiceTrigger; P_OpportunityTrigger; ProcessTemplateFolder","BeforeUpdateOpportunityTest; dlrs_InvoiceTest; InvoiceLineItems; InvoiceOppProducts; InvoicePdfGenerator","addItemReceiptProductSearchLwc; addItemReceiptProductSelectionsLwc; itemReceiptProductPaginatorLwc; itemReceiptSelectionLwc; swapItemReceiptProductSelectionsLwc","Opportunity, Item_Receipt__c, Invoice__c records with required parents, record types, owners, products and statuses","Yes - data change after approval"
"00009845","PandaDoc Issue","Medium","Paige Dilick","Other","PandaDoc","BUG","Integration / managed package","Partial in Dev - sandbox endpoint or vendor support required","Reproduce with sandbox-safe credentials; trace Flow/Apex/package boundary; test vendor callback; prohibit production endpoint calls.","Opportunity","572","Auto_Create_Return_Opportunity_for_Exchange_Purchasing_Ops; AvaTax_Opportunity_Automatic_Tax_Calculation_Flow; AvaTax_Opportunity_Existing_Update_Entity_Use_Code_IOR_Transport; AvaTax_Opportunity_New_Update_Entity_Code_IOR_Transport; AvaTax_Opportunity_Update_AvaTax_Message_and_Status; Big_Iron_Purchasing_Opportunity_Updates_Alerts; Cloned_Opportunity_Update_FSR_Attached_and_FSR_Not_Required_to_False; Convert_PRR_to_Purchasing_Opportunity_Screen_Flow","Account_MUST_Match_Bill_To_Account; Account_on_Credit_Hold; Accounting_Contact_Email_Required; Actual_Removal_Date_Not_Future; Bill_and_Ship_Address_Req_for_Closed_Won; Billing_and_Shipping_State_Length; BIPO_Stage_Closed_Lost; Business_Line_Must_Be_Filled_Out","P_OpportunityTrigger; ProcessTemplateFolder","BeforeUpdateOpportunityTest; OpportunityAlertController; OpportunityAlertControllerTest; OpportunityLineItemServices; OpportunityLineItemServicesTest","OpportunityAlert","Opportunity records with required parents, record types, owners, products and statuses","Only controlled metadata deployment after approval"
"00009873","synced to Intacct with no BS","Medium","Louise Harrison","Salesforce Error","Intacct","Data","Integration / managed package","Partial in Dev - sandbox endpoint or vendor support required","Reproduce with sandbox-safe credentials; trace Flow/Apex/package boundary; test vendor callback; prohibit production endpoint calls.","Opportunity; Item_Receipt__c; Invoice__c","830","Auto_Create_Return_Opportunity_for_Exchange_Purchasing_Ops; AvaTax_Opportunity_Automatic_Tax_Calculation_Flow; AvaTax_Opportunity_Existing_Update_Entity_Use_Code_IOR_Transport; AvaTax_Opportunity_New_Update_Entity_Code_IOR_Transport; AvaTax_Opportunity_Update_AvaTax_Message_and_Status; Big_Iron_Purchasing_Opportunity_Updates_Alerts; Cloned_Opportunity_Update_FSR_Attached_and_FSR_Not_Required_to_False; Convert_PRR_to_Purchasing_Opportunity_Screen_Flow","Account_MUST_Match_Bill_To_Account; Account_on_Credit_Hold; Accounting_Contact_Email_Required; Actual_Removal_Date_Not_Future; Bill_and_Ship_Address_Req_for_Closed_Won; Billing_and_Shipping_State_Length; Billing_and_Shipping_State_Length; BIPO_Stage_Closed_Lost","dlrs_InvoiceTrigger; ItemReceiptTrigger; P_InvoiceTrigger; P_OpportunityTrigger; ProcessTemplateFolder","BeforeUpdateOpportunityTest; dlrs_InvoiceTest; InvoiceLineItems; InvoiceOppProducts; InvoicePdfGenerator","addItemReceiptProductSearchLwc; addItemReceiptProductSelectionsLwc; itemReceiptProductPaginatorLwc; itemReceiptSelectionLwc; swapItemReceiptProductSelectionsLwc","Opportunity, Item_Receipt__c, Invoice__c records with required parents, record types, owners, products and statuses","Yes - data change after approval"
"00009874","synced to incorrect GL","Medium","Louise Harrison","Salesforce Error","Intacct","Data","Integration / managed package","Partial in Dev - sandbox endpoint or vendor support required","Reproduce with sandbox-safe credentials; trace Flow/Apex/package boundary; test vendor callback; prohibit production endpoint calls.","Opportunity; Item_Receipt__c; Invoice__c","830","Auto_Create_Return_Opportunity_for_Exchange_Purchasing_Ops; AvaTax_Opportunity_Automatic_Tax_Calculation_Flow; AvaTax_Opportunity_Existing_Update_Entity_Use_Code_IOR_Transport; AvaTax_Opportunity_New_Update_Entity_Code_IOR_Transport; AvaTax_Opportunity_Update_AvaTax_Message_and_Status; Big_Iron_Purchasing_Opportunity_Updates_Alerts; Cloned_Opportunity_Update_FSR_Attached_and_FSR_Not_Required_to_False; Convert_PRR_to_Purchasing_Opportunity_Screen_Flow","Account_MUST_Match_Bill_To_Account; Account_on_Credit_Hold; Accounting_Contact_Email_Required; Actual_Removal_Date_Not_Future; Bill_and_Ship_Address_Req_for_Closed_Won; Billing_and_Shipping_State_Length; Billing_and_Shipping_State_Length; BIPO_Stage_Closed_Lost","dlrs_InvoiceTrigger; ItemReceiptTrigger; P_InvoiceTrigger; P_OpportunityTrigger; ProcessTemplateFolder","BeforeUpdateOpportunityTest; dlrs_InvoiceTest; InvoiceLineItems; InvoiceOppProducts; InvoicePdfGenerator","addItemReceiptProductSearchLwc; addItemReceiptProductSelectionsLwc; itemReceiptProductPaginatorLwc; itemReceiptSelectionLwc; swapItemReceiptProductSelectionsLwc","Opportunity, Item_Receipt__c, Invoice__c records with required parents, record types, owners, products and statuses","Yes - data change after approval"
"00009875","O-00532757 synced to wrong GL","Medium","Louise Harrison","Salesforce Error","Intacct","Data","Integration / managed package","Partial in Dev - sandbox endpoint or vendor support required","Reproduce with sandbox-safe credentials; trace Flow/Apex/package boundary; test vendor callback; prohibit production endpoint calls.","Opportunity; Item_Receipt__c; Invoice__c","830","Auto_Create_Return_Opportunity_for_Exchange_Purchasing_Ops; AvaTax_Opportunity_Automatic_Tax_Calculation_Flow; AvaTax_Opportunity_Existing_Update_Entity_Use_Code_IOR_Transport; AvaTax_Opportunity_New_Update_Entity_Code_IOR_Transport; AvaTax_Opportunity_Update_AvaTax_Message_and_Status; Big_Iron_Purchasing_Opportunity_Updates_Alerts; Cloned_Opportunity_Update_FSR_Attached_and_FSR_Not_Required_to_False; Convert_PRR_to_Purchasing_Opportunity_Screen_Flow","Account_MUST_Match_Bill_To_Account; Account_on_Credit_Hold; Accounting_Contact_Email_Required; Actual_Removal_Date_Not_Future; Bill_and_Ship_Address_Req_for_Closed_Won; Billing_and_Shipping_State_Length; Billing_and_Shipping_State_Length; BIPO_Stage_Closed_Lost","dlrs_InvoiceTrigger; ItemReceiptTrigger; P_InvoiceTrigger; P_OpportunityTrigger; ProcessTemplateFolder","BeforeUpdateOpportunityTest; dlrs_InvoiceTest; InvoiceLineItems; InvoiceOppProducts; InvoicePdfGenerator","addItemReceiptProductSearchLwc; addItemReceiptProductSelectionsLwc; itemReceiptProductPaginatorLwc; itemReceiptSelectionLwc; swapItemReceiptProductSelectionsLwc","Opportunity, Item_Receipt__c, Invoice__c records with required parents, record types, owners, products and statuses","Yes - data change after approval"
"00009876","O-00539851 synced to wrong GL","Medium","Louise Harrison","Salesforce Error","Intacct","Data","Integration / managed package","Partial in Dev - sandbox endpoint or vendor support required","Reproduce with sandbox-safe credentials; trace Flow/Apex/package boundary; test vendor callback; prohibit production endpoint calls.","Opportunity; Item_Receipt__c; Invoice__c","830","Auto_Create_Return_Opportunity_for_Exchange_Purchasing_Ops; AvaTax_Opportunity_Automatic_Tax_Calculation_Flow; AvaTax_Opportunity_Existing_Update_Entity_Use_Code_IOR_Transport; AvaTax_Opportunity_New_Update_Entity_Code_IOR_Transport; AvaTax_Opportunity_Update_AvaTax_Message_and_Status; Big_Iron_Purchasing_Opportunity_Updates_Alerts; Cloned_Opportunity_Update_FSR_Attached_and_FSR_Not_Required_to_False; Convert_PRR_to_Purchasing_Opportunity_Screen_Flow","Account_MUST_Match_Bill_To_Account; Account_on_Credit_Hold; Accounting_Contact_Email_Required; Actual_Removal_Date_Not_Future; Bill_and_Ship_Address_Req_for_Closed_Won; Billing_and_Shipping_State_Length; Billing_and_Shipping_State_Length; BIPO_Stage_Closed_Lost","dlrs_InvoiceTrigger; ItemReceiptTrigger; P_InvoiceTrigger; P_OpportunityTrigger; ProcessTemplateFolder","BeforeUpdateOpportunityTest; dlrs_InvoiceTest; InvoiceLineItems; InvoiceOppProducts; InvoicePdfGenerator","addItemReceiptProductSearchLwc; addItemReceiptProductSelectionsLwc; itemReceiptProductPaginatorLwc; itemReceiptSelectionLwc; swapItemReceiptProductSelectionsLwc","Opportunity, Item_Receipt__c, Invoice__c records with required parents, record types, owners, products and statuses","Yes - data change after approval"
"00009944","Default Shipping Account","Medium","Dawn Boyd","Salesforce Improvement","Account","New/Edit Workflows","Integration / managed package","Partial in Dev - sandbox endpoint or vendor support required","Reproduce with sandbox-safe credentials; trace Flow/Apex/package boundary; test vendor callback; prohibit production endpoint calls.","Account","252","Account_Created_by_EU_UK; Account_Engagement_Bulk_Asset_Copy_Flow; Account_Engagement_Sandbox_Production_Bulk_Asset_Copy_Flow; AccountFieldUpdateFlow; AvaTax_Account_Update_AvaTax_Exemption_Message_Flow; Contact_Asynchronous_on_create_Update_Account_Number_of_Contacts; Contact_Asynchronous_on_delete_Update_Account_Number_of_Contacts; Contact_Asynchronous_on_update_Update_Account_Number_of_Contacts","Account_Name_Character_Limit; Account_named_unknown; Billing_and_Shipping_State_Length; Cant_Do_Business_in_Country_List; Cant_Edit_Trisonics_Accounts; Must_include_RGBP_Category; Shipping_Account_Preference_Control; Validate_AvaTax_Exemption_Customer_ID","AccountTrigger; LogAccountChange; P_AccountTrigger","P_AccountTriggerHandler; P_AccountTriggerHandlerTest; UpdateAccountBatch; UpdateAccountBatchTestClass","","Account records with required parents, record types, owners, products and statuses","Only controlled metadata deployment after approval"
"00010019","automated shipping emails to customers","Medium","Aline Ekizian","Salesforce Idea","Shipment/ZenKraft","Dashboards/Reports/Notifications","Integration / managed package","Partial in Dev - sandbox endpoint or vendor support required","Reproduce with sandbox-safe credentials; trace Flow/Apex/package boundary; test vendor callback; prohibit production endpoint calls.","zkmulti__MCShipment__c","123","Create_shipment_from_customer_portal; Davis_Medical_Shipping_Email_Alert_Flow; FSL_US_On_Submit_to_Shipping_Update_Status_to_Pending_Shipment; FSL_US_On_Tracking_Update_Status_to_Parts_Probe_Shipped; MC_Shipment_Before_Delete_Delivered_Date_Roll_Up; MC_Shipment_Before_Delete_Ship_Date_Roll_Up; MC_Shipment_on_create_Delivered_Date_Roll_Up; MC_Shipment_on_create_Ship_Date_Roll_Up","","ShipmentModKeyCheck","CustomShippingFormDetailsSACtrl; CustomShippingFormDetailsSACtrlTest; CustomShippingFormDetailsWOCtrl; CustomShippingFormDetCmpCtrl; CustomShippingFormDetCmpCtrlTest","","zkmulti__MCShipment__c records with required parents, record types, owners, products and statuses","Only controlled metadata deployment after approval"
"00010078","Outlook adding not working","Medium","Robyn Nugent","Other","OTHER","BUG","Integration / managed package","Partial in Dev - sandbox endpoint or vendor support required","Reproduce with sandbox-safe credentials; trace Flow/Apex/package boundary; test vendor callback; prohibit production endpoint calls.","","0","","","","","","Exact production example must be converted to sanitized test data","Only controlled metadata deployment after approval"
"00010264","Published Rates for Shipments","Medium","Dylan Buchanan","Salesforce Improvement","Shipment/ZenKraft","New/Edit Workflows","Integration / managed package","Partial in Dev - sandbox endpoint or vendor support required","Reproduce with sandbox-safe credentials; trace Flow/Apex/package boundary; test vendor callback; prohibit production endpoint calls.","zkmulti__MCShipment__c","123","Create_shipment_from_customer_portal; Davis_Medical_Shipping_Email_Alert_Flow; FSL_US_On_Submit_to_Shipping_Update_Status_to_Pending_Shipment; FSL_US_On_Tracking_Update_Status_to_Parts_Probe_Shipped; MC_Shipment_Before_Delete_Delivered_Date_Roll_Up; MC_Shipment_Before_Delete_Ship_Date_Roll_Up; MC_Shipment_on_create_Delivered_Date_Roll_Up; MC_Shipment_on_create_Ship_Date_Roll_Up","","ShipmentModKeyCheck","CustomShippingFormDetailsSACtrl; CustomShippingFormDetailsSACtrlTest; CustomShippingFormDetailsWOCtrl; CustomShippingFormDetCmpCtrl; CustomShippingFormDetCmpCtrlTest","","zkmulti__MCShipment__c records with required parents, record types, owners, products and statuses","Only controlled metadata deployment after approval"
"00010500","Vendor not synched to Inttact","Medium","Ana Serrano","Other","Intacct","Data","Integration / managed package","Partial in Dev - sandbox endpoint or vendor support required","Reproduce with sandbox-safe credentials; trace Flow/Apex/package boundary; test vendor callback; prohibit production endpoint calls.","Opportunity; Item_Receipt__c; Invoice__c","830","Auto_Create_Return_Opportunity_for_Exchange_Purchasing_Ops; AvaTax_Opportunity_Automatic_Tax_Calculation_Flow; AvaTax_Opportunity_Existing_Update_Entity_Use_Code_IOR_Transport; AvaTax_Opportunity_New_Update_Entity_Code_IOR_Transport; AvaTax_Opportunity_Update_AvaTax_Message_and_Status; Big_Iron_Purchasing_Opportunity_Updates_Alerts; Cloned_Opportunity_Update_FSR_Attached_and_FSR_Not_Required_to_False; Convert_PRR_to_Purchasing_Opportunity_Screen_Flow","Account_MUST_Match_Bill_To_Account; Account_on_Credit_Hold; Accounting_Contact_Email_Required; Actual_Removal_Date_Not_Future; Bill_and_Ship_Address_Req_for_Closed_Won; Billing_and_Shipping_State_Length; Billing_and_Shipping_State_Length; BIPO_Stage_Closed_Lost","dlrs_InvoiceTrigger; ItemReceiptTrigger; P_InvoiceTrigger; P_OpportunityTrigger; ProcessTemplateFolder","BeforeUpdateOpportunityTest; dlrs_InvoiceTest; InvoiceLineItems; InvoiceOppProducts; InvoicePdfGenerator","addItemReceiptProductSearchLwc; addItemReceiptProductSelectionsLwc; itemReceiptProductPaginatorLwc; itemReceiptSelectionLwc; swapItemReceiptProductSelectionsLwc","Opportunity, Item_Receipt__c, Invoice__c records with required parents, record types, owners, products and statuses","Yes - data change after approval"
"00009312","FSL - can the SA details be visible on clicking the appointment ie ""reason for return visit"" as it currently brings up the WO as opposed to SA","High","Tom Meredith","Salesforce Improvement","Field Service Lightning","New/Edit Workflows, New/Edit Fields","Metadata configuration / automation","Buildable in Dev after representative test data is created","Retrieve scoped metadata, implement the smallest change, add Flow/Apex tests where applicable, complete persona UAT, then validate deployment.","ServiceAppointment; WorkOrder; WorkOrderLineItem","1220","Add_Coverage_Level_to_Service_Appointment_On_Creation; Assigned_Resource_Trigger_Dispatch_Tech_Call; Assigned_Resource_Trigger_Send_New_Resource_Dispatch_Email; Auto_Create_RMAs_from_Service_Appointments_for_UK; Auto_Create_RMAs_from_Work_Orders_for_UK; Contract_Line_Item_Cancel_Work_Orders_on_Decommissioning; Contract_Line_Item_Edit_Multiple_Work_Orders_Screen_Flow; Create_and_Dispatch_Service_Appointment_from_FSL_App","Asset_must_be_purchasing_approved; Cant_submit_to_shipping_without_location; Cant_Update_US_FSL_Completed_WO; Dont_allow_scheduled_or_dispatched; isDueDateExist; isDurationExist; isEarliestStartTimeExist; Related_Service_with_time_dependency","CalculateTravelTimeOnServiceChange; P_ServiceWorkOrderTrigger; P_WorkOrderLineItemTrigger; TR001_Service_AfterDelete; TR001_Service_AfterInsert; TR001_Service_AfterUpdate; TR001_Service_BeforeDelete; TR001_Service_BeforeInsert","ContentDocumentLinkToWorkOrderSync; ContentDocumentLinkToWorkOrderSync_Test; dlrs_Harvest_Work_OrderTest; EmailWorkOrderPDF; FslTechnicianOnlineController","fslEditModal; fslHello; fslQuickQuoteGlobalAction; fslWorkOrderCard; searchServiceAppointments","Work Order, Service Appointment, Service Resource, Assigned Resource, operating hours, mobile/dispatcher persona","Only controlled metadata deployment after approval"
"00010409","New SA Button","High","Tom Meredith","Salesforce Improvement","Work Order","New/Edit Workflows","Metadata configuration / automation","Buildable in Dev after representative test data is created","Retrieve scoped metadata, implement the smallest change, add Flow/Apex tests where applicable, complete persona UAT, then validate deployment.","WorkOrder; Work_Order__c","688","Auto_Create_RMAs_from_Work_Orders_for_UK; Contract_Line_Item_Cancel_Work_Orders_on_Decommissioning; Contract_Line_Item_Edit_Multiple_Work_Orders_Screen_Flow; Create_and_Dispatch_Service_Appointment_from_FSL_App; Create_Contract_Line_Items_Entitlements_and_Work_Orders_V4; Create_Field_Service_Work_Order_in_Salesforce; Create_FSL_Work_Order_on_SF_Objects; Create_Pricing_Request_from_Work_Order_Opportunity","Cant_submit_to_shipping_without_location; Cant_Update_US_FSL_Completed_WO; Must_give_reason_for_cancelling; Shipping_Account_Preference_Control; UK_Closed_Work_Order_Must_Have_End_Date","P_ServiceWorkOrderTrigger; TR022_WorkOrder_AfterInsert; TR022_WorkOrder_AfterUpdate; TR022_WorkOrder_BeforeInsert; TR022_WorkOrder_BeforeUpdate; UKBusinessHours; WorkOrderTrigger; WorkOrderUpdate","ContentDocumentLinkToWorkOrderSync; ContentDocumentLinkToWorkOrderSync_Test; dlrs_Harvest_Work_OrderTest; EmailWorkOrderPDF; FslTechnicianOnlineController","fslEditModal; fslHello; fslQuickQuoteGlobalAction; fslWorkOrderCard; workOrderProductHost","WorkOrder, Work_Order__c records with required parents, record types, owners, products and statuses","Only controlled metadata deployment after approval"
"00009284","Asset consumption into a repair order.","Medium","Derek Larsen","Salesforce Improvement","Asset2","New/Edit Workflows","Metadata configuration / automation","Buildable in Dev after representative test data is created","Retrieve scoped metadata, implement the smallest change, add Flow/Apex tests where applicable, complete persona UAT, then validate deployment.","ProductItem__c","419","Account_Engagement_Bulk_Asset_Copy_Flow; Account_Engagement_Sandbox_Production_Bulk_Asset_Copy_Flow; Add_Product_Record_Type_Name_to_Asset_Record; Asset_Automations; Asset_Check_in_Type; Asset_Creation_After_Save_Update_Product_Analytics; Asset_Update_After_Save_Set_Product_Analytics_on_Product_Name_Change; Auto_Close_SWO_HWO_Scrap_Asset","Approved_Purchase_no_cost_edits; Cannot_Change_Asset_Owner; Cannot_change_cost_once_marked_sold; Cannot_move_without_verifying_numbers; Check_In_Type; Designated_For_Rental_Rule; GE_DISTRIBUTION_PRODUCTS; Generic_Assets_CANNOT_Have_Cost","dlrs_ProductItemTrigger; P_ProductItemTrigger","AddAssetServices; AddAssetServicesTest; dlrs_ProductItemTest; LoanerAssetTriggerHandler; LoanerAssetTriggerHandlerTest","addAssetMainLwc; addAssetSearchLwc; addAssetSelectionsLwc; addAsset; addAssetComponent","ProductItem__c records with required parents, record types, owners, products and statuses","Only controlled metadata deployment after approval"
"00009347","Service Opps","Medium","Nicky Lloyd-Jones","Salesforce Improvement","Opportunity","New/Edit Workflows, New/Edit Fields","Metadata configuration / automation","Buildable in Dev after representative test data is created","Retrieve scoped metadata, implement the smallest change, add Flow/Apex tests where applicable, complete persona UAT, then validate deployment.","Opportunity; OpportunityLineItem","736","Auto_Create_Return_Opportunity_for_Exchange_Purchasing_Ops; AvaTax_Opportunity_Automatic_Tax_Calculation_Flow; AvaTax_Opportunity_Existing_Update_Entity_Use_Code_IOR_Transport; AvaTax_Opportunity_New_Update_Entity_Code_IOR_Transport; AvaTax_Opportunity_Update_AvaTax_Message_and_Status; Big_Iron_Purchasing_Opportunity_Updates_Alerts; Cloned_Opportunity_Update_FSR_Attached_and_FSR_Not_Required_to_False; Convert_PRR_to_Purchasing_Opportunity_Screen_Flow","Account_MUST_Match_Bill_To_Account; Account_on_Credit_Hold; Accounting_Contact_Email_Required; Actual_Removal_Date_Not_Future; Bill_and_Ship_Address_Req_for_Closed_Won; Billing_and_Shipping_State_Length; BIPO_Stage_Closed_Lost; Business_Line_Must_Be_Filled_Out","P_OppLineItemTrigger; P_OpportunityTrigger; ProcessTemplateFolder","BeforeUpdateOpportunityTest; OpportunityAlertController; OpportunityAlertControllerTest; OpportunityLineItemServices; OpportunityLineItemServicesTest","OpportunityAlert","Opportunity, OpportunityLineItem records with required parents, record types, owners, products and statuses","Only controlled metadata deployment after approval"
"00009373","Expired Contract Stage","Medium","Mindy Bender","Salesforce Improvement","Opportunity","New/Edit Workflows, New/Edit Fields","Metadata configuration / automation","Buildable in Dev after representative test data is created","Retrieve scoped metadata, implement the smallest change, add Flow/Apex tests where applicable, complete persona UAT, then validate deployment.","Opportunity; OpportunityLineItem","736","Auto_Create_Return_Opportunity_for_Exchange_Purchasing_Ops; AvaTax_Opportunity_Automatic_Tax_Calculation_Flow; AvaTax_Opportunity_Existing_Update_Entity_Use_Code_IOR_Transport; AvaTax_Opportunity_New_Update_Entity_Code_IOR_Transport; AvaTax_Opportunity_Update_AvaTax_Message_and_Status; Big_Iron_Purchasing_Opportunity_Updates_Alerts; Cloned_Opportunity_Update_FSR_Attached_and_FSR_Not_Required_to_False; Convert_PRR_to_Purchasing_Opportunity_Screen_Flow","Account_MUST_Match_Bill_To_Account; Account_on_Credit_Hold; Accounting_Contact_Email_Required; Actual_Removal_Date_Not_Future; Bill_and_Ship_Address_Req_for_Closed_Won; Billing_and_Shipping_State_Length; BIPO_Stage_Closed_Lost; Business_Line_Must_Be_Filled_Out","P_OppLineItemTrigger; P_OpportunityTrigger; ProcessTemplateFolder","BeforeUpdateOpportunityTest; OpportunityAlertController; OpportunityAlertControllerTest; OpportunityLineItemServices; OpportunityLineItemServicesTest","OpportunityAlert","Opportunity, OpportunityLineItem records with required parents, record types, owners, products and statuses","Only controlled metadata deployment after approval"
"00009386","Warranty Contract Duplication","Medium","Mindy Bender","Salesforce Improvement","Opportunity","New Fields","Metadata configuration / automation","Buildable in Dev after representative test data is created","Retrieve scoped metadata, implement the smallest change, add Flow/Apex tests where applicable, complete persona UAT, then validate deployment.","Opportunity; OpportunityLineItem","736","Auto_Create_Return_Opportunity_for_Exchange_Purchasing_Ops; AvaTax_Opportunity_Automatic_Tax_Calculation_Flow; AvaTax_Opportunity_Existing_Update_Entity_Use_Code_IOR_Transport; AvaTax_Opportunity_New_Update_Entity_Code_IOR_Transport; AvaTax_Opportunity_Update_AvaTax_Message_and_Status; Big_Iron_Purchasing_Opportunity_Updates_Alerts; Cloned_Opportunity_Update_FSR_Attached_and_FSR_Not_Required_to_False; Convert_PRR_to_Purchasing_Opportunity_Screen_Flow","Account_MUST_Match_Bill_To_Account; Account_on_Credit_Hold; Accounting_Contact_Email_Required; Actual_Removal_Date_Not_Future; Bill_and_Ship_Address_Req_for_Closed_Won; Billing_and_Shipping_State_Length; BIPO_Stage_Closed_Lost; Business_Line_Must_Be_Filled_Out","P_OppLineItemTrigger; P_OpportunityTrigger; ProcessTemplateFolder","BeforeUpdateOpportunityTest; OpportunityAlertController; OpportunityAlertControllerTest; OpportunityLineItemServices; OpportunityLineItemServicesTest","OpportunityAlert","Opportunity, OpportunityLineItem records with required parents, record types, owners, products and statuses","Only controlled metadata deployment after approval"
"00009448","Patient Data","Medium","Jennifer Armstrong","Other","Asset2","New/Edit Fields","Metadata configuration / automation","Buildable in Dev after representative test data is created","Retrieve scoped metadata, implement the smallest change, add Flow/Apex tests where applicable, complete persona UAT, then validate deployment.","ProductItem__c","419","Account_Engagement_Bulk_Asset_Copy_Flow; Account_Engagement_Sandbox_Production_Bulk_Asset_Copy_Flow; Add_Product_Record_Type_Name_to_Asset_Record; Asset_Automations; Asset_Check_in_Type; Asset_Creation_After_Save_Update_Product_Analytics; Asset_Update_After_Save_Set_Product_Analytics_on_Product_Name_Change; Auto_Close_SWO_HWO_Scrap_Asset","Approved_Purchase_no_cost_edits; Cannot_Change_Asset_Owner; Cannot_change_cost_once_marked_sold; Cannot_move_without_verifying_numbers; Check_In_Type; Designated_For_Rental_Rule; GE_DISTRIBUTION_PRODUCTS; Generic_Assets_CANNOT_Have_Cost","dlrs_ProductItemTrigger; P_ProductItemTrigger","AddAssetServices; AddAssetServicesTest; dlrs_ProductItemTest; LoanerAssetTriggerHandler; LoanerAssetTriggerHandlerTest","addAssetMainLwc; addAssetSearchLwc; addAssetSelectionsLwc; addAsset; addAssetComponent","ProductItem__c records with required parents, record types, owners, products and statuses","Only controlled metadata deployment after approval"
"00009450","Unqualified Drop-down menu","Medium","Julie Nickerson","Salesforce Improvement","Lead","New/Edit Fields","Metadata configuration / automation","Buildable in Dev after representative test data is created","Retrieve scoped metadata, implement the smallest change, add Flow/Apex tests where applicable, complete persona UAT, then validate deployment.","Lead","194","Create_NEW_Lead_from_Existing_Contact; FSL_Mobile_Create_Lead_Autolaunched; FSL_Mobile_Create_Lead_US; Lead_Assignment_Flow_New_Simpler_Logic; Lead_Check_for_existing; Lead_Check_for_existing_Account_Account_Name; Lead_Check_for_existing_contact_Email; Lead_Check_for_existing_contact_Phone","Convert_Unknown; Lead_Source_and_Detail_Change; Modality_Field_Must_Be_Filled_Out; Product_Type_Needed; Unqualified_Reason_Required","LeadTrigger; LeadTrigger; LogLeadChange","LeadConversionController; LeadConversionController_NoAssert_Test","leadSmartConvert","Lead records with required parents, record types, owners, products and statuses","Only controlled metadata deployment after approval"
"00009514","Auto designating assets","Medium","Darren Stokes","Salesforce Improvement","Opportunity","New/Edit Workflows","Metadata configuration / automation","Buildable in Dev after representative test data is created","Retrieve scoped metadata, implement the smallest change, add Flow/Apex tests where applicable, complete persona UAT, then validate deployment.","Opportunity; OpportunityLineItem","736","Auto_Create_Return_Opportunity_for_Exchange_Purchasing_Ops; AvaTax_Opportunity_Automatic_Tax_Calculation_Flow; AvaTax_Opportunity_Existing_Update_Entity_Use_Code_IOR_Transport; AvaTax_Opportunity_New_Update_Entity_Code_IOR_Transport; AvaTax_Opportunity_Update_AvaTax_Message_and_Status; Big_Iron_Purchasing_Opportunity_Updates_Alerts; Cloned_Opportunity_Update_FSR_Attached_and_FSR_Not_Required_to_False; Convert_PRR_to_Purchasing_Opportunity_Screen_Flow","Account_MUST_Match_Bill_To_Account; Account_on_Credit_Hold; Accounting_Contact_Email_Required; Actual_Removal_Date_Not_Future; Bill_and_Ship_Address_Req_for_Closed_Won; Billing_and_Shipping_State_Length; BIPO_Stage_Closed_Lost; Business_Line_Must_Be_Filled_Out","P_OppLineItemTrigger; P_OpportunityTrigger; ProcessTemplateFolder","BeforeUpdateOpportunityTest; OpportunityAlertController; OpportunityAlertControllerTest; OpportunityLineItemServices; OpportunityLineItemServicesTest","OpportunityAlert","Opportunity, OpportunityLineItem records with required parents, record types, owners, products and statuses","Only controlled metadata deployment after approval"
"00009536","Quality Alerts","Medium","Jennifer Armstrong","Salesforce Improvement","Opportunity","New Objects, New/Edit Workflows, New/Edit Fields","Metadata configuration / automation","Buildable in Dev after representative test data is created","Retrieve scoped metadata, implement the smallest change, add Flow/Apex tests where applicable, complete persona UAT, then validate deployment.","Opportunity; OpportunityLineItem","736","Auto_Create_Return_Opportunity_for_Exchange_Purchasing_Ops; AvaTax_Opportunity_Automatic_Tax_Calculation_Flow; AvaTax_Opportunity_Existing_Update_Entity_Use_Code_IOR_Transport; AvaTax_Opportunity_New_Update_Entity_Code_IOR_Transport; AvaTax_Opportunity_Update_AvaTax_Message_and_Status; Big_Iron_Purchasing_Opportunity_Updates_Alerts; Cloned_Opportunity_Update_FSR_Attached_and_FSR_Not_Required_to_False; Convert_PRR_to_Purchasing_Opportunity_Screen_Flow","Account_MUST_Match_Bill_To_Account; Account_on_Credit_Hold; Accounting_Contact_Email_Required; Actual_Removal_Date_Not_Future; Bill_and_Ship_Address_Req_for_Closed_Won; Billing_and_Shipping_State_Length; BIPO_Stage_Closed_Lost; Business_Line_Must_Be_Filled_Out","P_OppLineItemTrigger; P_OpportunityTrigger; ProcessTemplateFolder","BeforeUpdateOpportunityTest; OpportunityAlertController; OpportunityAlertControllerTest; OpportunityLineItemServices; OpportunityLineItemServicesTest","OpportunityAlert","Opportunity, OpportunityLineItem records with required parents, record types, owners, products and statuses","Only controlled metadata deployment after approval"
"00009558","Exchange RMA OPPS","Medium","Gretchen Scarborough","Salesforce Improvement","Opportunity","New/Edit Workflows","Metadata configuration / automation","Buildable in Dev after representative test data is created","Retrieve scoped metadata, implement the smallest change, add Flow/Apex tests where applicable, complete persona UAT, then validate deployment.","Opportunity; OpportunityLineItem","736","Auto_Create_Return_Opportunity_for_Exchange_Purchasing_Ops; AvaTax_Opportunity_Automatic_Tax_Calculation_Flow; AvaTax_Opportunity_Existing_Update_Entity_Use_Code_IOR_Transport; AvaTax_Opportunity_New_Update_Entity_Code_IOR_Transport; AvaTax_Opportunity_Update_AvaTax_Message_and_Status; Big_Iron_Purchasing_Opportunity_Updates_Alerts; Cloned_Opportunity_Update_FSR_Attached_and_FSR_Not_Required_to_False; Convert_PRR_to_Purchasing_Opportunity_Screen_Flow","Account_MUST_Match_Bill_To_Account; Account_on_Credit_Hold; Accounting_Contact_Email_Required; Actual_Removal_Date_Not_Future; Bill_and_Ship_Address_Req_for_Closed_Won; Billing_and_Shipping_State_Length; BIPO_Stage_Closed_Lost; Business_Line_Must_Be_Filled_Out","P_OppLineItemTrigger; P_OpportunityTrigger; ProcessTemplateFolder","BeforeUpdateOpportunityTest; OpportunityAlertController; OpportunityAlertControllerTest; OpportunityLineItemServices; OpportunityLineItemServicesTest","OpportunityAlert","Opportunity, OpportunityLineItem records with required parents, record types, owners, products and statuses","Only controlled metadata deployment after approval"
"00009611","Can we add ""Customer Not Available"" if engineer selects this in the customer signature section","Medium","Tom Meredith","Salesforce Improvement","Field Service Lightning","New/Edit Workflows, New/Edit Fields","Metadata configuration / automation","Buildable in Dev after representative test data is created","Retrieve scoped metadata, implement the smallest change, add Flow/Apex tests where applicable, complete persona UAT, then validate deployment.","ServiceAppointment; WorkOrder; WorkOrderLineItem","1220","Add_Coverage_Level_to_Service_Appointment_On_Creation; Assigned_Resource_Trigger_Dispatch_Tech_Call; Assigned_Resource_Trigger_Send_New_Resource_Dispatch_Email; Auto_Create_RMAs_from_Service_Appointments_for_UK; Auto_Create_RMAs_from_Work_Orders_for_UK; Contract_Line_Item_Cancel_Work_Orders_on_Decommissioning; Contract_Line_Item_Edit_Multiple_Work_Orders_Screen_Flow; Create_and_Dispatch_Service_Appointment_from_FSL_App","Asset_must_be_purchasing_approved; Cant_submit_to_shipping_without_location; Cant_Update_US_FSL_Completed_WO; Dont_allow_scheduled_or_dispatched; isDueDateExist; isDurationExist; isEarliestStartTimeExist; Related_Service_with_time_dependency","CalculateTravelTimeOnServiceChange; P_ServiceWorkOrderTrigger; P_WorkOrderLineItemTrigger; TR001_Service_AfterDelete; TR001_Service_AfterInsert; TR001_Service_AfterUpdate; TR001_Service_BeforeDelete; TR001_Service_BeforeInsert","ContentDocumentLinkToWorkOrderSync; ContentDocumentLinkToWorkOrderSync_Test; dlrs_Harvest_Work_OrderTest; EmailWorkOrderPDF; FslTechnicianOnlineController","fslEditModal; fslHello; fslQuickQuoteGlobalAction; fslWorkOrderCard; searchServiceAppointments","Work Order, Service Appointment, Service Resource, Assigned Resource, operating hours, mobile/dispatcher persona","Only controlled metadata deployment after approval"
"00009620","Probe Repair Pricing - Universal Repair Activity Addition","Medium","Matt Mooney","Other","Product","New/Edit Workflows, New/Edit Fields","Metadata configuration / automation","Buildable in Dev after representative test data is created","Retrieve scoped metadata, implement the smallest change, add Flow/Apex tests where applicable, complete persona UAT, then validate deployment.","Product2; Product_Analytics__c","610","Account_Engagement_Sandbox_Production_Bulk_Asset_Copy_Flow; Add_Product_Record_Type_Name_to_Asset_Record; Asset_Creation_After_Save_Update_Product_Analytics; Asset_Update_After_Save_Set_Product_Analytics_on_Product_Name_Change; Change_Contract_Line_Item_Product_UK; Delete_Select_Products_from_Opportunity_Screen_Flow; IR_Product_Before_Delete_Total_IR_Product_Cost_Roll_Up; IR_Product_on_create_Total_IR_Product_Cost_Roll_Up","Array_carriage_replacement; Array_drive_switch_or_board_replacement; Array_drive_system_replacement; Array_replacement; Bending_rubber_glue_beads_replacement; Cable_advanced_whitening; Cable_jacket_refurb; Cable_jacket_splice","P_ProductAnalyticsTrigger; UpdateProductFields","AddIRProductServices; AddIRProductServicesTest; addproduct; AddProductPortal; AddProductPortalTestClass","addItemReceiptProductSearchLwc; addItemReceiptProductSelectionsLwc; addProductLwc; addProductMainLwc; addProductSearchLwc","Product2, Product_Analytics__c records with required parents, record types, owners, products and statuses","Only controlled metadata deployment after approval"
"00009624","work order","Medium","Terry Mascia","Salesforce Improvement","Work Order","New Record Types","Metadata configuration / automation","Buildable in Dev after representative test data is created","Retrieve scoped metadata, implement the smallest change, add Flow/Apex tests where applicable, complete persona UAT, then validate deployment.","WorkOrder; Work_Order__c","688","Auto_Create_RMAs_from_Work_Orders_for_UK; Contract_Line_Item_Cancel_Work_Orders_on_Decommissioning; Contract_Line_Item_Edit_Multiple_Work_Orders_Screen_Flow; Create_and_Dispatch_Service_Appointment_from_FSL_App; Create_Contract_Line_Items_Entitlements_and_Work_Orders_V4; Create_Field_Service_Work_Order_in_Salesforce; Create_FSL_Work_Order_on_SF_Objects; Create_Pricing_Request_from_Work_Order_Opportunity","Cant_submit_to_shipping_without_location; Cant_Update_US_FSL_Completed_WO; Must_give_reason_for_cancelling; Shipping_Account_Preference_Control; UK_Closed_Work_Order_Must_Have_End_Date","P_ServiceWorkOrderTrigger; TR022_WorkOrder_AfterInsert; TR022_WorkOrder_AfterUpdate; TR022_WorkOrder_BeforeInsert; TR022_WorkOrder_BeforeUpdate; UKBusinessHours; WorkOrderTrigger; WorkOrderUpdate","ContentDocumentLinkToWorkOrderSync; ContentDocumentLinkToWorkOrderSync_Test; dlrs_Harvest_Work_OrderTest; EmailWorkOrderPDF; FslTechnicianOnlineController","fslEditModal; fslHello; fslQuickQuoteGlobalAction; fslWorkOrderCard; workOrderProductHost","WorkOrder, Work_Order__c records with required parents, record types, owners, products and statuses","Only controlled metadata deployment after approval"
"00009868","additional notes field for service coordinators?","Medium","Caroline Clinton","Other","Field Service Lightning","New/Edit Workflows, New/Edit Fields","Metadata configuration / automation","Buildable in Dev after representative test data is created","Retrieve scoped metadata, implement the smallest change, add Flow/Apex tests where applicable, complete persona UAT, then validate deployment.","ServiceAppointment; WorkOrder; WorkOrderLineItem","1220","Add_Coverage_Level_to_Service_Appointment_On_Creation; Assigned_Resource_Trigger_Dispatch_Tech_Call; Assigned_Resource_Trigger_Send_New_Resource_Dispatch_Email; Auto_Create_RMAs_from_Service_Appointments_for_UK; Auto_Create_RMAs_from_Work_Orders_for_UK; Contract_Line_Item_Cancel_Work_Orders_on_Decommissioning; Contract_Line_Item_Edit_Multiple_Work_Orders_Screen_Flow; Create_and_Dispatch_Service_Appointment_from_FSL_App","Asset_must_be_purchasing_approved; Cant_submit_to_shipping_without_location; Cant_Update_US_FSL_Completed_WO; Dont_allow_scheduled_or_dispatched; isDueDateExist; isDurationExist; isEarliestStartTimeExist; Related_Service_with_time_dependency","CalculateTravelTimeOnServiceChange; P_ServiceWorkOrderTrigger; P_WorkOrderLineItemTrigger; TR001_Service_AfterDelete; TR001_Service_AfterInsert; TR001_Service_AfterUpdate; TR001_Service_BeforeDelete; TR001_Service_BeforeInsert","ContentDocumentLinkToWorkOrderSync; ContentDocumentLinkToWorkOrderSync_Test; dlrs_Harvest_Work_OrderTest; EmailWorkOrderPDF; FslTechnicianOnlineController","fslEditModal; fslHello; fslQuickQuoteGlobalAction; fslWorkOrderCard; searchServiceAppointments","Work Order, Service Appointment, Service Resource, Assigned Resource, operating hours, mobile/dispatcher persona","Only controlled metadata deployment after approval"
"00009869","coordinators mailbox view of engineers schedule","Medium","Caroline Clinton","Salesforce Improvement","Field Service Lightning","New/Edit Workflows, New/Edit Fields","Metadata configuration / automation","Buildable in Dev after representative test data is created","Retrieve scoped metadata, implement the smallest change, add Flow/Apex tests where applicable, complete persona UAT, then validate deployment.","ServiceAppointment; WorkOrder; WorkOrderLineItem","1220","Add_Coverage_Level_to_Service_Appointment_On_Creation; Assigned_Resource_Trigger_Dispatch_Tech_Call; Assigned_Resource_Trigger_Send_New_Resource_Dispatch_Email; Auto_Create_RMAs_from_Service_Appointments_for_UK; Auto_Create_RMAs_from_Work_Orders_for_UK; Contract_Line_Item_Cancel_Work_Orders_on_Decommissioning; Contract_Line_Item_Edit_Multiple_Work_Orders_Screen_Flow; Create_and_Dispatch_Service_Appointment_from_FSL_App","Asset_must_be_purchasing_approved; Cant_submit_to_shipping_without_location; Cant_Update_US_FSL_Completed_WO; Dont_allow_scheduled_or_dispatched; isDueDateExist; isDurationExist; isEarliestStartTimeExist; Related_Service_with_time_dependency","CalculateTravelTimeOnServiceChange; P_ServiceWorkOrderTrigger; P_WorkOrderLineItemTrigger; TR001_Service_AfterDelete; TR001_Service_AfterInsert; TR001_Service_AfterUpdate; TR001_Service_BeforeDelete; TR001_Service_BeforeInsert","ContentDocumentLinkToWorkOrderSync; ContentDocumentLinkToWorkOrderSync_Test; dlrs_Harvest_Work_OrderTest; EmailWorkOrderPDF; FslTechnicianOnlineController","fslEditModal; fslHello; fslQuickQuoteGlobalAction; fslWorkOrderCard; searchServiceAppointments","Work Order, Service Appointment, Service Resource, Assigned Resource, operating hours, mobile/dispatcher persona","Only controlled metadata deployment after approval"
"00009899","Rental invoices start with R- instead of the traditional I-","Medium","Krystie Green","Salesforce Improvement","Invoice","New Record Types","Metadata configuration / automation","Buildable in Dev after representative test data is created","Retrieve scoped metadata, implement the smallest change, add Flow/Apex tests where applicable, complete persona UAT, then validate deployment.","Invoice__c","218","Create_Credit_Memo_From_Invoice; Disaster_Recovery_Project_Raise_Invoice_from_Charges; Invoice_Automations; Invoice_Create_Invoice_Line_Items; Invoice_Line_Item_On_Update_Sum_Invoice_Total_Sales_Price; Invoice_Object; Invoice_Re_sync_if_Errored; Invoice_Rollups","Billing_and_Shipping_State_Length; Entity_Location_Error; Intacct_Submission_Date_Error; Invoice_Must_Have_Products_to_Sync; Invoice_Not_Open_For_Sync; Rental_Start_and_End_Dates_Cant_Be_Blank","dlrs_InvoiceTrigger; P_InvoiceTrigger","dlrs_InvoiceTest; InvoiceLineItems; InvoiceOppProducts; InvoicePdfGenerator; P_InvoiceTriggerHandler","InvoicePDFDisplayUK; InvoicePDFDisplayUKProForma; InvoicePDFDisplayUKRental; ServiceContractInvoiceDisplay","Invoice__c records with required parents, record types, owners, products and statuses","Only controlled metadata deployment after approval"
"00009906","Decommission/Contract Lines still active","Medium","Nicky Lloyd-Jones","Salesforce Improvement","Service Contract","New/Edit Workflows, New/Edit Fields","Metadata configuration / automation","Buildable in Dev after representative test data is created","Retrieve scoped metadata, implement the smallest change, add Flow/Apex tests where applicable, complete persona UAT, then validate deployment.","ServiceContract","141","Change_Contract_Line_Item_Product_UK; Contract_Line_Item_Cancel_Work_Orders_on_Decommissioning; Contract_Line_Item_Creation_or_Update_Set_Lifecycle_Status; Contract_Line_Item_Edit_Multiple_Work_Orders_Screen_Flow; Contract_Line_Item_Roll_Up_Downtime_Business_Hours; Contract_Line_Item_Trigger_Create_QA_Upon_Save; Create_contract_line_items_and_entitlements; Create_Contract_Line_Items_Entitlements_and_Work_Orders_V4","Contract_and_Contract_Line_Items_Match; If_Canceled_You_Must_Enter_Date; Must_contain_a_Reason_Canceled","P_ServiceContractTrigger","P_ServiceContractTriggerHandler; P_ServiceContractTriggerHandlerTest; ServiceContractInvoiceLineItems; TestInvoiceServiceContractClass","ServiceContractInvoiceDisplay","ServiceContract records with required parents, record types, owners, products and statuses","Only controlled metadata deployment after approval"
"00009910","pop up or important notes","Medium","Caroline Clinton","Salesforce Improvement","Equipment","New/Edit Workflows, New/Edit Fields","Metadata configuration / automation","Buildable in Dev after representative test data is created","Retrieve scoped metadata, implement the smallest change, add Flow/Apex tests where applicable, complete persona UAT, then validate deployment.","Equipment__c","75","Charge_for_Removal_Update_Flow_for_Big_Iron_Equipment; Create_Project_on_Equipment_Storage_Opportunity_Creation; Screen_Flow_Select_Products_to_Invoice_on_Equipment_Storage_Opps","","","","","Equipment__c records with required parents, record types, owners, products and statuses","Only controlled metadata deployment after approval"
"00009939","Cause of damage listed on repair evaluations for probes - can we piggy back off of what scopes uses?","Medium","Matt Mooney","Salesforce Improvement","Evaluation","New/Edit Fields","Metadata configuration / automation","Buildable in Dev after representative test data is created","Retrieve scoped metadata, implement the smallest change, add Flow/Apex tests where applicable, complete persona UAT, then validate deployment.","Evaluation_Natalie__c","133","Auto_Create_Post_Repair_Eval_on_Opp; Case_Online_Repair_Evaluation_Tool; Mark_Asmer_Evaluation_Update_Email_Flow; Send_Post_Repair_Evaluation_Email; US_FSL_RMA_Date_Repair_Evaluation_Sent","Cannot_change_price_in_eval_once_sent","EvalUpdateFields","cAuthURIForEval; EmailPostRepairEvalPDF; EvaluationNat; EvaluationNatTestClass; EvalUpdateFieldsHandler","","Evaluation_Natalie__c records with required parents, record types, owners, products and statuses","Only controlled metadata deployment after approval"
"00010013","W/O option","Medium","Terry Mascia","Salesforce Improvement","Equipment","New Record Types","Metadata configuration / automation","Buildable in Dev after representative test data is created","Retrieve scoped metadata, implement the smallest change, add Flow/Apex tests where applicable, complete persona UAT, then validate deployment.","Equipment__c","75","Charge_for_Removal_Update_Flow_for_Big_Iron_Equipment; Create_Project_on_Equipment_Storage_Opportunity_Creation; Screen_Flow_Select_Products_to_Invoice_on_Equipment_Storage_Opps","","","","","Equipment__c records with required parents, record types, owners, products and statuses","Only controlled metadata deployment after approval"
"00010059","Move location 'New' buttons","Medium","Jon Kean","Salesforce Improvement","Move Location","New/Edit Workflows, New/Edit Fields","Metadata configuration / automation","Buildable in Dev after representative test data is created","Retrieve scoped metadata, implement the smallest change, add Flow/Apex tests where applicable, complete persona UAT, then validate deployment.","Move_Location__c","59","Loaner_Asset_Asynchronous_on_create_Loaner_Location_Roll_Up; Loaner_Asset_Asynchronous_on_update_Loaner_Location_Roll_Up; Loaner_Asset_Before_Delete_Loaner_Location_Roll_Up; Mass_Move_Location_Screen_Flow; New_Move_Location_Screen_Flow; On_Update_of_Shipping_Location_on_Work_Order_Update_Location_on_Open_Service_App; ProductItem_Asynchronous_on_create_Loaner_Location_Roll_Up; ProductItem_Asynchronous_on_update_Loaner_Location_Roll_Up","Cannot_change_from_customer_loan_to_ship; Dont_move_nonpurchasing_approved_probe","MoveLocationUpdate","MoveLocation; MoveLocationTestClass; MoveLocationUpdateTest","","Move_Location__c records with required parents, record types, owners, products and statuses","Only controlled metadata deployment after approval"
"00010128","Prevent Product repairs on Customer repair assets","Medium","Jon Kean","Salesforce Improvement","Product Repair","New/Edit Workflows, New/Edit Fields","Metadata configuration / automation","Buildable in Dev after representative test data is created","Retrieve scoped metadata, implement the smallest change, add Flow/Apex tests where applicable, complete persona UAT, then validate deployment.","Product_Repair__c","95","Absorb_External_Repair_Screen_Flow; Auto_Create_Post_Repair_Eval_on_Opp; Auto_Create_Refurb_System_Repair_from_Refurb_Test; Case_Online_Repair_Evaluation_Tool; Create_External_Repair_Testing_Opp_from_PO; Create_Repair_Opportunity_from_Service_Contract_Flow; FSL_US_Update_Work_Order_to_Repair_In_Progress; On_New_WOLI_Update_Type_if_Probe_Repair_Opp","Cannot_make_mold_on_nongeneric_asset; Cannot_use_non_purchasing_approved_part; Identify_equipment_number_used_for_mold; Must_explain_cap_failure; Must_explain_failure; Must_explain_lens_failure; Must_explain_SR_failure; Must_fill_out_notes_for_no_longer_needed","HarvestParts; P_ProductRepairTrigger; P_ProductRepairTrigger2; updateProductRepairTrigger","CreateApprovedRepairsHandler; CreateApprovedRepairsTestClass; CreateRepairRMAFromCase; CreateRepairRMAFromCaseTest; EmailPostRepairEvalPDF","","Product_Repair__c records with required parents, record types, owners, products and statuses","Only controlled metadata deployment after approval"
"00010149","Add Loaner/Restock Fee Opp Credit Memo Field to Core Ex RMA","Medium","Ashley Madson","Salesforce Improvement","RMA","New/Edit Fields","Metadata configuration / automation","Buildable in Dev after representative test data is created","Retrieve scoped metadata, implement the smallest change, add Flow/Apex tests where applicable, complete persona UAT, then validate deployment.","RMA__c","288","","Approving_repairs_that_cannot_be_done; Asset_Must_Be_a_Customer_Repair_on_RMA; Asset_No_to_be_returned_is_not_blank; Cannot_Change_Original_Time_Warranty; Cannot_Change_RMA_Type_After_Received; Cannot_change_status_once_approved; Fill_out_complaint; Fill_out_customer_expectation","CreateApprovedRepairs; P_RMATrigger","","","RMA__c records with required parents, record types, owners, products and statuses","Only controlled metadata deployment after approval"
"00010169","Product Add Clone Option","Medium","Gretchen Scarborough","Salesforce Improvement","Product","New/Edit Workflows","Metadata configuration / automation","Buildable in Dev after representative test data is created","Retrieve scoped metadata, implement the smallest change, add Flow/Apex tests where applicable, complete persona UAT, then validate deployment.","Product2; Product_Analytics__c","610","Account_Engagement_Sandbox_Production_Bulk_Asset_Copy_Flow; Add_Product_Record_Type_Name_to_Asset_Record; Asset_Creation_After_Save_Update_Product_Analytics; Asset_Update_After_Save_Set_Product_Analytics_on_Product_Name_Change; Change_Contract_Line_Item_Product_UK; Delete_Select_Products_from_Opportunity_Screen_Flow; IR_Product_Before_Delete_Total_IR_Product_Cost_Roll_Up; IR_Product_on_create_Total_IR_Product_Cost_Roll_Up","Array_carriage_replacement; Array_drive_switch_or_board_replacement; Array_drive_system_replacement; Array_replacement; Bending_rubber_glue_beads_replacement; Cable_advanced_whitening; Cable_jacket_refurb; Cable_jacket_splice","P_ProductAnalyticsTrigger; UpdateProductFields","AddIRProductServices; AddIRProductServicesTest; addproduct; AddProductPortal; AddProductPortalTestClass","addItemReceiptProductSearchLwc; addItemReceiptProductSelectionsLwc; addProductLwc; addProductMainLwc; addProductSearchLwc","Product2, Product_Analytics__c records with required parents, record types, owners, products and statuses","Only controlled metadata deployment after approval"
"00010194","RMA automation change","Medium","Jon Kean","Other","RMA","New/Edit Workflows","Metadata configuration / automation","Buildable in Dev after representative test data is created","Retrieve scoped metadata, implement the smallest change, add Flow/Apex tests where applicable, complete persona UAT, then validate deployment.","RMA__c","288","","Approving_repairs_that_cannot_be_done; Asset_Must_Be_a_Customer_Repair_on_RMA; Asset_No_to_be_returned_is_not_blank; Cannot_Change_Original_Time_Warranty; Cannot_Change_RMA_Type_After_Received; Cannot_change_status_once_approved; Fill_out_complaint; Fill_out_customer_expectation","CreateApprovedRepairs; P_RMATrigger","","","RMA__c records with required parents, record types, owners, products and statuses","Only controlled metadata deployment after approval"
"00010291","Problems creating an asset","Medium","Dominick Vena","Salesforce Improvement","Asset2","New/Edit Workflows","Metadata configuration / automation","Buildable in Dev after representative test data is created","Retrieve scoped metadata, implement the smallest change, add Flow/Apex tests where applicable, complete persona UAT, then validate deployment.","ProductItem__c","419","Account_Engagement_Bulk_Asset_Copy_Flow; Account_Engagement_Sandbox_Production_Bulk_Asset_Copy_Flow; Add_Product_Record_Type_Name_to_Asset_Record; Asset_Automations; Asset_Check_in_Type; Asset_Creation_After_Save_Update_Product_Analytics; Asset_Update_After_Save_Set_Product_Analytics_on_Product_Name_Change; Auto_Close_SWO_HWO_Scrap_Asset","Approved_Purchase_no_cost_edits; Cannot_Change_Asset_Owner; Cannot_change_cost_once_marked_sold; Cannot_move_without_verifying_numbers; Check_In_Type; Designated_For_Rental_Rule; GE_DISTRIBUTION_PRODUCTS; Generic_Assets_CANNOT_Have_Cost","dlrs_ProductItemTrigger; P_ProductItemTrigger","AddAssetServices; AddAssetServicesTest; dlrs_ProductItemTest; LoanerAssetTriggerHandler; LoanerAssetTriggerHandlerTest","addAssetMainLwc; addAssetSearchLwc; addAssetSelectionsLwc; addAsset; addAssetComponent","ProductItem__c records with required parents, record types, owners, products and statuses","Only controlled metadata deployment after approval"
"00010321","Automated email not being sent on UK Warehouse Request","Medium","Jon Kean","Other","Case","New/Edit Workflows","Metadata configuration / automation","Buildable in Dev after representative test data is created","Retrieve scoped metadata, implement the smallest change, add Flow/Apex tests where applicable, complete persona UAT, then validate deployment.","Case","171","Case_Creation_Created_by_Entity_and_Initial_Assignment_Record_Triggered_Flow; Case_Online_Repair_Evaluation_Tool; Case_PB; Case_Update_Case_Automations_Record_Triggered_Flow; Create_Opportunity_from_KloudGin_Case; Create_SF_Support_Case_V1; Create_UK_Warehouse_Request_Teams_Case_Screen_Flow; Create_Work_Order_from_KloudGin_Case","Error_Type_Cant_be_Blank_if_Error; Must_Enter_Hours_and_Comments_to_Close; OwnerCannotBeAQueueForClosedCase","P_CaseTrigger","CreateRepairRMAFromCase; CreateRepairRMAFromCaseTest; P_CaseTriggerHandler; P_CaseTriggerHandlerTest","","Case records with required parents, record types, owners, products and statuses","Only controlled metadata deployment after approval"
"00010361","PRODUCTS","Medium","Gretchen Scarborough","Salesforce Improvement","Product","New/Edit Workflows, New/Edit Fields","Metadata configuration / automation","Buildable in Dev after representative test data is created","Retrieve scoped metadata, implement the smallest change, add Flow/Apex tests where applicable, complete persona UAT, then validate deployment.","Product2; Product_Analytics__c","610","Account_Engagement_Sandbox_Production_Bulk_Asset_Copy_Flow; Add_Product_Record_Type_Name_to_Asset_Record; Asset_Creation_After_Save_Update_Product_Analytics; Asset_Update_After_Save_Set_Product_Analytics_on_Product_Name_Change; Change_Contract_Line_Item_Product_UK; Delete_Select_Products_from_Opportunity_Screen_Flow; IR_Product_Before_Delete_Total_IR_Product_Cost_Roll_Up; IR_Product_on_create_Total_IR_Product_Cost_Roll_Up","Array_carriage_replacement; Array_drive_switch_or_board_replacement; Array_drive_system_replacement; Array_replacement; Bending_rubber_glue_beads_replacement; Cable_advanced_whitening; Cable_jacket_refurb; Cable_jacket_splice","P_ProductAnalyticsTrigger; UpdateProductFields","AddIRProductServices; AddIRProductServicesTest; addproduct; AddProductPortal; AddProductPortalTestClass","addItemReceiptProductSearchLwc; addItemReceiptProductSelectionsLwc; addProductLwc; addProductMainLwc; addProductSearchLwc","Product2, Product_Analytics__c records with required parents, record types, owners, products and statuses","Only controlled metadata deployment after approval"
"00010374","all ultrasound PPM service appointments are 4 hours","Medium","Karla Stancombe","Salesforce Improvement","Work Order","New/Edit Workflows","Metadata configuration / automation","Buildable in Dev after representative test data is created","Retrieve scoped metadata, implement the smallest change, add Flow/Apex tests where applicable, complete persona UAT, then validate deployment.","WorkOrder; Work_Order__c","688","Auto_Create_RMAs_from_Work_Orders_for_UK; Contract_Line_Item_Cancel_Work_Orders_on_Decommissioning; Contract_Line_Item_Edit_Multiple_Work_Orders_Screen_Flow; Create_and_Dispatch_Service_Appointment_from_FSL_App; Create_Contract_Line_Items_Entitlements_and_Work_Orders_V4; Create_Field_Service_Work_Order_in_Salesforce; Create_FSL_Work_Order_on_SF_Objects; Create_Pricing_Request_from_Work_Order_Opportunity","Cant_submit_to_shipping_without_location; Cant_Update_US_FSL_Completed_WO; Must_give_reason_for_cancelling; Shipping_Account_Preference_Control; UK_Closed_Work_Order_Must_Have_End_Date","P_ServiceWorkOrderTrigger; TR022_WorkOrder_AfterInsert; TR022_WorkOrder_AfterUpdate; TR022_WorkOrder_BeforeInsert; TR022_WorkOrder_BeforeUpdate; UKBusinessHours; WorkOrderTrigger; WorkOrderUpdate","ContentDocumentLinkToWorkOrderSync; ContentDocumentLinkToWorkOrderSync_Test; dlrs_Harvest_Work_OrderTest; EmailWorkOrderPDF; FslTechnicianOnlineController","fslEditModal; fslHello; fslQuickQuoteGlobalAction; fslWorkOrderCard; workOrderProductHost","WorkOrder, Work_Order__c records with required parents, record types, owners, products and statuses","Only controlled metadata deployment after approval"
"00010378","RMA NOTIFICATION FOR CORES","Medium","Gretchen Scarborough","Salesforce Improvement","RMA","New/Edit Workflows, New/Edit Fields","Metadata configuration / automation","Buildable in Dev after representative test data is created","Retrieve scoped metadata, implement the smallest change, add Flow/Apex tests where applicable, complete persona UAT, then validate deployment.","RMA__c","288","","Approving_repairs_that_cannot_be_done; Asset_Must_Be_a_Customer_Repair_on_RMA; Asset_No_to_be_returned_is_not_blank; Cannot_Change_Original_Time_Warranty; Cannot_Change_RMA_Type_After_Received; Cannot_change_status_once_approved; Fill_out_complaint; Fill_out_customer_expectation","CreateApprovedRepairs; P_RMATrigger","","","RMA__c records with required parents, record types, owners, products and statuses","Only controlled metadata deployment after approval"
"00010389","Addition to CT PPM list","Medium","Tom Meredith","Salesforce Improvement","Field Service Lightning","New Fields","Metadata configuration / automation","Buildable in Dev after representative test data is created","Retrieve scoped metadata, implement the smallest change, add Flow/Apex tests where applicable, complete persona UAT, then validate deployment.","ServiceAppointment; WorkOrder; WorkOrderLineItem","1220","Add_Coverage_Level_to_Service_Appointment_On_Creation; Assigned_Resource_Trigger_Dispatch_Tech_Call; Assigned_Resource_Trigger_Send_New_Resource_Dispatch_Email; Auto_Create_RMAs_from_Service_Appointments_for_UK; Auto_Create_RMAs_from_Work_Orders_for_UK; Contract_Line_Item_Cancel_Work_Orders_on_Decommissioning; Contract_Line_Item_Edit_Multiple_Work_Orders_Screen_Flow; Create_and_Dispatch_Service_Appointment_from_FSL_App","Asset_must_be_purchasing_approved; Cant_submit_to_shipping_without_location; Cant_Update_US_FSL_Completed_WO; Dont_allow_scheduled_or_dispatched; isDueDateExist; isDurationExist; isEarliestStartTimeExist; Related_Service_with_time_dependency","CalculateTravelTimeOnServiceChange; P_ServiceWorkOrderTrigger; P_WorkOrderLineItemTrigger; TR001_Service_AfterDelete; TR001_Service_AfterInsert; TR001_Service_AfterUpdate; TR001_Service_BeforeDelete; TR001_Service_BeforeInsert","ContentDocumentLinkToWorkOrderSync; ContentDocumentLinkToWorkOrderSync_Test; dlrs_Harvest_Work_OrderTest; EmailWorkOrderPDF; FslTechnicianOnlineController","fslEditModal; fslHello; fslQuickQuoteGlobalAction; fslWorkOrderCard; searchServiceAppointments","Work Order, Service Appointment, Service Resource, Assigned Resource, operating hours, mobile/dispatcher persona","Only controlled metadata deployment after approval"
"00010446","New Field For Shipment Dimensions","Medium","Blake Nielsen","Salesforce Improvement","Product","New/Edit Fields","Metadata configuration / automation","Buildable in Dev after representative test data is created","Retrieve scoped metadata, implement the smallest change, add Flow/Apex tests where applicable, complete persona UAT, then validate deployment.","Product2; Product_Analytics__c","610","Account_Engagement_Sandbox_Production_Bulk_Asset_Copy_Flow; Add_Product_Record_Type_Name_to_Asset_Record; Asset_Creation_After_Save_Update_Product_Analytics; Asset_Update_After_Save_Set_Product_Analytics_on_Product_Name_Change; Change_Contract_Line_Item_Product_UK; Delete_Select_Products_from_Opportunity_Screen_Flow; IR_Product_Before_Delete_Total_IR_Product_Cost_Roll_Up; IR_Product_on_create_Total_IR_Product_Cost_Roll_Up","Array_carriage_replacement; Array_drive_switch_or_board_replacement; Array_drive_system_replacement; Array_replacement; Bending_rubber_glue_beads_replacement; Cable_advanced_whitening; Cable_jacket_refurb; Cable_jacket_splice","P_ProductAnalyticsTrigger; UpdateProductFields","AddIRProductServices; AddIRProductServicesTest; addproduct; AddProductPortal; AddProductPortalTestClass","addItemReceiptProductSearchLwc; addItemReceiptProductSelectionsLwc; addProductLwc; addProductMainLwc; addProductSearchLwc","Product2, Product_Analytics__c records with required parents, record types, owners, products and statuses","Only controlled metadata deployment after approval"
"00010447","RMA CORE DUE DATE BOX","Medium","Gretchen Scarborough","Salesforce Improvement","Opportunity","New/Edit Fields","Metadata configuration / automation","Buildable in Dev after representative test data is created","Retrieve scoped metadata, implement the smallest change, add Flow/Apex tests where applicable, complete persona UAT, then validate deployment.","Opportunity; OpportunityLineItem","736","Auto_Create_Return_Opportunity_for_Exchange_Purchasing_Ops; AvaTax_Opportunity_Automatic_Tax_Calculation_Flow; AvaTax_Opportunity_Existing_Update_Entity_Use_Code_IOR_Transport; AvaTax_Opportunity_New_Update_Entity_Code_IOR_Transport; AvaTax_Opportunity_Update_AvaTax_Message_and_Status; Big_Iron_Purchasing_Opportunity_Updates_Alerts; Cloned_Opportunity_Update_FSR_Attached_and_FSR_Not_Required_to_False; Convert_PRR_to_Purchasing_Opportunity_Screen_Flow","Account_MUST_Match_Bill_To_Account; Account_on_Credit_Hold; Accounting_Contact_Email_Required; Actual_Removal_Date_Not_Future; Bill_and_Ship_Address_Req_for_Closed_Won; Billing_and_Shipping_State_Length; BIPO_Stage_Closed_Lost; Business_Line_Must_Be_Filled_Out","P_OppLineItemTrigger; P_OpportunityTrigger; ProcessTemplateFolder","BeforeUpdateOpportunityTest; OpportunityAlertController; OpportunityAlertControllerTest; OpportunityLineItemServices; OpportunityLineItemServicesTest","OpportunityAlert","Opportunity, OpportunityLineItem records with required parents, record types, owners, products and statuses","Only controlled metadata deployment after approval"
"00010464","Dims and weight","Medium","Jasmine Dearth","Salesforce Idea","Asset2","New/Edit Fields","Metadata configuration / automation","Buildable in Dev after representative test data is created","Retrieve scoped metadata, implement the smallest change, add Flow/Apex tests where applicable, complete persona UAT, then validate deployment.","ProductItem__c","419","Account_Engagement_Bulk_Asset_Copy_Flow; Account_Engagement_Sandbox_Production_Bulk_Asset_Copy_Flow; Add_Product_Record_Type_Name_to_Asset_Record; Asset_Automations; Asset_Check_in_Type; Asset_Creation_After_Save_Update_Product_Analytics; Asset_Update_After_Save_Set_Product_Analytics_on_Product_Name_Change; Auto_Close_SWO_HWO_Scrap_Asset","Approved_Purchase_no_cost_edits; Cannot_Change_Asset_Owner; Cannot_change_cost_once_marked_sold; Cannot_move_without_verifying_numbers; Check_In_Type; Designated_For_Rental_Rule; GE_DISTRIBUTION_PRODUCTS; Generic_Assets_CANNOT_Have_Cost","dlrs_ProductItemTrigger; P_ProductItemTrigger","AddAssetServices; AddAssetServicesTest; dlrs_ProductItemTest; LoanerAssetTriggerHandler; LoanerAssetTriggerHandlerTest","addAssetMainLwc; addAssetSearchLwc; addAssetSelectionsLwc; addAsset; addAssetComponent","ProductItem__c records with required parents, record types, owners, products and statuses","Only controlled metadata deployment after approval"
"00010491","adding of support engineer, so its visible to engineer who they are attending visit with","Medium","Harriet Langley","Salesforce Improvement","Field Service Lightning","New/Edit Fields","Metadata configuration / automation","Buildable in Dev after representative test data is created","Retrieve scoped metadata, implement the smallest change, add Flow/Apex tests where applicable, complete persona UAT, then validate deployment.","ServiceAppointment; WorkOrder; WorkOrderLineItem","1220","Add_Coverage_Level_to_Service_Appointment_On_Creation; Assigned_Resource_Trigger_Dispatch_Tech_Call; Assigned_Resource_Trigger_Send_New_Resource_Dispatch_Email; Auto_Create_RMAs_from_Service_Appointments_for_UK; Auto_Create_RMAs_from_Work_Orders_for_UK; Contract_Line_Item_Cancel_Work_Orders_on_Decommissioning; Contract_Line_Item_Edit_Multiple_Work_Orders_Screen_Flow; Create_and_Dispatch_Service_Appointment_from_FSL_App","Asset_must_be_purchasing_approved; Cant_submit_to_shipping_without_location; Cant_Update_US_FSL_Completed_WO; Dont_allow_scheduled_or_dispatched; isDueDateExist; isDurationExist; isEarliestStartTimeExist; Related_Service_with_time_dependency","CalculateTravelTimeOnServiceChange; P_ServiceWorkOrderTrigger; P_WorkOrderLineItemTrigger; TR001_Service_AfterDelete; TR001_Service_AfterInsert; TR001_Service_AfterUpdate; TR001_Service_BeforeDelete; TR001_Service_BeforeInsert","ContentDocumentLinkToWorkOrderSync; ContentDocumentLinkToWorkOrderSync_Test; dlrs_Harvest_Work_OrderTest; EmailWorkOrderPDF; FslTechnicianOnlineController","fslEditModal; fslHello; fslQuickQuoteGlobalAction; fslWorkOrderCard; searchServiceAppointments","Work Order, Service Appointment, Service Resource, Assigned Resource, operating hours, mobile/dispatcher persona","Only controlled metadata deployment after approval"
"00010514","CORE EXCHANGE RMA NOT AUTOMATICALLY OPENING ON WO","Medium","Ashley Madson","Salesforce Improvement","Work Order","New/Edit Workflows","Metadata configuration / automation","Buildable in Dev after representative test data is created","Retrieve scoped metadata, implement the smallest change, add Flow/Apex tests where applicable, complete persona UAT, then validate deployment.","WorkOrder; Work_Order__c","688","Auto_Create_RMAs_from_Work_Orders_for_UK; Contract_Line_Item_Cancel_Work_Orders_on_Decommissioning; Contract_Line_Item_Edit_Multiple_Work_Orders_Screen_Flow; Create_and_Dispatch_Service_Appointment_from_FSL_App; Create_Contract_Line_Items_Entitlements_and_Work_Orders_V4; Create_Field_Service_Work_Order_in_Salesforce; Create_FSL_Work_Order_on_SF_Objects; Create_Pricing_Request_from_Work_Order_Opportunity","Cant_submit_to_shipping_without_location; Cant_Update_US_FSL_Completed_WO; Must_give_reason_for_cancelling; Shipping_Account_Preference_Control; UK_Closed_Work_Order_Must_Have_End_Date","P_ServiceWorkOrderTrigger; TR022_WorkOrder_AfterInsert; TR022_WorkOrder_AfterUpdate; TR022_WorkOrder_BeforeInsert; TR022_WorkOrder_BeforeUpdate; UKBusinessHours; WorkOrderTrigger; WorkOrderUpdate","ContentDocumentLinkToWorkOrderSync; ContentDocumentLinkToWorkOrderSync_Test; dlrs_Harvest_Work_OrderTest; EmailWorkOrderPDF; FslTechnicianOnlineController","fslEditModal; fslHello; fslQuickQuoteGlobalAction; fslWorkOrderCard; workOrderProductHost","WorkOrder, Work_Order__c records with required parents, record types, owners, products and statuses","Only controlled metadata deployment after approval"
"00010516","Bar Code Scan location into ""Current Location"" field","Medium","Richard Gerler","Salesforce Improvement","Asset2","New/Edit Workflows, New/Edit Fields","Metadata configuration / automation","Buildable in Dev after representative test data is created","Retrieve scoped metadata, implement the smallest change, add Flow/Apex tests where applicable, complete persona UAT, then validate deployment.","ProductItem__c","419","Account_Engagement_Bulk_Asset_Copy_Flow; Account_Engagement_Sandbox_Production_Bulk_Asset_Copy_Flow; Add_Product_Record_Type_Name_to_Asset_Record; Asset_Automations; Asset_Check_in_Type; Asset_Creation_After_Save_Update_Product_Analytics; Asset_Update_After_Save_Set_Product_Analytics_on_Product_Name_Change; Auto_Close_SWO_HWO_Scrap_Asset","Approved_Purchase_no_cost_edits; Cannot_Change_Asset_Owner; Cannot_change_cost_once_marked_sold; Cannot_move_without_verifying_numbers; Check_In_Type; Designated_For_Rental_Rule; GE_DISTRIBUTION_PRODUCTS; Generic_Assets_CANNOT_Have_Cost","dlrs_ProductItemTrigger; P_ProductItemTrigger","AddAssetServices; AddAssetServicesTest; dlrs_ProductItemTest; LoanerAssetTriggerHandler; LoanerAssetTriggerHandlerTest","addAssetMainLwc; addAssetSearchLwc; addAssetSelectionsLwc; addAsset; addAssetComponent","ProductItem__c records with required parents, record types, owners, products and statuses","Only controlled metadata deployment after approval"
"00010535","new asset creation for Probo Canada","Medium","Nick Smitton","Salesforce Improvement","Asset2","New/Edit Workflow","Metadata configuration / automation","Buildable in Dev after representative test data is created","Retrieve scoped metadata, implement the smallest change, add Flow/Apex tests where applicable, complete persona UAT, then validate deployment.","ProductItem__c","419","Account_Engagement_Bulk_Asset_Copy_Flow; Account_Engagement_Sandbox_Production_Bulk_Asset_Copy_Flow; Add_Product_Record_Type_Name_to_Asset_Record; Asset_Automations; Asset_Check_in_Type; Asset_Creation_After_Save_Update_Product_Analytics; Asset_Update_After_Save_Set_Product_Analytics_on_Product_Name_Change; Auto_Close_SWO_HWO_Scrap_Asset","Approved_Purchase_no_cost_edits; Cannot_Change_Asset_Owner; Cannot_change_cost_once_marked_sold; Cannot_move_without_verifying_numbers; Check_In_Type; Designated_For_Rental_Rule; GE_DISTRIBUTION_PRODUCTS; Generic_Assets_CANNOT_Have_Cost","dlrs_ProductItemTrigger; P_ProductItemTrigger","AddAssetServices; AddAssetServicesTest; dlrs_ProductItemTest; LoanerAssetTriggerHandler; LoanerAssetTriggerHandlerTest","addAssetMainLwc; addAssetSearchLwc; addAssetSelectionsLwc; addAsset; addAssetComponent","ProductItem__c records with required parents, record types, owners, products and statuses","Only controlled metadata deployment after approval"
"00010555","Return Label Tracking  - woudl be great if can do this in conjunction with Case 00010017","Medium","Matt Mooney","Salesforce Improvement","Opportunity","New/Edit Workflows","Metadata configuration / automation","Buildable in Dev after representative test data is created","Retrieve scoped metadata, implement the smallest change, add Flow/Apex tests where applicable, complete persona UAT, then validate deployment.","Opportunity; OpportunityLineItem","736","Auto_Create_Return_Opportunity_for_Exchange_Purchasing_Ops; AvaTax_Opportunity_Automatic_Tax_Calculation_Flow; AvaTax_Opportunity_Existing_Update_Entity_Use_Code_IOR_Transport; AvaTax_Opportunity_New_Update_Entity_Code_IOR_Transport; AvaTax_Opportunity_Update_AvaTax_Message_and_Status; Big_Iron_Purchasing_Opportunity_Updates_Alerts; Cloned_Opportunity_Update_FSR_Attached_and_FSR_Not_Required_to_False; Convert_PRR_to_Purchasing_Opportunity_Screen_Flow","Account_MUST_Match_Bill_To_Account; Account_on_Credit_Hold; Accounting_Contact_Email_Required; Actual_Removal_Date_Not_Future; Bill_and_Ship_Address_Req_for_Closed_Won; Billing_and_Shipping_State_Length; BIPO_Stage_Closed_Lost; Business_Line_Must_Be_Filled_Out","P_OppLineItemTrigger; P_OpportunityTrigger; ProcessTemplateFolder","BeforeUpdateOpportunityTest; OpportunityAlertController; OpportunityAlertControllerTest; OpportunityLineItemServices; OpportunityLineItemServicesTest","OpportunityAlert","Opportunity, OpportunityLineItem records with required parents, record types, owners, products and statuses","Only controlled metadata deployment after approval"
"00010559","Prevent Support Engineer appointments pulling in Shipping Information from Parent SA.","Medium","Tom Meredith","Salesforce Improvement","Field Service Lightning","New/Edit Workflows","Metadata configuration / automation","Buildable in Dev after representative test data is created","Retrieve scoped metadata, implement the smallest change, add Flow/Apex tests where applicable, complete persona UAT, then validate deployment.","ServiceAppointment; WorkOrder; WorkOrderLineItem","1220","Add_Coverage_Level_to_Service_Appointment_On_Creation; Assigned_Resource_Trigger_Dispatch_Tech_Call; Assigned_Resource_Trigger_Send_New_Resource_Dispatch_Email; Auto_Create_RMAs_from_Service_Appointments_for_UK; Auto_Create_RMAs_from_Work_Orders_for_UK; Contract_Line_Item_Cancel_Work_Orders_on_Decommissioning; Contract_Line_Item_Edit_Multiple_Work_Orders_Screen_Flow; Create_and_Dispatch_Service_Appointment_from_FSL_App","Asset_must_be_purchasing_approved; Cant_submit_to_shipping_without_location; Cant_Update_US_FSL_Completed_WO; Dont_allow_scheduled_or_dispatched; isDueDateExist; isDurationExist; isEarliestStartTimeExist; Related_Service_with_time_dependency","CalculateTravelTimeOnServiceChange; P_ServiceWorkOrderTrigger; P_WorkOrderLineItemTrigger; TR001_Service_AfterDelete; TR001_Service_AfterInsert; TR001_Service_AfterUpdate; TR001_Service_BeforeDelete; TR001_Service_BeforeInsert","ContentDocumentLinkToWorkOrderSync; ContentDocumentLinkToWorkOrderSync_Test; dlrs_Harvest_Work_OrderTest; EmailWorkOrderPDF; FslTechnicianOnlineController","fslEditModal; fslHello; fslQuickQuoteGlobalAction; fslWorkOrderCard; searchServiceAppointments","Work Order, Service Appointment, Service Resource, Assigned Resource, operating hours, mobile/dispatcher persona","Only controlled metadata deployment after approval"
"00010560","Include Equipment Location within the address of the SA for FSL (on overview page)","Medium","Tom Meredith","Salesforce Improvement","Field Service Lightning","New/Edit Workflows","Metadata configuration / automation","Buildable in Dev after representative test data is created","Retrieve scoped metadata, implement the smallest change, add Flow/Apex tests where applicable, complete persona UAT, then validate deployment.","ServiceAppointment; WorkOrder; WorkOrderLineItem","1220","Add_Coverage_Level_to_Service_Appointment_On_Creation; Assigned_Resource_Trigger_Dispatch_Tech_Call; Assigned_Resource_Trigger_Send_New_Resource_Dispatch_Email; Auto_Create_RMAs_from_Service_Appointments_for_UK; Auto_Create_RMAs_from_Work_Orders_for_UK; Contract_Line_Item_Cancel_Work_Orders_on_Decommissioning; Contract_Line_Item_Edit_Multiple_Work_Orders_Screen_Flow; Create_and_Dispatch_Service_Appointment_from_FSL_App","Asset_must_be_purchasing_approved; Cant_submit_to_shipping_without_location; Cant_Update_US_FSL_Completed_WO; Dont_allow_scheduled_or_dispatched; isDueDateExist; isDurationExist; isEarliestStartTimeExist; Related_Service_with_time_dependency","CalculateTravelTimeOnServiceChange; P_ServiceWorkOrderTrigger; P_WorkOrderLineItemTrigger; TR001_Service_AfterDelete; TR001_Service_AfterInsert; TR001_Service_AfterUpdate; TR001_Service_BeforeDelete; TR001_Service_BeforeInsert","ContentDocumentLinkToWorkOrderSync; ContentDocumentLinkToWorkOrderSync_Test; dlrs_Harvest_Work_OrderTest; EmailWorkOrderPDF; FslTechnicianOnlineController","fslEditModal; fslHello; fslQuickQuoteGlobalAction; fslWorkOrderCard; searchServiceAppointments","Work Order, Service Appointment, Service Resource, Assigned Resource, operating hours, mobile/dispatcher persona","Only controlled metadata deployment after approval"
"00010632","Asset Location on Opps","Medium","Eric Szukis","Salesforce Improvement","Opportunity","Edit Fields & layouts","Metadata configuration / automation","Buildable in Dev after representative test data is created","Retrieve scoped metadata, implement the smallest change, add Flow/Apex tests where applicable, complete persona UAT, then validate deployment.","Opportunity; OpportunityLineItem","736","Auto_Create_Return_Opportunity_for_Exchange_Purchasing_Ops; AvaTax_Opportunity_Automatic_Tax_Calculation_Flow; AvaTax_Opportunity_Existing_Update_Entity_Use_Code_IOR_Transport; AvaTax_Opportunity_New_Update_Entity_Code_IOR_Transport; AvaTax_Opportunity_Update_AvaTax_Message_and_Status; Big_Iron_Purchasing_Opportunity_Updates_Alerts; Cloned_Opportunity_Update_FSR_Attached_and_FSR_Not_Required_to_False; Convert_PRR_to_Purchasing_Opportunity_Screen_Flow","Account_MUST_Match_Bill_To_Account; Account_on_Credit_Hold; Accounting_Contact_Email_Required; Actual_Removal_Date_Not_Future; Bill_and_Ship_Address_Req_for_Closed_Won; Billing_and_Shipping_State_Length; BIPO_Stage_Closed_Lost; Business_Line_Must_Be_Filled_Out","P_OppLineItemTrigger; P_OpportunityTrigger; ProcessTemplateFolder","BeforeUpdateOpportunityTest; OpportunityAlertController; OpportunityAlertControllerTest; OpportunityLineItemServices; OpportunityLineItemServicesTest","OpportunityAlert","Opportunity, OpportunityLineItem records with required parents, record types, owners, products and statuses","Only controlled metadata deployment after approval"
"00009087","Part Number not puling in PO Product","Medium","Tom Meredith","Salesforce Improvement","Opportunity","New/Edit Workflows, Dashboards/Reports/Notifications, New/Edit Fields","Reports / dashboards / notifications","Buildable in Dev with representative data and folder-sharing personas","Locate report type, report/folder or notification metadata; reproduce visibility/filter behavior; update in Dev and run persona UAT.","Opportunity; OpportunityLineItem","736","Auto_Create_Return_Opportunity_for_Exchange_Purchasing_Ops; AvaTax_Opportunity_Automatic_Tax_Calculation_Flow; AvaTax_Opportunity_Existing_Update_Entity_Use_Code_IOR_Transport; AvaTax_Opportunity_New_Update_Entity_Code_IOR_Transport; AvaTax_Opportunity_Update_AvaTax_Message_and_Status; Big_Iron_Purchasing_Opportunity_Updates_Alerts; Cloned_Opportunity_Update_FSR_Attached_and_FSR_Not_Required_to_False; Convert_PRR_to_Purchasing_Opportunity_Screen_Flow","Account_MUST_Match_Bill_To_Account; Account_on_Credit_Hold; Accounting_Contact_Email_Required; Actual_Removal_Date_Not_Future; Bill_and_Ship_Address_Req_for_Closed_Won; Billing_and_Shipping_State_Length; BIPO_Stage_Closed_Lost; Business_Line_Must_Be_Filled_Out","P_OppLineItemTrigger; P_OpportunityTrigger; ProcessTemplateFolder","BeforeUpdateOpportunityTest; OpportunityAlertController; OpportunityAlertControllerTest; OpportunityLineItemServices; OpportunityLineItemServicesTest","OpportunityAlert","Opportunity, OpportunityLineItem records with required parents, record types, owners, products and statuses","Only controlled metadata deployment after approval"
"00009220","Parts requiring return option within FSL SA close out","Medium","Tom Meredith","Salesforce Improvement","Field Service Lightning","New/Edit Workflows, Dashboards/Reports/Notifications, New/Edit Fields","Reports / dashboards / notifications","Buildable in Dev with representative data and folder-sharing personas","Locate report type, report/folder or notification metadata; reproduce visibility/filter behavior; update in Dev and run persona UAT.","ServiceAppointment; WorkOrder; WorkOrderLineItem","1220","Add_Coverage_Level_to_Service_Appointment_On_Creation; Assigned_Resource_Trigger_Dispatch_Tech_Call; Assigned_Resource_Trigger_Send_New_Resource_Dispatch_Email; Auto_Create_RMAs_from_Service_Appointments_for_UK; Auto_Create_RMAs_from_Work_Orders_for_UK; Contract_Line_Item_Cancel_Work_Orders_on_Decommissioning; Contract_Line_Item_Edit_Multiple_Work_Orders_Screen_Flow; Create_and_Dispatch_Service_Appointment_from_FSL_App","Asset_must_be_purchasing_approved; Cant_submit_to_shipping_without_location; Cant_Update_US_FSL_Completed_WO; Dont_allow_scheduled_or_dispatched; isDueDateExist; isDurationExist; isEarliestStartTimeExist; Related_Service_with_time_dependency","CalculateTravelTimeOnServiceChange; P_ServiceWorkOrderTrigger; P_WorkOrderLineItemTrigger; TR001_Service_AfterDelete; TR001_Service_AfterInsert; TR001_Service_AfterUpdate; TR001_Service_BeforeDelete; TR001_Service_BeforeInsert","ContentDocumentLinkToWorkOrderSync; ContentDocumentLinkToWorkOrderSync_Test; dlrs_Harvest_Work_OrderTest; EmailWorkOrderPDF; FslTechnicianOnlineController","fslEditModal; fslHello; fslQuickQuoteGlobalAction; fslWorkOrderCard; searchServiceAppointments","Work Order, Service Appointment, Service Resource, Assigned Resource, operating hours, mobile/dispatcher persona","Only controlled metadata deployment after approval"
"00009282","Enable Ability To Change ""Sub Location"" on an asset","Medium","Blake Nielsen","Other","Asset2","New/Edit Workflows, Dashboards/Reports/Notifications, New/Edit Fields","Reports / dashboards / notifications","Buildable in Dev with representative data and folder-sharing personas","Locate report type, report/folder or notification metadata; reproduce visibility/filter behavior; update in Dev and run persona UAT.","ProductItem__c","419","Account_Engagement_Bulk_Asset_Copy_Flow; Account_Engagement_Sandbox_Production_Bulk_Asset_Copy_Flow; Add_Product_Record_Type_Name_to_Asset_Record; Asset_Automations; Asset_Check_in_Type; Asset_Creation_After_Save_Update_Product_Analytics; Asset_Update_After_Save_Set_Product_Analytics_on_Product_Name_Change; Auto_Close_SWO_HWO_Scrap_Asset","Approved_Purchase_no_cost_edits; Cannot_Change_Asset_Owner; Cannot_change_cost_once_marked_sold; Cannot_move_without_verifying_numbers; Check_In_Type; Designated_For_Rental_Rule; GE_DISTRIBUTION_PRODUCTS; Generic_Assets_CANNOT_Have_Cost","dlrs_ProductItemTrigger; P_ProductItemTrigger","AddAssetServices; AddAssetServicesTest; dlrs_ProductItemTest; LoanerAssetTriggerHandler; LoanerAssetTriggerHandlerTest","addAssetMainLwc; addAssetSearchLwc; addAssetSelectionsLwc; addAsset; addAssetComponent","ProductItem__c records with required parents, record types, owners, products and statuses","Only controlled metadata deployment after approval"
"00009440","Warehouse stock list transfer to SF","Medium","Gretchen Scarborough","Administrative (Reports & Dashboards)","Product","Dashboards/Reports/Notifications","Reports / dashboards / notifications","Buildable in Dev with representative data and folder-sharing personas","Locate report type, report/folder or notification metadata; reproduce visibility/filter behavior; update in Dev and run persona UAT.","Product2; Product_Analytics__c","610","Account_Engagement_Sandbox_Production_Bulk_Asset_Copy_Flow; Add_Product_Record_Type_Name_to_Asset_Record; Asset_Creation_After_Save_Update_Product_Analytics; Asset_Update_After_Save_Set_Product_Analytics_on_Product_Name_Change; Change_Contract_Line_Item_Product_UK; Delete_Select_Products_from_Opportunity_Screen_Flow; IR_Product_Before_Delete_Total_IR_Product_Cost_Roll_Up; IR_Product_on_create_Total_IR_Product_Cost_Roll_Up","Array_carriage_replacement; Array_drive_switch_or_board_replacement; Array_drive_system_replacement; Array_replacement; Bending_rubber_glue_beads_replacement; Cable_advanced_whitening; Cable_jacket_refurb; Cable_jacket_splice","P_ProductAnalyticsTrigger; UpdateProductFields","AddIRProductServices; AddIRProductServicesTest; addproduct; AddProductPortal; AddProductPortalTestClass","addItemReceiptProductSearchLwc; addItemReceiptProductSelectionsLwc; addProductLwc; addProductMainLwc; addProductSearchLwc","Product2, Product_Analytics__c records with required parents, record types, owners, products and statuses","Only controlled metadata deployment after approval"
"00009830","MO RMA and Complaint Report/Dashboard","Medium","Jehovany Hernandez","Administrative (Reports & Dashboards)","RMA","Dashboards/Reports/Notifications","Reports / dashboards / notifications","Buildable in Dev with representative data and folder-sharing personas","Locate report type, report/folder or notification metadata; reproduce visibility/filter behavior; update in Dev and run persona UAT.","RMA__c","288","","Approving_repairs_that_cannot_be_done; Asset_Must_Be_a_Customer_Repair_on_RMA; Asset_No_to_be_returned_is_not_blank; Cannot_Change_Original_Time_Warranty; Cannot_Change_RMA_Type_After_Received; Cannot_change_status_once_approved; Fill_out_complaint; Fill_out_customer_expectation","CreateApprovedRepairs; P_RMATrigger","","","RMA__c records with required parents, record types, owners, products and statuses","Only controlled metadata deployment after approval"
"00010017","Loaner SN to Pull into Closed Won Shipping Notification e-mail  that SFDC automatically generates - i can send example if helpful","Medium","Matt Mooney","Salesforce Improvement","Opportunity","Dashboards/Reports/Notifications","Reports / dashboards / notifications","Buildable in Dev with representative data and folder-sharing personas","Locate report type, report/folder or notification metadata; reproduce visibility/filter behavior; update in Dev and run persona UAT.","Opportunity; OpportunityLineItem","736","Auto_Create_Return_Opportunity_for_Exchange_Purchasing_Ops; AvaTax_Opportunity_Automatic_Tax_Calculation_Flow; AvaTax_Opportunity_Existing_Update_Entity_Use_Code_IOR_Transport; AvaTax_Opportunity_New_Update_Entity_Code_IOR_Transport; AvaTax_Opportunity_Update_AvaTax_Message_and_Status; Big_Iron_Purchasing_Opportunity_Updates_Alerts; Cloned_Opportunity_Update_FSR_Attached_and_FSR_Not_Required_to_False; Convert_PRR_to_Purchasing_Opportunity_Screen_Flow","Account_MUST_Match_Bill_To_Account; Account_on_Credit_Hold; Accounting_Contact_Email_Required; Actual_Removal_Date_Not_Future; Bill_and_Ship_Address_Req_for_Closed_Won; Billing_and_Shipping_State_Length; BIPO_Stage_Closed_Lost; Business_Line_Must_Be_Filled_Out","P_OppLineItemTrigger; P_OpportunityTrigger; ProcessTemplateFolder","BeforeUpdateOpportunityTest; OpportunityAlertController; OpportunityAlertControllerTest; OpportunityLineItemServices; OpportunityLineItemServicesTest","OpportunityAlert","Opportunity, OpportunityLineItem records with required parents, record types, owners, products and statuses","Only controlled metadata deployment after approval"
"00010148","New Laptop","Medium","Ben Rice","Administrative (Reports & Dashboards)","OTHER","Custom","Reports / dashboards / notifications","Buildable in Dev with representative data and folder-sharing personas","Locate report type, report/folder or notification metadata; reproduce visibility/filter behavior; update in Dev and run persona UAT.","","0","","","","","","Exact production example must be converted to sanitized test data","Only controlled metadata deployment after approval"
"00010197","Multiple reports no longer visible","Medium","Stephen Glasgow","Administrative (Reports & Dashboards)","OTHER","Reports","Reports / dashboards / notifications","Buildable in Dev with representative data and folder-sharing personas","Locate report type, report/folder or notification metadata; reproduce visibility/filter behavior; update in Dev and run persona UAT.","","0","","","","","","Exact production example must be converted to sanitized test data","Only controlled metadata deployment after approval"
"00010270","Asset Creation","Medium","Ethan Ferrell","Administrative (Reports & Dashboards)","Asset2","New/Edit Workflows","Reports / dashboards / notifications","Buildable in Dev with representative data and folder-sharing personas","Locate report type, report/folder or notification metadata; reproduce visibility/filter behavior; update in Dev and run persona UAT.","ProductItem__c","419","Account_Engagement_Bulk_Asset_Copy_Flow; Account_Engagement_Sandbox_Production_Bulk_Asset_Copy_Flow; Add_Product_Record_Type_Name_to_Asset_Record; Asset_Automations; Asset_Check_in_Type; Asset_Creation_After_Save_Update_Product_Analytics; Asset_Update_After_Save_Set_Product_Analytics_on_Product_Name_Change; Auto_Close_SWO_HWO_Scrap_Asset","Approved_Purchase_no_cost_edits; Cannot_Change_Asset_Owner; Cannot_change_cost_once_marked_sold; Cannot_move_without_verifying_numbers; Check_In_Type; Designated_For_Rental_Rule; GE_DISTRIBUTION_PRODUCTS; Generic_Assets_CANNOT_Have_Cost","dlrs_ProductItemTrigger; P_ProductItemTrigger","AddAssetServices; AddAssetServicesTest; dlrs_ProductItemTest; LoanerAssetTriggerHandler; LoanerAssetTriggerHandlerTest","addAssetMainLwc; addAssetSearchLwc; addAssetSelectionsLwc; addAsset; addAssetComponent","ProductItem__c records with required parents, record types, owners, products and statuses","Only controlled metadata deployment after approval"
